,prompt,completion
0,"SUBREDDIT: r/cats

TITLE: Acquired cat! Now a question..

POST: So, I just got a lovely little cat named Luna. She's about a year, a year and a half and pretty tiny. I live in an apartment located on the 5th floor of my building. My apartment doesn't have AC (I'm in NYC) and I usually like to leave the windows open for ventilation. They've got child bars, but because Luna is so small she can easily fit through them--and did a few moments ago. Nearly gave me a heart attack watching her slip through them and walked out onto a very narrow ledge 5 floors above a concrete sidewalk. She came right back in, but now I'm concerned about having a dead cat on my hands (or more accurately, on my sidewalk). So my question is, should I trust her cat instincts and leave the windows open? Or shall I sit in a stuffy apartment with the windows sealed?

TL;DR:", I live on the 5th floor and my cat just walked out on my window ledge and came back in. Should I be nervous she's going to explore too far out and fall to her kitty death?
1,"SUBREDDIT: r/cats

TITLE: really need your help with my cat, Never seen him act like this

POST: So my brother comes over my house a lot and he is really scared of my cat, my cat is 2 and has always been a sweet heart so I never de-clawed him but today well I was working on my computer the my brother came home I didnt even notice until he started screaming I mean SCREEAMMINGG like if you had just cut your self really bad or were in a worse situation, I got up FAST ran to my door and thought SOMEONE MIGHT BE IN THE HOUSE, I literally grabbed my gun and went out my run expecting to see him at gun point or on the floor bleeding, instead he was on the counter screaming still with the cat hanging onto his leg making all sort of weird sounds, I put the gun down and quickly went to the cat thinking it would defuse him but he gave me a quick his and growl and stood his ground me and my brother got into a argument about what to do (He wanted me to shoot the cat) anyways 5 minuets went by and I got the cat into a room and then checked on my brother too see if he was over reacting and his leg was pretty fucked by the cat, lots of bite marks and blood dripping, this happend 30 min ago the cat is still locked up making growling sounds my brother left telling me he will not talk to me until I get rid of the cat (Which I will not do) but it makes me wounder... when should I let the cat out and what got over him... he is the type of cat that just sleeps on you all day..

TL;DR:"," MY BRO GOT FUCKED UP BY MY CAT, I ALMOST GOT FUCKED UP BY HIM. CAT IS NEVER LIKE THAT AND IS EXTREMELY LOVABLE "
2,"SUBREDDIT: r/cats

TITLE: I need some advice on our cat. We just rescued him, already sick, worried he will never like us again.

POST: So we rescued a cat on Monday, shelter says he is in great health. He moves in, first day is great, a sneeze here and there though. Second day the sneezes are terrible, and that night he breathes with his mouth open. We took him to the vet this morning and found he has an upper respiratory infection, and worms. We got a perscription to give him, pills. 

Tonight we gave him his second dose of the meds, it was very difficult and both my fiance and I were scratched up pretty bad. Now he hides from us, backs away from our attempts to pet him. My fiance is in tears thinking about how he will be afraid of us for good now.

TL;DR:"," We rescued a cat who turned out to be sick, giving him meds has made him hate us. We are worried that we are making too bad of a first impression and he will never be ok around us."
3,"SUBREDDIT: r/cats

TITLE: cat lovers, i need help!  introducing an older kitty and a kitten...details inside.

POST: hello reddit!  i have a seventeen year old calico named kitty.  i moved to a different city for college a few years ago, and just finally got the chance to move kitty up here.  before that, though, my friend's cat had kittens, and i took one from her out of the love of my heart.  i named her skooma.  skooma's been living with me for about four months, and she's only five months old.
i thought that introducing these cats would go much more smoothly than it did.  can anyone give me some advice on how to acclimate them?  they're both very protective of me, and skooma won't let me touch her.  she will, however, rub her head around on my legs and make a chirpy noise.

TL;DR:"," my cats hate each other, one's almost six months and the other is seventeen.  how can i get them to love each other? =]"
4,"SUBREDDIT: r/cats

TITLE: Questions about relocating a feral cat

POST: My mom has been taking care of a feral cat at our grandfathers house for a few years now. We live in the north east where we have some pretty brutal winters, and he has survived them by sleeping near warm vents at the house and in the garage itself. Problem is my grandfather has passed away and the house is now unoccupied and on the market. We can't really sell the house with the cat, and we can't keep going to the house to take care of the cat.

We want to relocate him up to our house, but it is literally an eighth mile away, so we know he will just take off back to his territory if we stuck him in the car and drove him up. He is far too old and too feral to be tamed into a house cat. What we are looking for is a way or method to teach him that in this house, this area, there will be a warm, sheltered place for him to sleep and food for him in the dead of winter.

My mom is afraid if she cannot do this before the weather gets truly cold he will freeze to death, and is talking about putting him down rather than letting that happen.

For those that will inevitably ask, he is neutered and vaccinated. We trapped him and had it all done when we realized he was feral. We have socialized him, and we can approach/pet him without issue. He'll come to us when we call for him. The biggest reason why we cannot make him a house cat is he reacts extremely negatively to other cats and sprays.

TL;DR:", we need to relocate a feral cat. He trusts us and is socialized but making him a house cat is out of the question. Need advice.
5,"SUBREDDIT: r/cats

TITLE: Help! What should I do about my kitties & allergies?

POST: Seeking advice. My mom recently developed allergies to our two cats (11&6yo). The medicine to keep it under control is not only expensive, but takes a few days/several doses before it kicks in. When she is not on the medicine, she is sick - runny nose, hard to breathe, cold like symptoms. I do not want to give away our cats, but is this is the only option? My heart would be broken if I had to get rid of my boy who has been with me for over half of my life. Have you been in this situation? Am I being irrational to want to keep them despite my mom's health? I cried for the entire day when she told me we need to find them a new home. She cleans their area/litter box 2x a day so she is tired of doing that too. My one cleaning per day evidently will not suffice her standards.

TL;DR:"," mom allergic to our cats, should we get rid of them even though I don't know how I would survive that?"
6,"SUBREDDIT: r/cats

TITLE: Diabetic cat stopped eating for days, now suddenly eating again?

POST: So my cat has diabetes, and we got him regulated and off the insulin except for the occasional stress spike. This week he dropped 2lbs, wouldn't eat or drink, threw up everywhere, etc etc. Brought him to the vet, decided he's probably in ketoacidosis, since his levels were in the high 300's (got his blood tested for everything).

I made the horribly painful decision to put him to sleep and had the appointment for tomorrow at home. (The decision is not based on the diabetes alone, he needs two surgeries for other things and has some other issues that would come up eventually. This incident was just a catalyst to make that decision.)

So... little jerk that he is, tonight I put the food down for him and my other cat, and out of nowhere he runs up and starts eating like a little pig again! He's been jumping and snuggling me all day and being perfectly normal except for the fact that he moves very slowly and seems to be weak. He's lost a lot of muscle mass and I can feel his bones, but otherwise he seems *fine* behavior-wise, and if he's now eating again....

I don't know WHAT to think. Do I keep the appointment tomorrow? Do I now wait and see how it goes? If I cancel the appointment tomorrow it'd be another week before I could do it again, and if he's actually in ketoacidosis, he could get really sick between then and now.... WTF man, what do I do? I do not want to lose my best friend, but I already decided that a couple thousand in hospitalization bills and another couple years of miserable insulin shots were not an option...

TL;DR:"," diabetic cat stopped eating, lost 2lbs in little over a week, I make an appointment to put him down and the night before the appointment he starts eating again and acting slow, but normal. What do I do now?"
7,"SUBREDDIT: r/cats

TITLE: My cat is my mom's hero.

POST: I got a phone call from my mom last night and she told me I wasn't allowed to have my cat returned to me when I moved into a larger place. I recently took him to live with my parents since my apartment is so small and I felt bad for him not getting a chance to run like I see him do at their house. Well the reason she doesn't want to give him back is she when she was watching television a huge spider was walking across the floor. She was starting to get nervous and called out to my dad a few times but he was outside and couldn't hear her. This is when my cat strolls in, notices the spider, and went into attack mode. He does a few butt wiggles, leaps, and the spider is struck down. She then said he took a good 3 minutes to enjoy his nice spidery treat.

TL;DR:", My cat killed and ate a spider to save my mom from certain death and now she doesn't want to give him back.
8,"SUBREDDIT: r/cats

TITLE: Young, live alone. Should I get a Cat?

POST: I've had a cat since I was a child. She was incredibly awkward and impossible to walk up to (due to some trauma experienced as a kitten), but I still loved her a lot. Unfortunately, the cat has moved to Brussels with my mother and her partner, when she has been transferred as part of a job promotion. 

I miss my cat as I miss having a cat. Things have changed, though. Nowadays I live alone. I'm gone for most of the day, having a job two times a week and university classes for the remaining three.

On weekends I usually go to my hometown to do the laundry (I can't afford a washing machine in my apartment).

Can I get a cat? Someone was always there to take care of her, when I wasn't home. On the other hand, I know how self-reliant cats can be - mine sometimes embarked on two-three day-long journeys, only to return and sleep for another couple of days.

Another thing that has changed - I live in the city center now. Like, the CENTER center. Warsaw's #1 tourist spot. I never see any cats around.
Do the tourists eat them? No clue.

TL;DR:"," live alone, juggle having a job and attending university classes as well as a lot of parties, live in the city. Should I/can I get a cat?"
9,"SUBREDDIT: r/cats

TITLE: Returning a stray cat to an unfit home

POST: A couple months ago, I found a cat outside my home. Given that I live on a busy intersection in a mid sized city, I tried to bring her in but she refused. I'd see her around over the next few weeks, eventually gaining her trust and whisked her inside. She was there for three weeks and got along great with our current cat. 

Then our neighbour came by looking for his lost cat. He described her perfectly and she recognized him. He took her home much to my dismay, especially since I was at work at the time. 

When I got home, I went over to talk to him (I'd never met him before) and learned he'd found the cat under a bridge a few weeks prior to losing her. It turns out that she had annoyed one of the roommates who then opened a window to let her outside. 

The next week (which was last week), she's outside my apartment again. We took her in. He never came by looking for her. Yesterday I noticed he'd left a litter box on my front porch, with no note.

Talking to him the first time, I could tell he really liked the cat and she meant a lot to him. But my roommate and I just thought it was a bad fit since his roommates didn't seem to care. They let her out twice in a month.

TL;DR:", I found a stray and returned it to the previous owner. I find the cat again a week later. His roommates let the cat outside twice in a month. 
10,"SUBREDDIT: r/cats

TITLE: How do i get this wild cat to trust me?

POST: My neighbour has a house in the country and one day she picked everything up and left, i havn't seen her in 2 years. She took all 3 of her dogs with her but left like 3 cats to fend for themselves. They've been causing a neuscence around the neighbourhood, fighting in the street, anyway.

I want to ""Save"" one of them, i see her wandering around my yard some times, how do i get her to trust me? Do i just run up and sack it and keep it hostage in my house? or should i leave food out for her to gain its trust. Everytime i go near she bolts it, how do I make her mine?

TL;DR:"," this cat has been wandering around the street without a home for almost 2 years, i think it survives off birds or whatever it can catch, how do i tame it and adopt it?"
11,"SUBREDDIT: r/cats

TITLE: Never thought this would happen to me, I found two kittens and their mom living in my backyard, what can I do to help them?

POST: I see this happening on Reddit all the time, but now that it happened to me I have no clue what I can do to help these animals.

A few days ago when I was casually looking out my kitchen window I saw two little ears poke up from underneath my deck, it took me awhile to realize that was of a little kitten! I was pleasantly surprised when mama cat came strolling in my yard with a mouse in her mouth, she dropped it off for the kittens and left again. I haven't been keeping a close eye on them since assuming they're just here temporarily, but they seems to take up residency underneath my deck because I saw the kittens playing on top of the pool cover this morning.

I would love to adopt them but my boyfriend is extremely allergic to cats, so that option is out the door.  I left a little tray of water out for them and a cardboard box with some rags because I know it is going to get cold tonight. The kittens are about 1/3 the size of mom, and I assume they're eating solid foods already. Should I call animal control? Or local shelters? I'm just afraid if the kitties don't get adopted they will be put down, and that will break my heart.

TL;DR:"," A mama cat and two kittens moved into my backyard a week ago, besides adopting them what can I do to help?"
12,"SUBREDDIT: r/cats

TITLE: [Two new cats, first time owner] Just got two cats, one is being a douchebag to the other, advice?

POST: Recently just saved two cats; both fat fuzzy guys one of which is 10 and the other 3. They're both really outgoing and the moment I brought them back to my apartment they were wandering around and checking it out and had no problem coming up to my GF and I for the pettings.

All last night (got them yesterday morning) the younger one bullied the older - not letting him leave from under the bed, and if he did he'd get on top of him and bite his neck.

So we're aware this is a submission thing determining the leader of the house, but is there anything we can do? The older one has a lot of trouble leaving from under the bed and he get ""yelled"" at when he does. Being an older cat we really don't want him to be so afraid all the time.

I think the real question is how far do we go in disciplining the younger guy but not get in the way of the natural order of things? Sorry for lengthy post too.

TL;DR:"," Younger cat ""bullying"" older cat, not letting him leave under the bed and always putting him into submission. What do?"
13,"SUBREDDIT: r/cats

TITLE: So my cat might have Vaccine-Associated Sarcoma. Anyone have experience with this?

POST: My cat is 9 years old. Over the past few years I was discovering tiny warts on him but monitored them closely. They never really grew but I was getting concerned that they also weren't really going away so I bought some clippers and gave my cat a haircut. That's when I discovered a fairly large lump on his back leg, right where he would have recieved a vaccine.

Took him to the vet and he lost it (he's not good at the vet) and so we couldn't do bloodwork yet. The vet said she was fairly sure that he probably had VAS from the size and location of the lump but we'd need bloodwork to confirm.

Doing the research about this, it seems like a very intense cancer for cats, with possibly multiple surgeries and chemo and not much chance of recovery. I'm very worried about my cat's quality of life if this is the case and I'm not really sure what to do.

Another thing: my cat had some major surgeries already when he was kitten and cannot walk very well on his back left leg. This lump is on his right leg and I'm SO worried that even if I do the surgery, I'd basically be crippling him.

I'm hoping to get some feedback and info from people who have actually had this happen and what the treatment was actually like.

TL;DR:", Already somewhat crippled cat may have VAS on his good leg. Worried about treatment. Advice from people who have gone through it?
14,"SUBREDDIT: r/cats

TITLE: Housing my girl outdoors 24/7

POST: Hello all! I'm in a bad situation here. Throwaway for personal reasons.   
I had to move back in with my folks on short notice. I was living with four people and two of them are moving on short notice. I couldn't and wouldn't pay to live with the two remaining people, so I had to pack up and leave.   
I live on a private drive with lots of woods, harmless wildlife, etc. and no neighbors. My plan was to keep my sweet 2.5 year old medium hair girl in my room while I was staying here until further notice, but my dad _hates_ cats and on top of giving me an absolutely awful time adjusting in the first place, he's demanded she go outside.   
I'm against letting cats free roam outside all the time so the only option I have is to build her a pen. He picked up a 6' x 10' x 6' chain link dog kennel despite my telling him not to. I'll be setting it up in an area that is mostly shaded with dappled sun, installing a plywood floor, and, of course, stuffing it with goodies for her to lounge on and play with.   
She's the sweetest cat I've ever seen in my life and everybody that's ever met her tells me that she isn't like a cat at all. I hate to rehome her. She's my baby and we've been through a ton these past two years. I'm afraid she'll be too lonely outside when we'd usually share a bed and just sit together all the time. Of course I'm going to find ways to let her kick around with me outside(leash, supervised on a tie-out, etc), but I really don't know if this is a good decision.   
Does anybody have experience keeping cats confined outside for most of the time? Again, I have no idea how long I'll be stuck living here, but hopefully this won't be more than a few months or a year.

TL;DR:", my medium hair indoors lady cat might have to stay in a 6' wide x 10' long x 6' tall enclosure outside for a few months or a year before I can find ourselves a new home. Input?   
15,"SUBREDDIT: r/cats

TITLE: Should I get my cat a friend?

POST: Forgive any spelling or formatting errors, I'm on my phone.

Info: Chelsea, female. Six years old. Has lived with several other cats prior to now, as well as a dog.

For as long as I've had Chelsea (four years) we've always lived with other cats or other people (usually both). About a year ago I moved into an apartment alone and it was just her and I. Around this time I noticed that whenever I came home from work she usually cried at me and when I picked her up she would put her paws around my neck and dig in a bit to attach herself to me, similar to a slightly painful welcome home hug and would rub her face on me. She would basically follow me around and meow at me for at least 15 minutes after I get home. She never did this prior to us living alone so it worried me. I also found out that she tends to whine when I leave. My current apartment does not allow me to have two cats but I will be moving in March and this place will allow me to. 

I guess my first question is, is she in distress? Is she having difficulty being alone all day and sometimes all night at times when I have to stay at work? And if she is, would pairing her up with another cat be helpful for her? And if so, what are your suggestions?

Thank you!

TL;DR:"," six year old female cat appears to be stressed by being left alone, wondering if getting her a friend to keep her company would help"
16,"SUBREDDIT: r/cats

TITLE: Girlfriends cat sees me as a terror, is there a way to get him to like me?

POST: We think he was abused in some way, because if we move around he scampers away. When I was living at her house the cat literally didn't leave his hiding place until he was sure that everyone in the house was asleep. After being forced into a car for 18 hours sitting within arms reach of me he seems less scared. But still flees if I walk into the room, often leading to my girlfriend getting clawed. I just want him to know he is safe and i am not going to hurt him. I know he can be cuddly because when I leave my girlfriend sends pictures of him laying on her and flopping on her for attention. But he will never be cuddly when im around. It has been a month and there is 0 improvement. Now im moving into our own place im afraid he will find a hiding spot and disappear forever. (He currently doesnt have a hiding spot in the room he is in. However he does have a safe spot that is ""his"" we did this because he starts laying on the beds and actually coming out and staying near us when he doesnt have a hiding spot.. but if he does he will stay there 24/7.

TL;DR:"," cat seems like he was abused, hides 24/7 when allowed. But is cuddly only when I am gone. How can I make him love me?"
17,"SUBREDDIT: r/cats

TITLE: Socializing a feral kitten, need advice.

POST: So I finally got the ok from my landlady to bring in a a buddy to my Z. There is this gorgeous little feralish female kitten(more of a catten at this stage we think she is almost at 2 months old) that was born in my buddies shed and lives there with her momma. As soon as I saw her I fell in love.

Meet First Rank Lieutenant Lady Arya Fuzzbottom of the Burrow Fuzzbottom's.

I'll be bringing her home in the next day or so and wanted opinions. Would it be better for the kittens wellbeing do you think to keep her in my room or the bathroom? I've been working with her at my friends place to get her more used to me but she's still pretty skittish. I was thinking my room has the bonus of it forces her to be around me even if she chooses to hide in a closet and is less boring than the bathroom. I worry that would be too stressful.

Any advice is appreciated I haven't had a feral kitten since I was 16.

TL;DR:", what would be better for socializing a feral kitten keeping her in your bedroom or letting her stay in the bathroom? I do have another cat. He has lived with other cats before. She's been around other cats besides her mom
18,"SUBREDDIT: r/cats

TITLE: I found a cat outdoors, tracked down the owner who seems like a deadbeat, what should I do?

POST: I found a really sweet male cat outside as I came home from work.  He permitted me to pick him up, so I brought him into my bedroom (to keep him separate from my cat).

He had no collar and seemed a little skinny but otherwise in good condition and really friendly so I assumed he had an owner.  I brought him to a nearby vet and had him scanned for a microchip and they found the owners contact info.

The vet tech called the guy and explained that they had his cat and were open until 6.  The owner explained that he can't get there by 6 and asked if I would just release the cat back outside where I found him.  I should note that I live in a pretty big city.

The vet techs seem pretty appalled that this guy wanted his cat to be left outside.  I told them I would keep him at my apartment and the guy could come pick him up.  I then made the mistake of giving him my address and apartment number.  

I don't understand people who let their cats roam around outside in a city, you're just asking for it to get hit by a car.  

I don't really want to let this sweet little boy go back to a dead beat cat owner who doesn't think keeping his cat safe is a priority.  He's coming to get him in a few hours.  What should I do?

TL;DR:", I don't want to give the cat I found back to his lazy owner and I don't know what to do.
19,"SUBREDDIT: r/cats

TITLE: What should we do about a cat living in our garage?

POST: So at my house we have two indoor cats and an outdoor cat. Our outdoor cat lives in our garage and that's where we leave it's water, litter box, and put food out for it a couple times a day. Well the other day a stray cat came into our garage and it won't leave. We haven't fed it or anything in hopes that it will just leave realizing that it won't get any food but it's been more than 24 hours and it still is hiding in random corners of our garage. If it was just a normal cat that would be fine but the problem is this cat is very twitchy, has it's hair falling out, and just looks all around sick in general. My mom is worried that we are going to bring something into our indoor cats or that our outdoor cat will get something because we've never been able to catch her to give her, her shots. We've already called our humane society and a bunch of other places who all say they are full on cats or can't do anything about it. So what do you think is the best thing we can do to get this cat out of our garage and away from our house?

TL;DR:", There is a sick looking cat in our garage and we want to get rid of it before it gets any of our cats sick.
20,"SUBREDDIT: r/cats

TITLE: Vocal cat going on a long plane ride!

POST: So, tomorrow I am flying to Germany with my 2yo tabby.

She is very well-behaved at home, however once she is in a crate she starts howling and meowing non-stop. I really don't want the passengers to get tired of my motherfucking cat on the motherfucking plane, so I've anticipated using a sedative.

However, today I took her to get her health certificate and asked the vet about a sedative for the long flight. She told me it is dangerous and not recommended, and now I'm worried for my cat's comfort.

She recommended benadryl, but said it could be hit or miss. 

I plan to arrive at the airport and give her a half of a benadryl (she's 9lbs) and then we will fly for one hour to our next stop. I can see how she behaves for this hour to see if she should be sedated with the other pill for the next flight (like 8+ hours more non-stop).

She will be flying under my seat.

The vet told me ""if she has a reaction, they're not going to stop the plane for her."" And it just got me really worried. She has been neutered, so I imagine she has been sedated before without problems.

The pill she gave me is called Acepromazine Maleate tablets 10mg(cut in half)

TL;DR:", flying USA to Europe with cat under my plane seat. Cat meows a lot. Not sure if she reacts to sedatives. Anyone with experience?
21,"SUBREDDIT: r/cats

TITLE: Not sure if this stray cat we picked up is going to make it :(

POST: My brother and his girlfriend found a stray cat in the our parents shed. It was real sweet and friendly so she began to feed it and keep it company for a couple months. Eventually we think a neighbor who isn't fond of cats turned him into the humane society. By this time she was in love with it, so she had him released to get shots/checked out and to try to find him a home because they weren't able to keep it.
I decided to look after the little guy until we had him fixed and we found a  home for him. He must have picked up a virus at the humane society because he started to have cold/flu symptoms, so she took him to the vet. They put some fluids in him and gave us some antibiotics to give him. Fast forward to almost a week later... the poor guy hasn't eat in at least 4 days, and barely will drink any water. He's vomited a handful of times and has diarrhea. He pretty much lays around because he obviously has no energy and is fucking miserable. Vet said to take him off the meds since it likely makes his nauseous and wait a couple days. Now the poor guy is just skin and bones, and I'm wondering how much longer he could even last without eating.
We've tried to force feed him but it just isn't happening. She and my brother have literally spent all of the little money they have on cat essentials and vet visits, and I'm not even able to help them. I feel so terrible for the little guy and them because they're spending all their money on trying to keep him alive. Makes me really sad to see him miserable cause he definitely deserves some quality lovin' haha
We don't really know what to do now... can't afford critical care let alone a simple visit

TL;DR:", Bro and his GF found really cool stray cat. It got sick and they're literally putting all of the little money they have into getting him better but can't afford much more.
22,"SUBREDDIT: r/cats

TITLE: Is my cat depressed?

POST: About a month ago we had a new addition to our family, a kitten who we got so that our first cat (1yo) would have a companion when we're at work and stuff, so she's not lonely. 

Anyway, the kitten got a lot of attention at the beginning and im starting to think that my first cat is a bit depressed and maybe feels neglected?

She doesn't quite eat like she used to and she no longer greets us with entusiasm like she normally does, she is not interested in playing like before and she just feels kind of blue all the time. This is even more apperent when the kitten is around. I feel so bad about this because I love her so much and i don't want her to feel unloved. 

The whole reason we got a new kitten was so she would be happy even when we are not at home and have a buddy around. She used to always lay beside us when we went to bed, but now she just lays on the floor and is a bit distant. 

I told my SO that we have to really focus on giving her lots of love and attention to make her happy and joyfull again. 

Do you guys have any other tips on how to make her happy? Have your cat experienced something like this before? Please share.

I lover her so much and this makes me so sad. :'(

TL;DR:"," I think my cat is depressed because of less attention due to new kitten, what can i do to make her happy again?"
23,"SUBREDDIT: r/cats

TITLE: [Advice] One of my cats has decided to go outside of the litter box sometimes, and it's getting worse

POST: I've had two cats for a little over two years now, both of them around the same age (two years), and both of them very friendly. We got them both litter trained early on, and things have been perfectly fine for some time. But about six months ago or so, one of the cats decided to poop on the bathroom rug. We got it cleaned up, cleaned the litter box (we thought that was the issue), and shrugged it off. A few weeks later, it happened again, this time on a different rug. Then again, and again, and again. It's gotten to the point where she's going outside of the litter box about 25% of the time. (Only when she poops. She always pees in the litter box.) And she's going pretty much wherever she wants when she does it. Bathrooms, living room, kitchen, you name it. It's enough of a chore to clean up the litter boxes regularly, especially with two cats. We can't handle doing it on the floor, too.

We've tried practically everything we can think of. We cleaned the litter boxes more often, we changed the litter (several times), we got new litter boxes, we moved the litter boxes around a bit, we tried working on diet stuff, nothing has worked. We haven't been able to find any cause for this, and it's simply getting worse and worse with time. We're out of ideas, so I'm hoping that you guys might be able to give me some advice or point me in the right direction.

TL;DR:"," Cat started pooping outside of the litter box, we tried everything we could think of, she still does it. Help?"
24,"SUBREDDIT: r/cats

TITLE: Hi r/cats. My girlfriend and I have a cat who is diabetic and now she isn't eating and barely drinking. Help!

POST: Our cat is a little older then 7 and she is normally very talkative, friendly and just overall cute. She just happens to have diabetes and we are giving her insulin 2 times a day and always have a full bowl of water and food for her. A couple of days ago we began to notice that she is having a hard time walking without staggering and doesn't eat her food and barely drinks her water. We took her to the vet but we can't get a lot of tests done on her because we are broke college students and the visit itself put us back more then we hoped and they don't have any form of payment plans to assist in the rehabilitation of our cat. They gave her fluids and anti-nausea medicine but she is still in as rough shape as she was before and were afraid she might die. We really don't know what to do =[. Have any of you experienced anything like this before? The vet said if she hasn't gotten any better to give her antibiotics starting tomorrow. I really don't know what to do here. Please if you have any information about what might be going on tell us. She is fully awake and looks like she is aware of everything just her body is going to shit on her.

TL;DR:", Cat has diabetes and now isn't eating and barely drinking and body is having a hard time walking or doing anything. Can't run expensive tests because we have little money. Help!!!
25,"SUBREDDIT: r/cats

TITLE: Help - My Little Cockroach Hunter

POST: I live in an area where disgusting huge cockroaches are ubiquitous, and they tend to migrate inside once it starts to get cooler out: meaning we're starting to see them around the apartment on occasion.  My cat is amazing at catching and killing them, which both of he and I **love**.  HOWEVER.  He does most of his roach murder at night and has the horrible habit of bringing them into the bed with me to finish them off, usually when they are still capable of moving around.

Obviously it is terrifying and awful to wake up with a mutilated cockroach in bed with you so I was wondering - does anyone else have this problem?  I love that he has fun hunting them and that it means they're no longer crawling around my apartment but I'd love it more if I didn't have to jump out of bed, smash it (ruining his fun) and then try to go back to sleep paranoid that I can feel its little legs on me.  

I know it's natural for him to do this - he brings his toys to me in bed all the time.  But is there some way to discourage him from bringing the roaches in bed?

TL;DR:", My cat brings half dead roaches in bed in the middle of the night and I wish he would just kill the roaches on the floor or anywhere else.  Is there some way to get him to stop bringing them in bed?
26,"SUBREDDIT: r/cats

TITLE: Has anyone seen this before?

POST: So a little over a week ago my oldest cat, a female Calico named Coco was sitting on my lap. Suddenly I noticed her head start twitching, almost like a person with Parkinson's shakes, (my hair dresser has parkinson's so i am familiar with the tremors). She didn't seem distressed by it, and continued purring and was acting normal aside from the shakes. It only lasted a minute and I haven't seen her do it again since. 

A brief medical history, this cat is allergic to everything under the sun: grass, trees, dogs, lamb, fleas, we had one of them allergy tests done. She got encephalitis a few years ago when our basement flooded, she broke her tail a few years ago in a mystery accident we still haven't solved, she gets frequent colds due to her allergies and also has a habit of chewing off her fur because of her allergies (but she has been really good about that lately). She is also only allowed outside with one of us watching her and never leaves the deck. 

We have spent literally thousands of dollars on this cat and her medical problems since we got her 8 years ago, and she is 10 now. She is the best cat I have ever had and me and my family love her to pieces, but my parent's are getting drained at this point. I try to help as much as I can but since I am taking one of the other cats when I move out I pay for all his vet bills, and I only make $11 an hour at my crappy job :/

She is pretty much my best friend and the only reason I'm not taking her is because I know I wouldn't be able to afford it. I'm not looking for a clear answer, I just want to know if anyone else's cat has ever had a problem like this. My first thought was since she had a cold at the time (which we were medicating), maybe her equilibrium was just off, she was pretty congested. If anyone has experienced this with their cat before please let me know, it would at least possibly give us a place to start looking. She seems fine now and has been in a really good mood for the last few days :)

TL;DR:", My cat had the shakes 1 time last week in her head. She had a cold but I'm not sure that was related at all. Any ideas?
27,"SUBREDDIT: r/cats

TITLE: Petting our newly adopted cat, when suddenly...

POST: ... she poops on me! 

Not much, about the size of a nickel. But this isn't the first time. She did the same thing in the bed a few mornings ago.

Both times this has happened, she was being particularly affectionate, and was kneading. She does this thing while kneading in our laps where she tries to put her butt flush against us. Every now and then, while petting her, you catch a distinct whiff of cat poop. At first, I thought it was a fart, but I think it may be her butthole relaxing to the point where you can smell the turd on deck. She has pooped in the actual litter box, but only every other day. We've only had her a week, and this is the 2nd nugget she's dropped while being pet. Again, it's not much, so I don't think it's middeling behavior, or whatever, but I'm no expert.

Now here's my theory...

After googling every possible combination of ""cat + pooped + on me + while kneading + being pet"", I could think of, I found this one interesting article talking about how mother cats teach kittens how to relieve themselves by coaxing it out of them (licking the butt, I guess). There's a very good chance our little girl was separated from her mother earlier than the ideal, but she's 2 years old now, and lived with another family for 2 years. Kneading is apparently a very primal behavior, often indicative of cats separated too early -- and the pooping is happening while she's kneading.

So, I guess what I'm asking is -- Am I coaxing poop out of my cat by petting her? Has anyone else ever experienced this? How can I stop this?

TL;DR:"," Sometimes while being pet, cat poops a little nugget. What is this, and how do I stop it?"
28,"SUBREDDIT: r/cats

TITLE: Yesterday I tried to stop my cat from puking on my desk, but made things worse

POST: Yesterday I was sitting at my desk and my cat came to visit me. He's got part of a shoe box I keep on the desk for him to sleep in. It works well to keep him from lying/sitting in front of the monitor or on the keyboard.

So I'm surfing the 'net, and he's lying in his box when I hear the sound every cat owner is familiar with... \**hurk hurk hurk*\* He's facing directly towards me and the various papers and files I have out.

Thinking I should get him to the linoleum floor, or at least off my desk, I quickly grab him and whirl around. That's when it hit. In the middle of the spin, he starts throwing up. A soggy mixture of cat food and digestive juices sprays in an arc across my living room. Time slows down and the foamy globs seem to hang in the air as they form a perfect semicircle and fall to the carpet.

Stepping quickly over the mess, I rush him to the kitchen where he starts round two \**hurk hurk*\* While he finishes his business I glance back into the living room at the mess, and wonder where my life went wrong.

Sighing, I go to the closet to drag out the carpet cleaner to begin the slow process of scrubbing cat food slurry out of my carpet.

TL;DR:"," Cat puked, tried to move him somewhere 'safe' and gave it the momentum to spread 6' across the carpet"
29,"SUBREDDIT: r/cats

TITLE: Why it's important to keep a level head...

POST: So, last week my cat started throwing up everything that she was eating.  We came home one day, and there was about five different piles of throw up covering our room.  We fed her again that night, and once again she threw up.  Some thing the next morning.  That morning, we found that she had actually thrown up blood, and that's when we decided to take her to the vet.

Well, the vet took her temperature, felt around, and said that there was no indication that she was sick.  He gave her a shot of anti-acid and send some stomach medicine home with us and said to monitor her for issues.  Well, that night, she threw up again.  Then she went to use the litter box and nothing came out except a big glob of blood.  I kinda loose it because my cat experience has taught me that this means there is a blockage, which means surgery, which means a lot of money that I don't really have.  However, it's our cat, so I'll spend what I can to help her.

Next morning, we bring her back for xrays.  X-rays showed nothing.  The vet called us in and said that the next step was blood work, although her was a little puzzled.  She still had no fever, she was extremely active. He said that if we had not told him about the symptoms, he would have given her a clean bill of health. Well, we got the blood work, and the next day the results showed nothing.

Well, it's been a week since then, and she is still throwing up.  However, if we monitor her intake of food, she can keep it down.  This morning however, I just realized that Indigo Moon: Solid Gold, the food we used, changed there recipe, and we started feeding her the new bag around the same time as getting the food.  Now we are going to try a new food and see if that helps...

TL;DR:"," Cat got violently ill, spent $400 on tests that showed nothing.  Realized that the food we were feeding her switched ingredients and that's most likely the cause."
30,"SUBREDDIT: r/cats

TITLE: Reddit, what do I do about this cat?

POST: My father and I live together in his house, we also have a roommate who pays rent. I moved in with my dog about a year and a half ago when my father's wife passed away, leaving a cat behind that was strictly hers. My father since has tried taking care of the cat, but he hasn't been a devoted owner. It's gotten so bad that I'm pretty much the only one who feeds and takes care of the cat. He often talks about getting rid of it because he doesn't like having it around. Now, I feed the cat daily, I don't have a problem with this. My problem is that I normally spend 3-4 days away from home a week(I bring my dog with me). When I come back, the cat has no food. I recently thought about finding a new home for the cat but I'm not sure what my options are. I'd rather not have to consider a shelter. I know that if the cat stays here, he will not be taken care of properly when I'm not around. Can anyone tell me what my options might be for giving this cat some love while I'm away, or finding a better home?

TL;DR:"," I have a cat that's neglected and doesn't get the care he deserves, do not want to give him to a shelter, what do?"
31,"SUBREDDIT: r/cats

TITLE: Russian Blue appropriate for mild allergies? How about a mix?

POST: So I have (I'm pretty sure) mild allergies around cats. Basically my eyes will start getting kind of itchy if I'm around a cat for a couple hours. My girlfriend and I went to a cat cafe in New York City once, and within an hour my eyes got extremely itchy and I was rubbing them constantly. It got better when I made it a point not to touch my eyes though. When I slept on the floor of a friend's apartment who had a cat, it took a while for my eyes to get itchy, but eventually they did. It was bearable, but a little uncomfortable. I have no respiratory symptoms whatsoever, and it doesn't happen every time I'm around cats, but it usually does.

Now my girlfriend would really like to own a cat one day, and we've also been talking about moving in together in the future. She doesn't want to get a cat if it's possible I'm allergic though, but I feel bad because I know she'd really like one.

I've been reading up on allergies, and I've read that with proper cleaning and the right breed I can probably be mostly fine. Many years ago I decided I really liked the idea of a Russian Blue, because I find their coats really beautiful, and apparently they are especially friendly cats. To my surprise I found out that they're considered somewhat hypoallergenic! For my symptoms would that be a good choice?

One issue though: we've always wanted to rescue from a shelter, rather than get from a breeder or something, and a russian blue from a shelter will probably be next to impossible. All of the ones I'm seeing online are probably domestic shorthair mixes, or worse, some other breed entirely. My question is, would a mix be okay for my mild allergies? Or should I be looking into something else entirely?

TL;DR:"," I'm concerned about allergies, so I'm considering a more hypoallergenic breed. Will a mix be good enough though? Or should I be considering other options?"
32,"SUBREDDIT: r/cats

TITLE: How do I deal with a mean / angry / scared cat?

POST: So late last night my neighbor knocked on my door and told me she saw a cat on the loose. We live in a condo complex with a lot of people, so I'm positive it's someone's pet...we ALSO live in coyote territory so it's not uncommon for cats to disappear.

I didn't want that to happen to someone's pet so we caught the cat...he / she came right up to me for some pets and treats...so I picked him / her up and put her inside our cat carrier and brought her into our bathroom.

Now, naturally this cat is pretty pissed and pretty scared. I let it out of the cat carrier and it scampered behind the toilet and start hissing at us. We decided to move it to another bathroom but getting it BACK into the cat carrier was a nightmare! We eventually had to use a broom to push it back and I felt AWFUL about it...

...but to be honest, I'm not a cat guy and I'm not looking to get bit.

How do I deal with this angry cat? It's not totally terrified of me, I've set it up with food and water and a litter box...it let's me get close, but hisses when I get my hand near it. I'm in the process of putting up ""FOUND"" posters and I'm going to the animal shelter today to ask them some questions...I'm definitely not looking to keep a cat for an extended period of time.

Any thoughts on how to NOT get bit by this cat during this process?

TL;DR:"," Found a cat in our condo complex, caught it, it's angry and scared and hissy. How do I deal with it...?"
33,"SUBREDDIT: r/cats

TITLE: Help! Cat wont get all the way in the litter box

POST: Where to start...? I've got a 14 yr old diabetic cat with the start of some kidney problems who started improperly urinating outside of the litter box over 6 months ago. Her diabetes is under control now but she's still peeing outside of the box. We tried just about everything you can think of: cat attract, adding another litter box, switching litter, moving the litter box to where she peed, getting a different litter box, pee pads, UTI treatment, you name it. She seems to prefer to urinate on soft things on the ground which is why the pee pads seemed like the best solution and she definitely prefers to use them. But when she's done, she folds them over like she's trying to burry it which means that when she needs to use it again, the plastic side is up and its ineffective. We've tried taping them to the floor but she doesn't like using them as much.

Her previous litter box was open top box with high sides because she pees over the edge. We placed a stool next to it for her to step on to get in and out of the box. We suspected that she's got some hip pain which is why she prefers peeing on ground-level things so we made out own litter box out of a large 1.5ft x 3 ft storage bin with a hole cut in the side for her to walk in and out of. Its massive so its not like she doesn't have enough room. The bottom is covered in litter in the back 2/3 of the box, but when she pees she will just put her front paws in the litter and pee on the plastic base which she steps in when she leaves the box. Perhaps she doesn't like being confined in a litter box? Whats annoying is that she'll poop in the back of the box on the litter. We really don't know what to do at this stage. We've had to keep her locked in the kitchen when we're not around to make sure she doesn't pee on the rugs, couch, etc (which she's done in the past) which really isn't a good solution for her. Any suggestions? We're desperate!

TL;DR:"," cat pees outside of litter box, likes peeing on floor-height things, can't find litter box solution."
34,"SUBREDDIT: r/cats

TITLE: Question regarding cats and allergies.

POST: So recently my dad, who's been allergic to pretty much all animals with fur, told me that his allergies have been receding heavily. This got me excited, as I have never had any pets due to his, and for that matter, my allergies being in the way. As for my aforementioned allergies; I'm willing to live with them, while also getting the vaccine, should it prove to be not too expensive.

I've researched a bit and found that cats of the Siberian breed supposedly contain less of the ""stuff"" that makes people allergic.
I'm currently away from my Mum and Dad, and I'll have a talk with them about whether or not a cat could be a possibillity when I get back.

TL;DR:"," Dad's (appearently) no longer allergic to cats, I'm willing to live with mine, thinking about Siberian cat."
35,"SUBREDDIT: r/cats

TITLE: Cat showed up at our door today that my parents think is our cat that went missing ~5 years ago. My brother and I aren't entirely convinced that it's possible. Help?

POST: (Sorry for the text wall!)
This morning at about 2am, my dad woke up to some loud meowing outside. He went downstairs to let our cat, Bandit, in. Following right behind him was a cat that looks uncannily like the cat we thought ran off or was killed by something around 4 or 5 years ago. He walked right in and went for the food bowl, acting like he never left.

Now, my parents are 110% convinced that it is indeed our long missing cat Smokey. I think it is too, but I'm not entirely convinced. It just seems too crazy to have him just appear out of nowhere after years of being gone. But this cat acts just like I remember Smokey acting - trills a lot, headbutts your hand so you pet him, and purring so loudly you can hear him across the room. He and Bandit are also inseparable again; just like they were when we brought them home from the shelter.
I've linked an album with the only two pictures we have of Smokey before he disappeared (apologies for the bad quality of the first two, we lost all of the other photos when our hard drive crashed a couple of years ago) and pictures of the cat that showed up today. Does it look like the same cat? Is it more likely than I and my brother think that our cat would come home again after several years?

[The Album](

TL;DR:", Kitty wanders in one day that looks like our cat that went missing 4-5 years ago. Not entirely convinced it is him but parents are. Then and now pics in linked album.
36,"SUBREDDIT: r/cats

TITLE: New cat after 6 years of losing one. Need advice.

POST: Just got a new kitty, after my last one died of cancer 6 years ago. It took me that long to get over the loss, but now I feel I need some updates on brands of food and litter. 

I keep second guessing myself on what happened to my cat, he had liver cancer at age eight and the doctor told me that was not very common. So I wonder: Did he eat grass with pesticides? Was it  the food (I always got him the best recommended by the vet), the litter? 
I am sure pet products are not regulated as much as humans, so it crossed my mind that it could be anything really. What is the best brand for food these days? And litter?

TL;DR:"," Want to assure kitty safety, need recommendation for food and litter brands.His name is Big Bang, by the way."
37,"SUBREDDIT: r/cats

TITLE: Looking for some advice regarding cat Eye infections or Entropions. Can any Vets or people with experience help me with this?

POST: Hi everyone. I'm desperate and looking for some advice about eye infections in cats. 

So a little background, about 2 months ago my cat Gibson developed some kind of eye infection. I hoped it would go away on its own but after a few days I decided to take him to the vet. My vet never saw an ulcer or a lesion of any kind but he had a really bad entropion, so we began treating him with various eye drops, be it anti-bacterial, anti-viral or anything else that may help. 

Fast forward a month and after weekly visits and changes to his medications and we've seen no improvements. We decide to board him at the vet's office for better more consistent treatment. After 10 days they send him home and decide that if his eye isn't looking better in a week that the doctor will tack his eye to make sure the entropion does not effect the healing of his eye. 

Welp a week later there had been some improvement but the vet didn't think it was enough so we begin the eye surgery. The doctor sent Gibson home last week with an E collar to keep him from messing with his stitches. I had to go out of town for a few days for school. I made sure my best friend and roommate were able to take care of and medicate him properly while I was gone. 

Finally, I get back today and examine Gibson's eye. He is keeping the infected eye open more for sure which is great but he was displaying severe depressed-like behavior. I take off the cone and that's when I notice he is not opening his good eye anymore. I peel it open and it appears that there is now another entropion in what was his good eye. 

I am completely lost and feel helpless that after treating him or 2 months and spending close to or more than a thousand dollars that he is really not getting much better. Has anyone experienced anything similar to this?

TL;DR:"," Cat has entropion, there is some improvement after months of treatment and surgery but now the other eye looks like it's developing another entropion. Sad, desperate and needing some advice."
38,"SUBREDDIT: r/cats

TITLE: Adopted a shy cat today, looking for ways to make him more comfortable in new home

POST: Some background:
2 year old male.  Recently neutered. Was a stray that got picked up and brought to the Humane Society by the police officer. I immediately felt bad for him hiding in the corner of his cage. He was very skittish and shy with one pupil not dilating the same as the other. After putting him on a vet hold for a day (so they could run tests relating to the eye) I brought him home today! 

The first hour home he was very affectionate and excited, running all over the house exploring every nook and cranny, and nuzzling me and following me around everywhere. After he went upstairs though he didnt want to come down. He sat at the top of the steps hissing and making weird mouth noises with his tail twitching. I left him alone because I figured he is very anxious and needs to ease himself into his new home. 

Couple hours later I want to go upstairs to put on sweatpants and he attacks my ankle. Not a playful ankle bite. It was very aggressive and he did not back down after the initial attack. I stood very still for a few minutes until he backed down a bit and I could run to the bathroom for a bandaid. Now he is very manic with his affection. He will come and meow at me so I will pet him but after a couple seconds if I dont stop petting he will hiss at me. 

Is this normal behavior for a shy cat being introduced into a new home or do I have cause for concern over aggressive behavior? Has anybody else had similar experiences or any tips for helping to ease his transition into a new home without any more aggressive outbursts?

TL;DR:", Adopted a shy new cat that attacked me unprovoked. Is this normal behavior and is there anything I can do to help him get comfortable in his new home?
39,"SUBREDDIT: r/cats

TITLE: Adopted a new cat and unable to pick her up to sync with the microchip flap.

POST: Hi there, we adopted a new cat and we was told it was going to be a challenge because she takes time to get used to people and isn't the type to want to be stroked a lot. She is the opposite of what the centre said, she is very loving and loves to be stroked all the time, about 90% of the time she'll come up to you and meow to be stroked but the other 10% shes still very afraid and would sometimes run away. Her behaviour during the day she likes to hide away for most of the day, usually from the morning to about 3pm most days she'll hide behind the curtains or under the table and not want to come out, she doesn't eat during this time but will eventually come out and start to be normal again. She spends most of her time in our living room, sometimes venturing around the house but likes to stay in the living room. I'd say shes come quite far from was the centre described her as and we've had her for exactly a month now, she is about 2 years old.

That was a back story to her to sort of understand her but our real problem is that she doesn't show much interest in wanting to go outside but when she does eventually get to the point where she wants to go out, we are going to struggle to get her to sync her microchip with the microchip flap because she HATES being picked up, any attempt to put 2 arounds on her or 1 hand under her belly and she'll dart away so quick, its basically impossible to even attempt to pick her up which we need to do just once to get her microchip to the catflap and we don't know what we can do about this, does anyone have any suggestions ?

TL;DR:", unable to pick up or even attempt picking up the cat to get her to the catflap to sync her microchip and doesn't even show any interest in going outside.
40,"SUBREDDIT: r/cats

TITLE: Question about hair balls

POST: My husband and I have a cat we got as a kitten 6 years ago. She loves to hunt and ended up being an outdoor cat who exclusively uses the great outdoors as her restroom. This winter has been different and she has been inside for most of the past 4 months because it's been so cold and snowy (using the litterbox). 

A few days ago we had a guest over who when she went to use the toilet there was a huge wet glob of yuck in the toilet! I had just gone pee in there before we left to pick our friend up at most an hour before and must have left the lid up. The friend who has had many cats said that it was the biggest cat hair ball she has ever seen! I have never seen a hair ball so I took her word for it. Does this sound likely? Was that a hair ball the cat managed to yak up into the toilet!? Is there more I should be doing for my cat's health so this doesn't happen again?

TL;DR:", 6 y/o cat yacked up a huge hair ball into the toilet for the first time. What should I do differently if anything while she is stuck in-doors until the weather warms up?
41,"SUBREDDIT: r/cats

TITLE: Single Cat Lonliness Questions

POST: Hi, in this coming fall I'm finally moving into a pet friendly apartment complex and I plan to adopt a fluffy purring companion, but I have a few questions. Due to budget, I can't really afford a pair of kittens, and I will have several hours out of the apartment daily, usually between 9am and 1pm. I understand my cat would quickly become lonely, and I was wondering if anyone knew of methods to help minimize the psychological impact of my absence? 
Are the automated programmable toys worth it in your opinion? A tall cat tree will be provided and a window perch for outside viewing. I have also read suggestions to leave on radio talk shows or pet CD's or possibly even the TV while away from your cat. Also I will leave boxes and bags to explore but if anyone knows any personally effective measures I'm all ears.

TL;DR:"," I am adopting a cat and will be out of the house several hours a day, looking for means to minimize lonliness"
42,"SUBREDDIT: r/cats

TITLE: I may have lost my favorite cat, Mazie (7 years old)

POST: It's been settled that she was scared by thumping from one day because my older stepbrother was moving his stuff out, so she probably ran downstairs and out the open front door! It took me 3 days to realize that my cat has gone missing! I don't want to explain what happened that night, we searched the whole house to come in conclusion that she ran outside. Later on June 13th a neighbor saw her but she ran off, I searched two big roads in our neighborhood then went home, I saw a gray cat in the backyard, Maxie's color and yelled out. It ran off though. Then I searched in the same area, turned around and saw her, eye to eye.. I crouched down and called her, but she ran off, right passed me!

We had set up a trap later, but an outside cat got trapped first, Mazie may have saw it and decided not to go for it.

For days now, we have the trap set up and some food goes missing. It could be that greedy outside cat though. We later put catnip, and still some gone, but still no set off trap. She's been lost for 10 days now and I haven't seen her for 4 days. And I'm getting more worried and getting a lot more sad.

TL;DR:"," My cats been gone for 10 days, have not seen her for 4 days. There may be hope still, there are stuff being taken out the trap."
43,"SUBREDDIT: r/cats

TITLE: Should I let my cat out?

POST: So my kitty has been wanting out. Again. 

We decided to let him out last year since he showed interest in the outside world, and the first few times he was outside he would immediately go hide under the house and stay there for a day or two. We'd have to go look for him every time as he didn't seem to want to make an effort to come back on his own. We figured he had found a food source.

So fast forward a few weeks of this happening and we let him out one day, but he doesn't come back. This time he went missing for two weeks and we couldn't find the little thing. We figured maybe one of the neighbors had taken him (this happened once. We went around asking if they had seen him, and they all said no, but coincidentally about an hour later, here comes kitty running back to the house. We assumed someone did take him and let him back out when they realized he had a home, even though he had his collar on), and even though we missed him a lot, we wanted to think he was safe. Well at the end of the two weeks the little fucker appeared outside our house looking like a little kitty skeleton. We haven't let him back out since. 

A vet visit revealed he was allergic to flea bites >_> but otherwise he's got a flea collar on, he's got his shots, he's fixed, and is back to normal weight. He's a lot more energetic now and is asking to be let out again. One of my worries are the neighborhood dogs. My neighbors let them roam around in packs, and even though my cats (we have a well-adjusted outside kitty) stay in our yard, we don't have a fence and the dogs have chased my cats a few times. We can easily hear them and go outside to chase them out, and the cats have plenty of places to hide, but it's still a worry of ours. 

Given the info in my novel here, you guys think I should let him out?

TL;DR:"," my cat has a history of getting lost outside, a flea allergy, and there are dogs around that wanna eat him, though he can easily hide. Should I let him out?"
44,"SUBREDDIT: r/cats

TITLE: I just found out my brother in law threw a shoe at my cat!

POST: My brother-in-law moved in with my husband, father-in-law, and myself. He brought his cats that had babies. My husband and I kept 2 of the babies and we already had 2. We now have 6 cats in our house. My husband and I work full time while bil stays home and plays wow. Fil drives semi and is only here on the weekends. 

Obviously, bil spends more time with the cats. One of them, Master Chief, has a weird obsession with trying to eat plastic. We discourage it as much as possible and try to keep plastic away from him. However, bil isn't as careful about it. 

I don't know when but apparently MC found some. After yelling at MC to stop a few times bil said he threw a shoe at him! 

I made it very clear that it was not OK. I told him not to do it and tried to explain why I had a problem with it. He honestly could not understand why. I asked him if he would do that to the baby once it gets here (I'm 5 months along) and he looked shocked and said no. He couldn't or wouldn't tell me how it was different. 

I am so scared to leave my cats alone with him now. I can't lock them in my bedroom all day or they will tear up the floor. I don't know what else he will do or has done.

TL;DR:", Brother-in-law decided throwing a shoe at my cat was the best way to stop it from eating plastic. I told him that is not OK but now I don't know what to do.
45,"SUBREDDIT: r/cats

TITLE: Pro Tip: Four year olds, baby shampoo, and cats don't mix well.

POST: Just happened tonight.  Here I am, sitting in my room, surfing the internet, when suddenly my little guy, Ash, comes in and hops on the bed, looking for pets.  Unfortunately it seems that less than ten minutes prior, my Niece got a hold of some baby shampoo and pretty much covered his entire right side in it.

Suffice to say, he was not happy to spend about 8 minutes in the shower being held while my brother and I worked it out of his fur, and I have the claw marks to prove it.  Little guy drew blood.

I'm still paranoid that some is lingering behind in his fur, but all I can do now is let him dry off, and I'm sure he'll be wary for a few days.

TL;DR:"," Never mix four year olds, baby shampoo, and cats, if you don't wanna deal with an irritated, wet cat for hours."
46,"SUBREDDIT: r/cats

TITLE: Is moving my cat to my new home going to be too stressful?

POST: I'm in the military, and have recently returned from an overseas tour. I adopted my cat about four years ago in the eastern US. 

When I came down on orders to move to another base in the Southeast, I had to leave him with two different friends (The first took terrible care of him, much to my alarm, and I promptly found another friend who could care for him) while I was in a military school and while I was securing a permanent living situation at my new duty station.

After this, I drove up, picked him up, and drove him to our new home - a several hour drive.

During my time there, I moved apartments a second time, just across town.

After two years total at this base, I had to travel overseas for a year, which I've just returned from. During this time, I had to leave him with my parents, several days of travel away.

He has lived with them for the last year, and he saw me once. He seemed to recognize me and was happy to see me, but he's also obviously become attached to my parents, and they to him.

Now that I'm back from overseas, my current duty station is again a several day travel from my parents' home, and at several thousand feet elevation. 

I'm concerned that moving him, again, and to such a dry/high place, will be too traumatic for him and will negatively impact his health.

I love my cat, and I want him back, but I also don't want to be selfish and do something for me that's bad for his health. He's obviously very happy with my parents, and they take great care of him (He also seems to have filled a void that two of my mother's cats left when they passed of old age, and she loves him very much).

TL;DR:"," I've moved a lot during my cat's four year life, including being completely absent for the past year or so. Should I just resign myself to leaving him with my parents, to avoid another, undoubtedly traumatic, move?"
47,"SUBREDDIT: r/cats

TITLE: I found six kittens. What should I do!?

POST: On Monday I pulled six kittens out of my back yard. I live in Philadelphia so it's not really a backyard it's more like a cement slab. I kept hearing a kitten cry so I went outside to investigate. I couldn't find it anywhere so I just let it go for a while. About an hour later the crying really starting to annoy me so I dug a little deeper. I have enclosed space on the side of my townhouse which is about a foot wide and 10 feet long. It's covered with weeds, filth, and six foot ladders. I went back there and found a kitten, and then to my surprise I found 5 more. The little bastards had been crying all day so I assumed  that they had no mother. I put them in a 50 gallon bucket and called animal control around 1pm. Animal Control did not come till 7 hours later! To my surprise around the same time animal control arrived, so did the whore mother of the kittens! Animal Control proclaimed to me that if they take the kittens they would all be euthanized because they don't have the resources or the staff to bottle feed them overnight. So I just left the kittens in the backyard with the mom. They said if the kittens are still here in a few weeks to call them back and they will be placed in foster care. Ever since the mother has been watching over her kittens like a hawk. I built them a little enclosed space and put some sheets in there. A couple of the kittens had some crap in their eyes so I cleaned it out with hot water and a rag. My main thing is I want to keep one of these kittens eventually, and I'm afraid one day I will look outside and they won't be there. Animal Control says that they are around four weeks old. Is there anything more I could be doing to ensure the safety of the kittens?  The mother has been taking excellent care of them and I feed her tuna regularly.

TL;DR:", found me some kittens and they are chillin n my backyard. I want to keep one when it is old enough to be taken away from its mother but I don't know what to do.
48,"SUBREDDIT: r/cats

TITLE: New cat owner and I need litter box advice.

POST: I finally got my first kitten and I'm clueless as to what I need to do for this cat regarding her litter box. She's 7 weeks and was litter box trained when we first got her last week. I purchased a litter box from walmart that was smaller and noticed she dug around in her litter a lot before using it.. is this normal?? I purchased a larger litter box with higher sides so she doesn't get litter all over the place. She's still digging a lot! I keep the litter about 2 inches deep. Should I make it deeper?

What she would normally do is dig for about a minute then pee.. Which I wouldn't mind since I scoop the box regularly. The only problem is that she would expose the bottom of the box, so when I scoop out the clumped urine, I notice that some gets stuck to the bottom. After, if she needs to poop, she'd dig around for a spot for what feels like forever! At least 5 minutes. So she's stepping in her urine clump, etc. Is this normal for kittens to dig around so much?? How do I get her to stop digging excessively and just go about her business and get out? She starts digging to bury her mess after she poops but ends up stepping on the clump or poop again. I clean the box twice a day. She did this the first time she used the new litter box as well.

So I get grossed from seeing her step in the clumps and sometimes in her poop as she's trying to bury it.. and I don't know how I feel about her walking all over the house and my bed after that. I've been cleaning her paws off with baby wipes which I'm sure are not good for her. What other alternatives can I use?? Or should I not worry about it? Is there something that she can use to self clean? If she didn't dig around the box so much, I don't think I'd be concerned about this.

Thank you for any suggestions or tips!

TL;DR:"," kitten digs a lot in her litter box, stepping in her own urine clump before pooping, then stepping in her own poop when burying. Tip needed on how to minimize digging and clean paws after usage."
49,"SUBREDDIT: r/cats

TITLE: Adopted by neighborhood cat, what do? (X-post /r/pets)

POST: So one of my neighbors has a thing for rescuing cats, last count put the number of cats at about 7 but one of the cats has ""left"" home a number of months ago and according to the cat lady, it no longer goes to her house to eat because of all the other cats she has.

Over the past few months its been seen fairly regularly in our front yard(rocks with a lot of bushes and shrubs) but as of about the last week or so, it has been hanging out here far more consistently and it meows incessantly at me and family members whenever we step out front.

Behaviorally, it's just like any other outdoor cat except that it'll now routinely let us pet it until its been fed. Like he'll walk up to us if we sit down on our walkway and start rubbing its sides against our legs and headbutting our hands so we'll pet it, purring occasionally. This usually carries on until we offer it food(chicken and/or tuna mostly) and once it eats, it'll run off for a better part of the day and come back in the evening. Also, it hasn't really tried following us inside or anything. If we do get up and walk away, it'll just sit there until we go inside/leave or sit back down and call to it.

I'm just looking for tips and some advice on what to do with the cat because its clear its not getting its needs met by its owner but I'm still a little apprehensive about feeding it because the cat technically doesn't belong to me and there's the matter of ownership and all the legal issues that might arise.

TL;DR:", Someone else's rescue cat isn't getting it's needs met and has been looking to me to feed it and give it attention.
50,"SUBREDDIT: r/cats

TITLE: Question about cats that don't seem to get along with new cats brought into the home?

POST: okay so, i need serious advice. i moved out of my mom's house into my fiancee's house leaving my beloved 5 year old kitty (subbie) behind. it was heartbreaking and tears were shed but i had to do it. so, christmas comes around and fiancee gets me a kitten (miley). i fell in love all over again. 
long story short, fiancee and i are planning on moving out of town in about 6 month. we are for sure taking the new kitty miley with us, i want to take the old kitty subbie with us, but anytime we tried introducing subbie to a new cat she would turn into a demon cat and hiss anytime anybody or anything came near her. i'm guessing it had to do with territory or something like that. 
if we moved subbie and miley into a new house where it is no cat's territory, is there any chance subbie won't be so hateful towards us/miley? the two cats have never met before but i can't leave either of them behind.

TL;DR:"," want to bring old cat and new cat together into a new home, old cat is known to be hostile towards new cat and wondering if moving them into uncharted territory will be a smart idea."
51,"SUBREDDIT: r/cats

TITLE: A personality/temperament question for those who have pedigree cats

POST: I hope this doesn't get buried under all the cat pictures...

Okay, a bit of a story first. I have two cats, one solid white DSH, Pangur Ban, and a pedigree, show-bred Maine Coon named Navi. I adore my cats, both of them, for their completely different personalities and attributes. I got Pangur at 10 weeks - she was hit by a car and catapulted face first into a fence, survived with minor scratches, and is a perfectly healthy albeit pudgy two year old cat. Navi was a graduation gift from a breeder, I didn't get a pick of kitten, she was four months old, but she was sweet and beautiful and I had always wanted a MC, so I was happy. 

Pangur is tough. She's always stood up for herself, shown any aggressive animal (dog) what for, and the one time she was truly attacked by a dog, she left that dog with so many facial scars he looks like hid face went in a blender. Navi has always been a push over - she lets Pangur beat her up when they play, and the most protest she puts up when the puppy nose punches and fleas her is to meow and sometimes hiss. I've never seen her use her claws, though she has lion paws and I know she could do damage.

Last Thursday, Navi was attacked. The dog had no cuts, and the vet said her wounds looked like she had been grabbed by the tail and pulled out from under something. From the destruction in the house, she was chased around for some time. She is alive, but had to have her tail amputated. 

Now for the reason I am here - have any of you cat owners with pedigree, show-bred cats seen a lack of aggression or self-preservation in your cats? I have never known a cat to not defend itself like Navi, and I'm wondering if it's because she has had all aggression bred out of her. I feel so horrible that my sweet cat has been hurt so badly, but I can't help but wonder why she didn't defend herself more, like Pangur does.

Any ideas?

TL;DR:"," My street cat is a beast, my show cat is a wimp, and it got her hurt very badly by a cat-killing dog. Is this typical of show cats?"
52,"SUBREDDIT: r/cats

TITLE: I've just acquired three abandoned cats. One peed on the couch today. Internet research says I'll never get it out of the couch and he'll always pee there - is this true?

POST: First time cat owner. Someone abandoned three cats (siblings) in my shed and I've decided to take them in for the time being. Might keep 'em if they turn out to be easy to handle. They were previously indoor cats, fixed, and left to be ""outdoor cats"" - without my knowledge. Suffice to say the old owner is a sociopath. Grrr.

One of them peed on the couch today while I was at work. I work 10 hours on Sunday, so maybe he was feeling lonely? I've rubbed it out with a warm cloth and it's currently sitting under a metric shitfuckton of Borax, but I'm not sure how else to get it out. I'm afraid I'll have to get a new couch, which is absolutely out of the question. I could never afford it. I've also JUST gotten this one to maximum comfort after owning for a few years. SAY IT AIN'T SO.

TL;DR:"," One of my adopted cats pissed on my couch. Is there hope of getting it out, or am I fucked/do I need a new couch? Will he keep peeing there?"
53,"SUBREDDIT: r/cats

TITLE: Help please! These cats are constantly terrified of absolutely nothing.

POST: Hi r/cats. I posted here a while ago about some fatass cats I'm catsitting. Now they are slightly less fatass, which is good.

Anyways, and please keep in mind, this is not a new thing. I've known them for several years, and they've always been terrified, but this is the longest I've ever watched them. 

It is clear to me that these cats are completely miserable. There is no way that they are happy or well-functioning cats at ALL. I feed them, then go sit in the dining room, which is separated from the kitchen by a wall with no door. They go to eat, but if I make any noise too loud (like setting a can down or shifting my chair slightly) they skitter/bolt into the basement. Keep in mind, I'm not a stranger to these cats. Even if they don't remember me from the past, I've fed them twice a day for a month, and have hung around the house a fair bit. They should be KIND OF used to me by now!

They're like rats. It's gross and pathetic. From what their owner has said, the really fat one will sometimes enjoy her company, and the medium fat one really doesn't at all.

Is it just me, or is it kind of cruel to keep any animal in this condition? I don't have the money to take them to the vet for cat prozac or anything, but is there ANYTHING I can do to improve their quality of life?

TL;DR:"," Cats are pathetic, miserable, terrified creatures, and idk what to do to make it at all better for them."
54,"SUBREDDIT: r/cats

TITLE: Reddit Please Help Me Find A Home For My Cats!

POST: NORTHWEST MICHIGAN AREA. (Near the pinky)

I am moving in August and need to find a new temporary or permanent home for my two cats. A redditors worst nightmare, I am not getting rid of my cats by choice, they mean the world to me, so ideally I would like to take them back as soon as I am able to (could be a year or more) and I would possibly like to occasionally come see them. However, if this is unable to happen I would like for them to go to a good permanent home. 

They are both very well behaved. One is five years old, black and white, average sized female, and her name is Chloe. She enjoys a lot of attention and is very lovey and playful. The other is six years old, black, overweight female, and her name is Molly. She is shy and kind of sassy at first but warms up quickly, she prefers to be left alone most of the time but likes occasional attention. They are both fixed, up to date with shots, and declawed. They do not get along well with dogs. Kids are fine. Prefer older and experienced pet owners but not required. 

If you have any questions, are interested or may know someone who would be PLEASE contact send me a message.

Molly: 

Chloe:

TL;DR:"," My moms dickhead boyfriend is making me get rid of my cats that I love more than anything in the entire world, ideally would like to find someone to hold onto them for me or adopt them."
55,"SUBREDDIT: r/cats

TITLE: Help! My cat is acting strangely!

POST: About a week ago, my one-year-old cat seemed to be very sensitive to touch around his left ear and shoulder. I thought he had just hurt himself and didn't think too much of it. Now he still seems to be hurt in some way, but is also very lethargic and somewhat glassy eyed. All he wants to do is sleep (and I've been letting him), and when he moves to go eat or something, he moves incredibly slowly as if he's totally stiff. He had been playing quite a bit the past couple days (although still acting a little unusually), so I expect he was a little worn out, but he's definitely acting sick, and I'm not sure what's wrong. Any ideas?

TL;DR:"," My cat is very lethargic and sleeping excessively, and may have some pain. What's wrong and how can I help?"
56,"SUBREDDIT: r/cats

TITLE: Need to gain kittens trust.

POST: Ok, so my roomate works with animals and she brought home a rescue kitten, the animal shelter said they'd prob put her down. So we decided we'd either keep it or find an owner. Well, it ran away the night before last. It's all black, tiny and fast so we had no luck finding her. Today, in the pouring rain, we heard some meows. I tried to find it, my biggest fear was that it was stuck in my trucks undercarriage or a drainpipe or something. Well, after me and my roommate crawling under my truck, searching through the semi- wooded area around my house, messing up my ankle, my roommate getting cut and the stopping of the meows we gave up. Well this morning I heard a meow, it was her, she has been living under my shed. I left her food in two different places after she ran from me. If she wants to be an outdoor cat, that's fine. But i'd rather her get comfortable also coming in the house. I am worried mostly about raccoons. There are a lot around here and they are viscous animals, I've seen the damage they did to my friends adult cat and if he hadn't ran out to stop it the cat might have lost her life. So, how do I gain this animals trust? I want to get it taken care of by the vet, and tagged just in case she wanders away, etc.

TL;DR:"," lost kitten, found it, but she runs and hides from me, how do i get her to come back/ trust me?"
57,"SUBREDDIT: r/cats

TITLE: I found a kitten this morning (not asking for help, just a sweet story)

POST: This morning I heard a pitiful mewing coming from our garage. Our three adult cats were at attention, staring curiously at the door that leads to the garage. I opened the door and there was a tiny kitten with grey stripes and a pretty white belly. She was so scared that her little tail looked like a bottle brush! She walked right up to me and I picked her up and she immediately relaxed in my hands- this kitty obviously belonged to someone. 

My immediate question was ""how did she get in here?!"" The garage door had been shut all  night. Apparently she had come yesterday afternoon while I'd gone bike riding and just slept quietly in our garage all night. I had my husband hold her while I put on my shoes and she began to purr and rub all over his hands. 

After checking with our immediate neighbors I went to a house two doors down and was immediately greeted by an ecstatic lady who turned out to be the kitten's owner. She was so excited and said their entire family had been out until 2am looking for this little kitty. Apparently their four-year-old has a bad habit of opening doors when they aren't looking, and the kitten just escaped. It was such a nice feeling to find a kitten and immediately have it returned to its owner! :)

TL;DR:"," I found a mysterious kitten in my garage, even though the door had been shut all night. She turned out to belong to our neighbors, and they were so excited to have her returned!"
58,"SUBREDDIT: r/cats

TITLE: Need advice about finding a friend for a lonely older cat

POST: Hi r/cats!

I am coming to you today on behalf of my mother; one of her cats passed two weeks ago at the age of 11 and her other cat - a 12-year-old boy who has never been an only child - is incredibly lonely. He cries at night and wanders the house looking for his sister, and when my mom goes to work every day she feels terrible leaving him alone without a snuggle buddy.

She wants to get him a companion but isn't sure if she should be looking into a kitten or an adolescent or a grown-up cat or what. I figured I would pose the question to the experts and see what you come up with.

Thanks!

TL;DR:"," one cat died, other cat (male, 12, never been alone) is very lonely. What should we do?"
59,"SUBREDDIT: r/cats

TITLE: How can I calm my cat down so that I may groom(shave) him?

POST: Tried posting this to /r/AskReddit and they suggested i come here , so I hope this is the right spot. I have a long haired cat that is in need of a shave. I've been gone most of the summer, and the fur that he'd been shedding has been matted up into his other fur, he also hates to be combed/brushed. He usually gets a shave every April or May, yet this time i couldn't afford it.

The groomer i typically go to isn't returning phone calls, from what i understood she used a sock over his head to disorient him and get the job done, she did a fine job. I've tried this to no avail. Also i have used the method (recommended from a vet years ago to use childrens benadryl, but he had an adverse reaction, while the other cat i have was fine with it) I am at my whits end, it breaks my heart to see him with dreads all over, and getting some dandruff or dry skin to boot. If I had the money I'd take him in, but this is currently not an option.

TL;DR:"," Cat has dreads, need to shave him in the safest manner for both of us, no money to get this done professionally."
60,"SUBREDDIT: r/cats

TITLE: My cat's an asshole

POST: My cat is an asshole.  He constantly attacks me and my roomates, claws at furniture, and is still super cute from time to time.  What can I do to help deter him from doing these annoying things?  I have a million cat scratch toys in the apartment, but he still prefers my couch / bed, and recently found my toilet paper.  I now have to hide my TP, and can't let him in my room at night because the damn cat likes to claw my bedding and then climb under comforter and claw my feet in the middle of the night.  I honestly have no idea how to stop him from doing these things, as he finds my normal methods, hissing/yelling/clapping/spraying him with water as a game, and just attacks back after/claws my furniture more.  Need advice to train him better.  Thanks

TL;DR:"," My cat thinks everything is a game, attacks humans/furniture/plants/etc and doesn't respond to punishment (just attacks back).  Need advice to train him better.  Thanks"
61,"SUBREDDIT: r/cats

TITLE: New cat, need advice on training.

POST: Hey there r/cats, I'll get down to brass tacks: I adopted a cat three weeks ago and I need some training advice.

In the beginning, he was pretty laid back and we only had one bathroom incident on the first day, so we weren't too worried since it was probably nerves. However, for the past 3-4 days he has been going crazy. He shit on the steps leading up to my roommate's room a few days ago. Then, he crapped in the bathtub yesterday, was hissing at the turtle's aquarium (something he's never done before), and peed in my room. We also found a pee stain on the steps, but weren't sure when it happened. To boot, he crapped in the hallway ten minutes ago.

Up until now, he had been using his litterbox just fine, and still uses it mostly. Really, his only problem was that he meowed incessantly. He is not neutered yet, but is going to the vet tomorrow morning to determine if he is healthy enough to have the surgery done. Once the vet gives it the green-light, he's getting snipped. I've been told this will take care of a lot of the problems, but I am guessing there's some more training necessary. I've started using a spray bottle, but haven't done so long enough to tell if it is effective, although he is not a fan of the bottle at all.

Sorry if this is the wrong subreddit, I've checked around but came up short. If it is, let me know and I'll post there. Thanks for your help folks.

TL;DR:", the cat I got three weeks ago has recently started shitting and pissing all over the house and being territorial towards my pet turtle. Need advice.
62,"SUBREDDIT: r/cats

TITLE: [Advice?] My cat is currently high on diazepam - how long will this last?

POST: My cat was spayed 2 days ago.  Unfortunately it wasn't a routine spay, when they opened her up, her womb was much larger than it normally should be and surrounded by fluid - so her surgery was more traumatic than usual.

Since her surgery she hasn't eaten or drank, so today I took her to the vet and she gave her a stronger antibiotic and some diazepam to help with her appetite.  Whilst this seems to have had the intended effect of making her eat something, she has also been rubbing her incision site on things, licking her stitches (both of which she didn't do beforehand) and also eating her kitty litter....

When I tried to move her away from her litter, she hissed, growled and spat at me, which is completely unusual behaviour for her.  I have since removed her litter box from the room, but my main concern is her interfering with her stitches.

TL;DR:", Does anyone have any experience of their cat on diazepam?  How long (roughly) does it take to wear off them?  Googling didn't seem to bring up much useful info..
63,"SUBREDDIT: r/cats

TITLE: Friend has three stray kittens in her yard - may have been abandoned by their mother..

POST: So we live in Pittsburgh, where it's super cold come winter, the high today is like 30.  Over the past month or so, a family of cats (mom and 3 kitties) have been in her and her neighbors yard.  She has called Animal Rescue League and they are at capacity, blah blah.  As of late she has noticed that the mother is no longer around and the kittens pretty much sleep on each other in the basement window that's near the dryer..  this is so heartbreaking to see, but there is no way she can take the cats in to her house and with the Animal Rescue League telling us nothing, we are out of options..

So, short story long..  is feeding them a good idea?  Will they just assume that food will always been there?  I know she has given them some bread this week, but it's going to only get colder and well, sadder.

Any advice on cat adoption places we can contact?  Or are they just SOL?  This is so sad, but really have no idea what to do..

TL;DR:", Stray kittens abandoned by their mother and it's super cold and we have no options on how to help..  Animal Rescue said no.  Help...?
64,"SUBREDDIT: r/cats

TITLE: If I foster a cat (or several in a row--one at a time), will my cat be upset when they leave?

POST: I would like to foster cats.  There are a few reasons for this.  1) I want my cat to be able to have a playmate and companion. 2)  I want to find a long-term playmate for my kitty, but don't want to accidentally get a cat with an ""attitude.""  Sure, all cats deserve love, but I want one that is affectionate and laid-back like my current kitty if I can manage to find that, and it seems that fostering cats would give me a way to ""meet"" several of them and then commit to one that is a good match.  3)  The obvious reason--to help the cats!

My question is, will my cat (not a foster) be upset/stressed when a foster leaves the home (is adopted by someone else)?  I don't want all of the changes--the different cats in and out--to upset him.

Any other tips from people who have fostered?  I will be doing plenty of research before getting into this, but was just wondering if you guys have any pointers.

Thank you muchly!

TL;DR:"," I want to foster cats, one at a time, to help them and to eventually find a good match for a 2nd cat to live with me.  Will this stress my current kitty out?"
65,"SUBREDDIT: r/cats

TITLE: My cat is pissing everywhere, please help!

POST: In December I brought home a kitten,well he's sort of a kitten. He is less than one year old. I already have two cats that are almost ten. One of old cats has started peeing outside his litter box in the past couple weeks.  I thought it might have been because he had a kidney problem (which the vet told me a few months ago) so I took him to the vet last week and got blood work done and the vet said everything came back normal, so the peeing is  a behavioral issue.  I caught him spraying once, and lately he's just been doing it everywhere!   I have the Nature's Miracle solution, but I don't know where the pee is coming from and you know if you own cats their pee is freaking POTENT.

My sister suggested that I get a UV light to find where the pee is.  So my question is, have any of you tried it? Does it work? I read an Amazon review that I could just get a uv bulb from a hardware store and use that instead, does that work also?

And will my cat eventually stop peeing everywhere once the new cat (who is now separated) started playing with them? The cat that is peeing doesn't show signs of complete aggression towards the new cat.

TL;DR:"," Fostering a young cat, my old cat is peeing outside of his litter box. Does UV light detect the piss and will he stop peeing?"
66,"SUBREDDIT: r/cats

TITLE: Help! I have a cat from Hell

POST: I have 2 cats that are brother and sister that I got from my mother-in-law from when someone dumped a pregnant cat on her. There were a total of 5 kittens and we took 2 of them. I lived about an hour away from her and kept them in an apartment. They used to cuddle and snuggle with each other and with me all the time and everything was great. I had to move in with my mother-in-law and brought the cats with me and allowed them to be inside/outside since it is in the country. The other brothers and sisters stay outside. One day the cats' mom got in the house and attacked one of my cats which is a calico (her daughter) and she hasn't been the same since. We then got rid of the mom cat. The calico cat now is very aggressive towards the outside cats and her brother who she grew up with. Also, now neither of the indoor cats like to cuddle much with humans. I have heard that calico cats are just bitches, but it is just weird that she changed after this incident. Any help or advice would be appreciated!!

TL;DR:", My calico cat got attacked by her mom and is now very aggressive towards the other cats at the house even after we got rid of the mother--HELP!
67,"SUBREDDIT: r/cats

TITLE: I need to train my cat to poop outside.

POST: I have 2 cats, and my newest is an adult cat thats just been neutered, we have a litter box for him inside, but this cat takes crazy huge dumps, and this shit stinks. my other cat we got as a stray, so she is used to pooping outside, but this guy, we got him a stray but its been 2 years, and now he really only goes outside to tag along with my other cat, but its gotten to the point, where this cat really needs to learn to do his business outside, I know a lot of people say its messed up to let your cat leave the house, but I'm not budging, so please, helpful advice only. He's a good cat, but he literally just stank up the entire house, and my grandma is going to send him to the pound if i can't at least keep this stench under control.

TL;DR:"," What can i do to train my primarily inside, recreational outside cat, to take his poops outside like his sister cat does."
68,"SUBREDDIT: r/cats

TITLE: Are there any electronic cat doors that restrict the cat WITH the electronic collar from going out, and lets those WITHOUT collars come in/out? please help!

POST: I have one cat that I need to keep inside (she has suffered an injury that requires her to be housebound). And yes, I know it would be ideal to keep all of them inside, but I have rescued over 10 strays that are all indoor/outdoor cats and there's just no way to keep all of them cooped up.

(And yes, I know I could just keep her locked up in a certain area of the house, it's what I'm currently doing, but she will literally scream for HOURS because she wants access to the rest of the house. If this was only for a couple days I could live with it, but because it's permanent it just seems too cruel.)

I already have a regular cat door installed, and have been looking into getting an electronic one to be able to keep just her inside. But with so many cats, having to get hundreds of dollars worth of electronic collars on top of an expensive door is just unreasonable.

TL;DR:"," Are there any electronic cat doors that restrict the cat WITH the electronic collar from going out, and lets those WITHOUT collars come in/out?"
69,"SUBREDDIT: r/cats

TITLE: Question about a stray cat, and my own cat

POST: I posted a few weeks ago about an incident where a stray cat walked into my apartment one night when I left the back door open. The stray cat and my cat were fighting when I woke up in a daze. I shooed the stray out, and it left my cat in a weird state where he would growl. Fast forward to the next morning, and he was fine, but he had a little limp from the fight. It was very clear that my cat built a deep hatred for the stray.

Over the course of time, the stray would come to my back porch behind the glass and my cat would just go nuts hissing and just acting completely out of the ordinary. Fast forward to last night and the stray found it's way to my back porch. I go to try and calm my cat down and shoo the stray away and my cat attacked me! He never has attacked anyone other than his little play mice and toys, and such. 

I guess he went into a state of panic, but he definitely got me good. He has all his claws and has this nifty scratching post, so I guess they keep his claws strong and sharp. He even tried to go at my leg one other time until I just let him do his thing and didn't bother him. He is a super friendly cat, but my thoughts are that this stray kind of messed with him a bit. 

He was fine about 20 mins after the incident occurred. Almost like nothing occurred. He was fine this morning and when I stopped by for lunch.

This is just so odd because he has been the most even keeled cat in the 5+ years I've had him.

Just curious what you guys would do in this situation? I sprayed some of that bitter apple stuff around my back porch perimeter and also called the apartment company to see what their protocol is.

TL;DR:", A stray cat keeps coming to my back porch and it messes with my cats mind. How do I get rid of said stray cat?
70,"SUBREDDIT: r/cats

TITLE: missing cat - chances of him coming home?

POST: hello, reddit!
my boyfriend and I moved from the middle of maine to the north-east corner of massachusetts on july 1st. we moved in with my parents who have 2 dogs and 3 cats of their own. we adopted our cat about 1.5 years ago and up until we moved, he was the only cat and best friends with our dog, piper.

the cat has always been loving and indoor only, for the most part. he's curious about things, including outside and had been outside on a harmess a few times while we lived in maine. when we moved in with my parents, he was skiddish and hid in our bedroom most of the time. one of their dogs is a coonhound and constantly wanting to see the cat because it was so new. the cat acclimated and didnt seem bothered by the new dog, but was still skiddish around people.

on Friday, the 11th, he went missing while I was at work. I can honestly say I thought he was too timid to want to go outside, and being used to having animals, my mom was conviced that she never saw it get outside, but after 5 days, we're convinced he's lost outside.

ive owned cats my entire life, and having worked as a vet tech, I feel like I know a fair bit about cats, but I wanted to get some other peoples opinions on whether or not it's possible he'll try to come back seeing as he is so new to the area. he is microchipped, neutered and up to date on his vaccines. my parents male cat does mark the back yards, and we've checked underneath all the buildings and along the tree lines in the yards. 

any knowledge that other people have that I may not would be appreciated. thanks for reading, everyone!

TL;DR:"," my cat is new to an area and went missing, what are the chances he'll come back or we'll find him"
71,"SUBREDDIT: r/cats

TITLE: Help! 1 year old cat won't eat after being introduced to new kitten. (details inside)

POST: Hello everyone,

My sister has had a (female) cat for 1 year, and she takes it to live in her university dormitory, most of the time (allowed at her school).

My dad just got a new (male) kitten, who is just about 4 months old, now, and we've had him for about 3-4 weeks. 

The kitten is not pooping in the litter box; he'll only poo on newspaper, for some reason (or the floor :/  ) so my sister thought it would be a good idea to bring the 1 year old cat over to ""show the kitten how to poop in the litter box.""

Well, it's been 2 days now, and my sister's 1 year old cat has refused to eat! The kitten is very aggressive with my sister's cat, so she tends to hide and seems very cautious.

What can we do to fix these two problems of not eating and convincing the kitten to poo in the litter?

Thank you for any advice you can give!

TL;DR:", new kitten won't poo in litter. 1 year old (sister's) cat brought over to mentor kitten on proper poo procedure. Kitten is aggressive and 1 year old cat won't eat! Help!
72,"SUBREDDIT: r/cats

TITLE: My Kitten is WILD. Advice please!

POST: I just got a kitten about a week ago. He's a cute little orange tabby and about 3 months old. He is very stubborn and confident. Everything is a toy. He plays extremely rough. And my gosh, is he a voracious eater! Which is all fine and dandy-- we play with him a lot with toys and he also has my dog who loves to play with him too. He free feeds a high quality kibble and he also gets kitten milk replacer each night for the extra vitamins and calories. He has probably doubled in size since we got him. :O

A couple of things have come up that I would like some advice on:

1) He is very mouthy! As part of his rough play style he will bite us and his kitty fangs hurt. Is there anything I can do to discourage this?

2) I want to keep him off the counter. At this point he isn't big enough to jump up there yet but that day is coming and I want to be prepared. What strategies have you used to keep your cat off the counter?

TL;DR:", I have a wild kitten who plays rough and eats everything in sight. I want to keep him off the counters and stop him from biting me. Any advice?
73,"SUBREDDIT: r/cats

TITLE: Advice for rescued stray kitten with severe respiratory infection

POST: This past Saturday night I happened to come across a stray kitten that my neighbor was trying to shoo away with a tiki torch and now the kitten is now living with me.  I took him to the vet on Sunday because he was sick.  They diagnosed him with a respiratory infection and prescribed an eye ointment four times a day and oral antibiotic twice daily.  Monday day his eyes began to look a little worse but he began to eat and drink.  Tuesday his inner eye lids were inflamed more and by the end of the night the left was almost completely shut. He was eating a lot better now and drinking well. I continued the treatment plan and made another appointment for Wednesday morning.  So, we went to the vet this morning. He was prescribed lysine and was given fluids at the vet. Unfortunately after all of the testing that was done on Sunday, etc. I was unable to pay for them to perform one of the tests (I think it was to determine the strain of bacteria).  I feel really bad but there was nothing that I could do… Anyway… you can barely see the cat's eyeballs anymore, he is sneezing a lot, he will not drink any water or kitten milk, but this evening I was able to get him to eat about ¾ of a can of recovery cat food. I was pretty worried this afternoon that I was going to need to force feed him but he seems to be pretty hungry now and eating well.  Now I am super paranoid about his water intake.  He weighs about 2.4lbs (he gained .2lbs which was my good news for the day) and is estimated to be 12 weeks old. I was pretty scatterbrained while I was at the vet's and probably hopeful that he would continue eating and drinking as he was before and didn't think to ask how much he should be eating/drinking in a day… Now I am thinking that maybe I should force feed him water. How many cc's of water do you think I should give him?

TL;DR:"," Very sick cat, 2.4lbs ate approx. ¾ can of cat food, not drinking.. Should I force feed water? If so, how many cc's?"
74,"SUBREDDIT: r/cats

TITLE: Temporary Indoor/Outdoor Question

POST: I've got a few questions. I appreciate your help. My living arrangements have changed and I have a three or four month window of time where I won't be able to keep my cat indoors due to roommate's horrible allergy. My main question is, will a cat with no previous outdoor life be okay to live mostly outdoors as long as I keep feeding him and giving him a place to sleep/hide? It's probable that I'd be able to get a cat door installed on the garage so he could come and go like that. In August, my exgirlfriend has said she can keep him until my living arrangement gets figured out.  

My cat is a rescue and besides the first week or so of his life, has never been outside. He is large (Maine coon and rag doll mix, I'm told) and has his claws, obviously. My gut says he'd probably be okay-- he's been able to defend himself from even large dogs and stuff. I'm in Alabama, so it'll be hot this summer, but weather shouldn't be a dangerous issue. 

I'm currently planning on getting him microchipped and getting a good collar on him. Besides that, what can I do to reduce the chances of him just permanently disappearing? I know that's always a risk, but I'd like to keep him an indoor cat like I always have after this temporary change.   

Are there any other solutions you can think of? Thanks again for your help.

TL;DR:"," no one can currently foster my indoor cat. wondering about making him mostly outdoor for a few months, with the hope that i'll still have him when the situation changes."
75,"SUBREDDIT: r/cats

TITLE: Stray cat; I'm allergic - what to do?

POST: This young cat showed up a few days ago in my backyard.  She managed to nab a bird from my feeder (I posted a picture of her the day that happened [here]  Since then, I've seen her wandering the neighborhood, and tonight she showed up at my back door again.

I've opened the door and chatted with her; she's walked around my house a bit, and has played with my kids (all old and wise enough to know how to respect an animal of this sort).  She seems nice, unless you're a bird.

I'm extremely allergic, though, so I can't really take her in.  I've read a few websites about caring for stray or feral cats, but I'm not convinced it's a wise idea.

Thoughts?

TL;DR:"," Nice stray cat has shown up at my back door a couple of times; she's friendly, but I'm allergic - what's a guy to do?"
76,"SUBREDDIT: r/cats

TITLE: Question on the actual likelihood of 'cat compatibility' ..

POST: I've got a young friend who is moving with her kitty from a small apt. situation to renting a house that's quite a bit of space for just her alone, so she's planning on bringing in a house-mate or two. She's just been contacted by someone who could be interested in moving in to the new place with her, but it turns out that she has a cat too -- a totally indoor cat who is blind.
In my own admittedly limited experience it is almost more likely that two middle-aged cats suddenly expected to share the same house will NOT get along than that they will. I know one couple who have had the same two cats, always incredibly sweet and wonderful when alone, who are literally at each others throats whenever they physically cross paths. And this situation has gone on for YEARS. I also agreed to have a friend 'drop off' his cat at my place while he was off for 10 days on vacation and, naive as I was at that time, I had no idea that this would be 10 days of 'growling' and tension and physical combat and just a completely impossible situation between our feline friends. 
So, my question is, do two cats, total strangers, ever truly stand much of a chance of ""striking up an immediate friendship"" when moved into the same limited space? I mean, I KNOW that it's 'possible' -- but is it as 'unlikely' as it seems to me? Or has my view been jaded by experiences which, to others here, seem UN-characteristic in the end? 
So, in addition to any event-stories that might be relevant what I'm really trying to get a sense of is the sort of 'overall statistical likelihood' (if that were possible!) rendering that I can offer her to help her in her decision on whether to keep hers the only cat in the house or to open the situation to others.
Thanks for any thoughts on this!

TL;DR:", how likely is it that two cats - complete strangers - will 'get along fine' in being made to live in the same limited space from their owners moving in together as roommates?
77,"SUBREDDIT: r/cats

TITLE: Free Cat to good home.(Colorado Springs)

POST: Hey Cattit, here is the backstory. I live in an apartment complex that has a cat limit. Needless to say, I am already at that limit. I..kinda have a penchant for being a bit of a bleeding-heart when it comes to animals. 
Well, a friend of mine in the same apartment complex was coming over to my apt to hang out, and this cat followed him all the way from his place to mine (outside, not his cat). 

Well, this adorable maine coon cat (will post pictures tommorow-ish) sat outside my door, meowing. Now, I just can't stand that...too sad. I take it some food and water, so atleast he gets a meal and something to drink. He ate some of the food (The wind caught the paper plate and took it) and just kinda hung out on my front pourch, in the cold wind, meowing. I brought him in, put him in the closet on my balcony (second floor, chicken-wired up so the cats can't squeeze through the railing), set up a little old-shirt bed, food, water and cat litter, so he is protected from the elements atleast a little bit. 

Now, I would have loved to have brought him inside the apartment and let him hang out (he is SO sweet! I swear, he will turn himself inside out to get petted.) but the other cats ...disapproved. So now, I have this awesome, sweet, lovable, handsome, cuddley cat that I can't take care of, and he is in desperate need of a home. Anyone in Colorado Springs or surrounding areas, please, drop me a message on here if you can take care of the little guy. I will be posting found posters around my complex today, but if I get no reply, I need someone to take care of this little dude (My girlfriend and I have taken to calling him Captain Jack).

TL;DR:"," Found super awesome cat, can't take him in, need to find him a forever home. Blast a message if you can take him in."
78,"SUBREDDIT: r/cats

TITLE: Can anyone offer any advice about my 2 9 week old kittens?

POST: I adopted 2 kitten siblings from my local animal humane society on October 4th, 2012. Everything has been swell so far. I bought a huge cat tree that they enjoy very much, as well as a plethora of toys! The only thing we are having some difficulty with is litter box training. I have done some research on the web about trying different cat litters, making sure the location is good, and keeping it clean. Our kittens probably use their litter box about 70% of the time. Lately they have been urinating on blankets and a comforter. I currently use Worlds Best multi-cat litter. I really love the litter and I know that because they are just kittens it may take a while to get them used to using the litter. So I guess my question is, should I try to switch litters to something softer? What kind? Or if I should just be patient and just keep correcting them when I catch them in the act?

TL;DR:"," Having some trouble litter training my kittens, they seem to like urinating on blankets, should I try and switch to a softer litter? Or just be patient and keep correcting them?"
79,"SUBREDDIT: r/cats

TITLE: Best way to deal with allergies to cats?

POST: Hey Reddit!

So my [21M] S.O [21F] is allergic to cats. Ironically we have two that are about two years old. They shed like crazy obviously so I was wondering what you guys do to combat all that loose fur and if there are any products that can help take the particles out the air for her to breathe better (an air purifier I guess?).

So far I dust and vacuum about once a week. I try to maintain bathing the cats once every two weeks (they purr with baths).

Any ideas for helping her a little more. She doesnt get deathly allergic just a stuffed nose and a tiny bit of closed throat. I just love her and want her to be able to smell too at home!

They are mostly her cats, shes always had cats and dealt with it. I just want to know how I can make it more comfortable.

Is there air purifiers for such situations and do they even work?

TL;DR:", What do you guys do to combat cat hair/allergic particles other than vacuuming/bathing/dusting?
80,"SUBREDDIT: r/cats

TITLE: Help! Need advice on peeing female :(

POST: Hey guys, first I will introduce Chloe, I 'acquired' Chloe when her irresponsible owner decided to have her put down when she couldn't have a cat in her new home. (WTF man?!) Chloe was ~5 years old at the time.

Around then I was living with a friend and his dog (friendly) and my one cat. The plan was to find Chloe a new home, however it is very hard to find a home for a grown cat. Chloe had no problems at the time, was healthy but not friendly with other cat or dog. she did her own thing and tolerated the others.

Fast forward a couple years and Chloe is living with my mother and (was) doing fine for quite some time.  Lately, Chloe has been having some altercations with the neighbours cats (who are dicks!) and she started peeing inside, much to my mothers' frustration, in fact she is so fed up with it that I need to do something about Chloe within the week.

Chloe has been checked numerous times for UTIs and come up clean. I believe she is under stress from the other cats and I am looking for ways to mitigate this.

I am still unable to find her a new home and as a last resort, there is a rescue facility called Cat Haven, they can take her in and hopefully find her a home but they're volunteer and donation based so again, a last resort.

I probably have answered my own questions here (shelter surrender) but I want what's best for Chloe within reason.

TL;DR:"," female cat pees inside due to stress from other animals, want to stop peeing or move her to a shelter."
81,"SUBREDDIT: r/cats

TITLE: Need Advice! Going on vacation what to do w/ kitten?

POST: So I'm going on vacation next month and I'll be gone for 7 days, I have a 5 month old kitten/cat and she is very attached and loves to play as you would imagine at that age. When I get home from work I find her laying against the apartment door waiting for me, and she starts meowing when people walk past the door.

My gut feeling tells me that she is WAY too young to be left alone for 7 full days, since even after a half-day she gets lonely.  I live in a downtown and nobody I trust (that well) is close enough by to check in throughout the week.

I have a friend that is willing to watch her at his house, but does anyone know if this is normal?  I would bring all her stuff over to his place, and he'd play w/ her and keep an eye on her.

I don't want her to get freaked out though or confused about what's happening.  Has anyone been in a similar situation? How do you handle 'cat-sitting'?

TL;DR:"," do I leave the kitty home alone for 7 days, or bring her to a friends house and risk it getting freaked out for some reason?"
82,"SUBREDDIT: r/cats

TITLE: Advice needed: neutered male still marking

POST: As the title says, our neutered male is still marking.  We have three cats in total, 2 spayed females and the male.  One female and the male fight often and don't get along generally but it's not always that way.  The female marks as well and outright just empties her bladder whenever she sees fit.  She rarely uses the litter box at all.  The male will use the litter and we've noticed that most of his peeing behaviour is marking.
This has been going on for some time now and we are faced with some home renovations for flooring that we are postponing because of the destruction caused by the marking and spraying.  
Here are some of the things that we have tried over the years, yes... years.  
Pheremone spray, and collars.  Enzyme cleaners, bleach,  peppermint oil soap, white vinegar and steam cleaners.  Different brands and types of litters.  
We have 4 litter boxes as we've heard that we should have one extra than the amount of cats that we have.  We've even tried some sort of spray on the cats fur that was supposed to make them smell similar.
We love these cats dearly, all three were personally rescued by our family. But now we have reached our limit and are faced with trying to find a home for the male or having him put down.  We are targeting the male because when we had a friend house him for 2 weeks, the female stopped completely and was back to using the litter.  Albeit this was a couple of years ago now.

I should also note that the two problem cats were fine for the longest time and lived in harmony until the male got sick and had crystals in his urine.  The treatment for that seemed to trigger the marking and spraying behaviour.

We are still willing to try something different and are open to advice.

TL;DR:", Male and female are in a pissing contest and are destroying our home and belongings. We have to make it stop.
83,"SUBREDDIT: r/cats

TITLE: Scratching solutions for adult kitties??

POST: Alright, so I really would love some advice on how to deal with my adult kitties scratching up furniture/carpet.  One is 5 years old, the other is 4. Unfortunately I didn't really train them when they were young because I've always lived in cheap apartments with cheap furniture (college life!) and didn't really care. (MISTAKE). 

I recently moved back in with my parents, and I will be here for 2 years while I finish grad school. They have much nicer things than I did, and I am really worried about my babies ruining their furniture and carpets! The plan was to use Soft Paws ( which I had used in previous years with no problems.  However... it's been a f*cking nightmare! I feel as though I am torturing them while putting them on- it really seems to hurt them...  Declawing is out of the question too. I can't do that to them, especially as adults. 

So, please give me any advice that you may have! What has worked for you? I will try anything! I am especially looking for natural sprays that cats dislike the smell of.. (I try to stay away from the deterrent sprays that are full of chemicals...), however I am willing to put aside my crunchy ways! I really just need something effective.

TL;DR:", Adult kitties scratching furniture/carpets. Claw covers and declawing are not viable options.  Any other advice appreciated.
84,"SUBREDDIT: r/cats

TITLE: Cat biting the back of my head, gently.

POST: Hello

My cat is approx 2 years old now. Not neutered, no vet visits yet. I'm planning on getting her neutered soon. She is in heat right now, but has this 'few day' off thing right now wich means I'm letting her in my room (no peeing etc). Right now I'm drinking some beer and listening to some music with friends (quite loud). When i turned it down a little, my cat climbed up my chair behind me and bit the back of my head gently. She also did a weird meow that sounded similar as the one when you play with her and she's basically telling you to stop it. Quite high pitched sound. I did google it and found some stuff that said it might mean that she is not comfortable with it (the enviroment, music etc). Now i turned everything off here and she is sleeping here. It also happened few days ago but there was nothing going on then. I was just sitting by the window and she put her front paws on my shoulder, bit gently (held on for like 5sec and licked the hair a little). Both times, after that she was holding back a little.

She doesn't want to eat much lately. I've offered her 3 different cat foods + lots of 'peoples food'. She seems to be interested, but when i put it in her bowl - she just walks away. She has lost some weight lately and is quite thin. I change her water daily and offer her some milk (she is lactose tolerant, but i give her just a little so she could still enjoy it).

TL;DR:"," My cat bites the back of my head quite gently, holds on for about 5 seconds while making the ""stop it"" kind of meow."
85,"SUBREDDIT: r/cats

TITLE: Reddit Cat Lovers, I need your help...

POST: Not sure if I am posting this in the right subreddit (sorry if I am not) but here's the story, I am adopting a cat and already purchased toys, food, accessories for him/her (probably a her). Now I have some anxiety and a bit of depression and animals in general help me calm down. A cat just doesn't need much space in our 2 bedroom condo so I thought it was a good idea to adopt one. 

Problem arises that my building doesn't allow pets... I am living with my family so I don't have access to the lease agreement but our property manager is a very nice and understanding guy in general. I am trying to convince him this Monday to let me adopt. I will obviously talk to him and give him proof of my condition. I am just curious what I should say? It's going to be an indoor cat, the property is ours on mortgage.

I am sure his worries are that he might pee on the carpet outside or make too much noise. The cats I have in mind are pretty quite and very affectionate, at least from what I can tell. What should I say to convince him? I am not sure.. I need your help. Thanks for taking the time and reading this.

TL;DR:"," Adopting a cat and building doesn't allow it. Manager is nice, how should I convince him to let me have an indoor cat?"
86,"SUBREDDIT: r/cats

TITLE: What do you do with a super playful cat?

POST: Hey, so I've never really owned a cat before. I just moved back in with my parents (sad times) and they purchased a cat when I moved out two years ago. 

The cat spends the daytime outside, and at night I open the door and go ""kitty!"" and it comes running inside. For the first few minutes it eats and wants to be petted. Then it goes NUTS. It will plop down on my lap, laying on it's back, and if you try to touch it it will claw at you in a playful way but it still freaking hurts. It tries to play with my computer wires, scarves, anything string-like. I played with some yarn with the cat but after half an hour I was done and the cat was not. When I try to go to bed the cat is jumping off the top of the piano/other furniture, getting into the boxes (still unpacking from the move) and will generally scratch things and knock things over until I get up and turn on the light. Then it looks at me like ""I didn't do it!"" As for just trying to kick the cat out, my room is the only room the dog can't get in to so the cat won't leave. Are all cats so playful? I don't have any cats toys or anything, do I need some? How do you tire cats out?

TL;DR:"," this cat is super playful and way too hyper at night, what do I do to wear it out so I can get some sleep?"
87,"SUBREDDIT: r/cats

TITLE: Could anyone help my friends get their cats home to them in England?

POST: To make a long story short, they were misled by authorities in both the U.S. and England about the process they needed to go through to get their cats into the country when they moved to England a few months ago.

They had already spend hundreds of dollars getting what they were TOLD were airline approved cat carriers and various other things to ensure a safe and legal trek across the Atlantic...but in the end it all ended up a waste when their cats were not allowed to accompany them on their trip.  

Since then, they've even tried one more time but their cats were stopped AGAIN for even MORE obscure rules about the transportation of live animals (despite being told over the phone by officials in the US and England that they had everything in order and family of theirs driving several hours to an airport that SAID they could take the animals but denying them once they arrived.)

They now need $370 more to have enough to ship their cats to them.  Their cats have been in the care of their sister for several months now and the cats themselves are depressed and mopey and Kevin and Jessa are going crazy without them.

They posted this on Facebook and, knowing their circumstances, I thought I'd see if anyone on Reddit would be willing to help.  Their page is: 

Thanks so much, everyone!

TL;DR:"," Friends moved to England, customs/TSA/etc made it EXCEEDINGLY difficult to bring their cats and their budget to bring them now is burned up."
88,"SUBREDDIT: r/cats

TITLE: New aggressive/scared behavior from my cat, please help.

POST: Sorry for the long story but i thought all the details could be useful:
So I used to have two cats, Gin and Tonic. When Gin was 10 months old we had to get her put down because she has wet FIP, I was really awful and Tonic was miserable for days. We had Gin for about 4 months before we rescused Tonic, so he was never an only cat and the two of them were inseparable. Tonic was always very happy and playful, loved having people over and getting pats from everyone, had no problem with strangers. Gin was a little more weary of new people but never aggressive, just tended to hide away from them.

So I'm not sure if this behaviour started when we got Gin put down or when we got our new kitten Pimms, as it was only around 2 weeks after we lost Gin. Tonic and Pimms started getting on almost immediately, he was very lonely so appreciated the company. Now they are best buddies, we've had her for around 2 months.
Everything was starting to get back to normal for us but I noticed when we had people over Tonic was hiding away, which he never did before.
It has gotten progressively worse over the last 2 months to the point now that he hisses and growls at me when other people are over because he's so anxious. He is now initiating conflict (hissing before people even notice him and attacking them if they walk too close to him) and I'm really not sure what to do. These are all people that he has met before and used to love, they come over minimum once a week. He is only like this when other people are in the house (he's fine with me, my partner and Pimms).

I've started to think this is a territorial behaviour now that he is the 'boss cat' of the house.

So the question is this behaviour something I can change? or even if someone can offer me an explanation as to why they think its happening?

TL;DR:"," had two cats, one had to be put down, got new kitten, older cat now hates having other people in the house, what do I do?"
89,"SUBREDDIT: r/cats

TITLE: Saw a stray around my house and it's all skin and bones - how can I lure it in so I can help this kitty get some medical attention?

POST: So just this morning I saw a really skinny grey cat walking across my driveway on my way back home from grabbing groceries this morning. She looks young and she'd dangerously skinny. I could count her ribs from quite a distance. When I stopped the car and tried to approach her, she ran off into the con field. 

I'd like to help her and take her to a vet and find her a home, but the problem is catching her and gaining her trust (I guess technically that goes in the opposite order but you get the idea.) so I can. Also, I live sorta out in the country (ie. cornfield) and I'm worried I may have seen my first and last glimpse of her. I set out a little tuna on our front ad back porches hoping she catches the scent and checks it out, but is there anything else I can try? Please help me save this kitty!

TL;DR:"," saw a skinny stray cat, live in the country, tryin to figure out how to catch her so I can get her medical attention."
90,"SUBREDDIT: r/cats

TITLE: Need pregnant cat advice, we are not cat owners but have a pregnant cat to deal with.

POST: I figured all you cat lovers would be able to shed some light on what we need to do for this pregnant girl.
First of all, I want to be clear that this is not our cat.  We had some new neighbors move in and they have 2 or 3 dogs and about 4 or 5 outdoor cats.  Well this little girl, very young, (she is the cutest thing under the sun fyi) started spending a lot of time at our house on our back deck.  We were told the if cats are in a hectic environment that they will seek out a calmer one, and it is pretty hectic over there.  Well, naturally, we started putting food out for her and all was good.  We hoped she was spade, but it turns out she is now very pregnant.  
We want to make sure she is as comfortable as possible since we assume she will give birth at our house and also want advice on what to do when the kittens are born.  We want to give them back to my neighbors since they are the irresponsible party here but at the same time we don't want them to be given away to early and not have had time to learn from their mother.  I know we need to make sure our miss. Kitty gets spade (that's what we call her) but also that all their cats get fixed.  Is there a legal way to force it?  Could they get in trouble?  What should we do for miss kitty to make her birthing process as smooth as possible?  We literally know zero about caring for cats so any and all advice is more than welcome.  Thank you guys!

TL;DR:"," Neighbor's cat is pregers and spends most of her time at my house.  No idea how to care for or help a pregnant cat or how to deal with our irresponsible neighbors, please give tips and tricks."
91,"SUBREDDIT: r/cats

TITLE: My cat just protected me from screaming, thrashing boyfriend

POST: The love of my life, my 12 year old black cat Sid, just did something I didn't know cats would do.

I've been relaxing in the bath tub reading on my iPad for a couple of hours. Weird, but I do this often. Sid has been sitting on the side of the tub the whole time, which is also not unusual. I just pet him and kiss him and enjoy his company.

My boyfriend came home and into the bathroom to say ""hey"". He must have forgotten our last conversation. I told him to leave me alone, I was still pissed at him. This quickly flipped his rage switch and he began yelling. I never yell, and I'm deeply disturbed/shaken by someone yelling at me. It's a trigger, for sure. I tell him to leave me alone, but he gets louder. He rips at the shower curtain, snatches my ipad, throws my phone, yelling and cussing louder and louder. This, by the way, can be heard from the street on one side of my apartment, as well as in the courtyard on the other side, not to mention neighboring apartments.

Sid had initially run out when this started, but as the boyfriend got closer to me, he came running back in, right in front of the tub, in front of me, and hissing and making those loud, low meows. I've heard him make these sounds only when he was afraid, such as in the car or at the vet, or when a strange dog has been in the apartment. My boyfriend grabbed him by the scruff of the neck, I flipped out and he let go. Sid ran around and began biting and scratching at his leg. I stood up and got out of the tub, and as he began backing out of the bathroom, Sid crept towards him, still yelling those distressed meows at him.

Now, to be clear, I am not in the right for being pissed at him, or for staying pissed instead of resolving the situation. Although he isn't right for the way he reacted. He just has a shitty fucking temper and he thinks yelling is okay and he does it LOUD AS FUCK.

So please no dissecting the relationship or the fight. This is about my amazing Sid who tried to protect me!

TL;DR:"," my boyfriend had a screaming, thrashing fit. My cat got between us, loudly meowing and hissing, then attacked his leg until he left the bathroom."
92,"SUBREDDIT: r/cats

TITLE: Moving to a new house with outdoor cat...next door dog is hostile...

POST: I have a wonderful outdoor cat. He adopted us after six months or so on the streets after he ran away from his last owners. (We called the previous owners and they no longer wanted him. He wouldn't stay inside) We've had him for 2 years now.

We recently bought a house. The next door neighbors have a dog that has some wild wolf in him and we've told that he has killed a cat in his youth. he's about 9 now and is slower, but I'm naturally concerned about my cats welfare.

I'm wondering if there is anything I can do short of keeping him inside (highly unlikely, as he destroys things in the house as it is and had been outside his whole life AND I'm allergic) or giving him away. is there some sort of exposure therapy we could do or any other methods to scare our cat into not going into our neighbor yard? he's a smart boy and will probably only take one encounter, just wondering if there's anything we can do to make it more safe.

Only thing I can think of is exposing the cat to the dog while the dog is on a leash. that might take care of it. any advice?

TL;DR:"," Neighbors have a dog that could hurt my cat if he goes into their yard. Looking for helpful advice here, besides ""keep him indoors."""
93,"SUBREDDIT: r/cats

TITLE: My cat won't eat! Help!

POST: My husband and I have two pets, a dog and a cat, and we recently moved to a new apartment. At the old place, our cat was free to go outside on our balcony since we lived on a 3rd floor walk-up and there was really nowhere for him to go. Our new place is on the ground floor and our patio is not fenced so we can't let the cat out in case he wanders off and doesn't come back. After moving, he slowly started eating less and less and has now stopped eating altogether. We took him to the vet and they hit me with a barrage of mostly incomprehensible gibberish. What I got out of it was ""Your cat is very sick"". He is jaundiced, which obviously isn't good. From what I've read online, he most likely has fatty liver disease from not eating. Anyway, the vet recommended we do a battery of tests including an ultrasound and keep our cat there for a few days, which would cost somewhere in the region of $1,600.00. I love my cat very much but we simply can't afford to pay that much. They have given me an appetite stimulant, an amino complex, a cat pheromone diffuser and some high protein intense food to feed him. I've been feeding him with a syringe but I'm basically forcing it down his throat (it doesn't seem like the appetite stimulant helped at all). At least he's not dehydrated. Does any one have any recommendations for things I can put in the food to make it more palatable or anything else what would be helpful?

TL;DR:"," We moved, my cat stopped eating and is now jaundiced, most likely due to fatty liver disease. Help?"
94,"SUBREDDIT: r/cats

TITLE: I'm looking for some advice on how to handle this health issue with my cat.

POST: So first, a little background: She's almost 6 years old now, and has never really gotten along with anyone/anything. Typically, however, she just minds her own business. We got another cat about 1 year ago, and while they don't necessarily get along, they still keep their distance. We've got a dog now that we've had for 5 months.

Now down to the issue: About 3 weeks ago she started urinating often, and in small quantities, and it contained urine. Worst part was, she started doing it outside of the litter box. We took her to the vet and she was put on antibiotics. 2 weeks later and she's back in because things haven't changed. They ran a full panel on her urine and blood and found that it's not a UTI and pretty much everything looks fine aside from the urine. Now they're recommending an x-ray to look for stones.

Since we can't afford that right now (we've already spent around $450 and that would be another $250), we're waiting until we get our tax returns. In the mean time, she's still having the same exact issue. We've added another litter box (Totaling 2 now), and while she hasn't abandoned the litter box entirely, she's still peeing on the floor.

It's starting to put a strain on mine and my girlfriend's wallets, stress, and emotional state. I love this cat because I've had her so long, but I'm just not sure what to do. Any suggestions would be helpful.

TL;DR:", my cat is pissing blood on my floor and despite vet visits isn't improving. I'm not sure what to do until our next vet exam.
95,"SUBREDDIT: r/cats

TITLE: I have the sickest kitty (help!)

POST: I believe my cat may be one of the unluckiest cats (and most stubborn) among the breed.  First off, he was born oddly down there so he was prone to UTIs.  They kept happening, no matter the food, water input, etc.  After 2-3 vet visits to clear up UTIs and blockages, they recommended a Perineal urethrostomy surgery.  Basically, make him into a girl and stitch his urethra to his skin on the outside.  ""It'll fix the problem forever"" they said.

Well, he is apparently very flexible and was able to get to his stitches past his buster collar while I was at work numerous times.  So he got them all out after about a week or two.  This caused some nasty swelling and he basically licked himself raw and it healed shut, so he couldn't pee again.  Another vet visit.

They fixed him up again and now he has a gigantic collar that is too big for him.  He can't get around it, but he can get it off.  He got it off twice over the weekend.  I had gauze tied decently tight (2 fingers can fit between it and his neck) and threaded a cat collar through the loops too.  He'd bust out of the cat collar and no idea how he got the gauze off.

Now I've got it so he can't get it off.  I have it tied decently tight again and I have his collar UNDER the collar (so he'd have to force the gauze over the collar or force them both off).  This seems very sturdy, but NOW he won't eat.

I have made sure he can breath, I've loosened the collar to the point that it will come off at the drop of a hat yet he still doesn't want to eat.  I tighten it before I leave but it's loose while I'm home.

Any idea on how to keep the collar on and keep him comfortable?  Any ideas on keeping him eating and drinking if he just refuses to?

TL;DR:"," Cat had a long recovery, has a huge buster collar now.  Collar comes off.  Also he won't eat.  Any ideas?"
96,"SUBREDDIT: r/cats

TITLE: Separation Anxiety

POST: My boyfriend and I just adopted a new cat from the SPCA.  He's a about 8 months old.  We have a one bedroom apartment, which he has access to everything but the bedroom.  Since the first night we brought him home, we've been having issues with him crying and scratching at the door when we go to bed.  This will happen for at least 10 mins or more. Is there anything short of letting him in to stop this?  

I'm a bit allergic, and have always kept my door closed when there is an animal in the house or apartment.  He has really never been alone, because he was in the shelter since October.  The SPCA has recommended that we don't get another cat as a companion because he is very dominant, and didn't do well with either of the foster homes he was in.  I would agree with this, as he wants to be the center of attention all the time, and would probably be upset if he had to share us with another cat.

TL;DR:", cat meows like crazy when we go to bed.  Any way to stop it short of letting him in the room?
97,"SUBREDDIT: r/cats

TITLE: Help! (x-post from /r/AskReddit) my sister's cat is trapped. Need advice.

POST: My little sister's [karma machine] has somehow escaped into the walls of our parents' house. As you can see she clearly enjoys enclosed spaces. We live in a really old (100 years plus) Victorian era terraced house. There's been a hole in the plaster on the top floor of three (ex-attic) because of a leak, but yesterday we finally got it plastered up. We think she must've sneaked in just before. After listening all round the house we eventually heard her seemingly coming from behind a wall all the way downstairs in the front garden. She's not really been moving and we think she maybe fell some of the way and hurt herself.
We can't start hacking through stone. And we can't pull down the plaster and go in because none of us will fit. She's a tough rescue cat and has survived 5 days of being trapped one other time so will live a little while longer but I'm really worried it'll destroy my little sister if she dies. Especially in such a horrific way where she'll be able to hear her the whole time.

What can we try reddit? Anything, no matter how crazy, will be considered.

TL;DR:", Sister's cat is trapped in the walls of our super old house. What can we do/what would you do?
98,"SUBREDDIT: r/cats

TITLE: Mean Kitten

POST: We recently adopted two 7 week old kittens (separate litters).  We adopted Bucky first and we noticed he was very ""bitey"" with us.  Constantly wanting to bite.  

We ended up adopting Izzy so he could have a friend and we read that it sometimes helps with the biting when you have 2.

Well, now Bucky just takes out all his attacks on poor little Izzy.  She wails and ""meows"" loudly when he jumps on her, yet won't really defend herself.  She just takes it or runs from him.

Is this normal?  Should I just let it continue and see how it plays out?  Or should I intervene when this is happening?

TL;DR:"," Two kittens, one is an asshole.  One is too submissive and won't defend herself.  What to do?"
99,"SUBREDDIT: r/cats

TITLE: Does anyone have experience with diabetic cats? Mine's currently in emergency care and I'm freaking out. [x-posted to r/pets]

POST: Background:

My cat's been losing weight and drinking too much water. I made an appointment to bring him to my vet this evening, but this morning he was lethargic and stumbling so I took him to emergency as this was before my vet opened.

The emergency room vet called me today and said he's possibly diabetic, though it may be a pancreatic flare up. They're doing another test to figure out which it is. He's being kept overnight for treatment, and will spend at least 24 hours in there.

The complication: he has ketoacidosis, which after some googling, is scaring the shit out of me. The vet recommended a course of treatment that runs close to $2000/day, and I just don't have ten grand lying around to spend. So we're going with the less ideal but more ""affordable"" (it'll only cost me about $2k total) route of longer acting insulin and hope he comes back to normal quickly so I can take him home tomorrow.

Either way, he'll be on insulin injections until the ketoacidosis and blood sugar levels are under control. It looks like I'll be investing in a blood glucose monitor, keto sticks, and a few other necessities to keep him healthy. A lot of research online seems to indicate that a wet food diet that's high in protein will help as well.

Has anyone been through this? Any advice or rays of hope to keep me from completely losing it while I wait to hear from my vet?

TL;DR:"," cat may be diabetic, currently has ketoacidosis, and I'm losing my mind with worry. Any advice?"
100,"SUBREDDIT: r/cats

TITLE: Backlash against Arizona Humane Society for euthanizing animal same day it was surrendered (after refusing credit card payment over the phone)

POST: ""A cat that helped a Phoenix man overcome his heroin addiction was euthanized just hours after he brought it to an Arizona Humane Society for treatment of a laceration.

Humane Society officials confirmed Tuesday that the 9-month-old cat, named Scruffy, was put down not because of its wounds, but because its owner could not immediately pay for its care.

Scruffy's owner, Daniel Dockery, who had been searching for the cat since taking it to the Humane Society's Campus for Compassion on West Dobbins Road three weeks ago, said he was devastated.

Dockery said he surrendered ownership of Scruffy on Dec. 8 after clinic officials declined to take a credit card from his mother over the phone or wait 24 hours for cash. He said staff told him Scruffy would be treated only if he signed over ownership.""

Facebook comments were getting pretty heated and eventually the AHS turned off comments on their page, advising people to email the webmaster.

TL;DR:", AHS wouldn't accept a credit card payment over the phone for cat's care - told owner that the only way the cat would get treatment is to surrender it - cat is euthanized later that day. 
101,"SUBREDDIT: r/cats

TITLE: Should I be worried about my cat(s)?

POST: Ok, here's the background:

I have two kitties, one female age 23 (Callie) and one male age 1 (Theo).  Both are gentle, loving, spayed, indoor kitties who are up-to-date with shots.  Callie was last at the vet about six months ago and was given a relatively clean bill of health (for a 23-year-old cat, that is) other than a slight heart murmur, cataracts, and some kidney issues relating to her age.  Theo was last at the vet in December when his little kitty balls were removed.  Both kitties love snuggles and playtime and are a joy to be around.

I just got home from a two-week vacation.  My roommate was here the entire time to take care of the cats.  She has taken care of them before.  Both cats, but especially the old one, have experienced extended periods with me out of the house.  I expected no problems with this most recent vacation.

When I came back, I immediately noticed that someone had pooped and peed in my closet.  It wasn't a ton, but enough to stink up my room.  I immediately figured it was the older cat since, well, she is 23.  

However, my younger boy has started acting strange.  He is being VERY aggressive (whining when anyone comes near, tried to bite me, tried to swipe at me) and generally ""weird.""  He won't play with his toys, didn't come running as per usual when I fed them, and has been wandering around and meowing at nothing.  I have begun to suspect that he was the one who messed in my closet as the old one has been eating, purring, and generally acting the way she does as \per usual.

Does this sound like normal post-vacation anxiety?  Neither of these cats have acted up before.  I am freaking out because I have never been through something like this with an animal.  Does anyone have any experience with this?

Thanks in advance for your help!!

TL;DR:", Old cat & young cat.  Two-week vacation.  Someone shit in the closet & the young one is acting strange.
102,"SUBREDDIT: r/cats

TITLE: Update: So stressed about my cat...

POST: First of all, thank you to all the kind words and thoughts for my cat while I was worried about him. My boyfriend took Ralph to the vet this morning and had him checked out. What we thought was an abscess might actually be a spider bite. They have to cut off some dead tissue and needs to be drained for a week with a daily flush. They gave him an antibiotic shot and are giving us ointment and the flush to clean him out. They assured my boyfriend that Ralph is going to be fine, we just have to make sure it doesn't get anymore infected- which is great news! The vets are family friends of my boyfriend, so he is in good hands until he is picked up this afternoon.

TL;DR:"," Cat is going to be okay, the lesion on his chin is probably a spider bite, but it being taken care of. Thank you for all your support!"
103,"SUBREDDIT: r/cats

TITLE: Is my cat trying to fuck my forearm?

POST: My male, neutered cat will often lay down on my chest while I am in bed and beg me to pet him. He then gets in this almost trance like state of constant purring and head nudging. After a while he will get up, straddle my arm, bite down on a piece of skin on my hand and then lower his body onto my forearm. He then stays in this position for up to five minutes before he walks away looking frustrated.

I used to think he was just mad that my hand wasn't petting him enough so he would punish it by biting and sitting on it. But recently I found a stray female kitten. A few weeks after taking her in she started to go into heat. And whenever she got into ""I'm a little slut, put your thorny cock inside me"" position, my male cat would do the same straddle, bite, squat thing that he does to my arm. 

Have any of you run into this with your male cats? Is he actually trying to knock up my forearm? I must say it is a little disturbing to think that my cat has some sort of human arm fetish, but hey it is the 21st century and all.

TL;DR:", I think my cat has got it bad for my forearm. He acts like he is trying to fuck it all the time.
104,"SUBREDDIT: r/cats

TITLE: Cat Abscess Help

POST: My 8 year old cat recently became an outside cat in the last year, and his attitude and happiness has increased tremendously! A few weeks ago we went and got him a rabies shot administered for free via our animal shelter. 

About a week ago, we noticed him limping and not using his front right arm at all. It swelled up a lot, then 3 days later it bursted and the swelling went down to normal. We can know see 2 holes from where it is draining, and we have been putting peroxide on it around 4 times a day. The foaming from the peroxide is not as much as it used to be. It has been about 4 days since it bursted.

He has been eating and drinking normally except today he did not eat much, but he still ate. Green flies have started to land on his arm towards the wound, and he still does not put any pressure at all on it.

The vet is most likely out of the question because we are on a limited budget. Any advice such as baby aspirin, Neopsorin, putting water on it, wrapping it, etc..

TL;DR:"," Cat abscess bursted 4 days ago, need advice on treating it, have been using peroxide 3-4 times a day."
105,"SUBREDDIT: r/cats

TITLE: Cat's not adjusting to new house.

POST: Long story short, family and I have a new house. He was indoor/outdoor at the old house. Always went outside for bathroom, never any problems except for some scratching furniture on occasion.

At the new house, we put out a litter box and after 2 weeks, moved it outside by the back door (which has a cat door already installed). He still goes in the old spot the litter box once was located. He also has no idea what to do with the cat door. We've put him in and out through there but I think he's relating to a cat carrier and doesn't like it. If he's outside by the back door meowing to come in, I'll open the cat door and he runs off.

The litter box issue was never a problem at the old house, if we had to use it and then took it away, he adjusted and just continued to go outside.

I'm tempted to just put him outside through the cat door and not help him until he figures out he can go in and out of the cat door without us having to open the door itself. And I really think he's only going in the house because he doesn't know he can freely go in and out of the house.

So

TL;DR:", How do I get my cat to use the cat door at the new house and how do I get my cat to stop his new hobby of using the bathroom on the floor where the old litter box was in the new house?
106,"SUBREDDIT: r/cats

TITLE: Help! I am moving overseas and I might have an agoraphobic cat don't know what to do.

POST: Hello everyone, I have a two and half years old Russia Blue male cat. He once lived with many other cats in a breeder inside very spacious outdoor cages with a exclusive dwelling, at one year old he was neutered and I adopted him. Upon arrival to my company's warehouse he was shaking, meowing like a beast and hiding for days out a time.  He even bite and perforated my finger once while I tried to reach him underneath the furniture, after a month or so I managed to take him home with us, a tenth floor apartment. He kept hiding everywhere and was very aggressive. Long story short he is now a very loving, caring, cat that really hates to be alone, a true apartment cat. Every time we try to take him outside, he gets nervous, and shake a lot, don't even need to be outdoor, just open the apartment door and take him o the elevator he freaks out. The thing is, my wife and I are moving to Canada, from Brazil,  realistically from door to door we are talking 35 hours, I think he is agoraphobic and I don't think he can handle this trip. Any ideas I  how to train, Sedate or both?  What should I do, I don't want leave him behind. Thanks

TL;DR:"," I think my cat is agoraphobic freak out before even get to the elevator, we need to move to another country and the whole journey is about 35 hours door to door.  What should we do?"
107,"SUBREDDIT: r/cats

TITLE: Clueless about cats and have a question about one meowing loudly in my complex.

POST: Hi all,

I live in an apartment complex and recently (the past few weeks) have started hearing a cat meow loudly and quite often all throughout the day. I am not used to hearing cats meow and did not realize they could even be this vocal. For me to be able to hear it as well as I do means the cat is being *very* loud (our apartment buildings are pretty well protected against noise). 

It's gotten to the point that I'm concerned for the cat, but I'm so clueless about them that I don't even know if it warrants concern. Is it normal for cats to meow all day? I am trying to pinpoint the exact apartment the noise is coming from, but it's been difficult. I am wondering if the cat is left home alone a lot.

My question to you is this - is excessive meowing normal, or could this cat be suffering from separation anxiety or something else? My hunch is that the owner works all day and may not be aware its cat is crying when they're gone - but that's just a hunch. I really have no idea at this point.

Thanks so much for your help!

TL;DR:", cat in the neighborhood is meowing all throughout the day. Is this normal for a cat or should I be worried about it?
108,"SUBREDDIT: r/cats

TITLE: My awesome rescue cat story.  Sister and Brother Re-united. Saves brother's life.

POST: Album: 

When we got our first kitty, Zoey, we knew that she had come into the rescue shelter with another cat, Benson. We only wanted to get one cat, because of my fears of allergies,etc. So we just took her home, not knowing that they were brother and sister, and the kind of connection they had. 

Getting her home made her so happy. She became a completely different cat than when we first met her. More energetic, and generally satisfied with life. She was very social though, and became bored when no one else was around. We started to have an inkling that she was maybe missing her friend. 

3 months later, we went back to see how Benson was doing, and possibly pick him up. Since we took Zoey, he had lost 3 of his 10-12 pounds. He was super depressed, and had barely eaten in the 3 months. The lady from the rescue was in tears as we took him home. We were all hoping that reuniting the two would turn his situation. 

The first few days at our place were really sad. Benson laid in a corner, eyes open, motionless. I decided to blend some food and feed him via syringe for a while, but it backfired on us as he started peeing himself. At least he was getting some nutrition, I thought.  

Zoey was so happy when we brought him home. She would lick him, and run up to him and tag him with her paw.  She's a completely different kitty once again.

2 days ago, he walked over to the food bowl, and sniffed it for 10 minutes. He didn't eat at all, but the next day, he had his first meal for who knows how long. It took a lot of encouragement. He was only eating when My wife and I would lay with him, and coach him into eating. 

5 hours later, we found him sleeping on our bed for the first time. Last night, he slept with us for the first time. Today, he ate again and snuggled with his sister for the first time. The progress has been amazing. He's a new kitty. See the album for pics.

TL;DR:"," We got a kitty, her brother missed her so much he stopped eating and almost died, and we were able to bring him out of it through some TLC"
109,"SUBREDDIT: r/cats

TITLE: Cat needs help. I'm at a loss. Vet/Similar problem help? (Male Cat,4,bladder stones/blockage in urethra/stones)

POST: So two weeks ago my cat was taken to the Vet and they said he had a blocked part in his urinary tract. They put a catheter in him, and a few days later, he was fine. A few days ago, the same thing happened. This time they found what they said was bladder stones. They 'think' it might have caused the problem a few weeks ago. I have two options, a bladder surgery to lab the stones and see what they are. Or, do a 'peu' surgery, basically widening his urethra, and shortening it. The latter costs $2200. I love my cats and the sum isn't the worry(although I'm about $4,000 deep in as it stands), it is the risk of the peu surgery and the complications later. That isn't even factoring in the chance that it might happen again.

Any advice?

TL;DR:", Cat has blocked urethra. It might be stress/bladder stones. Did you cat have something similar? Was it fixed b these methods or??
110,"SUBREDDIT: r/cats

TITLE: Stray cat that I plan to take in. How do I make sure she survives the winter?

POST: Hi guys,

So my family recently bought a property out in the middle of nowhere, and (unbeknownst to us), it ""came with"" a stray cat that the previous owner had been feeding. This cat is wonderful. She's a little timid at first, but I've been really going out of my way to gain her trust and I've absolutely fallen in love with her. She's not declawed, I haven't checked to see if she's fixed, and she looks fairly young (all of her teeth are in amazing condition and her coat is slick). She's definitely considerably underweight, so I don't suspect she belongs to anyone - I feel like she would be heavier if another person was feeding her - but I haven't taken her in to see if she's microchipped yet. If she isn't, then I'm going to take her in as my own pet.

The issue is, I can't take her in until next fall. I'm a sophomore in college and still living in on campus housing. My parents don't really like cats, and even though they're fond of this one, they're still not willing to take her inside. I know living outdoors is really dangerous for cats and I'm worried that she might not make it to next year, especially if this winter is as bad as it was last year. 

What can I do to increase the likelihood that she'll make it until next summer? How can I provide for her throughout the winter without actually letting her in the house? My parents have a few outbuildings that they said they would let her stay in, but they're not insulated well and I don't know if it would be appropriate to just lock her in a garage. What do I do?

TL;DR:", stray cat I've fallen in love with and plan to make her my own kitty but can't logistically take her in until next summer at the earliest. How do I help her through the winter?
111,"SUBREDDIT: r/cats

TITLE: How to get my cat to stop scratching on doors and windows?

POST: I have a cat that's a year and a month old. For months she has been scratching on the doors and windows. It's REALLY annoying. She only does it at like 2-5am and it wakes us up. She's isn't spayed yet and I know that's probably why, but we can't get her spayed right now. I was just wondering if there is any other way to break her of this OBNOXIOUS habit. Right now we've started to put her in her cat carrier at night. She claws to get out of that but not when I have it next to me on the bed while I sleep.

TL;DR:", I have a 1 yr cat who is unspayed who claws at doors and windows in the early hours of the morning. Can't spay her yet. Any ways to break this habit?
112,"SUBREDDIT: r/cats

TITLE: Cat behavior question.

POST: My cat Riggie is the sweetest little cuddlebug I could have ever asked for. He is a 7lbs (soaking wet) stocky little thing. He will cry until I pick him up for cuddles, sleep like a scarf, and loves to be inside my hoodie during the winter.

However, when he gets near certain toys or feathers he makes a total 180. He starts this constant guttural growl with occasional hissing and will run away when I get near him. He is not violent and doesn't try to strike or anything. He just slinks low and continues to growl. Once I eventually catch him and pry it out of his mouth he is completely fine again.

The odd thing is that he loves to play fetch and doesn't act this way with bottle caps. I know the feathers might do this because of birds and instinct etc. but it isn't all feathery toys and sometimes this happens with like...plastic helicopters.

TL;DR:", cat goes growl/hiss-mode when he gets certain toys with feathers and instantly goes back to sweetie pie mode when it is taken away. Is he just a weirdo?
113,"SUBREDDIT: r/cats

TITLE: My Cat Needs to Gain Some Weight. Looking for Sound Advice!

POST: sssia.

My cat has a nodule on his thryroid, which the vet thinks may be contributing to his weight issue.  Down the road he will have to be treated for the condition with medication I assume.

I am trying to get him to gain some weight.  We upped him to a full can of wet food a day, along with his dry food in the AM.  Some days he barely touches the dry food, and eats his wet food very slowly.  Occasionally he will leave some wet behind, unable to finish it all.  He is very vocal around feeding times, but the amounts he is eating says otherwise and that is kind of weird.

What do you all think I can do to get him to eat some more.  Hes roughly 7-8 years old (rescue so age is based on teeth), is pretty active, and has no other issues.  You can feel his spine and pelvic bones sticking out quite a bit.  The vet wants him to get to a good weight where there is a slight cushion of fat/meat around these areas.  Not too much weight gain obviously, just a tad bit.

My cat is a DSH tabby mix, weighed in at 11 pounds and 13 ounces about 4 weeks ago.

TL;DR:"," Cat is underweight possibly due to a thyroid nodule, needs to gain some weight because skinny.  Looking for some sound advice, getting him to eat more has been a challenge thus far."
114,"SUBREDDIT: r/cats

TITLE: Is the only remedy for temper tantrums, time?

POST: I have a female cat about 10 months old and for the most part she is an extremely social cat with people.  She doesn't mind being picked up or handled and only shows her disapproval vocally.  This weekend I'm watching a friend's cat - a slightly older male - of which they have spent a few weeks with before.  Sammie, my cat, has been litteraly sulking in corners, meowing and groaning everytime I come near her or pick her up as well as hissing at the other cat.  Nothing other than vocal interaction has taken place and it seems more like a cautionary warning rather than a threatened response.  Is time the only remedy for this?  I feel as if I have a three year old who didn't get what they wanted for their birthday and is being forced to apologize for their rudeness against their will.

TL;DR:"," Temper Tantrum cat - all vocal, physically passive (no clawing or biting at all).  Just wait it out and not give her attention?"
115,"SUBREDDIT: r/cats

TITLE: We have a cat rescue and we have a cat with behavior problems.

POST: So we have probably 40 total cats. Most live outside on a generous property and are quite happy. A few are inside. Mostly the old and infirm. 

We have two twin albinos, Romulus and Remus. Both are complete assholes. We raised them from kittens. They are also huge. Rom is 22 lbs and Remie is 17 lbs. Each is about 18 inches tall at the shoulder. They are very muscular and very lithe. They sound fat but they are not. They are the drafthorses of the cat world. Both are also fixed. 

They also have trouble seeing so they are inside cats mostly. Also inside we have ~6 kittens and a 22 year old declawed, 7lb female. I also have a cat I keep in the basement/outside, not around them.

The female we got from a student and she was already declawed when we got her. Anyway, the twins don't bother the kittens. They lay with them and wash them and eat with them, no problem. They viciously attack the 22 year old though. Today they assaulted her and she peed everywhere. We got them separated and it's cool now. They do the same to my 9 lb male who is too dumb to know how to fight.

We don't know what to do. Dad puts them outside for the night when they misbehave. They don't fight with the outside cats as far as we have heard. Only those two. Any ideas what we can do to fix this?

TL;DR:"," Twin draft-horse cats routinely attack 7 lb ancient, declawed female and 9 lb male. Don't attack kittens or other cats they come into contact with."
116,"SUBREDDIT: r/cats

TITLE: My new kitten paces...why?

POST: Just adopted a new male kitten (7 months old)...and brought him home for my resident male cat who's a year and a month old as a companion. 

We're doing the separating thing and the new little guy is in my room feeling it out until they are ready to meet (we will be doing some room swapping tomorrow)

In the mean time, my question is, why is the new guy pacing around. He's looking to be pet constantly and is purrrrrring like crazy and also eating just fine..almost finished his bowl already in 3 hours. But again is he just pacing cause he is stressed and doesn't know whats up? he's very cuddly but...its odd compared to my other male cat who's either energetic running around or bored. thanks for the help reddit, can always count on you!

TL;DR:", why is my new 7 mo old kitten pacing around? He's separated in my room from my other cat and hangin out by himself to adjust.
117,"SUBREDDIT: r/cats

TITLE: Advice on dealing with strays/ferals

POST: I don't know if this is a popular opinion in these parts, but I would appreciate any help or advice. It's not that I don't like cats, I have 2 amazing feline companions, but a stray is causing issues.

Like I said, I have 2 cats, both are female, fixed, and indoor cats. Recently we moved from a 3rd floor apartment into a house.

At the new house, I had noticed a few strays in the area, but one very large tuxedo cat was always hanging around my backyard. Now that it is winter, I'm pretty sure that cat makes residence under our back deck from time to time. I know this because I can smell the cat poop from under the deck, and also the paw prints in snow are a giveaway.

My problem is my cat who'd I'd label as the more assertive, maybe even dominant of the two, is pooping outside her litter box. The litter box also happens to be in our utility room, which is right where the door for the deck is. She is a perfectly healthy cat, no health problems, and this is very uncommon behavior for her.

With that, I can only assume she is not covering her poop to try and tell that stranger cat to back off her domain and not come back. This has been happening on and off for a few weeks now.

I don't want to call animal control or something and have this freedom loving cat put in a cage or put down, I just don't want it coming around and stressing my cats out anymore.

TL;DR:"," Stray/feral cat is pooping under my deck, stressing one of my cats so she poops outside her box. Love my cats more than this random stray, want mine happy and the rogue gone."
118,"SUBREDDIT: r/cats

TITLE: My indoor cat got out, Please Help.

POST: Hey, Not sure if im in the right place but this seems as good as any.

My indoor cat (Isn't aloud outside at all) Recently escaped by jumping out of my 2nd floor window (Around 6am GMT Yesterday)! Spent all day looking only to go out at night and spot her twice.

When i approached her she ran into the nearest hedge and wouldn't budge, The 2nd time i spotted her was further along the street but again she wasn't responsive to my calls or the shaking of her toy.

I left some dry food outside my house and it was all eaten by the time i got back from the shops (around 2am GMT This morning - about 11 Hours ago) but im unsure if this was her coming back for food or another possible night crawler - Not many cats in my area. 

I am just wondering what i could do to get her to either respond to me or come home. I have never really had to deal with a missing pet outside and im pretty worried i wont be able to get her back.

TL;DR:"," Indoor cat got out and wont respond to calls, May have possibly eaten food but then didn't wait around. How can i get her to come back?"
119,"SUBREDDIT: r/cats

TITLE: My cat wants to kill my bearded dragon...

POST: My kitten Obi is about 9 months old and is the newest addition to what I like to call my own personal zoo.  I have a Black Lab (Yoshi), a Bearded Dragon (Norbert) and a Beta (Jules).  When I first brought Obi home he was fine but then he caught sight of Jules on my dresser.  It seemed every chance he got he would jump up there and at first just stare at the fish.  Then he got more curious and started slowly nudging the covered tank towards the end of the dresser.  It got to the point where I was afraid to have Obi in my room at all while I wasn't there and I had to lock him out at night.  Finally I gave the fish to my house mate for safe keeping.  Now I can see him whenever I want and I don't have to be scared of him being killed and eaten by my cat.

So about a month went by with a normal kitteh not trying to murder anything (yes I know its in their nature but that still doesn't mean I'm gonna let one pet kill another).  Then the other day literally out of the blue Obi started obsessing over my beardie Norbert.  By obsessing I mean jumping on the dresser at every chance, no matter how many times I take him off, staring at Norbert constantly and jumping on the top of the tank and just looking at him.  They have met before but I think Obi was too scared of the 2 foot long lizard to do anything about it.  Now that he is bigger I think he got a little ego boost.  

Yesterday I took Norbert out 1 to see what Obi had planned and 2 to try and show him that this 2 foot lizard is capable of causing him harm too.  First Obi sniffed him a little, then started patting him with his paw, then got behind him and started nibbling on his tail and really whacking at his tail with his paws.  

My question is; How can I make my kitten not be homicidal to the rest of my pets?

TL;DR:", I'm not sure if my cat is just curious or really wants to hurt my lizard.  What should i do?
120,"SUBREDDIT: r/cats

TITLE: My cat isn't eating as much as she normally does since we adopted a new cat.

POST: We've had Mittens for 3 years now (she was my roommates before I moved in here, and she adopted me as her fulltime owner). Last week my girlfriend and I adopted a new kitty, a white domestic short hair with beautiful eyes, and named her Abra. She's a very placid cat, while mittens is very territorial, she'd hiss and growl whenever Abra came near, but never attacked her. Her outbursts have decreased, but there's still some animosity in the air. Abra doesn't react in anyway to Mittens' threats, she was a stray before we adopted her, so we think she's use to intimidating cats. 

Normally Mittens is a food vacuum, she'd eat anything and everything (even one of my boogers and piece of onion once). Her favorite time of day is when she's fed. She'd yell until the food bowl was placed on the ground. These last few days, however, she's been very apathetic about food. She doesn't eat that much, and when she does it's not with the same vigor she once did. Could she be feeling depressed over Abra? How can we remedy this? It breaks my heat seeing her do downtrodden. She hasn't really been acting differently, but the food is a big deal for her.

TL;DR:", adopted a new cat. Current cat who loves food has become very apathetic towards it and doesn't eat as much as she did.
121,"SUBREDDIT: r/cats

TITLE: [advice] I believe my boyfriends cat (1M) is jealous of me and shows signs of tension and random aggression, which terrifies me.

POST: My boyfriend is basically best friends with his cat, Toby(1M). When I don't stay over, he sleeps with him and never leaves his side. 

BF and I have been dating for a about a year now and I'm pretty sure the cat is jealous. He doesn't let me pet him at all. Normally (if I try at all) I'll let him sniff my hand first and then reach under his chin but I always get slapped away or he hisses at me. Often times he hisses at me or displays other aggressive behavior (slapping, loud meows, narrowing eyes, etc) just from making eye contact with him. I've tried a few things to get him to warm up to me, but nothing has worked. I've tried: catnip, being the one who puts food in his bowl, playing with him with different toys, etc. Currently, I'm just ignoring him to see if that works. 

I'm just at a loss here. Just the other day he was completely unprovoked, showed aggression towards me and it really shook me up to the point of tears. 

Honestly I'll take any advice, I'm actually very scared of this cat and if I'm going to be around any longer I'd like to form a decent relationship with him.

TL;DR:"," boyfriend's cat displays unprovoked aggression (hissing, slapping) and honestly really scares me. Seeking advice.*"
122,"SUBREDDIT: r/cats

TITLE: Cat territorial problems

POST: Ill try to keep this as short as possible. I rescued a cat named Howie from a friend who was moving and couldn't take him. At the time I lived in a house that had 2 kittens and the smell of other cats in the house. Howie didn't like it and stayed in the basement mostly, acting skiddish when he would come out and raping the 2 male kittens. A room mate clash forced me to move out after a month.

I moved into a new house with a friend who has a dog. Over the past 3 months, Howie has warmed up tremendously: snuggling in bed, overly playful with toys and people. 

2 days ago my housemate found a stray cat outside and brought it in. Howie was immediately interested. Housemate and girlfriend thought the stray was female, I wasn't fond but it was 20 degrees out and decided to give it time to see if the two would click. Howie stayed at or behind this cat for the next two days, constantly trying to mate with it. The other cat would hiss and paw at him. It culminated tonight when I caught Howie spraying the wall. I cleaned it up and scolded him, and my housemate and I decided the new cat had to go. We let it back outdoors. I emptied and refilled the litter box, allowed howie to get his scent all over me.

I don't want him to spray but I understand his territory issues. Is there anyway to get the other cats scent out of the house as fast as possible and allow howie to calm down??

TL;DR:", Housemate brought in stray cat. Caught my cat spraying. Removed stray cat. How do I get the other cats scent out to calm my cat down?
123,"SUBREDDIT: r/cats

TITLE: Help on whether we can raise kittens...

POST: So me and my buddy (we live together too) LOVE cats. I've always wanted a cat and now that I'm on my own I am strongly considering it. We're both university students so we can get pretty busy but the house is never empty for too long. So my main questions were,

1) Considering our possibly busy schedule, would it be better to get a full grown cat?

2) What are the rough costs (we stay in Canada) for a cat? 

3) If we were to get kittens, would it be better to get two? 

4) If we were to get kittens, what's sort of (for lack of a better word) maintenance would they need? 

I'm asking these questions because I don't want to adopt a pet and then not be able to take care of it properly. I would hate myself for doing that.

TL;DR:"," Me and my roommate want to adopt kittens. Whats your best advice on how to take care of them, etc....?"
124,"SUBREDDIT: r/cats

TITLE: Semi-Adopted stray, what to do with it?

POST: Hello all. About 6 months ago, a stray cat showed up at my house. My closest neighbors live miles from me, and none of them had ever seen/heard of it. It was quite skittish at first, but at this point it's my best friend. I feed and play with her every day.

Here's the kicker though. I cannot for the life of me, get her to think about coming inside. I've tried, at the advice of other cat owners, to try slowly bringing her inside, increasing the amounts of time. But 6 months later, she acts like a demon is trying to come after her when brought inside, and darts to the nearest exit frantically. 

I have to move in the next month or so (no cats, no exceptions :'( ), and I'm not completely sure what to do with her. Since she's an outdoors cat, I feel that she could fend for herself, but I honestly can't bear the thought of just leaving her. I also am not sure if it's a smart move to give her to a new home, as I'm not sure how she'd adapt to that either.

Sorry for the wall. Thanks ahead of time for any help or words of advice!

TL;DR:"," Stray cat shows up, 6 months later still won't come inside, moving, can't bring her, what to do?"
125,"SUBREDDIT: r/cats

TITLE: Trying to re-home my cat Areyah (3/F/Tortie Shorthair) - Story Inside

POST: [Areyah!](

I need to find a new home for my cat Areyah. She's a lovely 3 yr old Tortie Shorthair. I'm moving to Arkansas to be with my girlfriend and there's a strict limit on how many animals can occupy a house within city limits. My girlfriend is already at her limit and can not have any more animals at her house.

Also, this cat was a cat me and my ex-girlfriend adopted. When my ex left me, she left me with her and I as much as I love her, I can't dissociate her from my ex-girlfriend. I know that sounds selfish, but everytime she rubs up against me, all I can think of is how my ex left me for a guy who I thought was a best friend of mine.

I thought I had a home lined up for her before this weekend when I moved, but that went sour and now it's find her a home, or surrender her to the SPCA of Texas (which claims they aren't a kill shelter but I don't believe them one bit.).

I'm open to any other suggestions, please help me find a home for her. :(

TL;DR:", Need to re-home my cat because it's a nagging reminder of my ex and Arkansas imposes limits on number of animals that can occupy a house in city limits.
126,"SUBREDDIT: r/cats

TITLE: Do cats from the same litter mourn the loss of one another?

POST: I never had cats growing up but when I moved at age 23, I was living with someone whose cat had kittens. I wasn't planning to keep them but fell in love and couldn't let 2 of them go (the 3rd was being kept by the family).  The 2 are brothers and were never separated even one night since 2004 when they were born.

Last Thursday, one of them finally lost his battle with kidney failure.  After 3 days in the emergency vet hospital, they said there wasn't anything else they could do and sent me home with him to enjoy the last few days before having him checked again to see if it was time to put him to sleep.  He came home on Tuesday night and his follow-up appointment was Thursday morning and they said he just couldn't fight any longer. 

His brother has now been extra cuddly - until a couple of months ago, he was always his own little free-spirit, would only let you pet him when HE decided fit and didn't like soft places (like the bed/couch) but would always sleep on tables or dressers.  In the last couple of months, he's gotten increasingly more affectionate to the point that he now sleeps in the bed every night.  Since his brother past, he's continuing this trend, perhaps even more (he's curled up on my arm as I type this).

I'm trying to figure out if cats can sense that a sibling has passed?  Do they mourn?  Is there anything I can do to help him with the loss?  Or anything I should be worried about?  I've just never had cats so I'm trying to make sure I do whatever I can to help him through this time as I know he's been my comfort since losing his brother.

TL;DR:", I had 2 brother cats from birth until almost 11 years - one just passed away on Thursday - does the other know and/or feel sadness about it?
127,"SUBREDDIT: r/cats

TITLE: After 10 long days, my newly adopted cat finally ate! So relieved.

POST: Yeah, I know. Ten whole days. It was very, very bad. 

We adopted Fiona on April 19, a sweet and playful one-year-old DSH.  By that Thursday she started to sneeze and cough, and that Friday was the last time I saw her eat anything. When she hadn't moved from her cozy spot for two full days, I rushed in her to the vet where they diagnosed her with an Upper Respiratory Infection and prescribed some meds and special food. 

She still didn't eat for that ENTIRE WEEK. We tried everything: prescription food, tuna, tuna water mixed with regular food, boiled chicken, three different types of Fancy Feast. After four days I was becoming desperate and began syringing watered down AD food into her mouth, which she promptly gagged back up. After a few days on antibiotics she was perking up, moving around, cuddling, and drinking water.....just still not eating. 

Couple more trips to the vet, and things were looking grim. Financially we are just not able to drop a grand on testing to see if they can figure out what was wrong, and so we were prepared for the worst. The vets were extremely worried, obviously - liver disease kicks in after a few days without eating, usually. 

Yesterday I brought her to try one last treatment - a injection of a powerful anti-nausea. 

An hour after we got back home, I warmed up a hot dog and sat down on the couch. Fiona promptly ""attacked"" me, swiping at the hot dog with her claws and yowling. She ate the entire thing (yeah, yeah, hot dogs aren't good for cats, but at this point I would have fed her anything), plus tuna and her dry cat food. She was literally up all night meowing for food. 

I AM SO RELIEVED. I thought I adopted the nicest cat ever for my kids only to have it die on us after two weeks. SHE WILL LIVE AND I WANTED TO LET SOMEONE KNOW HOW HAPPY I AM!

Also - I had them run blood work, and there has been no liver damage. She's a trooper!

TL;DR:"," My new cat didn't eat for 10 days, got her appetite back, no long-term damage. Yay!"
128,"SUBREDDIT: r/cats

TITLE: Cat Vomiting Help

POST: Hey y'all,

As a preface - I've taken my cat to the vet about regular vomiting at least 6 times and they have basically concluded I probably just have a chronic vomiting cat.

My cat has been otherwise happy, healthy, active with regular appetite and litterbox use, but would vomit almost daily. Even if he didn't eat anything it'd be clear (bile maybe?) or sometimes with food in it. However in the past few weeks it's now become dark brown, very forceful (it splashes everywhere) and reeks. Google tells me this may be intestinal blockage but as you can imagine I'm reluctant to take my cat back to the vet for the 8th or 9th time to be told ""it's a mystery, maybe he's just like that"" again. I've taken him to 3 different vets and nobody has been able to help the little guy, but now the vomit is worse. Any input appreciated.

TL;DR:"," cat that vomits all the time ""normally"" (yes I know that's not normal) has started vomiting forceful, splashy, dark brown, hideous smelling vomit. Any hints as to what might be causing this?"
129,"SUBREDDIT: r/cats

TITLE: Help! My cat is sick, and I have no idea what's wrong with her.

POST: Hey r/cats, I'm in desperate need of assistance.

Meet [OogieBoogie.] 

I met her on a cold night last October and have loved her dearly ever since.  Up until now, she has NEVER had any health problems whatsoever.

But for the past few days Boogie has been ill and isn't showing any signs of improvement. 

At first, my roommate and I chalked it up to an upset stomach and full day of play, but now we're worried. Thus far, this is what we've noticed.

* Inability to eat or drink on her own
(We've been hand-feeding her soft food an water.) 
* Weakness 
(She has a hard time moving around, sometimes shakes a bit when she tries to stand.)
* Hair Loss
(She's begun to lose hair some hair on her back. It isn't extreme yet, but it's very worrisome.)
* Disorientation
(Trips over herself, has a hard time getting her footing.)
* Fatigue 
(Sleeps constantly. If she does manage to move, it's very lethargic.)

So far, she hasn't had any diarrhea or vomiting and she's started to drink / eat (if only a very small amount). 

Due to my financial situation, I have been unable to send my poor Boogie to a vet for treatment. I'm worried that she may have panleukopenia that could put our kitten Annie at risk as well. I hope with all my heart that that's not the case.

Please, help us figure out how to help my beloved Boogie. Any advice is greatly appreciated. Thank you.

TL;DR:", My cat is very sick and I don't have the money to save her. Need advice on what's wrong/ how to help.
130,"SUBREDDIT: r/cats

TITLE: PSA: Please put tags with your address and phone number on your cats! (Or *all* kinds of pets for that matter!)

POST: I had a cat that was roaming my neighborhood last night, and it was *incredibly obvious* that it had never been outdoors before. It was running across the street at any sign of human-like noise, it sat in middle of the street staring at an on-coming car like a deer, and was roaming randomly around and meowing. 

Now, it was an *extremely* friendly cat, and I enjoyed it's company while sitting outside for a smoke. However, when I realized that this cat was obviously not an outdoor cat, I checked him for any identifying tags. He had a collar, but no tags! I couldn't return the poor kitty to its owner! I had called the non-emergency police number, the humane society, and animal control, but *all three* closed and weren't available, since it was 9pm. So there wasn't much I could do, except let that poor kitty roam around some more. It's against my lease to have pets, and I had already pissed my landlord off for other reasons, so I couldn't just take it in :(.

TL;DR:"," Please tag your animals, because if/when they get out and somebody finds them, they can return your beloved pet!"
131,"SUBREDDIT: r/cats

TITLE: My cat is not a fan of his new sister.

POST: Hi guys!

So I recently adopted a kitten and brought her home. She has her own special place to sleep, eat and poop (the bedroom, which is already off-limits to our other kitty). 

I introduced them after a couple days of sniffing each other through the door, and placed her in her kennel in the living room for a safe face-to-face meeting. Both did well. Big Brother pawed through the bars of the kennel and Baby Cat batted back playfully. Everything was going smoothly. 

I let Baby Cat out, and we played with her toys in the living room while Big Brother watched. He got curious and came over after a little while. He stood over Baby Cat and began to groom her. 

""Omg, how effing cute!"" 

I was so excited that they loved each other. I was picturing them cuddled up in the same bed, playing together, matching outfits...

But that fantasy was crushed by a squeal coming from Baby Cat. Big Brother had her completely wrapped in his front paws and was biting her *hard*. 

Now I can't leave them unsupervised together. Sometimes he will come up while I have her on my lap and groom her a bit, and then go back and bite her again. And these are not playful nips, either. Its breaking my heart that he's being so mean to her after what I would have deemed a succesful introduction process. 

He's currently wearing a calming collar, I've tried spraying him with water when he gets into ""pounce mode,"" I hold her butt up to him so he can check her out, I get them to play with the same toy, but as soon as he stops playing, he pounces on her. I feel awful admitting that I've given him a pretty decent whack on his butt, and he does leave her alone for a little while after that, but I don't want to make that a regular thing.

I am totally out of ideas, and I am not going to re-home or return anybody. Reddit, please help.

TL;DR:"," Older cat seemed to be okay with new baby cat, but is now pouncing and biting her when ever he gets the chance."
132,"SUBREDDIT: r/cats

TITLE: How can I help this stray/abandoned/outdoor cat?

POST: Hi r/cats! 

Long time lurker, big cat fan. I have a situation with a cat in my neighbourhood and I'm trying to figure out the best course of action.

Over the past few weeks I've been seeing a small tortoiseshell cat in my neighbourhood. I used to see her about once every two weeks, but last week I've seen her more frequently. She seems friendly and affectionate, and has taken to meowing every time I leave my house and running over for pets. She's small and skinny, but doesn't look very malnourished. 

I've seen her out at all hours of the day, early morning, afternoon, late at night. Two days ago, she went into my backyard and walked up the stairs to my back door and tried to run inside everything the door opened. She didn't seem scared of any people. 

This morning, I found her under a car (or, should I say that she found me, because I heard her greeting meows before I even saw her) and she ran over to me. She then followed me for 4 neighbourhood blocks to the train station. I tried to shake her off but she kept running past me and walking in front of me or cutting me off. She didn't cross the major intersection because there were too many cars.

It's been raining all week and this morning she was a little damp. It's storming all weekend and I'm nervous she'll get really wet or lost (I know, cats are so resourceful!). 

At first I didn't think she was a stray because she was so friendly, but now I'm worried she's been abandoned by her owners. What do I do?

1. How can I ensure that when I put up signs for a lost cat that random people don't step forward and claim her? 
2. Should I put a collar on her with a note and my phone number requesting for the owner to let me know she has a home? 
3. Is there any physical indication of a microchip that I can perhaps look for? 
4. Do I take her in while it's raining or give her food at all?

TL;DR:", Stray/outdoor/abandoned (?) cat always follows me and shows up at my doorstep. I'm not sure what the best course of action is. 
133,"SUBREDDIT: r/cats

TITLE: Cat has another eye infection. What is the likelihood that he has Feline Herpes?

POST: My older cat, Toulouse, is 1 year, 7 months old. He has had 3 eye infection/flare-ups since he's been alive. In previous flare-ups, he has had sneezing, but no sneezing yet this time. What is the likelihood that the cause of them is the Feline Herpes Virus? Obviously you can't diagnose him, but I'm just looking for some input from some with experience with the virus. 

My younger kitten, Ahri, is 4 months old. They have already shared food since the flare-up, he has cleaned her, and they have gotten into little play-fights. She hasn't shown any signs of infection. Should I separate her from him during the eye infection? Should I get rid of her? 

Toulouse is technically Ahri's uncle. Ahri's mother and Toulouse came from a cat whom was unvaccinated and not taken care of very well. I feel this may have been the source of the virus, but Ahri's mother never showed any symptoms of the virus.

TL;DR:", My 1.5 year old cat has his third eye infection. Does this sound like herpes? Should I keep my 4 month old cat away from him? Should I get rid of my 4 month old cat?
134,"SUBREDDIT: r/cats

TITLE: Kitten has blood in stool

POST: I've had this kitten for about 2 months now. When I first brought him home, he had very runny diarrhea with bright red blood in it. I took him to the vet right away, and he was dewormed.

After this, he was fine for a few weeks (minus an eye infection that was treated, and got better). His poop was solid and he had no problems with the litter box.

Now however, he's had diarrhea for the past 2 weeks. Not as liquid as when I first got him but definitely not as solid as it should be. Last week I took him in and the vet gave me some medication for it. He seemed to get better for a few days, but today I noticed some more blood (a very small amount) in his semi diarrhea poop again. (Also, he is now out of his medication)

I dropped off a stool sample at the vet, and I should have some results by tomorrow. I'm just worried about him, and I'm concerned that it could be something more serious.

Is it possible that the first dewormer didn't kill the right kind of worms, and he still has a parasite? Does anyone have experience with this, and if so, what was the cause in your situation?

TL;DR:", My kitten has bloody diarrhea and has already been dewormed. Waiting on some results from the vet. Any ideas on what it could be?
135,"SUBREDDIT: r/cats

TITLE: At wits end! Kitten[6mosF] randomly won't use the litter box! Please help.

POST: Hi Reddit! First of all thanks for taking the time to lookover my post. 
I have a 6 month old female manx kitten, that seems to randomly decide to not use the litterbox. She has been spayed recently but the problems began before this. We have two cats in the home, a two year old male manx and her. They get a long great! 
So here is what the specs are of our home. 
We have two litter boxes, one that is covered and one uncovered, they are in our laundry room which is semi private and very quiet. One box is covered and one box isn't, we have used the same litter since we got both cats. The box is cleaned once (sometimes twice) a day. The kitten does not have any health problems as she has been checked over by our vet. The box is nowhere near their food. 
I don't know what to do. I feel like we have done everything right, but the kitten still chooses every once and awhile to pee or poop outside her box in various places in the house. She will poop usually in the kitchen and she likes to pee on my bed (but no one elses) What can I do??!?!

TL;DR:"," Kitten peeing and pooping randomly outside her litter box, we are following all suggestions and kitten has been checked over by our vet."
136,"SUBREDDIT: r/cats

TITLE: Help me, Cattit. Feral cat family question.

POST: There is a feral cat family of two adults, two young cats in our backyard.  They were here before we moved in, and I started feeding them 6 months ago. That means, for the last 6 months, they've been getting grocery cat food from me every single day.  They are ever-present in the yard, just hanging around until I feed them again.  They sleep under the neighbor's house.

Feeding them has attracted the attention of at least 4 other feral neighborhood cats, who prowl through the yard regularly, though I've never actually fed them directly.

Here's my question: is it ok to just stop feeding the family?  Will they starve to death after depending on me for 6 months?  Sometimes if I miss a day they will yowl horribly until I feed them and act starved.

I want to stop feeding the family because it is starting to attract too may cats, and I don't want all these cats to deter the birds from my bird feeder.  I kind of like the cats, but I enjoy the birds much more.  I kind of wish the cats would just go away so I could enjoy more birds.

Before I started feeding them, I saw the momma cat killing lizards and giving them to the younger cats, (who were just kittens when I started to feed them.)  Is it possible that I've ruined the younger cats' skill of hunting and killing for themselves, and if I stop feeding them, they will die?

Btw, These cats are totally feral, you can barely get within a foot of them, I've never been able to even come close to touching them.

TL;DR:"," Would it be cruel to stop feeding feral cats I've fed for 6 months, especially since6 months ago 2 of them were just little kittens? And will this make them go away?"
137,"SUBREDDIT: r/cats

TITLE: Best friend missing for three nights, searching and calling his name nightly, but still no signs. Advice?

POST: Hi all! I've had my cat for three years now and he just recently stopped coming home. He's not necessarily an outdoor cat, usually when he goes outside, I go with him and when I call his name, he returns sprinting! Here are some [PICTURES](

He's such a lover - it's really bizarre, Tuesday afternoon he wasn't coming back, then later in the evening still no sign. I even went out that night calling his name and looking for him, but heard nothing. I went around to all my neighbors yesterday asking about him - but everyone says that they are familiar with him, but haven't seen him recently. This afternoon I started taping up flyers and a neighbor told me she saw him run inbetween a couple houses early yesterday morning... It's been raining all day today (Thursday) and I put his litter box, bed/blankets, food, and even some of my clothes outside yesterday, and I still haven't seen any sign of him today. 

I'm getting worried because this is completely unusual for him. He never stays out past a night, so that I find him sitting on the porch in the morning. It's starting to get cold out, and it's suppose to rain for a few days. I'm worried that he's stuck somewhere, and if he's making it through the night it's not going to be long before the wildlife get him :( 

My mom actually lost her cat a few weeks ago too (I know that sounds awful), but she put up flyers and talked to neighbors and no one has seen anything. I put up a reward for my cat, hoping that if someone is holding him the money will be incentive to return him to me... I want to keep yelling for him every night, but with the cold it's getting harder. Please if anyone has advice, I'd really appreciate it!

TL;DR:"," My best friend is missing and weather is not making it any easier to find him. Flyers, talking to neighbors, setting out his things, still no sign of him! Help, I need advice :<"
138,"SUBREDDIT: r/cats

TITLE: I have a cat cat who needs medication and I want to take a small vacation. Help.

POST: I'm going away in 2 weeks for 4 days and I have 2 cats.  Nimbus, who needs to be pilled twice a day.  And Shenanigans who is pretty low maintenance. 

In the past I've had a friend come and watch 'Naners, once a day to check on her food, littler, tell her she's pretty, etc.  While I take Nimbus to the animal hospital for medical boarding, but it's expensive and I don't think she likes being locked up in a small stainless steel cage. 

My friend doesn't feel comfortable pilling Nimbus, and can't come twice a day.  And unfortunately I don't have anyone else who can help.

I'm considering a pet sitter, but honestly the idea terrifies me.  Giving a stranger the keys to my house, my alarm code, access to all of my possessions and valuables.  I'm sure i'm not the only one who has had these fears.  How have you overcome them?  What suggestions can you make for finding a pet sitter, other than don't use craigslist?  What sort of questions do you ask to vet them?

TL;DR:"," have a cat who needs meds, medical boarding at the animal hospital is too expensive and cat doesn't like it, afraid random pet sitter will rob me blind."
139,"SUBREDDIT: r/cats

TITLE: Feline AIDS...I feel like a horrible person...

POST: So I posted a while ago about a cat that my friend found under her neighbors porch.  Cute little 6 week old kitten, playful, hungry, pooping normally etc.  She had fleas but no worries that happens with strays right.

So we adopted her and now we have a dilemma.  She started calming down about 2 days ago.  Usually shes doing laps around the apartment.  she started sleeping alot more.  She was still eating and pooping and drinking normally, so we didnt think much of it.  However yesterday she started worrying us.  She has started to eat a little less, and while she used to great us at the door when we get home from work, now she is still in her blanket/bed on the couch.  Her meow is almost gone.  I took her temp last night and it was 104.5 but all the vets in our area are closed.  We are taking in her as soon as work is over today.

Being so young, I dont know what can be done, and Im afraid that she has feline Luek/aids.  If she has these at such a young age...and only having her for about 2 weeks now, i'm inclined to take the option less chosen...I feel horrible about it, but I would rather not get super attached only to have it happen at any time.

Thoughts?

TL;DR:"," new kitten, was healthy, now seems super sick, temp of 104, lethargic, very passive, possible feline leuk/aids/FIP, leaning toward putting her to sleep, feeling horrible for thinking it."
140,"SUBREDDIT: r/cats

TITLE: My cat's a little under the weather lately, can anyone give me any ideas as to what could be wrong?

POST: As per the title. Here are some more details:

For a few days now he's been quite under the weather which is very unlike him. Normally he's very energetic and bounces around the house as he pleases, but lately he's been very subdued and a bit fragile. He's still fairly young for a cat (a year or so old) so I doubt it's old age kicking in, but he does seem to bare some of the vestiges of an aging cat... :(

We think he may have fleas. We will treat him for it ASAP (within a few days), but could this be the root cause of the problem, or is it something else?

Thanks in advance to anyone who reads this and helps out.

TL;DR:", My cat seems ill; he has fleas - is that the cause of the issue or could it be something else?
141,"SUBREDDIT: r/cats

TITLE: Stray cat hanging around boyfriend's house and his mom wants it gone. He says I should take it. I already have a cat. Help?

POST: My boyfriend has a cat that has been living in his backyard for the entire summer. I recently heard about it a week ago, because it's been coming up to him and his family members begging for food. They have been feeding it, so it's staying in his general area (not venturing further than the next door neighbour's garden for shade / protection).

It's now moved onto their front porch, and their dog is obsessed with it. She (the dog) is not supposed to be where she is, and his mom has had enough.

I had mentioned a volunteer run, no kill shelter downtown. My boyfriend feels upset, that he doesn't want to just dump it in a shelter and forget about it (he's incredibly gooey, but at first glance you'd never know).

He knows that I am an incredibly loving, trustworthy cat owner (I have one cat already, six years of age). He has asked me several times if I want to take the kitten into my home.

Here is my dilemma: Do I take her?

I already have one cat, six years old, who has had the run of the apartment since she was a kitten. I work eight hours a day, and my cat sleeps with me in my bedroom, so the new kitten would be stuck in the bathroom for that period of time until my cat got used to her. I've also been having some issues with pay at work (my boss never pays me on time).

A few more questions:

- Does it cost very much more to own a second cat? I'm talking food, the vet bills are expected (and probably expensive in this case, the kitten has some scratches on her nose from fighting, some hair loss behind her ears and multiple bumps [no idea what they are]).

- It's not magic. Some cats just don't get along. Those of you that have adopted a second cats at different ages: did your cats get along? What did you do if they didn't? I don't want to adopt the kitten and then end up having to give it away to a shelter...

TL;DR:"," Boyfriend's mom wants to give stray cat to shelter, boyfriend says I should take it. Already have cat, six years old, hesitant to do so. What do I do?"
142,"SUBREDDIT: r/cats

TITLE: Survived a difficult introduction between 2 cats? Need some advice.

POST: Any success stories on difficult introductions? I'd love to hear how you guys managed it!

*Background*

We used to have 2 6-year old cats who were litter mates. They got along fine, though the girl cat would occasionally growl at the male cat. She'd sometimes be chased by him but would end up later sleeping on each other.

Our male cat suddenly died, and a month later, we've adopted a 4 year old male from the shelter. We've kept him in a separate room for 7 days so he could acclimate. He's very playful and affectionate.

On the 8th day, we swapped rooms with the cats, so the girl cat could get used to the new cat's smells, and the new cat could explore the rest of the house. That went fine.

Later on we opened the door and let them see each other. There was immediate hissing/growling from the girl cat. I understand this is probably normal. I was giving the girl cat a lot of affection in front of the new cat, so it didn't feel threatened. That seemed to work. 

Every time the new cat moves around the room, the girl cat gets extremely aggressive. Even though i've prevented most of it. There's been a couple of times when the girl cat has chased the new cat and has made contact (lots of fur flying).

We've had the cats separated again so they can both relax. Now when I open the door, the girl cat comes in, and always looks to want to attack the new cat. 

The new cat, who was previously ambivalent to the other cat (even through growls), is now starting to show fear around the girl cat :(

TL;DR:"," Our older girl cat is growly and hissy, and wants to attack the new cat all the time. The new cat is starting to get scared around the girl cat."
143,"SUBREDDIT: r/cats

TITLE: My cat won't stop marking my furniture.  WAT DO?

POST: Reddit, meet Luigi (affectionately nicknamed Weegee, as in ""Waaah!  Why will no one pay attention to Weegee?!"").  Luigi is an orange-and-white ball of Love Me.  He's also very vocal when it comes to getting what he wants, be it food or water or a clean litter box or attention, etc etc.  A couple of my friends took him in as a rescue kitty, but one of them turned out to be almost deathly allergic to him.  At the time, I was staying with them and so I offered to take him with me when I left.  Just before I did, they got another kitty.  Luigi did not like this.  Luigi started peeing on things (even though he is fixed).

This is where my troubles began with this annoyingly lovable cat.  He got me kicked out of the next apartment I ended up couchsurfing at when he peed on my roommates' Christmas presents.  When I moved out of there and back in with my dad, he marked the furniture almost daily.  Now, I had theorized that this was because there were other animals at these places, and so when my wife and I got an apartment together, the logical conclusion was ""No other pets = no more random peeing"".

About a week ago, Weegee peed on one of the chairs my dad gave to us when we moved.  He's peed on that very same chair almost every day since then.  I thought maybe if I let him run around outside or something, he would stop, but so far it doesn't seem to be working - and frankly, I don't know what to do anymore.  I don't want to get rid of him.  I love him, but I also don't want him peeing all over my apartment.  I don't mind letting him run around outside, but he doesn't have a collar and I'm selfishly afraid that he'll run away.  And so, I come to you, Reddit.  Help me figure out what to do.

TL;DR:", My cat won't stop peeing and I'm afraid he'll run away if I let him out for too long.  WAT DO.
144,"SUBREDDIT: r/cats

TITLE: Our cat keeps overheating...

POST: We've had a heat wave in my area and it's around 100 in my apartment, windows open, fan blowing, etc. Well, my cat has a habit of running until he starts panting, even when it's in the 80s. Now that it's in the triple digits, he spends most of his time lying in our bathtub at the center of the apartment where it's coolest. I wrap an ice pack in a towel for him to lay on and switch it out every few hours so he stays cool. 

But at the end of the day, he gets up and starts sprinting around until he's panting again! Everything I've read says it's not healthy for cats to pant, and I've never had a cat that does this before. He's... he's not very smart. Short of locking him in my bedroom with the ac cranked (which I probably can't afford to do, electricity-wise), what should I do? 

I also:

Brush him constantly to get rid of excess hair that might be heating him up

Have water bowls throughout the house for him to drink

Put ice cubes in one of the bowls for him to drink cold water if he so chooses (usually in the bathtub)

Just don't know what to do... usually when he starts panting, I pick his silly little cat self up and put him back in the bathtub, on top of his towel over the ice bag, and he's like ""Oh, yeah, this is much better,"" and curls up on top of it, quite content to cool down and *not sprint around panting like a moron*. 

But I'm starting a job soon, and my gf works; we can't babysit him all day every day.

Any advice would be great.

TL;DR:"," Cat keeps running around until he's panting, I have to manually move him to a cool spot to remind him not to kill himself by overheating, starting a job soon and won't be able to babysit him as much."
145,"SUBREDDIT: r/cats

TITLE: Semi-feral kitten missing, think he's holed himself up in our house. Need suggestions!

POST: My very skittish, formerly feral kitten is missing. Because he's terrified  of everything (and because we have two doors between both entries to our house) it's highly unlikely he got outdoors, but we haven't seen him in over 24 hours. 

We have a 100 y/o row home, and our 3rd floor bathroom is currently under construction, so all of the cats have had access to the plumbing access and the hole in the floor where our sink used to be all week. Our contractor took the door off its hinges and only covered the hole where the sink used to be with some canvas.

I've literally turned the house upside down looking for him. He's so skittish that it's rare we even get to pet him, so obviously the commotion of searching for him is frightening for him. We've spent the last few hours trying to go about our business in the hopes he'll come out, but so far, no sign. Does anyone have any suggestions? I've tried opening stinky canned food, playing with his favorite toy (he's hidden for hours before and that's eventually brought him out), and sending his BFF kitty on a recon mission into the subfloor with no luck. I'm starting to feel really anxious.

TL;DR:"," Semi-feral kitten missing, likely in my giant, ancient row home. Does anyone have any suggestions as to how to find him?"
146,"SUBREDDIT: r/cats

TITLE: Long time cat ""hater"" looking for advice on how to enjoy having a cat.

POST: Okay, ""hater"" is a strong term, for a brief period I really REALLY disliked cats a lot, total dog person. These days I actually really like cats, I find they're kinda awesome, especially the more loving, but less physically demanding ones.

Thing is, I still don't like the idea of actually HAVING a cat. The main reason I really dislike this idea is that cats climb on EVERYTHING, and claw things all the time.

I especially find it disgusting the way cats are always climbing on benches (the kind you prepare food on) and tables ( the kind you eat food off of), and it seems like even if you stop them climbing on benches when you're around, they'll still do it when you're not.

Is there a way of training a cat to stop this behaviour even when you're not around? Seriously. Everything else about a cat would be pretty sweet I think, but the prospect of cats jumping up and stickig their heads/paws/tongues/whatever in to food and drink I leave unoccupied is a total turn off to the idea.

Also, how do you stop a cat from clawing stuff? I know exactly what it will claw when it gets here and it's a really nice set of 1920s sofa and armchairs which I DO NOT want ruined.

For those wondering, I have basically no say in the matter, and am actually somewhat optimistic about it all, looking forward to my first cat, but these problems will drive me up the wall if I can't solve them and so in order for me to have a healthy relationship with my new pet, and to get joy from the companionship it can give me I'm asking you guys for help.

Thanks if you read this rant.

TL;DR:"," Getting a cat, how do I train it not to jump on areas where food will be or claw at sofas and other furniture?"
147,"SUBREDDIT: r/cats

TITLE: Any cheap solutions for a stray with a broken leg?

POST: While walking to class today I found a stray that I'm pretty sure was just hit by a car and has a broken rear left leg. I didn't see any blood and it's not like dangling or anything, nor is the bone protruding, but I could tell by the way he was trying to put pressure on it that it's broken. I tried calling our local animal control but ""all the lines were busy"" and their mailbox was full, so I couldn't leave a message. I'd really like to try to get it somewhere that won't just put it down though, since it's a younger cat and I don't think it's a terrible, messy, nonfixable break. The thing is, I don't think the shelters around here (Pittsburgh area) would do surgery on a stray and I really don't have the money to take it to an emergency vet. I'm not against paying something small for it, but as a broke college student, I don't think I can afford surgery. Any ideas of what I can do or any places I could take it would be great! Thanks!

TL;DR:", Found a stray cat with a broken leg but can't afford to take it to an emergency vet. Any thoughts on a place I could take it that wouldn't just put it down?
148,"SUBREDDIT: r/cats

TITLE: Reddit, my cat has turned into a bitch. Wat do?

POST: A little explanation is in order here. My wife and I are preparing to move from the U.K. to the Netherlands and while I've been working in .NL, my wife's been dealing with getting everything ready in the U.K. 

Our cat (named Small) was always a 'daddy's girl', and got pregnant just before I left. My wife did an admirable job 'grandmothering' the kittens and after I left she and my mother in law went and had Small neutered (or 'done' as they call it). This was about one week after she stopped nursing the kittens (1 boy, 1 girl). 

Now however, she can't seem to get along with the kittens at all and hisses and fights with them. I've returned to the U.K. to celebrate Christmas with the wife and we're planning to take the kittens and their mom home to Holland with us after Xmas. Our cat is so hostile to the kittens at the moment though, I'm starting to wonder if it's a good idea at all to take her with us. Is there anything I can do to make her either calm down during the trip (they're going in the pet-kennel on the Stena Line ferry together) or is there a more permanent solution perhaps?

Please help, Reddit. I just want my old sweetheart of a cat back!

TL;DR:"," cat got pregnant, we had her done after the birth of kittens. Now she's an agressive bitch towards them. Reddit, help!"
149,"SUBREDDIT: r/cats

TITLE: Advice on how to introduce two cats to a new home?

POST: Hello cat-loving Redditors! Looking for some advice here... My SO and I each have one cat. They are currently living separately, but we will be moving them in to the same house next month. They have spent a good amount of time living together for a week or so at a time here and there, so we know that they do not get along too well. They mostly just avoid each other, but every so often one will chase the other out of the room. 

We want them to be happy coexisting as well as both feel comfortable in their space and comfortable with coming up to visit us. They both like their cuddle time, but rarely will hang out in bed or on the couch when they are sharing an environment.

I've read that slow adjustment is best. My current plan is to start them off in their own rooms of the house for one week. Switch them to each other's rooms in the second week so they are both still isolated but can get used to the other's smell. Then start feeding them on opposite sides of the same door... And I'm lost after that. I don't want the alpha cat taking over all the territory so the other doesn't come out. I am hoping that if we do this right it can be a fresh start for them.

Any tips you can offer would be much appreciated!!

TL;DR:"," Introducing two, semi-hostile cats to a new, shared space. Need advice on how to smooth transition and repair relationship."
150,"SUBREDDIT: r/cats

TITLE: Good brands of pet food

POST: My cat was sick twice this week, so we took him to the vet to have a look over him. Everything was fine, but the question of food came up. We were told that the food we were giving him wasn't of high enough quality and we should move him over to the vet recommended brand.

When we initially took him to get checked over and neutered we were left a little bag of goodies for a certain brand of food, and a certain insurer. This brand was the one that the vet seems to recommend.

The vet seemed quite aggressive in pushing for it and I asked if there was some sort of financial kickback they would get if we switched over. They said no, and that they had no link other than stocking them (obviously that implies a financial link?)

TL;DR:"," I spent £40 at the vet to basically get sold a brand of food, so I'm looking for more independent advice now."
151,"SUBREDDIT: r/cats

TITLE: Need help, my kitten keeps peeing/pooping on my couch in the same spot.

POST: My kitten is about 6 weeks old and ever since he peed on our futon the first time, he keeps on going to the bathroom in the same spot. 

We're thinking we need to get some sort of repellent to prevent him from even going near the spot, but we don't know exactly what to do/other ways to prevent him from going on the futon. I try to discipline him and teach him not to do it by grabbing him by the scruff and repeating ""no"" to him while he's near the spot right after he's done it, and then moving him (and his mess, if possible) to the litter box in the bathroom to show him where to go and shutting him in there for a little while. We do have the litter box for him in the bathroom, which he uses most of the time, and that I clean out very frequently whenever I go into the bathroom. I haven't yet changed the litter for fresh litter yet (it's been the same for about a week and a half, since we got him the litter box), but it seems generally clean. Here's another question: how often should we be changing his litter?

My boyfriend looked up some ""cat psychology,"" and found something like it's his way of telling us he misses/needs us because we aren't available all the time (work and whatnot) and he's the only pet we have. I highly doubt this though, because the two most recent times he's done it, I've been in the room with him (it used to only happen when we weren't in the living room). 

So, I'd really appreciate any advice you guys could give on how to prevent it and discipline him when he does do it.

TL;DR:"," My kitten pees on the futon, we need to find a way to get him to stop and discipline him when he does do it."
152,"SUBREDDIT: r/cats

TITLE: Need help! I have two cats who have stopped eating suddenly for two days.

POST: I have no idea what is going on, I thought maybe Reddit could help. My one cat is diabetic (Kit), and the vet just had us double his dosage last week. My other cat (Kat) is healthy. Both my cats love wet food. Whenever I open the pantry door they usually come running and meow non stop waiting for their delicious meal.

Then on Tuesday of this week, everything changed. My diabetic cat started puking and it continued for most of the day. It was a brown liquid bile and sometimes in large quantities. We gave them wet food at night as we normally do, but only Kat ate. We didn't think too much of it, figured the diabetic one had an upset stomach. We skipped the insulin shot for Kit to be on the safe side.

The next morning, I open a can of wet food, and both cats seem eager to eat. But once I put the food down, only Kat started eating again, and she didn't eat that much. We also leave a bowl of dry food which was topped off Tuesday night and was never touched (we normally refill it every day). Wednesday night rolls around and we try to feed the cats again. This time, neither cat eats. We start getting a little worried now.

This morning, same story. No dry food eaten, try feeding wet food, neither eats. We bring Kit to the vet this morning, doctor cannot find anything wrong with him. No fever, no stomach sensitivity. He does an x-ray and finds a lot of backed up stool, so they give him a laxative. Bring him home, he did his duty, and now he is acting really weird. He keeps dipping his paws in his water dish and getting kitty litter everywhere. Kat is also acting weird. We try again to give them wet food and they aren't going near it any more. Kat even tried to bury the food like it was something inside the kitty litter. 

What is going on? Could it be something viral? Has anyone experienced something like this before or have any idea what is going on?

I appreciate the help.

TL;DR:", Have two cats who have suddenly stopped eating for two days. Vet finds nothing wrong. Don't know what's going on.
153,"SUBREDDIT: r/cats

TITLE: I need some advice about my cats. Running out of options.

POST: My girl and I got a cat named Roxas, a tortoiseshell, she's about six years old now. When she was 3, she wasn't very playful so we though we should get her a buddy. We got a new kitten named Squishy, a little calico kitten. So she is 3 years old. Roxas became more of a lap cat in her later years, which left Squishy bored. She had some health issues, she can't eat poultry, struggled with it for years to get her diet right with numerous vets but she had put on some weight. So with Roxas not being a playful kitty in her later years, we thought we should get Squishy a new friend so she could lose that weight. ( She catches onto how cat toys work really quick and loses interest, so we tried that route )

Got a boy cat, named him Dexter. Little grey kitten, Squishy didn't like him at first, but they became friends. Roxas wanted nothing to do with him. Sorry for the backround, just trying to give some context. 

Current time - Roxas is 6, Squishy is 3, and Dexter is 1. There are days where Squishy/Dexter cuddle on the bed and he cleans her for hours, then more often than not there are days where she hisses and swats at him and gets upset when he tries to play. So it's a love/hate relationship. Sometimes she will just walk up on him and he will look up, she will hiss and swat at him.

Roxas and Dexter have the worst relationship, our nights at home we will hear hissing and we will find Dexter had backed Roxas into a corner and swats at her. Bites the backs of her legs when she goes into the litter box. She looks scared back into those corners.

Basically what i'm asking is, what should I do? Are Roxas and Squishy unhappy? Is Dexter unhappy so he acts out? Do I have him in the wrong environment, should I find him a new home? A lot of unanswered questions. Any advice is great.

(Btw, they are all neutered/spayed)

TL;DR:"," 2 cats are friends, got a new cat, that cat picks on one constantly and the other two have a love/hate relationship. What to do."
154,"SUBREDDIT: r/cats

TITLE: I just have to vent for a second

POST: So as I was driving home from work last night at 9pm, I was following an SUV type car for a few miles. We were on a small but busy road with houses lining the sides, and suddenly I saw a small shape dart into the road, only to be hit by the SUV. I knew immediately it was a cat, and it really didn't look promising. The SUV slowed to a stop before speeding off, not even getting out to check on the little guy. 

I couldn't just leave him there, especially because I could clearly see that he wasn't dead. I put my hazards on and ran out to check the cat, who was breathing pretty heavily, shaking, and just lying there in shock. I know you're not supposed to touch an injured animal, but I just really couldn't leave him to die or be run over on that busy street so I picked him up and held him as flat as I could in the same position and set him in my passenger seat. 

I drove to the nearest gas station 5 minutes away so I could call the local emergency vet and ask about their stray policy. I stepped out of the car to take the call, as the cat was still passed out in the seat. However, as soon as I opened the door, the little guy flew out of there and into the surrounding trees. I literally had no time to react before he was just gone into the night.

I'm pretty bummed about it, especially considering the vet was willing to take him no questions asked as long as o agreed not to inquire about the cat later (I guess to prevent people from taking advantage of the system and getting free treatment for pets). I mean, there was no blood at the scene and he didn't appear to have any broken bones. It was obviously a young cat and very small, probably about six months old. I just hope he didn't have any internal bleeding or anything. 

I just don't understand how you could hit an animal, especially something like a cat or a dog, and just leave it to die in the street knowing that it hadn't died on impact.

TL;DR:"," the guy driving in front of me last night hit a cat and just left it to die in the street, even though it was obviously not dead yet"
155,"SUBREDDIT: r/cats

TITLE: Cat neutering question.

POST: Just got both my male cats neutered and forgot to ask how they do the operation. I wanted to know if there is anyway to tell if they got neutered? I picked them up from the vet and they seemed normal. Looked down there to see any scaring or anything and saw nothing. Looked normal and no signs of surgery. I ask if there is any major obvious things to tell, I've never owned cats and all the dogs I had, had their stuff removed for neutering and the cats have them still. Yes, I have all the paperwork saying it was done, I will ask the vet more about it next week for check up. I heard they can use lasers now? Just curious, because I really don't want them to start spraying which is why I got them neutered young.

TL;DR:"," Got male kittens neutered, doesn't look like the surgery happened when I looked. Have paperwork that says it was done, do they do keep their junk or is it like a vasectomy?"
156,"SUBREDDIT: r/cats

TITLE: Asking Reddit for help. I just started getting gnats? in my cats litter. Any ideas?

POST: 3 year old domestic cat named Romeo.

I had a fly situation a few weeks back and since then I've had this problem. I left a chicken breast in the trash for a few days while I was gone and I returned home to over 60+ flies everywhere. I killed them all, cleaned up, and haven't had any fly problems since, but I have seen that I have either gnats, or some type of similar bug in my cats litter. I have dumped the litter completely, and they still return. They are only at the cat litter, not in my garbage or sink etc. I have no rotten food sitting out. The source seems to be within the cat box. (I have a flap-entrance so I think they're staying put for the most part). Any idea on how to get rid of these for good, or is there a chance they are eggs in my cats intestines/poop and are hatching and living from there?

TL;DR:", Gnats or bugs in my cats poop after a fly problem. Are they eggs in his intestines or just populating in the litter box after he poops? Thanks!!
157,"SUBREDDIT: r/cats

TITLE: When to switch from kitten to cat food

POST: Hello, another question. I trust Reddit on cat information.

I'm planning on adopting a new cat this Friday, because my 10.5-month old needs a friend. I'm planning on getting someone a little older than her. Do I need to make sure to get separate food for him? My current kitty is pretty much done growing at this point, and has started eating less (I fill her bowl up twice a day and she hasn't finished it in 30 minutes anymore), so I was wondering if I could start the switch to adult food yet. Or, could I feed a 12-15 month old kitten food for a couple months? I can afford getting separate food, but it would be nice if I could use the same.

TL;DR:"," getting a new cat, hopefully not a kitten. Could I use the same food with my 10.5-month-old as a more adult cat? Either switch the current one to adult food or give the newbie kitten food."
158,"SUBREDDIT: r/cats

TITLE: My cat is in heat again in a very short amount of time and I'm concerned that this isn't normal. Help would be appreciated!

POST: My cat has been having her ""heat"" (don't know how to call that really...) for a year in fall and she has had a litter of kittens (2 kittens) early on in her first year. She wasn't in heat for 5 weeks and then was in heat for a week, then stopped for a week and a half then started again for an other week then stopped for a week and now has started being in heat again and has been for two days. I was wondering if it was normal or if I should take her to see a vet.

TL;DR:", My cat has been in heat on and off for 4 weekish now and I think it isn't normal but am not sure.*
159,"SUBREDDIT: r/cats

TITLE: We have a new cat that's afraid of men. Is there anything I can do to make her more comfortable around men?

POST: I'm staying with my friend for the summer and we heard an emaciated stray cat crying so we put in her in a dog crate and gave her food, water and a litter box. She was kept there until we brought her to the vet and bathed her. Her feline leukemia test is iffy so we're keeping her in a spare bedroom until she gets retested next month (there's 4 other cats in the house). She's been super affectionate and calm up until this point and then my friend's father came to visit and she got really nervous and tried to hide in a closet (6 women were around before and she was super friendly). I also noticed she had an issue with the male vet and not the female assistant at the vet. I would like to take her back home with me when she gets healthy enough for travel but I live with 2 men and a woman. Is there anything I can do to ease her into men? I've dealt with abused dogs before but not too many cats.

TL;DR:"," Stray cat I want to adopt is afraid of men and I live with 2 men. Any advice on how to ease her into male company. She's not aggressive with them, just nervous."
160,"SUBREDDIT: r/cats

TITLE: Grieving cat and new home with a young Husky

POST: Hey r/cats, first time poster here i don't own a cat put my partner does. 
This morning she had to put down one of her 2 cats that were brothers. 

We are in the midst of discussing about moving in together. Problem is a have a boisterous Siberian Husky.

I'm worried about a few things. 

1: Obviously being that my dog does not kill it any how i should introduce the two

2: how do you approach moving an inside cat that has just lost its brother. Are there any grieving behaviors i need to look for? Is it a bad idea to force a large change like that on the cat so soon after loss?

The cat is a sweetheart now but i'm worried about behavioral changes and separation anxiety especially in a new environment.

Any advice would be awesome

TL;DR:"," Partner has 2 cats, one passed away this morning. Is it a good idea to move into a house with a siberian husky?"
161,"SUBREDDIT: r/cats

TITLE: Help me get my sleep back

POST: The long version is that I have a kitten of a little less than 6 months old and he has atrocious sleeping habits. He gets really active and playful around 3-4 AM and then again around 7-8 AM which is really ruining my sleep. I am a cat owner prior so a little cat derp during night is perfectly fine with me, but the problem is that he scratches on my bedframe while I try to sleep and this is problematic because it costs a lot and the scratching noise wakes me up. He also scratches it so forcefully he sometimes shakes the entire bed. He doesn't do this when I am awake and he's being playful, so he clearly does it because he's feeling lonely and wants to be with me in the bedroom and play even though I'm trying to sleep. The problem is that I of course can't sleep when he does this because I need to get up to tell him off since he shouldn't do it, alternatively I try to desperately find some other toy for him to play with which lasts maybe 15 min and then he's back scratching on my bedframe again. I just wanna fucking sleep a whole night without interruptions for once. I could shut him out but then he scratches other things like carpets that make loud noises too, including all the meowing would he hear that I am actually awake and up. He wasn't like this when he was smaller btw, but this is a behavior that he's acquired in the past months or so as he's becoming older. I keep hoping he's gonna outgrow it since he also seemingly grew into it and get calmer and less energetic with time seeing how he's probably at his peak right now, just right around cat puberty and all, but WHEN?

TL;DR:"," 5 months old kitten scratches on bed when I sleep, is there a way to make him stop so I can get a full night's sleep?"
162,"SUBREDDIT: r/cats

TITLE: my cat and I aren't bonding and I need help/advice

POST: Hi r/cats!

My cat and I simply aren't bonding and I'm at a loss as what to do. I grew up with cats and dogs, I personally had a cat that I loved and adored and lived with from ages 7-23. I'm 24, recently adopted a cat from the shelter **(it's been about 5 months)** but we're simply not bonding.

She gets along with the dog just fine, she meows when I haven't given her daily wet food **(she is free fed dry food and gets wet food once a day or every other day)**, and her source of water is when I come home and she cries for me to turn on the bathroom tub faucet. **I've tried to give her water at different spots, elevations, leaving water around my bathtub; the only one I've seen her use is while I have the actual faucet running.** The dog has constant water, so water is always available at the house, but I've left water out and open specifically for her and it's blatantly untouched.

Other than her being content in the treats and daily life, we're simply not bonding. She's not miserable, neither am I or the dog in the apartment, but it's simply coexisting. There's not bonding or affection.  I pet her daily, talk to her, etc, but there's just nothing. My last cat and I were bro's. He came and hung out with me, I knew when he was being a pissy cat, but at the end of the day he was very lovable and liked to be around me. This cat and I simply coexist.  What do I do?

[Boo next to my bike](

TL;DR:"," she's very playful, I like her a lot, but there's nothing there. Other people have come over my apartment and they've gotten along amazingly. Idk how to bond with my cat."
163,"SUBREDDIT: r/cats

TITLE: Advice On Declawing?

POST: My cat has claws that don't retract all the way; the thumb claws on his front don't retract at all and his finger claws only retract about halfway. Put another way, I can see the root of his thumb claw without moving fur and his finger claws are constantly showing.

Because of this, he is constantly getting stuck, usually on the couch or bed. I have come home and found him hanging from the back of the couch by his front paws because he can't get himself unstuck after trying to jump up. Other times, I come home and he is walking tenderly or unable to walk because he hurt himself from being stuck. He has some mild brain damage and doesn't know how to get his claws out if he does get stuck. I also find claws that have been shed or ripped off all over.  

I am really worried he is going to break a leg / dislocate a shoulder or rip a claw out permanently and do damage to himself in the process. I am considering getting him declawed, but I don't necessarily agree with the practice.

I have tried trimming his claws and putting caps on. He wouldn't sit still for me to trim his claws and I don't have the money to get it professionally done. I was able to get caps on one paw as a test run, but he had them chewed off in under an hour. 

I know getting a cat declawed is akin to cutting your finger off at the first joint. However, I feel as though I am out of options. I don't want him sustaining permanent, serious injury because I didn't get him declawed. Is there anything else I can try or should I get him declawed?

TL;DR:"," my cat's claws don't retract and he is always getting stuck, so I am thinking of getting him declawed, but want advice afa if there's anything else I can do."
164,"SUBREDDIT: r/cats

TITLE: Redditors of r/cats, I need your help!

POST: So here's the back story: I agreed to watch my friend's lovable, cuddly 1 year old neutered male cat while she leaves the country for a few months. Except I have a cat of my own a not as cuddly, paranoid, hates-being-touched-by-strangers 4 year old spayed female. I introduced them slowly by keeping them in separate areas and I have seen them playing sleeping on the same couch/bed. But they fight way more than play and recently they've started a pissing match.  I'm thinking it's my cat's piss because she's the angry one and they are all his spots (and a few times on my bed). My cat is also not eating as much (she doesn't like eating around other people/cats, she would sit and wait for me to leave if I was hovering around her food dish) so I moved her food dish in one of her spots away from the other cat. Now I don't expect these cats to cuddle but I have the boy for one more month. Is there anything I can do to make this experience more enjoyable than me using nature's miracle and breaking up cat fights?
Oh and just so you don't make any assumptions both of these cats have been socialized with other cats before. They boy grew up with two other female cats, and mine adored my parents cat before she passed away a year ago.

TL;DR:"," agreed to watch friends cat, my cat threw a bitch fit and started peeing on things. is there anything I can do?"
165,"SUBREDDIT: r/cats

TITLE: HELP My older male cat keeps fighting smaller male cat

POST: I have had a cat for about 3 years now and I wanted to neuter him around the suitable time and everything but couldn't afford to and never did. So he usually sleeps in my house for hours and then roams around outside the rest of the day and night. He's a bully and will bite, his, and  fight you if you annoy him. About 6 months ago I got a small stray cat that stays outside and never leaves the yard. Well my big older cat CONSTANTLY fights my small cat. The small cat never fights back and just runs or gets cornered and takes the beating. Since there both outside I don't know how to stop my big cat from beating up my small cat. I've fussed and whipped my big cat but it does nothing.

TL;DR:"," 2 outside tame cats. 1 older male fights young male cat constantly, and never provoked to do so. I'm tired of seeing the small one bullied! How can I stop this!?"
166,"SUBREDDIT: r/cats

TITLE: Getting kittens to sleep through the night

POST: Howdy, I'm a foster parent to 2 pretty active 7 week old kittens. I'm currently in the middle of my first night with them and they won't sleep!! I played with them before bedtime, but they slept for about an hour. Now they're up again and want to play. I put them to sleep in their kennel and left the door open with some toys, food, and water near by. I live in a studio, and all they want to do is wrestle on top of my bed or paw me in the face. Could I leave them in the bathroom and close the door? I want to be able to have them sleep on my bed, but not if they're going to be waking me up hourly.
 This is sounding pretty ranty by now (I'm so sleepy!), so here's the question:

TL;DR:"," How do I get them to sleep through the night, or at least not bother me when they wake up so I can sleep through the night?"
167,"SUBREDDIT: r/cats

TITLE: My cat turns 13 in just over 2 weeks! I want to celebrate by cooking her a small piece of fish. Recipes, advice?

POST: She had a lot of health problems, and several times now, we thought we were going to lose her. Now all of that's under control, and it makes her 13th birthday that much more special to me. A couple weeks ago, her eyes went wide and she started begging when I was eating a couple bites of salmon. I gave her a couple tiny pieces, but no more than that because it was spiced and doused in lemon juice. She LOVED it, which gave me this idea.

We plan on cutting off a couple chunks from our own fish dinner, and cooking/baking it separately for her and my other 2 cats. Originally, I thought we'd just bake their pieces in a little bit of water, no extras, to avoid oils, spices, herbs, etc that may upset their little stomachs, but does anyone have ideas to make it a little more interesting to them? Does it even NEED to be a little more interesting to them? Should I at least use some broth instead of water?

TL;DR:"," Celebrating kitty's birthday, what kind of fish should I buy her, how do I bake/cook it? (I prefer larger fish myself to avoid skin/scales, like tuna or mahi mahi steaks)"
168,"SUBREDDIT: r/cats

TITLE: Is the color (or color pattern) any sort of hint for predicting the mature personality of a cat?

POST: I don't know much about cats but I am actively learning so that I could have a great experience owning one when I find the right cat for me.

I have a couple friends who have red-haired cats and they are both very playful and active even though they are not kittens anymore.  Is it possible that red haired cats are more playful in general? 

In general I'd like a cat that is very smart in the sense that it can go outdoors and *not die from coyotes.*

I have an eight year old boxer mix dog who is extremely playful and friendly even though she has matured and also makes an excellent watchdog (not a guard dog, though).  Having a cat that would play with her (at the very least get along fine) would be fantastic.  I know my dog will be ever curious and friendly herself so, what kind of cat would you recommend I look for? 

Also, the cat needs to be smart in the sense that it could go in and out as s/he pleases and be smart enough to not get eaten by coyotes if she encounters any around the mountain we are near.

Got any recommendations to steer me in the right direction?

TL;DR:"," I need a badass outdoor cat that can fend off coyotes and play with my super-friendly dog, what breed do I choose from, and is color pattern any indication of personality?"
169,"SUBREDDIT: r/cats

TITLE: sweet cat can be major brat...HELP!

POST: I'm giving in, and asking for advice from my favorite cat community.

My (wonderful, amazing, loving) cat, Mako, has an aggression issue. It starts as play aggression, then he turns. He'll meow angrily and start lashing out with teeth and nails no matter what I do or how I react.
I've had scratches all over my arms and hands the entire 6 months that we've been together, and I've never dealt with this to such a rough extent before. 

Both my boyfriend and I are left bleeding at least once a day, and my friends/family are actually too nervous to try to pet him anymore.
I've tried holding him still (by his scruff), ignoring him, distraction techniques, petting him, trying to calm him down, putting him in time-out, and occasionally I get so upset that I'll smack him on the butt (not hard...I swear I'm not abusive!). He still hasn't changed. I keep his nails clipped down, and he has plenty of scratching posts/toys around the apartment. We even take him outside to play in the foothills about once a week. I don't know what to do.

I would never get rid of him-no matter how much he hurts me. He's amazing. He fetches, licks our faces at night, plays hide and seek, and is super talkative. 

Has anybody else dealt with this before? He was actually adopted from the shelter before I adopted him, and returned after 2 weeks for being 'too much cat'. He's 9 months old.

TL;DR:", Bratty cat makes me look like I'm a self-cutter. Getting sick of it...need advice.
170,"SUBREDDIT: r/cats

TITLE: Litter problem

POST: Hello, new cat owner here. I got Fedora (female) at the start of December 2014, in a few weeks she learned to use litter box and everything was excellent. Until one day I closed the bathroom door to clean the litter box, and she peed on the floor in the hall. 

After the incident everything was just fine. Until recently she started peeing more often like once a week, which was fine. But then last saturday (6 days ago) we had guests and they kept closing the bathroom door all the time, and I caught her peeing once in the hall. She was also in heat at the time around, and since then I have like 1-2 accidents DAILY! 

Sometimes when cleaning the litter box I do not find any clumps (meaning she didn't pee, just took a number two inside), btw I clean litter daily, or twice a day. Now the heat is over, this morning and yesterday evening I saw her peeing in the litter. And yet, she peed in the hall, again, like 20 mins ago. She pees near the entrance door so she could be markign terirtory, but 1-2 daily...? Not sure what to do next. 

Did a vet check, she's as healthy as she can be.

TL;DR:"," Litter trained, started peeing in the hall instead of litter (number two still in litter), vet says she's healthy"
171,"SUBREDDIT: r/cats

TITLE: Reddit, tell me what I have to look forward too with my kittens!

POST: Growing up, I was a dog person, and actually quite allergic to cats. Now that I'm 20, have my own apartment and what not, my girlfriend and I got two kittens! Lola and Bellatrix. 

(Lola's the gray and white and Bellatrix is the dark, fluffy boy!) 

Seeing that I've NEVER had a cat, I really don't know what to expect! My girlfriend's parents has a cat that's a year and a few months old and he's HUGE, adorable, and (unfortunately) not so cuddly. (I think this is due to the fact that he's and indoor/outdoor cat.)

Lola and Bellatrix are both indoor and I have no intent of letting them out.

They are INCREDIBLE kittens in the sense that they are exactly what we were looking for. When I come home, Lola ALWAYS greets me at the door, while Bellatrix is usually asleep on the couch, haha. She LOVES to sit in/on/around me in any way she can, but she also LOVES to play and is incredible rambunctious, which I love! 

Bellatrix on the other hand is much more subtle in his cat like ways. As he gets bigger, he likes to play more and more and as he learns just how well he really can jump, he loves it! He is ALWAYS around his momma though (my girlfriend) while Lola ALWAYS comes to me. Is this normal?

Really, my question just comes down to, what do I have to look forward to with my cats! I think full grown cats are adorable, as are kittens of course, but full grown cats just seem like such bosses. I can't wait for them to grow up! They're both almost 4 months old, give a few weeks.

So, thoughts? Stories?

TL;DR:"," Don't lie, you know you love seeing long posts so you have something to keep your interest for more than two seconds and you actually feel like you might get something out of what I typed!"
172,"SUBREDDIT: r/cats

TITLE: Because it's leather, or because it's mine?

POST: Where better to ask a cat behaviour question than /r/cats? [This] is Miffy. He's my husband's cat, and although he's always liked me, for the five years he's been here, he's never really been a lap cat, or particularly cuddly. Lately, though, he'll absolutely *howl* when he wants up in my lap--not my husband's lap, mine--and he's taken to...sleeping on my leather goods. When I leave for work in the morning, I usually have to change purses, and I'm always in a hurry, so I just leave yesterday's purse on the bed. When I come home, I immediately hang up coats that will get cat hair on them, but I'm guilty of tossing leather coats on the bed. The next time I come into the room, Miffy will be asleep on my jacket. Like any cat, he loves clean towels and plush cat beds, and (unfortunately) my sweaters, but...leather? I thought it was the texture of the leather he wanted, so I gave him one of my husband's jackets that had a broken zipper, and put it on the bed. He slept on it for a day, but he's ignored it since in favour of mine. He doesn't seem to care whether it's soft lambskin or heavier cowhide, or even if there's something hard under it like hangers, just as long as it's mine. That said, if I leave a nylon jacket on the bed, he won't bother it. I can't figure it out; he wants leather, but only if it belongs to me. He doesn't claw it, or chew it, he just sleeps on it. Is he trying to ""own"" me the way he knows he already ""owns"" my husband (who refers to Miffy as ""my little sweetie"")?

TL;DR:"," Husband's cat [sleeps on leather] even if there's lumpy, uncomfortable stuff under it, but *only* if it belongs to me."
173,"SUBREDDIT: r/cats

TITLE: A question about covered litter boxes & a cat who doesn't like cardboard boxes.

POST: So sometimes my cat will (and I'm only speculating on *how*) leave a small poop nugget on the floor, usually near the litter box, almost like she doesn't realize she has some out her bum and doesn't wait for it to fall? (Really sorry for that graphic.) Would a covered litter box help with that? She's not picky with litter type or box placement, but this thing happens only occasionally, and it's no fun to step in. She has no reason to be  startled out of the litter box as far as I can tell, as it's just her and me here. 

The thing is, though, she has zero interest in cardboard boxes in general. She doesn't sit in, or hide in, or even acknowledge them. However, her latest favourite spot is under a chair in my living room, probably because it's right by the vent.

TL;DR:"," might a cat, who doesn't seem to care for enclosed ""secure"" spaces do better with a covered litter box? "
174,"SUBREDDIT: r/cats

TITLE: I am putting my cat down tonight

POST: A little backstory of my baby girl. I used to work at a motel as a manager with my love in the middle of nowhere, Utah. It was a little town called Panguitch. Fast forward to the end of my tenure of that place, the last week we were preparing to leave I found this little bundle of joy in the bushes. My god...it is so hard to finish this story as I look at her and cry and hurt so much...Anyway this cat was a stray and I found her in the bushes meowing at me and her randomly, and no one seemed to knew where it came from. We moved from Utah to washington with my friend....I don't know if this is where she contracted it from, but this is where I let her be an outside cat (had no choice). We stayed there 9 months and just recently moved into an apartment. Just recently she had been displaying a dry mouth noise randomly, stopped cleaning herself, and stayed away from everyone and everything as much as possible. She used to climb on my lap so much....Eva is her name. I took her into the vet today and they told me she has cat leukemia, and the fact that she is showing symptons means thats she needs to just be put down and she is also putting any other cats at risk. I would have put her down right then and there, but my love wanted to see her one last time so we brought her home tonight. I have never felt pain like this, it hurts randomly and then it goes away. I go from screaming to crying and I just am not feeling ok at all. I have decided I will take her to the mountains and shoot her and bury her myself.

TL;DR:"," Instead of putting my cat (diagnosed with leukemia) down the traditional way, I am going to shoot her and bury her myself."
175,"SUBREDDIT: r/cats

TITLE: 2 AM street kitten is meowing outside my apartment door. Help?!

POST: Never thought I'd be submitting a cat crisis question, but here it goes.

It's late, 2 AM, just parked out front of my apartment building. A small cat runs out into the road as I am getting out, mews, and immediately comes over. I admit, I pet him once for less than 20 seconds. It was probably a mistake because it then starts circling my legs, rubbing his cheeks on them, and follows me to the door. I try to shoo him away, and sneak inside but can hear him mewing at the door. Went upstairs for about half an hour, came down to grab something from my car and the cat is still standing there. Face right against the door, he immediately starts getting more vocal when he sees me.  So far no success in either gently coaxing him away or just ignoring him – he follows me to a side door that I try to sneak away through, still mewing. 

He seems well fed, with a soft clean coat, so I don't want to pluck up someone's outdoor cat. On the other hand this cat was dashing onto the street when I first saw him and am afraid he might wander into traffic. Quick posts have been made to local classified's/pet sections, but if there is anyone out there with experience, is there anything else I could be doing?

TL;DR:"," 2 AM over-friendly kitty follows me from my car to apartment, won't stop mewing. Healthy, seems like he has a home, looking for advice."
176,"SUBREDDIT: r/cats

TITLE: Debating whether to get one or two kittens. Would a single kitten be lonely when I'm in class each day?

POST: Hey,

I've been considering getting a kitten for a while now, but haven't been able to decide whether to get one kitten or two kittens from the same litter. 

I'd be content with just one kitten. However, I'm a college student, and so I'm concerned that a single kitten would be lonely while I'm out during the day in class, and I don't see my schedule getting any less crowded in the future. In addition, I'll have to spend a large portion of my time at home doing schoolwork. So while I plan on making time to play with and take care of my kitten, I'm still worried that my kitten would want more active interaction than I'll be able to provide. The way I see it, getting two kittens would mean that each one would always have a source of stimulation and social activity. The downside would of course be the cost of providing for two cats instead of one, though I could manage the cost of both of need be. I've been researching the issue online, but have only found conflicting information as to whether cats get lonely and whether it's better to get one kitten or two.

TL;DR:"," Do single cats get lonely? Is it better to get one kitten or two from the same litter, so that each one would always have a source of stimulation and social activity?"
177,"SUBREDDIT: r/cats

TITLE: Need help with an unwanted ""friend""

POST: My neighbor's cat will not go away!!! I don't pet the cat, basically ignore it. My cat absolutely hates him, trying to attack through the door & when he does go outside he immediately attacks her cat. They are both neutered males. The biggest problem with the cat being here is that it's attacking [the stray cat](
I've been feeding & trying to steal his food.  I've been feeding the stray for over 6 months & still can't touch him. He's finally let me get close to him, he meows at me, rolls on the ground by me & rubs against anything close when I go out to bring his food. I have to physically restrain the neighbor's cat so the stray can eat or drop a handful of food for him which I take halfway to his house (rarely do this cause I don't want him to associate food with me) & this cat isn't hurting for food, he's overweight & gets fed at home. The neighbor doesn't do anything about the situation. She used to text asking if he was here & sometimes send either her 7 or 5 year old down to get him because she didn't want to walk all the way down the hill to my house. All while accusing me of having him inside & trying to keep him. I don't know what to do to make him leave & I'm worried the stray won't feel safe here. The neighbor's cat attacked him on my back porch tonight when he finally got the courage to come up to the house after the last time he was attacked by the same cat. Any suggestions???

TL;DR:"," Neighbor's cat is a glutton, fights the other cats & won't go home!!!  How can I get him to leave my house???"
178,"SUBREDDIT: r/cats

TITLE: How can I try to convince my roommate to let his devil cats go outside?

POST: There are three Siamese cats that belong to my roommate, one is a female that is about 10y/o and spayed and declawed. The two young (under 3y/o) male cats beat her up every day causing things like ashtrays to go flying and glasses/bottles getting knocked over as well as the lady cat getting so scared she defecates. The males were just neutered no more than 3 months ago and generally wreak havoc on everything. They've chewed a corner off my study Bible (hence, devil cats), attack the dresses in my closet, scarves, yarn, they kill the outdoor plants on our screened in patio, are always on the counters/stove, they climb the screens outside, and they have repeatedly escaped by breaking the screens. Oh, and they've eaten my cigarettes! Worst of all, the male cats use my records that I keep in a milk crate as a scratching post, I now must keep them covered at all times so my valuable classic rock records aren't destroyed completely (as of now they're just damaged). 

I've tried my best to cope by keeping my bedroom door shut, keeping things covered and leaving nothing breakable near the edge of counters but they still manage to fuck shit up at least once a day. They clearly need to go outside to climb trees and kill lizards and run around without making things shatter. My roomie thinks they're fun (even though they knocked everything off his nightstand and stole his glasses, leaving them on the back patio for me to find hours later) and he is afraid they'll get hurt or lost if they're allowed outside. I say they're just fucking cats and let them be free, they're animals and they need space to act upon their wild instincts. He won't budge. The cats howl and cry all day and night. 

Is there anything I can do to try and convince him? Its so frustrating and taxing to clean up the cat's messes that I might not live here next semester despite how much I love the house and location. 

and no, the squirt bottle doesn't work, but I might try a supersoaker soon just for kicks.

TL;DR:"," my roomie's indoor cats are hyper, mean, and destructive, how can I convince my roommate it's alright to let them go outside?"
179,"SUBREDDIT: r/cats

TITLE: My newly adopted 5 month old kitties do some really weird and awkward things! What are some odd things you catch your pets doing?

POST: Greetings Redditors! First time posting and long time lurker. My husband and I adopted a couple of kittens off of Reddit a few months ago. These cats are awesome, but they do a couple of really odd things...

Circe, the female, will not let me poop in peace! Every time I sit on the toilet, she opens the bathroom door (master pick locker!) and demands to sit in my lap then crawls her way to sit on my shoulders. If I deny her, she will claw her way to the top of my shoulders! When she gets to the top, she just lies still and becomes a purr monster! Awkward but sweet.

Baltar (this is when things get weird) likes to suck his own nipples. Their mom died right after giving birth and I know this is a natural reaction. However, it does not really bother anyone until his sister starts sucking on his nips with him and he... well, he..... he cups and grabs his balls while he is doing it. To say the least, my husband gets pissed when he wakes up at 3A.M. to hear the cats doing some Lannister type activities (for all of my fellow Game of Throne nerds).

TL;DR:", Female cat is addicted to hugging me while I poop and the male cat cups his balls while sucking on his nips. What are some strange and awkward things that your pets do?
180,"SUBREDDIT: r/cats

TITLE: Some Advice Please-- Restless Indoor Cats

POST: So I'm asking for some advice (not really sure if this is the right place; it's my first time on r/cats) and I think it'd be best coming from people who like/love/own cats. If there's a better place for me to post this question, please give me your suggestions.

A couple months ago, we rented out our extra bedroom in our house to his friends: a young couple who own two cats.

NOW, I like cats. I've lived with cats for a while, but never really owned one that was ""mine"" and my responsibility. The cats I HAVE lived with were indoor and seemed happy that way-- mellow, sweet, perfectly happy wandering around inside a nice-sized house. However, these two cats I live with now, are VERY rambunctious and wild. I've never seen anything like it-- on tables, on counters, knocking over stuff, scratching things. I understand that cats do this, especially when they're still young, but usually you can train them to stop. These cats don't stop. Ever, no matter what we do. (mama-catting, using the motions sensors, scolding, ect.). They are unusually destructive. Even the rowdiest cat I ever had eventually quieted down after a few months. 

I am really the only who observes the cats much because I am home more than anyone-- I work partially from home whereas everyone else is gone from 7AM-7PM. But the point isn't that I'm sick of having to babysit them every morning. I think the cats' behavior is because they are bored and restless, not necessarily because they're untrainable. 

Could putting a cat outside solve destructive behavior like this resulting from boredom? My boyfriend agrees. Our roommates are in denial about the destructive behavior, probably because they spend next to no time with the cats. What has been your experience with rowdy cats? What did you do about it? What can I do about it? (other than the obvious-- eventually having to ask the roommates to move out).

TL;DR:", Restless destructive indoor cats. I believe their misbehavior is because they are restless and bored. I suggested letting them outside. Roommates said no. In your experience-- can going outside be a cure for this type of behavior?
181,"SUBREDDIT: r/cats

TITLE: Not sure if this is the correct sub, but I need help with a cat that pees...

POST: So I have a 3-y/o female cat which was a feral rescue kitten. She is well cared for, the usual drill... But she never really adapted to using a litter box. She usually finds a corner, and pees. Over the years we have trained her to use the litter box, but she occasionally has accidents. This one spot in particular, well I can't say it's entirely her fault she pees there but I'm having a heck of a time training her not to go there. Basically, we have a laundry room in our condo where we keep the litter box. Since it's a condo, we can't put a cat door on the door to the laundry room, so we are forced to leave it open. A few months ago, this door was closed somehow while we were away for a day and the cat peed and pooped right in front of the door. I cleaned it using enzymatic cleaner, but since it's a carpet floor, I imagine some scent remains. The cat still occasionally pees and poops there, literally 3 feet from her cat box which is cleaned often. In the past, I have used a PetSafe scatmat to deter her from doing her deed in the corners, etc, but this spot is tricky... I do not wish to deter her from entering the laundry room where her literbox is located by using a scatmat. I also am allergic to a lot of repellent sprays, and I can't seem to find something like an x-mat which is small enough to be placed over the offending area. I should also note this door she poops in front of is in a high-traffic hallway.

TL;DR:"," I have a cat that pees inappropriately, can this sub help me, or point me to someone who can? Thanks."
182,"SUBREDDIT: r/cats

TITLE: Temporary home needed for two cats ASAP (Austin)

POST: I have two awesome cats that are both about a year old. Recently, I returned to Minnesota to visit family and left the cats with a friend of my boyfriend's. Although I originally planned to return to Austin after a couple of weeks, I have had a family emergency, and have to lengthen my visit. Our cat sitter is going on vacation this Thursday (6/13), and so I have two days to find a new place for them.

About the cats: both are extremely low-maintenance and sweet. And holy shit they are cute. The boy is an orange tabby named [Homer.] He is the alpha of the two, loves attention and playtime, and is very social. The girl is a beautiful black and grey domestic long-haired cat named [Maeby.] She is shyer and is not as affectionate as her brother, but after she warms up to you she will try to get you to pet her at every opportunity. Both are up to date with their shots and are spayed and neutered. They are not declawed and are indoor cats. My previous roommate had another cat and a chihuahua, and Homer and Maeby did fine with both of them, although they avoided the dog as much as possible. I am a full time student so the cats are used to being alone for several hours during the day.

The cats are fully litterbox trained, and I will provide a scratch pad, food and water bowl, food, litter, a covered litter box, and anything else you may need. I would also like to compensate whomever is willing to care for them.

As I am out of state, we will have to arrange either a pick up or drop off with my current cat sitter. I am willing to do whatever it takes for you to trust me and feel comfortable in this situation. In return, I would like to check in via Skype occasionally to ensure that everything is going okay.

I plan to return as quickly as possible. At the very earliest it would be the beginning of July. At the very latest I would return in mid-August.

[A few more pics](

If you are interested, would like more pictures, or have any questions, just let me know!

TL;DR:"," Two cute, well-behaved cats in need of temporary home until mid-August at the latest. Please help me. I'll pay you."
183,"SUBREDDIT: r/cats

TITLE: I'm a local cat hero... apparently.

POST: I'm not sure if this story belongs in this thread but I felt it may be enjoyed (maybe enjoyed isn't the right word) so here we go.
On my way home from work, sat quite normally on the bus when suddenly the driver slams on the brakes. She had hit a cat. Now, what really interests me about this is what happened next.
Lots of people stood around looking at this dead cat, unsure what to do. I picked up the body and moved it off the road, where people told me I should just leave it. I honestly can't understand why they all seemed to believe the best thing to do was to just leave it at the side of road. Contrary to what people said, I couldnt just leave it there so I took the hi-vis jacket from the, now very distressed driver, and wrapped up this cat. Following a walk that felt like the green mile I made it to the vet where they scanned for a microchip and found one! I understand that the owner will only be getting bad news but I honestly thought they would rather know.
So after this experience I decided to have a pint at my local. I arrived there and had my hand shaken by numerous people who had been told of my exploits and wanted to thank me. Apparently being compasionate is a trait many people don't see enough of.
There isn't much of a moral or happy ending, just a story that I wanted to share. I have a cat of my own and I would like to think that someone would do the same if it were one of mine but after tonight, I'm not sure they would :/

TL;DR:"," I took a dead cat to the vet and now everyone thinks I'm awesome for some reason. Also, the general public don't appear to have any compassion."
184,"SUBREDDIT: r/cats

TITLE: Need advice: ""Stray"" w/ collar found and not sure what to do.

POST: Hey, I'm not a regular reddit user but my roommate suggested I look here for some quick help . I'm not a cat owner (fairly allergic), so this is a bit new to me. Thanks to anyone who is awake and willing to offer their advice.

I live in an condominium complex with a 4 story garage attached to it. I was out to have a quick smoke at 4 AM and heard a cat meowing at me. The cat looks young (1-2 years) and is super playful and friendly. People drive kind of reckless in the garage, especially when the don't expect pedestrians and other cars (ie. late night/early morning). I was frightened to just let the cat chill in the garage and risk getting hurt.

The cat had a collar with a phone number, but was so playful that I could barely get the phone number off it. Once i did, tried a few times but no response. So the cat is just chilling in my bathroom with me until the morning.
When i got it into the house I pulled its collar off to get a better look at it and under the number reads ""I am not lost. I will find my way home""... Has anyone here done something similar with their cat or know of people who do this. It seems odd to me. I know some cats are intelligent and can find their way home, but I'm hesitant to just put it back in the garage for reasons stated above.

What would you do in this situation? Cat and i are currently just chilling. I have water and some towels down should it choose to crash. i don't want to leave him alone in here to freak out or something. Gonna try calling the owner again in the AM, but not sure what to do should they not pick up again.

TL;DR:"," Found a cat with collar reading ""I will find my way home"". worried putting it back will potentially result in harm to the animal."
185,"SUBREDDIT: r/cats

TITLE: Does anyone have experience traveling internationally with a cat?

POST: I'm planning on moving to Korea for a year this August and really want to take my cat with me. She's very young, about a year and a half. She sort of travels well...I've moved a couple of times since I've had her and she's made trips to the vet. She handles car trips just fine...doesn't barf or soil herself or anything, but she does yell until we get to our destination and are out of the car and either home (SAFE!) or in a room full of strangers (VET-BE QUIET AND THEY WON'T SEE ME).

Has anyone flown with a cat before? What about internationally? I have read that the reason noisy travelers will quiet down when they actually get into the vet's office is because the other people/animals/noise around makes them go into a sort of hiding mode. Would that same logic likely apply to a flight? 

Also, the flight would be fourteen hours long. I know someone who has made the same trip with her cat and had the cat sedated, but I've heard it can be risky to have them sedated for that long. Does anyone know about this?

Any advice/information on flying internationally with a cat would be appreciated! 

Oh also, I would be carrying her on, there is no way in hell I would check her and let them put her under the plane.

TL;DR:"," Want to fly my cat to Korea with me (14-hours or so), would like to hear other experiences/information"
186,"SUBREDDIT: r/cats

TITLE: My kitten has no energy, I'm worried.

POST: I have an orange female kitten, approximately 12-14 weeks old. When I first got her she was a bundle of energy, as every kitten is expected to be. About a month after I got her, she began to play less, and lose interest in things.

Just last night, I was laying in bed with her and she was sleeping, when all of a sudden she starts flopping around uncontrollably. She was shaking and convulsing with her paws wrapped tightly against her face for about 20 seconds. When she snapped out of it, I made sure she was okay and she fell back asleep on my chest.  I'm guessing it was some sort of seizure, and it was really scary. 

Today when I got home, she was sleeping behind a box. I tried to play with her, and she won't even look at toys when I throw them around. Her reaction time seems to be slow, she isn't able to follow objects when they are moving. I switched her to Whiskas wet food today, and she has eaten a normal amount. She also drinks a normal amount of water. I put her in front of her food and she just flops down and isn't interested sometimes. 

 But she has no energy, and seems to be staring off into space or sleeping all the time. I'm very worried for her. I'm not sure what it could be.

TL;DR:"," 12-14 week old female kitten had what I'm guessing was a seizure, and now she is extremely lethargic and has a slow reaction time. What could be wrong with her?"
187,"SUBREDDIT: r/cats

TITLE: Dragging a bag into the litter box?

POST: Dear Cattit,

I have one cat who I rescued from a shelter about a year ago.  From time to time he'll get excited but usually he's either totally laid back or asking for food.  [Here he is.]  

I left him alone with my roommates with plenty of food and water for 3 nights this past weekend, and when I got back he still had food/water left, which is a good sign (he had everything he needed).  He was very happy to see me and slept on my bed last night.  

Usually I keep a grocery bag behind a carpeted piece of wood near his litter box in the basement, and I will scoop his poop into that and then throw it out once a week.  I left some poop in it while I was gone, no big deal.   I scooped his poop last night, and put an empty bag in its place.  

This morning after I fed the cat, I noticed that the bag had been put into the litter box and peed on.  This empty bag had been removed completely from where I'd left it, and was in the center of the litter box.  I also couldn't find the cat anywhere, which probably meant he was hiding somewhere.  I threw out the bag and left for work.  

Does this behavior mean anything?  Is the cat stressed out or something?  He shouldn't have wanted for anything while I was gone.

TL;DR:", cat puts plastic bag into litter box and pees on it the morning after I return from a long trip.  Why?
188,"SUBREDDIT: r/cats

TITLE: Help! How do I trim my cat's claws?

POST: I haven't been able to trim Tofu's claws in months. I'm worried that someday she'll get stuck to whatever she's jumping down from and rip her foot off. Yesterday, she slid off the couch on a blanket because she lost her balance and couldn't get unstuck from the blanket. She's really clumsy...

The problem is she squeaks in sadness every time I try to trim her front claws. I've tried laying next to/on top of her a little to keep her from going anywhere, but she's big and strong and scoots away backwards. I tried kneeling behind her so she has no where to go, but she squirms around too much. She hates being on her back or anything backwards slightly past vertical, so I can't put her on my lap like I do with the other cats.

I've seen videos of people wrapping their cats in blankets, but she gets really mad when I try to get her to roll over. Any other tips?

TL;DR:", My cat is going to hurt herself if I don't trim her claws. She struggles too much when I try. How do I do it?
189,"SUBREDDIT: r/cats

TITLE: We've moved to a new place and the cat is scaring us a bit...

POST: So, I'm not exactly sure if this is the place to ask but I figured this would be a palce to start. My girfriend and I recently moved from our own personal apartment to a slightly bigger palce with roommates. Our Cat (A Tailless Manx) was the only animal there. Our room mates have dogs but they very rarely come anywhere where she can see them. This alone would not be too much of a problem. I would understand if she just needed time to get to know the new place. The main concern is that she has holed herself up in a small cubby in my bed and has barely moved since we brought her here. (About 5 days ago or so.) She doesn't enjoy coming out and hisses when we try to move her to get her to at least check out the new place. On top of that we've been finding patches of fur around her cubby hole leading me to believe that she is shedding fur like crazy (possible signs of stress?) My girlfriend is really worried about her and I'm starting to get that way too. I just want to know if there is anything we can/could/or should be doing to help her out. We understand she may not go back to being fun and playful again overnight but we just want to make sure there is nothing we can do for her. Let us know Reddit.

TL;DR:"," ? Cat is stressed in new place, need help figuring out if there's anything we can/should be doing to help her ease into the new apartment."
190,"SUBREDDIT: r/cats

TITLE: New Cat Help!

POST: Hey /r/cats! 
So a little backstory:
My mother's friend told her how she was going to have to put her cat down because of how her step-son is apparently allergic. My mother, being who she is, refused to hear it and took the cat in. Well, the cat has lived at that house all her life and now she's in our house. I completely understand how shocking this is to the cat. She's found a spot underneath my mother's bed where she refuses to leave from. She will come out when you go to pet her, very loving;always head butting and laying next to you. 

I suppose I'm a little concerned if we're doing everything right. The cat, Emma, will sit next to us, as long as we're in the spot she's in. She'll eat, drink, and use the litter box (all by her spot) as well. Is there anything else we should be doing to get her comfortable and feel safe to roam the house? We have not tried to pick her up and walk her around; we believe it's too forceful.

TL;DR:"," New cat, stays in one spot, should we do anything else to get her comfortable to the house? Or is it a waiting game."
191,"SUBREDDIT: r/cats

TITLE: Losing allot of sleep from iving with someone who believes cat is suppose to be fed at 3am, please help, story inside.

POST: So every night the cat starts to run around at 2 and wakes us up sometime between 2 and 3 every night to feed it.  

when I ask her to switch the cats feeding time to 7am she always claims that 3am is his natural time and everytime she tries to switch him it doesnt work. 

She says she doesnt mind feeding him at 3am because she wakes up to pee anyways. 

Please will someone explain how it is possible to switch a cats feeding time to morning so that I can show her, she doesnt belive its possible and Im living in a hell of meows and scratches from 2-3am, I barely sleep. She says that no matter how long we put the food out at 7 he will always scratch at 3, and my senses tell me that that is completely untrue.

thanks!

TL;DR:", living with someone who doesnt think its possible to switch cats feeding time from 3am to 7am. Will someone explain that it **is** possible so that I can show her.
192,"SUBREDDIT: r/cats

TITLE: Wondering if our kitten is getting too attached to my fiance?

POST: Sorry for the long, rambling post.

So my fiance adopted an orphaned newborn kitten (she was about 3-5 days old when found) a few weeks ago and has been raising her by hand (I'm out of the country, so I have had no hand whatsoever in raising her, aside from googling a lot of kitten raising tips) with help from her dad. Riley is now about 4 weeks old, and we had a little scare today, when my fiance got home from work late and she seemed very lethargic and wasn't interested in food. After a while she got Riley to eat and she became excitable and active again, like she normally is.

That raised a question though, is she becoming too attached to my fiance? When I get back to the states, we're planning on moving, which will involve me heading to the new area while the fiance stays behind for work. Our plan was for me to take Riley down south so I could spend some time with her finally and take some of the workload off the fiance, but I'm worried now that she'll become depressed again if she has to go for a while without the fiance around. Is that a concern? By the time this would happen, Riley will be about 10-12 weeks old.
As a follow-up question, the drive to the new home will be about 10+ hours, any tips or anything I should know about driving that long with a little kitten? I'd appreciate any advice on either of these questions, also, if this is not the appropriate place for this, please direct me to where I should go? Thanks!

TL;DR:"," 4 week old kitten got temporarily depressed when apart from her main caregivers for a few hours, will this be an issue when she's separate from them for a longer time, about 2 months from now?"
193,"SUBREDDIT: r/cats

TITLE: My cat has started peeing all over my house, need help...

POST: First a few details:  our cat is a ~4 y/o male (his name is Axel), and had been a faithful companion since we rescued him 4 years ago, and has never had an accident.  We've had another dog in our house when we brought him home, and the two of them got along fine.  We rescued a puppy 3 months ago that is a lot more rambunctious  with our cat - not violent, just active.  Ever since then our cat has started peeing on towels, dog beds, and piles of clothes.  

Obviously we can't have this.  Our family dearly loves our cat, and we don't want to get rid of him OR our newly adopted dog; but we can't have cat pee everywhere.  Have any of you dealt with this sort of behavior?  Any suggestions to fix the bad habit?  This is our last ditch effort to keep our beloved kitty before we consider finding him a new home (a concept that turns both my wife's and my stomach).

Thanks in advance - sorry for the long post

TL;DR:", Cat has recently started peeing all over the house after we brought a new dog home - please help us fix this behavior.
194,"SUBREDDIT: r/cats

TITLE: Story of a shelter cat.

POST: Hey, i have been subscribed to this subreddit for a while and i thought i would share my story. 

About 4 months ago, my family cat of 15 years died of colon cancer. He was my mother's best daily companion ever since i moved away to college. After 3 months (for those who don't want to do math, a month ago) we decided to go to the local shelter to try and find a cat. 

Enter buddy. Now, here's the reason i am posting this story. In the shelter, buddy was a bit withdrawn and un-energetic. But the workers at the shelter claimed he was a 'love bug', so we adopted him. After a month in our home (i come home on weekends sometimes) he has really livened up, and the family once again has a ball of fluff to hold and love. [Picture for those who are interested]

TL;DR:"," don't judge a cat on their first interaction. In my experience, treat them with love and they will give it right back. Just takes a while for them to warm up to you."
195,"SUBREDDIT: r/cats

TITLE: Suggestions for making the most of my cat's last days

POST: Sadly, my wife and I found out today that my cat has advanced lung cancer. We cannot afford to pay for chemo and surgery, and even if we did, the chances of him surviving or having a high quality of life afterward are slim to none.

Now we're in supportive care mode. The vet wasn't able to estimate the amount of time he has left, but for however long he remains with us, we want him comfortable and as happy as can be.  

It occurred to me that if I knew I had a relatively short amount of time left to live, I'd want to make the most of it. Although my cat (I assume) can't make that same conclusion for himself, I'd still like to send him out of this world the happiest a cat can be.

We are giving him as much TLC as possible. The vet gave us free reign to feed him all of his favorite stuff, so he's got a lot of tuna juice, lamb, and chicken to look forward to. He's never been that into catnip, but I thought I'd get him some tomorrow.

If any redditors had suggestions for other things that would blow a cat's mind with happiness, I'd love to hear them.

TL;DR:"," My cat has lung cancer, and likely doesn't have much longer left to live. Looking for suggestions for making the most of his last days with us."
196,"SUBREDDIT: r/cats

TITLE: What to do with a very aggressive and misbehaving cat? Family is beginning to say we should replace him?

POST: I'm at the end of my line, reddit. I found this adorable stray a year and a half ago meowing at night on my front lawn and now this guy is becoming my nightmare. He regularly attacks me (and no one else in the family) and very aggressively bites my arms or legs (ears back and all). My forearms now look like I cut myself because of his attacks (seriously). 

I've tried pushing him away and walking away but it only agitates him more. Whenever I squirt him with a water gun, he gets upset, runs away, and then buys his time for his next attack. He also jets outside whenever the opportunity arises. He's runaway more than fifteen times now. All he cares about is food and constantly complains to be fed. He doesn't like to be pet or is anything resembling a lap cat. He's very irritable and aggressive and frankly, my family is becoming very sick of him. He doesn't seem to be warming up to us despite our attempts to really cater to his every need and my brothers are starting to suggest we just give him away or let him go rather than dish out money on a cat that seems to hate us. What should I do? He's already neutered and is well treated. No one else's cat is like this :( but I don't want to have to part with him either.

TL;DR:", Our family cat attacks me frequently (ears back and all) and doesn't like to be pet or held. He also runs away a lot. Doesn't respond well to discipline.
197,"SUBREDDIT: r/cats

TITLE: Serious issue with cat urinating & now pooping on my bed. Advice really really welcome. Looking for some insight.

POST: Well, basically today my cat pooped on my bed. I was in the room when he did it, and that didn't seem to phase him. I cleaned it up and brushed off the incident, as it was the first time that it had occurred. I thought that perhaps it was because I vacuumed earlier and it made him upset. All was well until a few minutes ago, when he peed on my bed, something which he *has* done before. I thought he was over that phase, but obviously something's not right.

I've considered that it may be stress related. His litter box is clean, so what other reason for this could there be? There's been a lot going on lately that does cause him stress, and maybe the vacuuming tonight was icing on the cake for him. That's a small thing, compared to the other stressors in his life right now.

I was away from home for a few days last week, we are in a new apartment, and my mom has a new boyfriend who plays with him roughly. I was unemployed up until a week ago, and so the boyfriend has been buying his food. He's been buying different food from what he used to eat. There are a dozen other things, but you get the idea.

I'm not sure what I can do to help him feel more relaxed, but now that it's to the point where he's defecating on my bed, something must be done. I thought he'd relax after I was home for a few days, but it looks like he's needing something that I'm not providing. Does anyone out there have an idea about what that may be? Has anyone else had similar problems, and if so, what were your solutions?

It really breaks my heart to see him like this. Any advice would be appreciated!

Additional information: He's a maine coon, about 1yr old, neutered but not de-clawed.

TL;DR:"," Cat defecating/urinating on bed, prob. due to stressors and lack of stability. Any tips on how I could help him feel more safe/content, and perhaps stop his eccentric bathroom habits?"
198,"SUBREDDIT: r/cats

TITLE: Looking for advice from the /r/cats community. Please help!

POST: For the past few months, my cat has been adverse to using the litter box. Instead, he has a few choice places where he prefers to ""do his business.""

His litter box was moved at one point, though he did use it when it was initially moved. I've tried putting a different litter box back in the old spot, but with no success. I've tried easing him into the litter box, but he does not want to go near it (his reaction is similar to that of when you try to put the cat in water- he pushes and squirms and hisses). 

My mother thinks the cat is just stupid, but I am convinced there is a reason he is not using the litter box. He gets very anxious when we bring him near it and I am just not sure what could cause this problem. I'm worried someone may have frightened him while he was in there and now he is scared to go back in it.

I've tested a few factors already- he placement of the litter box, the litter, the litter box itself- but nothing seems to work. I'm wondering if anyone else has experienced this problem. What did you do? What was the problem? I'm really at a loss, my cat is such a lovable goof ball and I hate to see him so worked up about this and it just breaks my heart when other members of my family get mad at him for something that really is not his fault. 

If anyone has any insight I would really greatly appreciate whatever you have to offer.

TL;DR:"," Cat won't use the litter box after it was moved. Don't know the cause, tried changing location back to original spot and changing the litter, but nothing has helped. What should I do?"
199,"SUBREDDIT: r/cats

TITLE: My cat has started going crazy at night, how can I make it stop?

POST: I've had Luna for about a month. She's 5 months old now, and the past few nights she has been freaking out. We bring her to bed with us like normal, she use to sleep on my pillow above my head. But now she just runs off and starts scratching our mattress (which is another new habit). She'll jump on my boyfriend and I in bed. She messes with cords and even chews on my hair. She runs up and down the hallway meowing for no reason. She use to be super cuddly and let us hold her all the time. Now she just squirms away. She brings her toys into our bedroom to play with them. And we can't shut her out because we're pretty sure she has separation anxiety. We can't do anything without her meowing at us. If we leave the room without her noticing she'll meow til she finds us, and will continue til we pick her up. She sits in front of the door when she knows we're leaving. 

She has a scratch post and more toys than I'd like to admit. She's super spoiled, and I honestly can't stay mad at her and she knows it. As punishment for keeping us awake I'm not letting her nap today. Because of Daylight Savings I got 3 hours of sleep Saturday night. I was not pleasant at work the next day. I had to preoccupy her last night so my boyfriend could get some sleep for work today.

Is it just a faze some kittens go through? Or should we be worried?

TL;DR:"," Cat either keeps us up playing with toys in our bedroom, or by meowing at the door because we shut her out."
200,"SUBREDDIT: r/cats

TITLE: Is it too late to domesticate these feral kittens? (x-posted to AnimalRescue)

POST: We have 5 feral kittens living in our backyard. We had been feeding the mother cat since she was a kitten (and yes, we massively regret not trapping and spaying her before this happened) but she didn't move the kittens to our backyard until they were around 5 weeks. They're now about 2 months old, and have become much less skittish than they were when they first arrived, but I have a feeling they're getting to the point where it's going to be very hard to domesticate them. We're facing a lot of pressure/criticism from both our neighbors and friends... they really think we should catch them and find homes for them, but I know that undomesticated feral cats don't make the best pets and it'll be hard to find homes for all of them. I'm fine with just catching them, spaying/neutering them, putting them back outside, and continuing to feed/water them, but like I said, everyone we talk to seems to think that would be cruel and uncaring of us... We plan to be doing the TNR for the colony (which is 10 cats, including the kittens) in the next couple weeks. Has anyone here had experience domesticating kittens over 2 months old? Is it hopeless, or should we at least give it a shot?

TL;DR:", We have 5 feral kittens a little over 2 months old in our backyard. What are our chances of being able to domesticate them?
201,"SUBREDDIT: r/cats

TITLE: Went to the Humane society today......

POST: came home with a new [friend]  Her name is Aster and i think shes pretty cool.

it was kinda weird.  i went to the back where they keep the cats that were available for adoption.  after a few minutes of looking at some of the cats they had, i asked which one had been there the longest.  the woman pointed to Aster's cage.  i had seen her already and noticed that of all the cats that were there, she was the only one not rushing the cage door trying to get attention.  it was like she had accepted her fate.  turns out she had been dropped off there, pregnant, 6 months ago.  she had her litter and all of her kittens were adopted already, but she was left behind.  i knew that if i didnt take her home, nobody would. everyone wants a kitten.  nobody wants a cat whos shy and maybe a little beat up.  Aster has some breathing problems, which im gonna have looked into the first chance i get.  

this is a shout out to anyone who's looking into rescuing a new cat from the humane society.  its not a ""rescue"" if the cat has only been there a week.  a true rescue is the one that is almost at the end of its stay.  when i went to the front counter to fill out the adoption paperwork and told the girl i wanted Aster, she acted surprised.  its like she never thought that Aster would find a home.  to me, that's a real rescue.

TL;DR:"," when going to the humane society, ask which cat/dog has been there the longest.  if the one they point too seems like a good fit, take it home."
202,"SUBREDDIT: r/cats

TITLE: Roommate allergic to cats need help!

POST: So I basically helped raise this cat with a friend and I get to see him very regularly but the other parent is leaving the country soon and needs someone to look after the little guy. Naturally I was first in line but my roommate is allergic to cats (when he visits our other friend with a cat, he says he has trouble breathing). I love this little guy and being a depressive with anxiety problems, having a pet could really help me out but the roommate is unwavering. Has anyone here developed a tolerance? How long did it take/how bad were your allergies? 

My argument is that it's my apartment too and the least we could do is see how it goes for a week or 2 (with closing my vents, combing his hair regularly, keeping him in my room, etc) because when I'm not home, he likes to go outside anyway. Thoughts? Suggestions? As you can see, this is very important to me. He's like my son!

TL;DR:"," Roommate allergic to cats. Won't let me get a 80% outdoor cat even if vents closed, stays in one room, etc. Tolerance development? How long?"
203,"SUBREDDIT: r/cats

TITLE: My cat destroys my furniture

POST: Alright, so I've had Logan for about six years now. He used to be an outside/inside cat from 1-4 years old, so he was never interested in furniture. I turned eighteen, packed up and got the hell out of Dodge, with him of course. I lived in your pretty normal shitty apartments to start out with, and it was furnished with shitty couches. He didn't care too much about them. But! I just moved in with my boyfriend and we bought brand new furniture. All of a sudden he's living up to his name (Wolverine) and takes it upon himself to murder our couch warranty. I've tried all the common things to deter him from doing it. Like, citrus spray, deter-spray from PetSmart, putting his scratch posts there, buying brand new scratch posts, buying millions of toys, catnip, etc, etc, etc! 

But, he still does it. What the hell am I doing wrong? Or do I just have a ridiculously stubborn feline? My last option is those weird claw cap things. But, I've heard horror stories about them. Has anyone used them with success? What are the pros and cons? How long do they last? 

If this doesn't work, my boyfriend is going to make me get him declawed, which I am highly against. I won't give him up to a shelter, that's out of the question. I've been with this little (actually, huge) guy literally from the start of his birth. Selfish, yes. But, he's my baby. 

Any other suggestions are highly appreciated. Is declawing as bad as it's made out to be..?

TL;DR:", my cat is relentlessly scratching new couches. I've tried all the common deterrents. What else can I try? Are nail caps safe? How terrible is declawing for cats? 
204,"SUBREDDIT: r/cats

TITLE: Honest question about outside cats

POST: I know some cats LOVE going outside, however, I'm really having trouble understanding why owners allow cats to free roam outside.

Aside from the fact that if your cat gets hit by a car, it will be devastating to you, it will also be devastating to the person that ran the cat over, as well as all the people that saw it.

My gf called me the other day in tears because she saw a cat run out in the street (she said it looked like it was running from something) and get plowed by a car, then she got to see it convulse and flail around before dying. It makes it worse that it was the same breed and color as our 2 cats at home, it's just something you can't shake off and I suspect that imagery will be with her for quite some time. I just do not see the upside to letting your cats free roam.

TL;DR:"," If you let your cat come and go as they please, not only are you risking an awful experience for you and your cat, you're risking ruining a lot of other people's day/week."
205,"SUBREDDIT: r/cats

TITLE: My kitty is very sick and I've got no support.

POST: She started throwing up two days ago, but she was acting fine about it until yesterday right after I got home from work.  That's when the strange ""I'm-not-okay"" behavior started.  

I ended up taking her to the animal ER (where there were nothing but pictures of vets with dogs on the walls, but I digress.)  The x-rays were inconclusive and they wanted $1100 to keep her overnight.  They prepped her for outpatient treatment overnight (fluids and anti-nausea meds) and I took her home.

The only thing the vet really said, and he was clear that nothing was definitive, was that it looked like she had a blockage in her intestine (probably due to her eating things she shouldn't, as she's been well-known to do).  And apparently if that's the case then surgery is the only solution, which is lots of money that I don't have.

I'm really freaked out, and I love this kitty more than I love anything else in this world, and my boyfriend has been less than supportive about this (""Well if she does need surgery, we don't have the money for that."")

Can someone please tell me this will be okay?  I don't care about the money, I'll go into debt to keep this kitty healthy and happy.  She's only 9 months old, and such an amazing cat.  I just need someone, anyone, to tell me that she'll be alright.  Any stories of kitties in surgery with happy outcomes are very much appreciated as well.

TL;DR:", My kitty is sick and very probably needs surgery.  Please share good stories where kitties get sick or have surgery and end up happy and healthy.
206,"SUBREDDIT: r/cats

TITLE: About to Adopt a 2 y/o cat, and take him on an 8-hour car-ride. Any tips? (x-post from Ask Reddit)

POST: My gf and I have been volunteering at the local Humane Society (cleaning up after the cats and spending time playing with them). For some side-information, I have never owned a cat. My gf has had cats pretty much all her life. Anyways, we have fallen in love with one of the cats at the HS. He's about 2 years old, and has the most beautiful long grey hair. We contacted the HS and put him on hold.

Our current apartment does not allow cats. I recently got a job in a city about 8 hours away. Since we can't keep him in our current apartment, our plan is to pick him up as we are leaving town. I feel as though this might give him a rough first impression of us.

Does anyone have any tips on how to make the 8 hour drive go smoother for him? We plan on buying a large cat carrier for him to ride in, and putting a soft blanket down in the bottom of it. What about when he needs to go to the bathroom?

TL;DR:"," Adopting a cat from the Humane Society, and immediately taking him on an 8-hour car drive. Need some tips!"
207,"SUBREDDIT: r/cats

TITLE: Stray cat with (at least) 2 kittens on roof...

POST: So last night I thought I heard a kitten outside, but couldn't find it despite looking around for a while this morning. Today my wife found them when she noticed our cats were looking up by our back door. There is a mom and as best I can see, two kittens. We called our vet, and the they suggested that we try and gain the cat's trust with food or treats if it's domestic to try and get it off the roof. But if the cat is feral, to leave it be and to take the kittens when they are older.   

Now, the cat doesn't seem too aggressive when I take a peek at it, but it's hard to say. As the title says, it's on a tin roof over our patio and under the main roof's overhand. The way our condo is built we cant get on the roof and reach the cat. And the cat is deep enough on the tin roof that we can reach it that way, the tin roof wouldn't hold a lot of weight and would easily collapse if someone tried to climb on there. So there's no easy way to reach the cat or the kittens. I've built a long contraption to try and feed the cat, but so far it doesn't seem to keen on canned food. We want to be sure the mother is eating too, after all the kittens depend on her. 

So any ideas Reddit? Unfortunately it seems like we'll just have to wait and see what happens, but I'd hate for something to happen to the kittens up on our roof. There are other cats that roam our neighborhood, and it's not uncommon to hear a fight at night. The kittens are probably under a week old because we didn't hear the mewing until last night (so heck, they could be a day old). Sooo yeah.  I'll post picture if I'm able to.

TL;DR:"," Cat (stray, possibly feral) had kittens on our roof. We want to make sure nothing bad happens to the kittens or mama."
208,"SUBREDDIT: r/cats

TITLE: Help! My mother wants me to give my cat away because he has the tendency to get too feisty!

POST: My cat is 4 and a half years old. I got him when he was only weeks old. I had at the time, recently lost my previous cat (I believe that something got him when he was out one night). My aunt gave him to me to make up for the cat that I had just lost. He was also too young to be given to me.  I was still bottle feeding him then.
  Anyways, He has always had a problem with being too feisty. One second he will be playing. Then suddenly he will latch on. He digs his nails and kind of bites.  It hurts a little, but it doesn't usually break skin. That is unless you yank away.
   How do I break these violent tendencies?! I really don't want to give away my cat. He is my baby. I have raised him. And I personally don't have the same problem with him as she does. I just don't want to give him up!!

(for those

TL;DR:"," 's  My cat has a way of getting too riled up and actually hurting me (sometimes but not usually), and my mom. How do I stop this behavior??)"
209,"SUBREDDIT: r/cats

TITLE: The shelter found my cat, but I don't want him back in. (story in description)

POST: First - I have owned cats for the past 15 years and love them to death. I've always taken good care of them and had a blast in the process.

After my oldest died, I decided to adopt a new one. I found a local no-kill shelter near me that had an outdoor enclosure where the cats could roam. I hung out with them for a bit and picked up a nice 8 month old black cat who I named Stuff.

When I brought him to my apartment he hid immediately. I was used to this though - pretty common. But he was eating the food I put out and using the litter box. 

Then one day he escaped. Literally crashed through my screen door. I looked around my apartment complex, but couldn't find him. I put signs up and met other people in the complex who fed cats. After a few phone calls over a couple weeks I managed to catch him. 

Bringing him back into the house was even more traumatic, and he managed to escape again when I opened the front door. I gave up on having him as an indoor cat at this point - it just seemed he wasn't interested in it and probably had a negative imprint on me.

So I put food and water out on my balcony for him and a couple other local cats to have. 

It's been like this for several months, and today I got a voicemail from the same shelter I rescued him from. They have my cat now somehow. I haven't called them back, but at this point I really don't want to take Stuff back. I don't think it was a good fit (i'm in a complex along a busy street) and maybe a home with a yard would suit him better.

I really don't want to come off as heartless, and am also not even sure if I'm allowed to decline if they offer to return. Isn't he my property now? If I don't take him back will I get put on some sort of blacklist? I feel like I did everything I could in this situation, and it just didn't work out.

TL;DR:"," I wanted an indoor cat, got an outdoor one. The shelter picked him up and I'm afraid they're going to want me to take him back in."
210,"SUBREDDIT: r/cats

TITLE: Is it stressful on cats when being placed in a new environment?

POST: My girlfriend and I have a cat.  Her mother, who lives 45 minutes away has two.  Every time any of us go out of town, both my girlfriend and her mother insist on hauling the cats to each other's houses.

The result is always the same - hissing, confusion, and obvious stress.  

I was told years ago by a vet that cats are territorial and moving them to a new environment, especially if other cats are present, is very stressful and should not be done.  My girlfriend and her mother insist that their cats cannot possibly be happy being left alone for several days or more.  They go ballistic on me when I suggest not moving them around.

I just spent 20 minutes googling for a reliable source to confirm the stress issue, but I can't find much of anything beyond about.com and random blog articles confirming as much.  

What is the wisdom here in r/cats on this?  Any reliable sources either way?

TL;DR:", GF and her mother insist on moving their cats to each other's houses all the time.  Seems to really stress the cats out and refuse to acknowledge it.
211,"SUBREDDIT: r/cats

TITLE: girl kitty peeing everywhere - halp!!

POST: so i told my friend i would post this for her. she has a pair of kitties who are brother and sister. liza, the girl kitty, has always had the same issue - i'm going to venture that the kitties are about 5 years old - of peeing in the sink. it's mostly in the bathroom sink. it completely rusted and disgustified their drain in their old sink so they replaced the sink, and since then she's still done it. if there is cardboard left out, anywhere, she'll pee on that (they just got a kitty emery board and it was peed on), if they leave one particular closet open, she'll pee in it. my friend just had to throw out two pairs of shoes due to cat pee. she'll also pee on any laundry left out in a basket. she's also been known to pee on guests' purses. 

they have spoken with their vet about the issue and he has no ideas. they've changed the type of litter, tried two litter boxes, moved the litter box to a different location, they tried some scent coverup stuff, even pepper in the sink. you name it, they've tried it. she still pees. 

they love their cat so much and will deal with it because they're devoted cat parents, but they are certainly tired of it. i did suggest that they get a second opinion from a different vet, but i also promised her i'd ask /r/cats! so pllleeeaaase, if you have any suggestions, she's game on trying anything!

TL;DR:", girl kitty pees everywhere (particularly the bathroom sink) and they've tried every suggestion in the book - help!
212,"SUBREDDIT: r/cats

TITLE: Why does my cat pee on the bed?

POST: I have two cats, a 3 yr old and a 1 yr old. The 3 yr old, who is neutered, has an issue where if we leave the bed uncovered, he will occasionally try to sneak into the bedroom and pee on the bed. We get around this by both covering the bed with a plastic tarp, as well as propping up a room divider in the doorway (our bedroom has no door). The problem with the room divider is that that cats see it and go, ""what's in there??"" and can nose it open if they really want to. The tarp works well enough except for it being a hassle to take on and off every day.

But here's my question. Why does he do this? I'm POSITIVE that the issue is psychological, not physical. He has no bladder control issues, he never pees anywhere else except his box, he has no trouble or discomfort urinating, etc etc. He is young and in perfect physical health. We've taken him to the vet who confirmed that he seemed to be in perfect health, and had no real guess as to why he does this. 

He's trying to send us some sort of message, but we have no idea what. When the bed is covered with the tarp, he has no interest in being on it or in trying to pee on it. 

Anyone have any thoughts as to why he may do this?

TL;DR:"," One of my cats pees on the bed sometimes if he gets the chance to, and we're not sure why. Has anyone else experienced this?"
213,"SUBREDDIT: r/cats

TITLE: Need advice: My ex is getting rid of the cats we adopted together, but my gf already has a cat

POST: Here's the quick story: My ex and I adopted two litter mates together 5 years ago. We each had a favorite: her's was Suzie and mine was Freida. We split up, I moved out, and she kept both of them because I moved into a place that wouldn't allow animals. By the time I got my own place and floated the idea of getting Freida, she said she didn't want to split them up. 

Fast forward. My new gf moved in last winter after we'd dated for a year and a half, and brought her super sweet cat Noreen with her. She's had Noreen for 8 or 9 years. Things are going great and we just started talking about adding a second cat. 

Then I get an email from my ex saying she's giving Freida and Suzie away due to ""health reasons,"" and wanted to see if I wanted to take them, since they're technically mine, too. I talked it over with my gf, and because we live in a smaller place, and she's worried about Noreen getting ganged-up on, we don't think we can take on two more cats. I wrote back to my ex and said as much, but said we'd love to take Freida on a trial basis and see how she and Noreen get along. 

Ex wrote back that she isn't ""100% against"" splitting them up, but would rather not have to find a new home for Freida if she and Noreen don't get together. Now I'm in a tough spot: ex is going to give them away to strangers unless I change her mind. 

What should I do? Offer to take them both and see how it goes? Say I'll take just Freida and, if it doesn't work out, I'll figure out the next step? I'm really mad because I feel like I'm trying to do the best for everyone and being empathetic, and my ex is simply trying to take the easiest route possible. It's pretty much a microcosm of our relationship.

TL;DR:"," Version: My ex offered me our old cats she's now getting rid of, but my new gf already has one, and I want to take only one but my ex refuses."
214,"SUBREDDIT: r/cats

TITLE: I don't know where to post this, but my rescue cat is letting me touch her for the first time

POST: Hey. I don't know if this is the right sub and sorry for the Instagram link? But it's the only thing that would upload videos on my phone.

A bit over a year ago, my moms cat died. She adores this cat and he himself was a rescue when she stole him from a neighbor when they wouldn't give him medical care. Unfortunately his wounds caught up with h as he aged, and he died at a good old age of 9.

She got him cremated and put into an urn because he meant so much to her. While picking up the urn at the vet, we met a wild little kitten.

The kitten was born and had lived outside a bread shop and was the only cat out of the group that they felt could be homed as the rest were too wild. I paid 90 dollars for her immediately and signed a contract that said I wouldn't declaw her.

Being tame enough for a home didn't mean tame. She's an outdoor cat and our attempts to keep her indoors ended up with our own blood and ripped up windows. So we decided to let her roam since she comes home to feed. Unfortunately she has long hair so her roaming means burrs which means she sometimes comes back with torn fur, so we keep her shaved short.

Anyway,

TL;DR:"," she's never been one for being touched. I just got home from university and tonight, she came and cuddled me. I am so proud that she did this and can be touched without freaking out."
215,"SUBREDDIT: r/cats

TITLE: Advice on caring for a five-week-old kitten?

POST: Hi, guys! Not entirely sure if this is the right place to post this, but I am going to take a chance. :) We recently acquired a four-week-old kitten from an abusive home and we are a bit concerned about his behavior. We have had him for a little over a week now and he seems to be settling in okay. He is fed and watered regularly, and the difference we have seen in nine days has been extraordinary; he is a whole new kitten. He does not mewl constantly anymore, he purrs when he sleeps, and he is steadily gaining more confidence.

However, he is a very aggressive little guy. We bought toys for him and he seems to enjoy playing with them, but that doesn't stop him from constantly attacking our feet and hands. He doesn't seem to like being stroked either, and wriggles away from touch. He is scared of everything.

I'm not entirely sure how to approach this. I want him to feel happy and safe and loved in our home, but we can't let him keep scratching and biting us. Is this normal for a kitten, or a kitten from an abusive home? How do we stop him from being so aggressive? And how can we make him feel safer?

TL;DR:"," Adopted a baby kitten from an abusive home, and he seems to be very aggressive. How do we stop it?"
216,"SUBREDDIT: r/cats

TITLE: I own a cat in an apartment that says no animals

POST: and have had my friends call me stupid for it. 

However, the little girl needed a home. No one was taking her, and the original owner had to leave town. If I hadn't taken her, she would have been left on the street or given to the pound, which was already overpopulated with cats.  She's 2, had her shots, and was fixed.

I've had her for about 6 months now, and I'm moving into a pet-friendly apartment this summer when my lease is up. She's quiet, doesn't hurt anything (except my couch, she took a liking to it and the side is...well, a little worse for wear now), and has become my best friend. She sleeps with me at night and sleeps on the back of my chair/shoulders while I am on the computer.

My question is, am I in the wrong? If I am found, I could be fined, the cat could be taken away and given to the pound, and I could be kicked out of my apartment. 

If I'm not found, then in about 5 months we'll be living in a new apartment, and I'll have what I consider family. She's really helped ease the loneliness of being up here alone, and there have been times I don't know what I'd do without her.

Obligatory pics:

TL;DR:"," I have a cat in a building that doesn't allow it, but I'm moving soon to one that does. Am I stupid?"
217,"SUBREDDIT: r/cats

TITLE: Conundrum about neighbor's cat

POST: My neighbors in my condo complex have a very cute, very hyper cat.

Since he was very small they've basically let him have the run of the complex (which is bothersome enough because of cars/etc).

However at least twice he's been badly injured (not sure what happened the first time, but the 2nd time he got a hole in his belly trying to get unstuck from the 2nd floor roof).    They will take him to the vet, get him stitched up, etc, but as soon as he's better, he's back outside.

He meets me at my back door every morning asking for food (I don't know if or how they feed him) and then again when I get home, he walks back to my door with me and sometimes tries to come inside (no can do, due to excess kitties already).

It's been getting into the 40's (f) overnight and will keep dropping as the season goes on, and he's stuck outside all night.  I put a plush bed in the backyard of my condo and I'm not sure if he uses it but I'll have to pull it when it starts to rain.

I'm so f'ing confused, they obviously have paid probably a thousand dollars or more on vet bills, but there's no sign of them taking care of him in any other way.

Honestly, if I didn't already have a ton of cats, I would just encourage him to come in, at least at night when it's cold, but that's not really an option. 

I guess I'm just looking for any advice the great /r/cats people of reddit might have.  I've thought about confronting the owners but it's not exactly that kind of neighborhood and I don't know them at all.

Thanks!

TL;DR:"," Neighbors have cat, leave him out 24/7, don't seem to feed him, but will take him to vet when hurts himself"
218,"SUBREDDIT: r/cats

TITLE: Help! Four month old kitten is peeing on my bed

POST: About two months ago my husband and I got a kitten.  Everything has been going fine, except for my older cat being a little cranky about the new kitten, but a couple days ago she peed on the bed!  I admit that the litter boxes(we have two) could have been cleaned more often, so we figured that was the problem.  We have been a lot better about cleaning the litter boxes, they probably got cleaned at least once or twice a day.  Three days later, she pees on the bed again.  

My husband was furious and wants to get rid of the kitten because she's also clawing the furniture(although she finally started using the scratching post right before she started the bed wetting).  I think we should try and fix it before we consider giving her up, but I don't know what to do, my other cat was a very different kitten.  I've drenched the bed in a spray that has an enzyme formula, so hopefully that helps.  The other cat has an on and off problem with peeing outside the litter box too but she has only ever done it on clothing that is on the floor.  

I'm trying to think of any other important info....Oh, she's very headstrong and kind of does whatever she wants.  We spray her when she's doing something we don't like, and she'll run off but 10 minutes later she's back doing the thing we sprayed her for.  I don't think my older cat is stressing her out because the kitten is already proving to be the alpha cat.  The older cat is vocal when she's bothered by the kitten, but as soon as the kitten makes a move towards her she runs away.  That's everything I can think of, I hope someone has some advice for us!

TL;DR:"," Kitten pees on bed, doesn't seem to notice that we got the message and the litter box is clean now, pees on bed again. :("
219,"SUBREDDIT: r/cats

TITLE: Any advice on how to make a cat that used to be and outdoor/indoor cat a more happy indoor cat?

POST: My cat Ooggee used to have acres to rome over when we lived back in Oregon, now we live in Georgia and I have made her a permanent indoor cat. She has gained lots of weight and doesn't seem very happy. She's been an indoor cat for over a year now and still scratches at the door saying she wants to go out. It breaks my heart to hear her cry. I have gotten her toys to play with but she doesn't seem very interested in them except on the special occasion that she gets a bug in her butt. I have also put her on really good diet food and got her a laser pointer and she likes to play with that for about five minutes but not much longer than that. She has a cat post to scratch on and sit on to look out the window, cats love blinds haha. And soon we are getting a puppy to add to the family so maybe that will help since she's never been a single cat. Can you suggest anything else to make her happier and healthier?

TL;DR:"," Cat used to be outdoor/indoor. Now she's permanently indoors, how do I make her happier and healthier? "
220,"SUBREDDIT: r/cats

TITLE: How to treat feral cats that you want around?

POST: I live with my boyfriend occasionally and recently his apartment complex has had apprx 6 cats come by.  He is allergic and can't have cats, but he is happy to help me keep the cats company so I can sorta have a cat of my own.

However, I have heard many stories from searching on reddit about feral cats and the problems they pose.  I really wanna keep them around because I loooove cats, but at the same time I do not want anything bad to happen (my boyfriends dad owns the apartment complex, so if I did something bad it would stick around a while).

Any suggestions? Should I feed them? I gave them some old tuna cans we had eaten out of a few days prior and some old chicken, but nothing besides that.  Do they pose a danger as far as diseases? Should I avoid them?

TL;DR:", A few feral cats were around my bf's last night and I wanna befriend them.  Is this a good idea?
221,"SUBREDDIT: r/cats

TITLE: Shower instead of Bathe

POST: I've taken three cats into the shower with me now. 

The first one I started when he was little, and he's fine with it now. (He has a terror of water usually, so it's a big thing for him not to care about going in the shower.) The second was one of my bf's parents cats and, though she made quite a bit of noise, she didn't freak out like I see so many cats in videos do when being placed in a body of water. Yesterday, I took another of my bf's parents cat in with me. He's quite a large cat and I wasn't sure that it was going to end well. Lo and behold - he was an angel. Within 10 minutes he was washed and being toweled down. No scratching, no freaking out at all. This is a 4 - almost 5 - year old cat who's never been bathed/showered before in his life. 

Unfortunately, I don't have any pictures at this time - I was more preoccupied with the cats than the taking of pictures TBH - but I'll wear a swimsuit next time and get my bf to take some pics. =)

TL;DR:", Take your cats into the shower with you! Freaks them out a lot less than putting them in a still body of water. 
222,"SUBREDDIT: r/cats

TITLE: New cat won't eat - starting to get worried

POST: Hello!

I did some searching around for a subreddit to ask this question in, but this was all I came up with. If there is a better place to ask this question, please direct me there!

On to the actual question...

On Friday, my girlfriend and I adopted a 3-year-old cat from her grandmother as we moved into our new apartment. We set her litter box up in the spare bedroom along with a bowl of water, wet, and dry food (the same brand she ate at grandma's house) and have been keeping her shut in this room. 

At first she was understandably extremely scared of us and cowered into the corner, but we tried to spend time in the room just talking to her and getting her used to our presence. She began to warm up to us and when we sit in the room for a few minutes, she'll come up to us and let us pet her for as long as we want. Yesterday we even got her to play with some toys we put out. I've cleaned her litter box every day so far, and she has been ""doing her business"" in there.

The concerning part is that she has not eaten since the morning we picked her up (Friday, Aug 21st). We have tried giving her fresh wet food on a few occasions and have offered her treats. She sniffs them a little bit and then seems uninterested. Last night she licked her wet food when we set it out but then turned away.

I've googled the issue and read many responses about some cats needing a long time (weeks in some cases) to come out of their hiding spots. All of them said that when they feel comfortable, usually at night, they will come out to eat and ""do their business."" This just seems very odd to me, because she is obviously getting comfortable enough with us to come out of hiding, but still won't eat.

This turned out really long, but my question is should we be concerned? When should we contact our Vet to get some suggestions?

TL;DR:"," New cat (3 yrs old, had her since Friday) will come to play with us, but has not eaten anything. Should I be concerned?"
223,"SUBREDDIT: r/cats

TITLE: New Cat is too ""alpha cat"" for my kitten. [Pictures]

POST: I adopted a small, gentle, passive, weak and clumsy kitten in December. She really opened up (after living in the top back of my closet for 1 month straight) and we became BFFs and she sleeps on my chest. 

Three days ago I adopted a new cat about the same age (11 months) that was very outgoing and easily adaptable. When he got here, he had 0 seconds of downtime, surveyed the place for 10 minutes, then plopped down in the middle of my bed and licked his butt. 

My kitten looked on aghast at the ""alpha"" style of this new cat. Since then they have been vying for my attention especially this mouse toy. My concern is that the [new cat] is just too cool for my [beleaguered little guy] I actually love the fact that my clumsy shy kitten is actually so very thoughtful and the way she meeps instead of meows. The new cat loves to door dash, and when she plays the mouse on the string game, its like Serena Williams.. So fierce. 

Whenever I play the mouse on the string game with my kitten, the new cat runs in and just butts in and plays with the mouse and totally ignores/doesnt care about my kitten. Meanwhile my kitten is looking at me for help. Argh. Not sure what to do? I can give back the new cat to the shelter, but I feel that the new cat is actually helping in some way to my kitten about socializing or being stronger. Not sure. reddit?

TL;DR:"," New Cat is the football jock, not intentionally mean, my kitten is a perpetual beleaguered baby. The two are an odd couple. Wat Do?"
224,"SUBREDDIT: r/cats

TITLE: 18-month-old Bengals have started spraying, help please! (X-Post from /r/bengalcats)

POST: Hello guys! My parents have two 18 month old Bengals from the same litter; both snow, one spot and one marble. They're kept as indoor cats, and both are neutered. We also have a 14/15 year old cat who is an outdoor cat, but she doesn't get along with them too well and spends most of her time outside now.

Both have recently started urinating in places other than their litter tray, and occasionally spraying (I think I'm correct in thinking there's a difference between spraying and just normal urination?).

Until now they only had one litter tray between the two of them and they seemed absolutely fine with that setup, our third cat obviously does her business outside as is her preference. We've introduced another litter tray into the house today to attempt to get them to stop, as I've read online that not enough litter trays in a multicat household can cause spraying.

I'll feed back as to whether that works or not, but I was wondering if anyone had experienced this with their Bengals and how they'd dealt with it? I was also wondering if there was perhaps a more specific reason for it though, I'm not sure if it might be to do with their age or something.

TL;DR:"," Does anyone know any reason why our Bengals have started urinating outside of their tray, and any ideas for how to stop them?"
225,"SUBREDDIT: r/cats

TITLE: Got a kitten for my son, now I might need some advice.

POST: My husband and I aren't cat people. Neither of us have ever owned a cat. When I was little, 2 or 3 my mom had a cat that attacked me at every opportunity, so, embarrassingly I have to admit I've always been terribly afraid of them. Anyway, my son absolutely adores cats/kittens and has begged for one for about a year. His 7th birthday was yesterday. My husband and I agreed that we would get him a kitten. He's still too little to leave his mom but we'll pick him up in a couple weeks. My husband and I have always been adamant about declawing a cat, until last night that is... while my 7 year old & I were learning all the things we need to buy we started reading up on declawing. I always assumed they removed the nail so it would no longer grow, instead i found that they cut off at, whats essentially the first knuckle of yours and my fingers. Which is a little disturbing but ok.... then I read that 30-40% of declawed cats aquire behavioral issues including refusal to use a litter box. So now there will be this cat that we just cut off part of his ""fingers"" who Cannot go outside not having anywhere to relieve itself in my house!  So what im looking for is, how difficult is it going to be to keep this kitten from clawing at furniture & people, are kitty caps (i think theyre called)the little rubber caps for their claws.. safe, humane and do they work? What kind of scratching items will he need? I read that carpet covered posts aren't useful, cats dont like them...  someone help!

#

TL;DR:"," first time cat/kitten owner, knows nothing about having a cat. all advice, ideas, and warnings are welcome"
226,"SUBREDDIT: r/cats

TITLE: HELP!!! Just found a stray kitten and we don't know what to do (not karma whoring)

POST: I'm hoping with the abundance of cats on Reddit people will be able to help. My partner was out getting the sunday paper and just stopped because a kitten was struggling on the side of the road. It might have a broken leg (doesn't seem to be able to stand), but its also very young.

We have a stroller for our dog and some guys helped her get it into the stroller, and then she brought it home so we can get it to a vet/animal shelter.

We gave it some milk and tuna in a saucer, but it hasn't eaten any of it yet, then put a small blanket on it and zipped up the stroller so it feels safe. It meowed once and hissed a few times so far and is definitely skittish.

What should we be doing to look after this thing?  I have no need or want for a cat but don't want to see it die on our watch.  Please help!

TL;DR:"," Found a kitten, endless streams of people karma whoring saying they've found kittens has not prepared for how to care for it until we can get it to a vet."
227,"SUBREDDIT: r/cats

TITLE: Cat pee trouble - advice needed!

POST: Hi all,

I need (quite desperately) some advice on how to deal with my cat Zelda (hi Zelda:  She's now 6, super lardy but healthy, friendly and fairly agile despite her weight. The only problem is her unpredictable peeing habits. 
She doesn't like any type of litter - except newspapers on a flat plastic tray - so she has two of them now. Usually she's okay with using them, except for times when she would leave a big smelly puddle in:

- one particular corner
- sofa (which I have cover with tinfoil for the night)
- her own blanket 

This doesn't seem to be caused by any special factor like stress, illness or hormones (she's neutered). The vet mentioned she's got a sensitive bladder, and gives her injections every month; she's also given food for sensitive cats. I'm afraid the unpredictable urination patterns may be a behavioural thing, Zelda appears to be a fluffy dominatrix who likes to get full attention and subtly control her hoomans. Anyone could offer some advice? Much appreciated!

TL;DR:", cat (f) usually uses her litterbox but sometimes doesn't want to and pees on the floor/furniture. HELP
228,"SUBREDDIT: r/cats

TITLE: Help!  My cat acting strangely!

POST: About a week ago, my one-year-old cat seemed to be very sensitive to touch around his left ear and shoulder.  I thought he had just hurt himself and didn't think too much of it.  Now he still seems to be hurt in some way, but is also very lethargic and somewhat glassy eyed.  All he wants to do is sleep (and I've been letting him), and when he moves to go eat or something, he moves incredibly slowly as if he's totally stiff.  He had been playing quite a bit the past couple days (although still acting a little unusually), so I expect he was a little worn out, but he's definitely acting sick, and I'm not sure what's wrong.  Any ideas?

TL;DR:"," My cat is very lethargic and sleeping excessively, and may have some pain.  What's wrong and how can I help?"
229,"SUBREDDIT: r/cats

TITLE: Cat experts of Reddit, I have a question for you!

POST: I posted something similar in askreddit, only person to comment told me to try here. Fingers crossed!

 My mom currently has 4 cats: F, S, A, L. F is the oldest male, and is very skittish around everything. S is the father figure of the house, having raised two cats now. A is the first cat raised by S, and she can hold her own, but she prefers to avoid conflict. L is the youngest, second raised by S, and is a brat.

All 4 currently have worms (trying to get money to have all 4 treated) and I know that can cause the problem we are having: the cats all are peeing around the house. However, I don't think worms are the problem. Recently, I've found out L has a lot of fun chasing the cats out of the litter boxes when they go to do their thing. 

We have 4 litter boxes, and all are in low traffic areas in the basement. Do you have any suggestions to stop L from wreaking havoc? And do you think that will get them to stop peeing now that the house has the lovely aroma of cat pee? Side, bonus question, do you know how to get rid of the smell of pee? The best we've found is baking soda.

TL;DR:"," 4 cats have worms, may cause them to not pee in box, but also youngest of 4 likes chasing them out of box. Suggestions?"
230,"SUBREDDIT: r/cats

TITLE: roommate's cat peed on the kitchen floor. What could this mean/indicate?

POST: I've never lived with a cat before, but recently moved in with a couple roommates, and two cats. Here are whatever details I can conceive of that might have to do with this unusual behavior.

One is a pretty old tabby, not outdoorsy, and while talkative, he is very particular about being petted, and immediately resorts to fighting you if you hit any of the 90% of his body that is the wrong spot to pet. He does not like being picked up at all. He's got a hanging gut, too.

The other guy is about a year old, almost entirely black with white paws, and chin, and still seems kind of like a kitten, developmentally. Roommate found him outside as a kitten. He really likes to get outside, and methodically scratched through every last remaining screen in the house. He's entirely comfortable with being picked up, held, and petted from head to tail to paws.

I've since taken to carrying him outside several times a week, because he seems so anxious to get outdoors. While at first I would escort him around our yard, the last time I did so he immediately ran off and disappeared for hours, so now I don't let him out of my arms.

Anyway this morning I awoke to a pile of cat pee. This was in our breakfast nook, far away from the litter box. Not sure if this explains it, but the spot where he peed was right where the spigot of our water filter hangs over. Occasionally that area gets unintentionally splashed water, and we often throw kitchen towels right there to soak up the water.

The old tabby has had some stomach issues lately (cat puke) and the young dude has been increasingly anxious to get outside.

Whose pee do you think this was? Why do you think he peed there?

Thank you in advance for reading through such a detailed description of cats and pee.

TL;DR:"," trying to figure out why a cat peed on the kitchen floor, and go into excruciating detail for those of you brave enough to muck through."
231,"SUBREDDIT: r/cats

TITLE: Need advice from r/cats

POST: Dear r/cats, I have a question for you. I am leaving on holiday for two weeks and can't take my cat with me. I can now choose to have someone else come and take care of my cat at my place (a pretty small appartment) or bring it to someone else's house where they would take care of it. The problem is: my cat gets pretty anxious when it's in an unfamiliar surrounding with people it doesn't know that well, so I would prefer it to have someone come to my place every day. However, my mom thinks it is cruel to keep an animal locked in a small appartment for two weeks (even though the cat doesn't go out anyways). What do you guys think is best for my cat?

TL;DR:"," i am on holiday for 2 weeks, leaving anxious cat behind in small appartment. Should I let the cat be taken care of at my place or bring it to a friend's house?"
232,"SUBREDDIT: r/cats

TITLE: It's breaking my heart thinking that I may have to leave my best friend,my baby behind :'(

POST: September 2011 my partner and I after much thought decided to get a Bengal kitten from a breeder. As we're both a long way from our home country (Australia) it was the best decision we made. We named him Ocelotl and he is the love of our lives from the minute we met him. [Imgur](

He has us wrapped around his little paw and despite the fact that Bengals aren't typically ""lap cats"" he loves to spend time with us when we're home in the afternoon cuddling up in our arms. 
[Imgur](

We've done our utmost to ensure that he is healthy and happy, sometimes putting his needs over our own. 
[Imgur](
And funnily enough he's done the same for us when we've been sick and at home.
[Imgur](

Recently my partner and I made the decision to go home to Australia and thinking that it would only cost us a couple hundred pound to fly Ocelotl home with us, we began to look into it. We found out the actual price was £2,500 and the various shots and blood tests that he will have to undergo in order to eventually bring him back would take months of saving and preparing.
We'd like to ideally leave in April 2013 when my partner's visa runs out which is a realistic time to for us to save enough money to hopefully soon buy our own tickets home but unfortunately I can't say the same for Ocelotl. Unfortunately the visa my partner is on & the employment market in the UK not being great, finding alternative jobs is out of the question.

At this point I'm crossing my fingers and hoping for some kind of miracle to happen.

TL;DR:", My partner and I own a bengal cat which is like our baby and we're heading home in April and might not be able to bring him with us :(
233,"SUBREDDIT: r/cats

TITLE: OMG! Mother cat found her lost kittens after 17 days! So Happy Today :)

POST: We have many cats in our home and one of them gave birth to her first litter of 2 kittens in our home . Now we have a soft toys manufacturing business and our veranda is filled with big sacks filled with cotton and industrial cloth(raw materials).

So the mama cat moved her kittens in between those sacks after giving birth. Since she was raised in our home by her mom , we thought she would eventually move her kittens into our home.

But suddenly after 3-4 days we found the place empty and we thought she must have moved them elsewhere but we couldn't find the kittens no matter where we followed her. :( We eventually arrived at the conclusion that she lost her kittens as she was spending most of her time in our home as usual . We didn't think the kittens where still there as they made no sound etc.

We were very sad for the mama and recently we saw that 4 of her mammary glands became swollen and her glands became semi hard, formed a plate as no one was there to suck her milk. We were beginning to worry as she became restless and still used to search for her kittens and cried randomly .

Today after almost 17days  my father cleaned the veranda and suddenly found those 2 kittens alive. Both of them alive and strong ! :D I thought they were already dead because they couldn't drink any milk but it's like a miracle .

I'm so Happy for the family now. They endured such a cruel fate and we all are also ashamed a bit for not searching thoroughly in the first place .

Here is a pic of them I took today

TL;DR:", Cat lost her first kittens after 4 days. Her mammary glands became swollen and hard. Found them after 17 days alive. Both of them alive and strong.Miracle!
234,"SUBREDDIT: r/cats

TITLE: I have recently become responsible for two 5 week old kittens and I need advice

POST: I have never owned a cat before but for some time I have had a porch cat that spends her time between outside and in my garage (I have a crawl space under my house that leads into the garage where I keep her food) and she had kittens 5 weeks ago.  There are four of them and I noticed yesterday that two of them have figured out how to follow her outside of the garage and the other two were just crying in my garage wandering aimlessly.  I haven't seen the mother since.  I brought them inside and they seem to be enjoying it for the most part and enjoy cuddling up on the couch with me and exploring the house.  I have an empty bedroom where I set up a box with a blanket in it for them to sleep last night.  I have a 5 year old pit bull who has been more than excited they are here.  She has always enjoyed cats but they don't tend to enjoy her.  She is obviously big and plays rougher than they tend to prefer.  I introduced them yesterday and today (here is a [photo] of one of their first encounters after knowing she wouldn't eat them) and she just wants to lick all over them and follow them around and cries when I separate them so the babies can get some space from a giant dog in their faces.  I fed them the same food that their mother was eating (Diamond dry food) and one seemed to have an easier time eating it than the other.  I am just kind of at a loss about this and would love some insight.

TL;DR:", I have NO clue how to care for kittens or how to successfully integrate them to my dog without her harassing them or hurting them accidentally.
235,"SUBREDDIT: r/cats

TITLE: 7 week old kitten uses litter box only sometimes

POST: Hey, I just got a kitten 5 days ago. He's very sweet with a friendly temperament, but we're having some issues with his litter box usage. Originally, we had one box on one side of the house (due to not many options of where we could put it) and it had crystal litter in it. He would use it to poop sometimes, and always pee in it. On the second day, he started pooping outside of it, and we thought he was simply confused. However, after he finished a meal, we put him in his box, and he ran out of it to go do his business on the opposite side of the house, where there is no litter box. 

We bought a second litter box and put it in the middle of the house, and filled it with the pellet-like litter, and changed the other box to clay litter. The same problem persists - he uses it sometimes, but now he's evolved to peeing outside of his box too.  We've decided the best course of action is to have him stay in the laundry room (where his box is, in a secluded area) so he will be forced to use his box and learn that's where he does his business. Of course whenever we want to play with him, we'll let him out, but until then he'll be staying in there as his ""room"" until it seems he's learned.  

Any advice at all would be appreciated, because I've had kittens previously and they had learned to use the box consistently within 1-2 days.

TL;DR:", Kitten uses box sometimes (mostly when we put him directly in it) and sometimes runs out of his box instantly to go do his business elsewhere
236,"SUBREDDIT: r/cats

TITLE: Help with my new shelter cat

POST: edit: he's back to normal! better than ever! he came out of that hole and i filled it up so he can't go in again. i feel bad cause he wants to go down there still, but then we can't get to him and it's not safe once we start turning on the heat i suppose.

Hello!  My girlfriend and I got a new shelter cat (FIV positive if it matters, but I don't think it does in this case) two Saturdays ago and he is a pretty friendly guy.  When we first brought him home, he was a little skittish to the new surroundings and mostly to the new noises (we kind of live on a busy street with cars going by and stuff).  We could always coax him out from under the bed within a couple minutes and then he'd love getting pet and even belly rubbed!

Flash forward to this past Saturday and he seems sad and really shy.  He found a new hiding place underneath our kitchen counter and a non-removable radiator (smart cat!) so we can't get to him and we can only see him in there.  He comes out late at night and we hear him playing with his toys and he'll come out to eat when we're not there, but we're puzzled as to why he won't come out when we're around to be pet since he allowed us to fairly easily when we just got him.  He would drool and purr and allow belly rubs when we first got him; now he hides all day under the counter.

Did we just overwhelm him too much in the first week and now he needs a chill period where we should mostly ignore him so he trusts us again? Thanks for any help, you guys!

TL;DR:", new cat was pretty friendly at first but now he's shy and distrusting a week later. what did we do? what DO we do?
237,"SUBREDDIT: r/cats

TITLE: May Be Overreacting

POST: I finally got my first furbaby, Lily, on Sunday.  I got her from a friend whose cat escaped for a day and came back pregnant. Lily didn't come with shots and she's not fixed. I plan on doing that within the first 5 months of her life. 

When I spent the first night with her, I noticed that sometimes she wheezes after jumping into bed with me. So, I took a closer look and saw that she has some deformity around her nose.  I plan on asking the vet next week to see if it's of any concern but I'm worried that it might affect her in the future.

TL;DR:"," I love her already, I'm just really anxious about her  - There is blockage in front of her nose, is that something that might affect her life in the future?"
238,"SUBREDDIT: r/cats

TITLE: Do kittens change behavior when they grow up?

POST: I visited the adoption center today, I was in kittens (2-3 months old, one is very young) room. SOOOOO cute! They all have different personalities and traits. Some meanie/clawly/bitie, some very nice and cuddly. 

My father told me it's better to adopt older cats (2-3 years) so you would know their personalities, because if you adopt a kitten, you wouldn't know what they'll be like when they become an adult. Myself, I don't want a meanie, but a tolerant, calm and cuddly that doesn't bite or scratch all of time for no reason.

I think if kitten is calm, tolerant, cuddly, it will grow up this way. If a kitten is a meanie, scratch for no reason, bite you, act your legs like a scratch post, it will grow up to be this way except it will be more painful.

Does anyone have an input here? I want to adopt a kitten because I feel I would bond more if I grow up with a kitten in the beginning.

TL;DR:"," Do kittens change personalities when they grow up? I.e meanie will grow up as a meanie, nice will grow up as nice."
239,"SUBREDDIT: r/cats

TITLE: Why is my cat peeing on my clothes?

POST: My cat is about twelve years old, but does not show her age at all. She used to go outside and sleep on the couch all the time, but now does not leave the upper story of the house. She is afraid of my grandmother's dog who came to live with us a year ago when my grandmother couldn't take care of him any more. She got along fine with our Dachshund, but my grandmother's dog is bigger and apparently more scary.

We keep a baby gate on the stairs so that the dog doesn't go up there, but he's figured out how to climb over it to get at the empty cat food cans (we've started throwing them out downstairs instead of letting them collect in the bin upstairs), which makes the thing pointless. We still keep it up, though.

Somewhere in this time frame my cat started peeing on my clothes. If I leave clothes or towels on the floor of my bedroom (or even if I leave my hamper on the floor), my cat will pee on them. She's occasionally peed on things like the vinyl cover for the pool table or on a plastic beach bag, but the clothes thing is a new development.

Any insight on this behavior or tips on getting my cat comfortable with the new dog would be greatly appreciated.

TL;DR:", Cat is confined to a small area of the house because of the fear of a new-ish dog and has started peeing on my clothes. Why is she doing it? How can I fix it?
240,"SUBREDDIT: r/cats

TITLE: Very reclusive and OCD cat

POST: Hi r/cats

I've had this cat (Nova) for about 6 months now, i got her from the RSPCA when she was approximately 6 months old (the RSPCA said 2 years old, but she has grown so much and changed so much since then that it's hard to believe she was an adult cat in the beginning). Nova is a wonderful cat, she never scratches even when i'm trying to play with her, she is docile and friendly with guests, and is just a nice animal to have around.

I am just confused by her lack of affection towards people and her general attitude as well.  I believe she has some sort of OCD where closed doors are not allowed in the house, because when doors are closed, she scratches at them until they are open, even when she has no desire to be in that room.  I try and play with her at least a couple of times a day, but she just doesn't seem interested, and she just hides under a bed or cupboard while i flash some string around.  She also has never even attempted to jump on my lap while i'm sitting, or on my computer or anything. I know it's annoying when a cat jumps on your keyboard as you are doing something, but it's pretty much worse when your pet refused to of anything of the sort.

Now that's not to say Nova doesn't like me, everytime I come home from work, she greets me at the door meowing and pouring and wanting neck scratches, but throughout the rest of the day, she just lies in same room as me, not seemingly wanting anything but a pat every now and then.  She will often be in the same room as me, but never will try and sit on me or anything (besides scratch my chair, which i then pat her when she does).

I've had 5 cats growing up, and none were even remotely like this.  They all were clamouring to sit on your lap and just... I don't know, be like a normal cat.

Am I doing something wrong?  I feel like i have a strong connection with Nova and I love her more than anything, but it's just such a different experience than anything i've had.

Has anyone else had similar experiences or anyone have any advice?

Thanks

TL;DR:"," My cat never wants to sit on my lap, or play around with string or toys I get for her.  Is this normal?"
241,"SUBREDDIT: r/cats

TITLE: Should I put my cat to sleep?

POST: My cat, Fluffy, is only 10-11 years old. She is a stray and we never did have enough money to take her to the vet for vaccinations or other things but we always fed her and treated her well. She got hit by a car about 6 months ago and while it hurt her hind legs and her tail, she seemed fine after a few days of rest (again, we couldn't afford to take her to the vet). She's been fine every since until last week when she disappeared a few days ago (she's allowed to go outside and spends most of her time there). She usually comes home every day for food so I was understandably worried. When she did come back, she lost a lot of a weight and she refused to eat anything with gave her. The next day however, she did take water. For the past 3 days, she's lived only on water and occasionally licking at tuna we give her. She's terrifyingly skinny but she still moves around and drinks water so I'm trying to squeeze out every bit of hope that she'll make it. I don't want to be selfish and don't want her to suffer but if she's still moving occasionally and still taking water, could she still be fine?

TL;DR:"," My cat is not eating and only moves occasionally, but still takes water. Should I wait or put her to sleep?"
242,"SUBREDDIT: r/cats

TITLE: Problems with a misbehaving Goblin.

POST: I'm new to this subreddit and looking for some advice. I just moved to a new apartment with two new roommates. One of my roommates was unemployed for a few months, so she was at home a lot and spoiled my cat, Goblin. She gave him attention throughout the day and would give in and feed him an extra meal when he begged. To be clear, I feed him 2 scoops of food per day: one in the morning and one at night.
Now, he is always crying to be fed and has started scratching at her door throughout the night. I feel bad, but I'm also upset that she instilled these bad habits in him and caused him to gain weight. 

Any advice?

TL;DR:", My once sweet healthy kitty has been spoiled by a roommate and has taken to begging for food and scratching. Tips?
243,"SUBREDDIT: r/cats

TITLE: Need help! Cat will not let us sleep.

POST: My wife rescued a young cat (maybe 6-9 months old) that had been burned in the engine bay of a car.  He got fixed and healed at a vet and we took him home.  He is very affectionate, but he will not let us sleep.  First, we tried to let him sleep in the room with us leaving the door open but all night he would knead us with his front paws and lick your hands and face.  This would happen most of the night.  So we decided that we would have to leave him out in the rest of the house and close our door.  Well, that didn't work either, multiple times throughout the night he will meow bloody murder non stop at our door.  He also will stick his paw under the door and pull on it causing the striker to hit the latch sounding like someone is trying to get in our room.  I don't think we have gotten a good night sleep in over a month.  We tried locking him in another bedroom with his food and litter box, but he has started tearing up the carpet under that door.  I don't know what to do anymore.  Any suggestions??  Help!

TL;DR:", Cat licks our hands and face all night if we let him sleep with us.  If we lock him out he meows bloody murder at our door most of the night.
244,"SUBREDDIT: r/cats

TITLE: Help? My cat has a new behavior I'm not sure how to break.

POST: I've only within the last 6 months moved into a new home which has carpeted stairs. My last home did not have any carpet in the home, but I've lived in homes previously without issue. I've had my cat from an 8 week kitten and he's now 12 years with all his claws. As long as we had one of those cardboard boxes around, he would scratch on those; we've also had posts that he would occasionally scratch on. For some reason this new home, no matter where we move his scratching box, he wants to scratch the stairs; primarily the bottom-most step, but also sometimes the top-most. It's a split staircase with a small landing about half-way down, I've tried putting the box there as a middle ground, and I've also tried having the box sitting at the bottom step. I had read there could be a marking issue due to having another cat, but we've also had other cats in the past (this current one included) and he didn't have this behavior then either. So, apart from needing to find a new floor covering for my steps, I'm wondering if there's any other ideas as to how to make him stop. Thanks!

TL;DR:"," Cat previously left carpeted steps alone, and now won't stop scratching our stairs when usual scratching mechanisms are in place. How to fix without replacing stairs?"
245,"SUBREDDIT: r/cats

TITLE: Tips on keeping an outdoor cat comfortable in the winter

POST: A cat showed up in my backyard last month looking hungry and un-kept, so I started feeding her and she took up residence there.  I've got bad allergies and she seemed really sweet, so I took her to the local shelter last weekend hoping they could find her a proper home, but they just called to say that she has behavior
problems (which seems weird because the only problem I encountered was her practically demanding to be petted).  I have to take her back or they will put her down, so looks like I've got an outdoor cat.  I'm going to take care of her health (checkup and spaying), food, and water, but I'm not sure what else I need to do.  Specifically where I live (central coast of California) the weather is relatively mild, but it does get down to freezing pretty regularly in the winter.  She's a short hair, will she be OK?  I was thinking of building or buying her some sort of enclosure, maybe get a pressure sensitive heating pad if they make them.  Any tips on doing this?

TL;DR:"," A cat adopted me, I can't have her in the house, looking for tips on keeping her warm and dry in the winter."
246,"SUBREDDIT: r/cats

TITLE: Advice for dealing with fleas?

POST: Hello,

I bought a cat from petco ~4 months ago. She was in good health, no scratching herself or anything. Total sweetheart, I love her to bits. She stays in my room 99% of the time, and I never let her outside. 

Around the same time, a stray cat (had no collar, and was not neutered) began to constantly wait outside our back door. (We recently moved into the house, the previous owners may have fed him?) The stray would try to get into the house if we opened the door, he would sleep on our chairs, approach us if we were outside, etc. 

My brother began feeding the stray, and since winter was approaching, my dad decided to get the stray neutered and put him in the garage when it's cold at night or raining. My brother began to let the stray inside the house and let him run around. A few times my cat was loose in the house at the same time the stray cat was. 

My cat did not like the stray at all. She would hiss anytime she saw him, and while I don't think they ever actually fought, it was close. (The stray never actually went near my cat if he could help it.) 

I don't know if the stray had fleas, he didn't seem to scratch himself a lot and my brother swears he doesn't have any, but I'm betting that that's where they came from since, from my understanding, cats don't just randomly be fine one day and get fleas the next without ever having been exposed to the outdoors or other animals. 

A week ago, I noticed a bug on my cat's head. Upon further inspection, I realized she had fleas. The next day I gave her a bath, vacuumed my rooms, and washed all my bedding. It didn't help much, and she's still scratching. I have since given her a few more baths, and vacuumed again, and I ordered flea shampoo for her. I have put her in the bathroom with her litterbox and food stuff. What else can I do?

TL;DR:", My cat has fleas (Possibly from a stray cat). How can I get rid of them? Will keeping my cat in the bathroom limit the fleas?
247,"SUBREDDIT: r/cats

TITLE: ADVICE. Old single cat has met new baby kittens.

POST: NEED ADVICE: 

My cat is going berzerk right now, and she is usually the shy, cute kind personality type of cat. She is hissing and growling (i didnt even know she was capable of that). She scratched me just now. I don't think she has ever attacked me before in the 15+ years we have been together. I've never seen her like this before! She can smell the kittens on me, I think. They are not here, but she is still freaking out. 

Anyway, I brought home two female kittens on July 4th. They are about four weeks old, and she didn't like it one bit! She is still angry even though its been hours since she saw them. She has only taken one glance at them. How do I make them become friends?

What do I do? 
Will her reaction be calmer tomorrow or as days go by or will she just keep getting angry and depressed? 

We got new kittens because she is an older cat and I thought we could use new kittens. She has only been an single cat for ONE YEAR. Last fourth of July, She was accompanied by two other adult cats (neither liked her), but she didn't have any problems living with them.

TL;DR:", How do I deal with an adult female cat that is used to living with other competing cats jealous of two new baby female kittens
248,"SUBREDDIT: r/cats

TITLE: My two cats  [both 1y-o F] are keeping me up at night, what can I do?

POST: Sorry if this is the wrong subreddit for this but I saw no rules in the sidebar so here goes;

I have two sister cats, both female, just under a year old. They're healthy cats with very distinct personalities, the problem is their favourite time to be active is about two hours before I have to get up for work in the morning. And it doesn't matter what time I'm getting up, they just go insane:

 Their claws make a lot of noise on the laminate floors, sprinting from one end of the apartment to the other, then jumping on the noisy couch, on to the window sill then back to the other end of the apartment to the bathroom, jumping on the toilet tank, one chases the other to one end of the apartment, then they turn around and the fugitive has become the pursuer. 

I do shift work so for about 2 or 4 weeks I'll be waking up at seven, after about 3 days they realize this and start doing this at 5:30. I'm a light sleeper and they won't stop for about 20 minutes, at which point I'm too awake to go back to sleep. 

Shift change, I now have to wake up at 5:30, no big deal. After 2 or 3 days they're doing their routine at 4 AM. They seem to have two active times, just before I feed them dinner around 7 pm, and then again just before I wake up in the morning, and the morning sprints are **much** more frenzied. It's really cute when they do it and I'm not trying to sleep but it drives me insane when I know I need that last sleep cycle to have a good shift. 

During the day time, on my days off, they don't do anything. They sleep all day and it's like they're waiting for me to come home before they can act like lunatics. 

also worth noting my bedroom doesn't have a door, but the way it's designed it's not a problem except for this issue here.

TL;DR:"," My cats act like crack addicts doing a relay race to every corner of my apartment CONSISTENTLY 1.5 hours before I get up for work, can I get them to calm down while I sleep?"
249,"SUBREDDIT: r/cats

TITLE: [Advice/Help] [NSFW] Lifestyle changes for cat in traumatic event (somewhat graphic description)

POST: So today my father and brother were going to a doctor's appointment. My dad started the car and heard a thump. My cat immediately ran away from the car and to my neighbors shed. My brother noticed it's tail was missing as he ran away. We tried to get him out from under the shed but he wouldn't budge, j went to school and got back at around noon (4.5 hours after the incident). I decided to get my dad to see if he would come to either of us. He eventually crawled on to my lap. [Graphic portion] I immediately grabbed him tight as my dad went to get the crate. I noticed blood dripping down my leg so I picked him up and noticed his tail was missing and the skin by it was too, so I basically saw the layer right under the skin that was incredibly large and bleeding. Once my dad got the crate he began scratching me really hard but I knew he needed to get to the animal hospital, the vet said he would go into surgery to repair the wound and likely get sedated. (All fine by me) he was ready to come home about 6 hours later but is forced to wear a cone and stay in the crate. The doctor warned about nerve damage and inability to control bladder so I was wondering if anyone has any help or advice in that area.

TL;DR:"," Cat got tail cut off in engine/fan taken to the vet, possible nerve damage, anyone familiar with this occurrence?"
250,"SUBREDDIT: r/cats

TITLE: I am adopting my first cat soon and need some info about FHV.

POST: So i was approved to adopt a cat thats a little older (around 8 years) this morning and in the initial email I was told that this cat had required foster care because he became sick when he first arrived due to stress. He is now doing better, but could become ill again if stressed.

Upon inquiring further (as any good perspective adopter should do), I was told that what was originally thought to be calicivirus was determined later to be ""herpes related"".

I have inquired further with the shelter contact about FHV and what exactly this means (including the cats well being and potential medical expenses). As someone who comes from a family that never had pets, I don't really have anybody knowledgeable I can turn to that doesn't have a vested interest in me adopting this cat.

She seems to indicate that as long as he has a stress free life, I won't have to really worry about it.

SO! I turn to reddit, to ask all of you cat lovers if you can provide me with any insight. Any and all info about it would be great, thanks!

If the info is relevant: I'm a mid twenties male that lives with my GF. Both of us work full time and plan to get a dog in the near future.

Also, just a quick note, so people don't think the shelter was being sketchy:

She has been very forthcoming with info and in no way tried to hide any illness with me. She was very happy to answer all my questions and offered to put me in touch with the foster parent to  help give me more info.

TL;DR:"," Fell in love with a foster cat, found out he had a ""herpes related"" illness (presumed this means FHV), and need more info to help decide if adopting this cat is a good idea."
251,"SUBREDDIT: r/cats

TITLE: How long can cat fleas live after the cat is put down?

POST: My roommate cant stand my next door neighbor (also my good friend) who recently put her cat down.  The cat was almost never in our house, and definitely never in his room.  The poor thing got really sick and had to be put down at a young age (cancer) and this was over 3weeks ago.  Recently something has bitten my roommate and he decided to blame it on my neighbor's now dead cat.  I told him she used frontline regularly and she has had no problem.  I also pointed out that I havent had any problems and the cat did spend time in my room.  I asked him to prove it's really a flea, he then and only then (and I think he made this up) claimed that he caught a flea, trapped it, and used a magnifying glass to look at it. then looked them up on the internet and is sure it's a cat flea.  Furthermore, he claims that the reason I havent had any problems is that I have AC installed in my room and it's too cold for them, while his room is not.  I call bullshit, but I need expert opinions.  I live in SoCal, the AC isnt THAT cold.  The neighbor has never had flea problems when the cat was alive or not, and she also has no AC.  Help me put the final nail in his stupid theory's coffin.

TL;DR:", Roommate making up shit about being bitten by fleas from a cat that is now dead and has been for almost a month.  He doesnt like the cat owner.
252,"SUBREDDIT: r/cats

TITLE: Elderly Escape Artist Currently Missing

POST: Pic of the culprit:
[

My 14 year old indoor cat has had a number of ""adventures"" including one about 8 years ago that lasted over three weeks in the city, but he came back filthy and unharmed. He's neutered, but de-clawed (front) and I live close to a city park so there are a number of strays and other animals in the neighborhood and I try my best to keep him safely inside. 

Over the past few years he's been trying to get out a lot more frequently, and yesterday he managed to slip out the door without my noticing and spent the night in freezing temps. I didn't realize it until this morning and wasn't able to find him by walking around and calling before I had to leave. Obviously this is nothing new to me so I'm trying not to worry too much, but at the moment he's still out somewhere and I'm at work.

I guess I'm just curious if anyone knows why he would be doing this? Is this common behavior for older cats? Sometimes during warmer weather I allow him to go out and lay on the lawn with supervision and he usually chews on grass, but I was never sure if this was a nutritional craving for greens. I feed him Purina One urinary tract health kibble (he had a history of UTIs when he was younger)

My girlfriend suggested I put food out for him but I was thinking it would be better to do so while I'm there so I could let him in if he shows up. She thinks it would help keep him around the house until I can get back. Thoughts?

TL;DR:"," Old, neutered/de-clawed kitty likes to sneak outside. Got out again last night & I'm worried for his safety. "
253,"SUBREDDIT: r/cats

TITLE: Cat potty-training help needed!

POST: Hey gurus,

So I'm trying to potty train 2 cats: one is mine, she's <6months old, and is taking marvellously to it. The other is a cat I'm long-term cat sitting for a friend of mine, he's 2.5 years old, and he's being quite difficult.

So I moved the litter box to an elevated position next to the toilet, and the toilet had the CitiKitty tray in it. Both had ample clean litter in them. Over the course of a couple weeks, I began reducing the amount of litter in the litter box while keeping the CitiKitty tray full and clean. As the tray became more appealing than the box, the kitten switched, no questions asked. The older cat, however, began using whatever small patch of litter he could find in the litter box. Last week, I finally removed all litter from the box, hoping he would just switch to the tray. 

The cat prefers to use the box so much that he has been pissing/shitting in the no-litter box for the past week, with a clean source of litter in the toilet next to him. I have tried getting him comfortable with the toilet by offering him treats (he's very food motivated) and praise when he jumps up on the toilet. But that doesn't seem to be helping.

Right now I'm going to reintroduce a very small amount of litter to the box and see if that helps...but I don't want my kitten to relapse.

Any advice would be appreciated. Thanks!

TL;DR:", My cat is more interested in using his litter-less litter box than the CitiKitty tray full of litter. WTF??
254,"SUBREDDIT: r/cats

TITLE: Introducing a new kitten to a family of two?

POST: Hello. As stated in the title, I'm looking to get a new kitten, but I'm not sure how my current cats will react. We have an around 6 year old cat named Suzie, whom we got around 4 years ago. Last May (now just over a year old), I got my own kitten named Toulouse. Toulouse doesn't mind Suzie much, but Suzie doesn't like Toulouse and meows and hisses at him. 

Our neighborhood has a lot of cats in it. My neighbors alone have around 10 (I got Toulouse from them). One of their cats recently had kittens and I brought one to my house to show my niece and just to pet. I showed Toulouse the kitten to see how he would react, and he didn't seem to be bothered by the kitten. 

That being said, my sister's cat (Toulouse's sister) is pregnant, and I was thinking of getting one of her kittens. It would be in around three or four months. Does this seem like a good idea? How do I introduce the new kitten to my cats?

TL;DR:", I have two cats. I'm thinking of getting a new kitten. Does that seem like a good idea? How do I go about introducing them?
255,"SUBREDDIT: r/cats

TITLE: Complications with Eniac

POST: When we brought Eniac home from the shelter he started having some issues. He was not peeing in the litter box, his urine was discolored and he was continuously itching which we assumed was fleas. Aside from that he was acting like a normal cat and was already playing with my other cat. I took him into the vet as soon as possible and they diagnosed him with ringworm. Unfortunately it had already been long enough that I am not covered entirely in sores from ringworm and my other cat has 3 sores on his face. I am unusually susceptible but it still sucks. In regards to the urine problem they did a urine analysis and it came back positive for a UTI and unusual amounts of bilirubin. He is now on antibiotics for the UTI but had to go back for bloodwork because the bilirubin levels really concerned the vet. In a cat his age (4 months) he should not have those levels. She phoned the shelter that I had received him from and has been having difficulty getting straight answers from them as to what medication he had been on if any and any other problems he has had. They are paying for his bloodwork and if it comes back positive for ANYTHING they have agreed to pay for my other cats bloodwork in case it is something contagious. If it is something non curable they have agreed to take the Eniac back as I can not deal with losing another cat this soon after the incident with Cmos recently. This whole thing just has me shook up because I am terrified it might be something contagious and fatal and that my other cat may have already been contaminated. Opionions?

TL;DR:", I received a cat from a shelter unknowing of some MAJOR issues and my other cat may pay the consequences.
256,"SUBREDDIT: r/cats

TITLE: I need some advice on a cat that scratches our new dining room chairs!

POST: My cat has normally been a good kitty.  She regularly uses her scratching post, and has never scratched the new living room furniture.  However, we just recently purchased a new dining set, and all the chairs are fabric.  She has taken a liking to jumping on the back of the chairs and scratching.  My husband and I assume she does this because the tweed like fabric on the backs of the chairs feels really close to what her scratching posts are like.  What is a good way to stop her from doing this?  Our current solution has been to spray her with a water bottle when we catch her doing it, and we put towels over the back so she can't scratch them when we aren't around.  Is there a better way with dealing with this?  If I don't come up with something soon it will be back to putting soft paws on her, and that is a pain in the butt!

TL;DR:", Normally good cat is now scratching the backs of our new dining room chairs.  Need to figure out how to make her stop or it's back to putting soft paws on her.  Please help!
257,"SUBREDDIT: r/cats

TITLE: One cat eating the others food

POST: I've searched and didn't find a good answer.

I brought a new cat into my home, and the two are getting along swimmingly. But, the newbie (Bill, around a year old, same as Kate, the original one) keeps stealing Kate's food. I still have the bowls in separate rooms, but once Bill finishes his food, he goes into the other room and eats most of Kate's. 

Is there any way I can keep him from doing this? I've taken him away when I catch him doing it, but he's much bigger than Kate, and I think he bullies her away from it.

TL;DR:"," new cat eats old cat's food, and I want to make sure they're both eating enough. Worried about old cat's eating habits, since the newbie eats most of hers. "
258,"SUBREDDIT: r/cats

TITLE: Cat got out for the first time today, scared the $%#! out of me. What do I do if it happens again?

POST: First time cat owner here, had my adorable cat for about a month and a half now, and she got outside today. I didn't mean for it to happen. I was giving my dog outside a biscuit and she was doing her usual thing, peeking around the corner and stuff curious, but she had never actually gone outside before, so I wasn't that scared, but then she darted outside. 

My dog chased her to one end, then another end, barking her at her furiously while I am chasing the both of them trying to figure out what to do. My cat ninjas up the wall of my house and climbs to the top of this fence where she's hissing at my dog who's barking furiously still (now at me though, because I'm trying to move him), and I quickly scoop her up and take her inside. The whole time I'm taking her my dog is trying to get at her. Poor thing.

I know this is my fault for letting her out, I should have been more careful.

TL;DR:"," What do I do in the future if she gets out again, though? What if she had jumped the fence, do I chase after her? Do I try to beckon to her instead?"
259,"SUBREDDIT: r/cats

TITLE: My eight year old cat suddenly doesn't want to use his litter box anymore?

POST: So this summer, my brother was preparing to move into a new apartment, and so my mom and I thought we could help out by taking care of his cat for a while. Everything was fine until about two weeks ago when we found blood in his stool and he became very lethargic. We took him to the vet and they said physically he was perfectly fine. They did a blood and urine screening which also didn't come out with anything. He's been feeling a lot better except for the fact that now he will urinate and defecate anywhere in the house. I have actually seen him jump into his litter box, begin to defecate, and then jump out and run to the floor mat at the front of our house to defecate some more. We decided to keep him in the bathroom with all his stuff in there so we don't have to clean as much, but it seems to have gotten worse. He will poop and pee everywhere in that bathroom including on top of his litter box and sometimes inside it, but will pretty much go anywhere. The other day when I came home from school, I let him out to wander around for a bit, and right when he came out the door he ran to the corner of our living room to pee. What is happening and how can we fix it?

Some facts about my cat:
-Male
-Eight Years Old
-He looks like a Serengeti cat but minus the large ears
-He seems to be pooping everywhere in that bathroom everyday
-This didn't happen for the first 3 months we had him
-He meows really loud when he's about to poop and begins scratching the ground

TL;DR:"," My cat has stopped using the litter box for no apparent reason to me, what could be the problem and how can I get him to start again?"
260,"SUBREDDIT: r/cats

TITLE: Does my cat have attachment issues?

POST: I have had Watson for about a year now. I got him from a shelter and they said he had been on the streets for about the first five months of his life. He is terrified of most people save for me and my girlfriend. For the last year then I was living in a small apartment and he was pretty much confined to my room. However, we just moved into our new apartment and he can have the run of the place now. We decided that we didn't want his hair all over the bedroom so every night when we go to bed, we take him out of the room and close the door. Several times a night he will paw and meow at the door for what feels like hours. What is going on? Is there a better way to deal with it?

TL;DR:", My cat paws and meows at bedroom door but we don't want him in the bedroom. What can I do?
261,"SUBREDDIT: r/cats

TITLE: Need help with cat introduction

POST: I just got a new kitten and I have 2 other cats. One is an outside cat, she stays there all day every day. She is allowed to come inside but chooses not too. My other cat who is an inside cat loves the outdoor cat but she will not let him touch her, so I figured that he was at least semi-okay with other cats as he REALLY would love to interact with the outdoor cat. The indoor cat absolutely adores our dog as well. Now that I've brought a new kitten in he has suddenly changed his ways. He does not like the smell of the kitten at all and I don't know what to do. I introduced them the minute I got home and am now realising that that was a huge mistake. 

Does it just take time? Is there something I can do to make my indoor cat warm up to the new kitten? Or have I just made a mistake in getting a kitten all together?

TL;DR:"," Bought new kitten, indoor cat who is [semi]-okay with outdoor cat now hates all cats. Wait it out?"
262,"SUBREDDIT: r/cats

TITLE: Help Needed- Bland Diet for Very Picky Eater

POST: My 1-year old male cat has been throwing up lately, but going to the bathroom and acting normally so no issues otherwise. My vet thinks his stomach may be irritated and recommended a bland diet of boiled chicken with white rice, then gradually re-introducing his normal food after a few days. 

I'm willing to give it a try, but Smudge is a very picky eater. He's the only cat I've ever known who won't touch canned food or meat/fish; he only will eat his normal food which is Blue Buffalo Wilderness Indoor. He needs to lose about a half pound, so the vet recommended switching to a less dense food a couple of months ago, but he is not having it. Even when I mixed just 5 or 6 kibbles of the new stuff into his bowl, he picked them out and put them on the floor. I've also tried the ""he'll eat if he's hungry"" approach, which dragged on for 2 full days before I caved in and gave him the usual food.  

So, I'm hoping someone here can help me with this... I will try the chicken and rice approach and a prescription canned food that was recommended, but I'm wondering if anyone else has had this issue and what worked for your kitty! 

Obligatory picture:

TL;DR:", my cat is a picky eater but needs to go on a bland diet and I'm worried he'll just starve himself. :(
263,"SUBREDDIT: r/cats

TITLE: My two cats really hate each other, help!

POST: It's been over a year since the new cat was introduced. We did it the way people advised us to, keeping each cat in a room, then swapping so they could get used to the other scent and so on.

From the get-go the younger, additional cat has been annoying the hell out of the older (about 5 years old), existing cat. 

Initially the younger male wanted to play and wrestle, the older female didn't want to, and hissed and growled and ran away. We didn't reward the behavoiur and tried to make it clear that it was not acceptable - but I'm used to communicating with dogs, not cats, and I don't even know if my efforts are futile or not. 

Now, the younger male actually stalks and pounces, purposely trying to piss the older female off! She is just as pissed as she was 12 months ago and it takes only the sight of the male to get her growling. 

It's getting to the point where our poor old girl would rather sit outside in the yard than come in for cuddles and risk having to deal with the little boys shit.

TL;DR:"," young male cat 'hunts' the older female cat. older female cat growls, hisses, hides, runs and is generally miserable."
264,"SUBREDDIT: r/cats

TITLE: Combining homes with an aggressive cat. Please help!

POST: My boyfriend and I have decided to move in together, but we are running into the issue of our pets. I have a very playful 75 lb dog, and he has a cat that is very aggressive towards other animals. What are some things that we can do to get them to get along? My boyfriend says that she's been aggressive towards other animals since she was a kitten. He brought her home while already having another cat that belonged to his roommate. They tried everything as far as introducing scents, keeping them on opposite sides of a closed door, etc. His kitten never warmed up to the other cat and would go out of her way to attack it. His roommate and cat moved out after a few months, so my boyfriend's kitty hasn't had any other animal interactions. My dog has never been around other cats before, and I'm sure he will be obsessed with wanting to get near her. I don't what my bf's kitty to feel anger/aggression/betrayal, but I also want to make sure my pup stays safe and doesn't get hurt by razor sharp kitty claws. Any suggestion?

TL;DR:"," My bf and I are moving in together with my dog and his cat. Kitty is very aggressive to other animals. We've tried introducing scents, but it's failed. Other suggestions?"
265,"SUBREDDIT: r/cats

TITLE: About cats who have been separated from their mother too early

POST: Hello, cat people! Last Monday, I adopted two adult cats. They have adjusted to the move pretty well, but the older cat (aged anything between 10 and 20) is more timid and anti-social. I studied the matter in the internet and came to the conclusion that she might have been separated from her mother too early: she doesn't cover her pee in the litterbox and is a bit unpredictable (when you pet her, she sometimes suddenly gets violent). Also, she seems to have some trust issues, though most of the time she's really sweet.

This all made me wonder one thing: the younger cat was said to be her daughter, but she always covers up after herself in the litter box. So my question is (

TL;DR:", ) can a kitten learn to cover up its droppings if its mother hasn't learned it due to having been separated from its mother too early?
266,"SUBREDDIT: r/cats

TITLE: My cats are fighting and I don't understand why

POST: Hey, I've been through the internet and back and I can't really find an explanation to why my 2 cats are fighting. 

They're 4 going on 5 years old, been together since birth (brothers), they're neutered since before they turned 1 and they've gotten along pretty well until now. Although one has always been more dominant.

It started about 2 months ago, when they suddenly couldn't stand the sight of eachother, hissing and growling and fighting. We thought they where under some kind of stress so we put up more scratching posts, added another water bowl and another litter box, plus we bought feliway. After a couple of weeks they seemed to be friends again, until today...

When they're friends they can play pretty hard, when they started to not get along.... well lets just say they _fought_ instead of played hard... You could tell from the sounds that it wasn't fun. 
But today it was even worse, the dominant cat seems to be trying to end his brother. I have always been able to separate them by voice or by hand, this time i had to use a large cushion to separate them. I've kept them separated since, tried to do a meet and greet but it ended in another huge fight so they're separated again.

Well this turned out to be a long post.

TL;DR:"," How can I help my cats become friends again, or should I give one of them away? Grateful for any hints or tips."
267,"SUBREDDIT: r/cats

TITLE: rescued a kitten ~1wk ago. vet says he has feline leukemia. looking for information, please help.

POST: About a week ago we rescued [this guy] from behind a restaurant.  A friend was kind and took him to the vet for his leg since we wouldn't make it back in town in time.  The plan was to foster the kitty til we found it a good home.  we just got back from the vet and learned he has feline leukemia. The vet said we should consider euthanasia but since he's still so young, happy and bouncy we said no at this time. I assume this means that a standard shelter would just put him down and I'd rather take care of him myself anyway than have him in a cage.

The vet said there are some people who specifically adopt FeLV+ cats.  I saw on a website that one girl listed her FeLV+ cat for adoption and a year later found him a home.  We will take care of Luma as long as we can and love him even longer.  However, we survive on paltry wages, not supposed to have pets at our rental, and my fiance is allergic to them, so we want to list our adorable Luma in the hopes that maybe he too might find a suitable home in time.

TL;DR:", Euthanasia is out of the question at this point but we are also concerned about our long term ability to care for the kitty.  Any information on where one can list their FeLV+ cat up for adoption?
268,"SUBREDDIT: r/cats

TITLE: Any advice on how to socialize a middle-age rescue?

POST: My little girl Keely was left at a shelter in Brooklyn along with 12 other cats after her ""owner could not take care of them"" once her apartment was damaged by hurricane Sandy. When I got Keely, she was thin and bony and terrified of everything. She also had to have 23 teeth removed, as her mouth was rotting due to what I believe was malnourishment. Needless to say, she was never really cared for. 

Since she arrived with so many other cats, the shelter had a hard time keeping track of them all, so they couldn't give me a definitive age for her. I'm guessing she's at least six years old. I've had her for about six months now, and she has come a long way. She's receptive to petting and likes to be around other humans. Other than that, she's not very active and she despises being picked up and put in a carrier. Whenever I hold her, all of her claws are extended and she runs at the nearest chance. She doesn't care for toys and stringy things that most cats love to play with.

Do any of you have a similar experience and were able to help a cat become playful?  

[Here are some pictures of ma'girl] (

TL;DR:"," My Hurricane Sandy rescue cat is okay with being pet, but doesn't respond to toys and HATES being picked up."
269,"SUBREDDIT: r/cats

TITLE: My housecat has escaped! I need some advice :/

POST: I have about a 1.5 year old house cat who has lived indoors her whole life. She has escaped into the great outdoors. I'd really appreciate any advice you can offer on what I can do to help her find its way back home :/ 

I came home around 5 am to my front door being wide open. Apparently my roommate neglected to lock the door when he got in around midnight and it had blown open. The cat was nowhere to be found. I looked outside in the frigid weather for about a half hour with no success. Since then I have placed her litter box, food, and a laundry basket she likes to sleep in with a rug she likes on the front porch. I have looked around the neighborhood three times today for maybe an hour and a half total. 

I'm having no luck and I know it hasn't been long but naturally I am getting worried :/ she is hardly acclimated to such cold weather... She's never had to get her own food before but cats are pretty resourceful....

TL;DR:", housecat is missing for a day now and I'd like some advice on how I can coax her/help her find her way back to the house.
270,"SUBREDDIT: r/cats

TITLE: I'm looking for a good home for my cat (in/near Chicago) (x-post from r/pets)

POST: It pains me to do this but I no longer have the time or the energy to take care of my cat. I got her when I was 11 and now I'm in school and working, and about to start law school. She's now 13 and likes things... just so. She's a very sweet cat, but gets too high-maintenance when she's left alone for long hours, which has been happening increasingly often for me. She's free to a good home, but it must be that: a good home (for her situation). She likes dogs but doesn't always get along with cats. A retiree or a family with children that aren't too young would be perfect.

TL;DR:"," I'm trying to find a home for my senior, very sweet, but somewhat needy cat because I'm just too busy at this point in my life. She likes dogs but doesn't always get along with cats."
271,"SUBREDDIT: r/cats

TITLE: NEED HELP! - Any Tricks to get a frightened Cat to come out of hiding?

POST: Story: My girlfriend is cat-sitting for a friend. She took the cat in 5 days ago. This cat is easily frightened and the moment the friend left for vacation, the cat ran away and went into the basement. We have searched the basement and can not find the damn cat. We did go to her place late at night and saw the cat in her room upstairs, which then it ran back downstairs and we went after it and lost it again.

Does anybody know any good tricks to get a cat to come out of hiding? We have tried putting canned food (tuna) out for the cat, but it hasn't taken the bait yet. Also, it seems to come out at night when there is no activity. The only thing I can think of is waiting for it to com at an opportune moment.

Any suggestions would help.

TL;DR:"," Girlfriend is watching a friend's cat. Cat is missing in a house with no way to get out. Cat has been spotted late at night, but runs away. suggestions?"
272,"SUBREDDIT: r/cats

TITLE: Help! My Cat has taken to eating weird things :S

POST: I'm sorry if this is the wrong sub-reddit for this question/plea for help. If anyone could suggest where it would better belong I can x-post there! Thanks!

My cat is about 1.5 years old (rescue) and has been deemed other wise in good health by our vet. She has all of her shots, eats well(usually just over 1 dish of food a day, recently nearing 2), has been gaining some ""winter weight"" recently, but has become very clingy/needy recently. She has not yet been ""fixed"" but will be soon and is 100% indoor house cat. (she went through heat 3 weeks ago for the first time so it is not that)

Our issue is that for the past two weeks she has been consuming non-editable items, often destroying things to eat them. (PC chairs, wall paper, garbage bags, any plastic bag, sofa, etc.) It's mostly plastic and foam with a bit of paper thrown in. When she eats these things she almost immediately vomits, I have cleaned up 6~8 piles today alone. 
Her food has not changed recently, she has access to her food all day and fresh water throughout the day as well. She has always had a thing for chewing on plastic, but in the past few weeks it's become worse. This combined with the fact she will not leave me alone means I'm at my wits end. We (the cat and I) have never really gotten a long well but my BF has been traveling slightly more than normal and she has defaulted on me. I have found if I put a few small dabs of vic's vapor rub on my PC chair or sofa she will leave them alone for most of the day, but now the whole house smells...

Could this all just be stress related due to her person of choice traveling? Is there anything that I can do to stop this behavior? Should I change her food (she has been on it for over 6 months and done well)?

TL;DR:", My cat is eating my chairs/sofa/wallpaper/plastic. It's getting expensive to replace damaged items and gross to clean up so much puke. What can I do?
273,"SUBREDDIT: r/cats

TITLE: Cat has made it a routine to go potty whenever I get settled down on my laptop?

POST: So basically I'll put it like this:

I have a cat, four year old Ragdoll breed girl. She's a healthy and happy kitty. I like to game and where I sit when I game is at a table in the basement, and her litter box is about 5 metres behind me. Now you might ask, doesn't it get stinky sitting so close to it? Well, not really, because I clean it every day. The thing is that whenever I come downstairs to game on my laptop or just do stuff on my laptop in general she ALWAYS goes to the litter box. It may seem like I'm over dramatizing but I literally mean always. As a result I after getting settled into whatever I'm doing I have to get up again and go scoop up the stuff or else everything starts to smell as one would expect.

Just as I finish typing this, she came downstairs, threw up a hairball (nice bonus today) and then went and did her business in the litter box.

Is this normal? Should I not get irritated by this? It's just an annoyance that it happens almost every single day that I'm downstairs.

TL;DR:", Cat goes potty every single time I come to sit at my desk which is close to the litterbox. Should I not be annoyed?
274,"SUBREDDIT: r/cats

TITLE: Cat Obituaries

POST: Yeah, let me start by saying I love cats.  I have three of the little devils, and I love sharing pics, even if it makes other people feel uncomfortable.  I love looking at pics of cats.  I came here today to look at cute cats.  

What I found was plenty of people creating an obituary for their dead cat.  I myself have had cats pass away early because of illness.  Down-vote me if you like, but I really can't stand looking at these.  I expected to see some interesting cats, and instead I see someone pour their heart out over their deceased pet.  This is truly a buzz-kill for me, as a cat-lover, because it makes me sad hearing about someones cat that died.

Let me just say, I can relate to you, but please find a different reddit to create a memoir for your passed on loved one.  No disrespect intended, it just upsets me reading about sadness, especially when I expect to find pics of happy, adorable, kittens.  Quite the opposite of sadness, indeed.

TL;DR:"," Cat obituaries on this reddit make me sad, and kind of turn me away.  This should be a cheerful subreddit."
275,"SUBREDDIT: r/cats

TITLE: New kitten help please.

POST: Hey /r/cats! My boyfriend and I found/adopted a kitten that looks about 4 weeks old and we could use some advice on litter problems.

She seems pretty healthy.  Eyes are open, responds to sights and sounds well, and no blood or anything in her urine. She seems litter trained, because she poops in her box but there's one problem.

We took her into the vet yesterday because I noticed she'd poop in the litter box but she'd pee outside (under the christmas tree or in the hallway) and I didn't want it to be a urinary infection. The vet said she was fine and didn't have an infection... ok... so on to the next step. 

We moved the box to the hallway (where she went the most), places a second clean box in the bathroom, and got unscented litter, and also kitten training (dr. Elsies kitten attract) litter. The kitten attract litter seemed to work, when we place her in there after her naps she pees in there with no problem. But the few times I tried to let her walk over herself,  she doesn't and goes to pee somewhere else.

She's also grown so attached to me that when I'm not around her she cries and cries... last night after 3 hours of sleep my bf woke me up because she was crying and he didn't want her to disturb the neighbors. So I took her out of the bathroom (we had a box, food, water, and toys in there) and brought her in bed. She promptly curled up in my neck and hair and dozed off. After an hour she got up and jumped off the bed I got up and followed her, caught her just before she was going to pee in the hall (one foot away from the box) and put her in it. She immediately pees and we go back to bed. Every hour for the next 6 hours we repeated this potty dance. And every hour she wouldn't go pee in the box unless I place her in.

Has anyone ever gone through this and have a solution or something we haven't tried yet?

TL;DR:", Overly attached kitten will go poop in her box but will not pee unless I physically place her in the box. Vet says its not a urinary infection.
276,"SUBREDDIT: r/cats

TITLE: Need advice: I'm moving and will only have access to one bedroom for myself and my two boys.

POST: I currently live in a spacious two bedroom apartment that the cats love! However, my situation is changing and I will be 'movng back home' so to speak. I will be moving into the parents house and have a bedroom for myself and cats. I will spend much of my free time in the room, so they won't be without attention. This house is a decent sized house, but already houses three kitties and two dogs, so there is no way they can roam free. At least not immediately.

I plan to make this a really fun space for the cats. I'll have a loft bed, and I want to put a few shelves on the walls, just for the cats! As well as feeding area, litter box, and plenty of scratchers.

My hope is that this situation is as temporary as possible, but I may be here a while. I have no timeframe, really. They are adult cats, and I cannot give them to a shelter to sit in a little cage while statistically no one adopts them(I don't actually know the statistics... But they're 7 and 10 so I can imagine). I don't know any friends willing to take them on, and I refuse to give them to a total stranger.

What would be some suggestions to make this glorified cage extra nice for these guys? What are some strategies to get them integrated with the resident pets? Is that even a good idea to do?

Thanks everyone!

TL;DR:"," I need to have my cats confined to one room, but I will be living in it too. I need advice and suggestions to make it the best kitty haven possible!"
277,"SUBREDDIT: r/cats

TITLE: Should we adopt a kitten when we already have two dogs? (Xpost from r/pets)

POST: My SO and I (both 21) have two dogs. I rescued them about 7 months ago, a 6 month old chihuahua and an 8 year old pug. They were a LOT of work, especially the puppy. 7 months later and we have this wonderful equilibrium. They're the sweetest dogs and I love them, so does my SO. They love all other animals and have NEVER been aggressive. 

We live in 2/2 apartment that's roomy. In about 4 months we'll have an extra empty room that we're turning into a dog room/office. We have the money to take on a cat, but things would be a bit tighter. I'd have a good amount of time at home a day to care for the kitten, ~6 hours a day and all night. 

My SO's mother has a tortoise shell Siamese cat that just had kittens. Ocelot, the cat mom, is an AWESOME cat. She's sweet, cuddly, and doesn't shed. There's one fluffy white kitty that has a moustache and of course its cute and it was raised around her two very large dogs. 

I've never owned a cat before but I studied to be a vet and worked in a vet clinic so I really know my stuff. I can care for a cat but I just don't know what its like to live with one, especially a kitten. I'm used to puppies, puppies with no training and emotionally hurt. 

Can we swing it? Do you recommend it?

TL;DR:", My SO and I have two dogs that we rehabbed and now his mom's awesome cat had cute kittens and we can do it financially but I'm interested to know what its like to own a cat/the responsibility to raise a kitten
278,"SUBREDDIT: r/cats

TITLE: My outdoor cat won't come home. Need help getting him back!

POST: Hi, and thank you so much for reading this!

My cat has been outdoors fulltime since March of this year. He was actually doing very well. He kept to the backyard, and didn't wander off too far from the house. I could call him, and he'd come running back home looking for pets. One thing that I think helped was he could hide under the deck in our yard whenever he felt threatened. 

Well, my boyfriend (who isn't too fond of my cat), decided to board up the deck so my cat can't go under, anymore. The boyfriend also has a tendency of scaring him off, or not leaving him alone when he's in the yard (he thinks it's funny). I think the mixture of this has caused my cat to go into shell shock, and now he won't come home, outside of just to eat.

I hadn't seen him for days until this morning, and he just hissed at me and kept his distance. His meowing sounded distressed. I don't think (or know if) he's hurt, because he won't let me get near him. I really just think he's pissed off and scared.

What should I do to get him back? I was thinking of trying to find an alternative hiding spot in our backyard to get him back, like putting a big tupperware bin on or near the deck with his food, water, and maybe a shirt of mine. I've already made it very clear to my boyfriend I dont' want him anywhere near my cat (seems like he got it this time).

Or, do I trap him? I don't know if he'll go for it or not. My cat is the definition of a scaredy cat, so I don't know how he'll react.  I just want to get close enough to comfort him, and make sure he isn't injured. Any help would be appreciated!!

TL;DR:", I think my cat is too scared to come home. How do I get him to trust me again and come back? At least to make sure he's okay?
279,"SUBREDDIT: r/cats

TITLE: Cat Hydration Advice and Weird Idiosyncrasy.

POST: Hey everyone,

I don't know how to put the advice flair, so sorry in advance!

I just got a cat from SPCA (first pet ever). Took him (formerly Mariano now Rorschach) to my fair sized apartment and he is acclimating well! Not tearing up things, exploring well, being extremely friendly, and also eliminating in his new litterbox. 

Two things:

He has diarrhea right now  (I'm thinking due to stress and currently giving him florifauna or whatever it is called) and so I'm worried he's not drinking enough water when I am gone and barely drinks when I am home. I put a treat in two alternative water bowls to encourage drinking and that has been working to some effect. I am wondering if this is a bad thing? 

Also, near every food, water bowl and also after eliminating, whether he eats, drinks, or goes to the bathroom, he paws as if he is covering poop or pee (around water bowls and food bowl too) imaginary or real cat litter ""over"" the water and food bowl. Odd quirk? Or is Rorschach telling me something?

TL;DR:", Cat treat in water to encourage drinking bueno or no bueno? Scooping imaginary litter to cover water bowl and food bowl quirk or symptom?
280,"SUBREDDIT: r/cats

TITLE: Just moved into a new place, and now my cat's acting strange. Advice appreciated!

POST: Hi, Reddit! I'm hoping for some advice...I recently moved from a small two-story home into a one-floor apartment. The apartment is by no means cramped; there's three bedrooms, two bathrooms, with a nice kitchen and living room. After getting her bearings in the new place, my cat's gone from quietly walking around the apartment to running next to/around my legs (almost making me trip!) and generally acting more skittish. She used to love racing me up and down the stairs when she saw I was moving from one floor to the next--is she just looking for a new way to ""race""? She's also started looking at my feet/shins like they're some kind of enemies, and will run away from them if she sees me coming, then look back and do the ""halloween cat"" move with an arched back and ears/tail up, which I have never seen before!

TL;DR:"," My cat is acting differently after moving into a new place. Will this calm down once we've been settled for a month or two, or should I change something to make her more comfortable?"
281,"SUBREDDIT: r/cats

TITLE: At my wits end with my cat waking up the baby! Help!

POST: I'm sorry if not posting in the correct sub but I'm in need of some help with my older cat.

My 1 year old is constantly getting woken up by the cats constant meowing in the early morning. I know that a lot of it is learned behavior because he will stand right in front of the baby's door and meow very loud because that is when I will get up. If I put him out or he is already out then he will start scratching at the side door around 5/6. This doesn't wake up the baby but he leaves marks on the door and keeps me awake.

When I finally let him in (after trying to ignore for about 30 minutes) he wants fresh food, some fresh running water then to be let back out about 30 minutes later.

So if I try to ignore the cat my baby gets woken up at 6 when he normally doesn't wake up until 8. When I get up and tend to the cat it keeps me up for at least a half an hour then when baby wakes I'm usually in the middle of a sleep cycle and wake up feeling extremely tired and angry at the world. The cat is older and sleeps the entire day too! Why can't he just eat later on?

What should I do??

TL;DR:", how can I retrain my cat to not meow and wake us up at 6 a.m. Without ignoring the behavior?
282,"SUBREDDIT: r/cats

TITLE: Pet a stray, now cat has fleas

POST: ADVANCE APOLOGIES FOR WALL OF TEXT 

So, a couple of weeks ago, I came upon what looked to be a stray cat.  I went up to pet it and saw that it seemed healthy (not fat, not thin, good shape), had been fixed, and was friendly with me, so it seemed to be an indoor/outdoor cat, but without a collar.  When I went back with a pet carrier to see if I could catch the little fella to take to the humane society (in case it was a stray or an indoor cat that got out, so they could scan for microchip) I couldn't find him.

Fast forward a couple of weeks and my cat has fleas. She's always been an overzealous groomer, so it wasn't like she has been acting out of the ordinary, really.  A bit more aggressive, but I chalked it up to stress.  My brother was watching my cat this weekend while I was out of state at a wedding and said he found the fleas.  Needless to say, I feel horrible for not noticing and have been through several rounds of self-loathing, self-berating, and hitting forehead for not noticing sooner.

ANYWAY, I called my vet immediately from two states away and they gave me a Seresto collar for my brother to pick up for her (saying they've used this collar on their animals and it works as well as the Advantage/Frontline drops).  My cat has hyperthyroidism and when I tried the ear cream, she HATED it, so we switched to the pill.  As the vet's office recommended the collar and use it themselves on their own pets and as she hates creams, I went with that option.

So, with all of that throat-clearing out of the way, has anyone used Seresto?  Any thoughts?  How long until you noticed some relief for your cat?  I've also ordered a flea spray from Amazon and am stocking up on vacuum bags and will begin attacking the house tomorrow (vacuuming, washing removable couch covers, bedding, etc., etc.).  Any advice on other things to do for the home?

TL;DR:"," pet a stray, now cat has fleas; has anyone used Seresto flea collar from vet?  Likes/dislikes?  Any other tips for the house?"
283,"SUBREDDIT: r/cats

TITLE: Trying to toilet train my kitties and thought you guys might be able to offer some insight... Cute kitty photo inside, for those of you who were looking for that, too.

POST: This is a text-based cat post but, if you came here wanting a photo of a cute kitty, I will also provide that [here] so as to not disappoint anyone.  Now, onward.

About 2-3 weeks ago, I started to try to toilet train my two 3 year old male cats.  I purchased a bowl that would fit in the toilet and used a thick cardboard to really stabilize it so that they would never fall in.  Things were going find for a while... they were using the pan and everything, and then they just stopped pooping in it.  This was after I started cutting a small hole in the bottom of the bowl to start to ween them.  They have no issues peeing in it but pooping is another story.  If I don't keep the bathtub full of water, they will use that or poop right beside the tub.  I have even found piles on dirty clothes that I had waiting to go in the laundry.  I have tried to ""catch them"" in the act and put them on the toilet, which works sometimes, but their ""poop time"" is usually in the middle of the night so, unless I hear the one crying because he is trying to find a good spot to go, I can't always be around to do that.  I have treated them for getting up on the toilet, treated then for using it, given them love and attention and praise, tried putting cat nip in with the litter, cleaned the litter after EVERY use, put some pieces of ""business"" in the bowl to try to give them the hint... Nothing seems to be working.  Anyone have any experience that may be able to help?  I really would love for them to complete their training... they were doing so well!

TL;DR:"," Am trying to toilet train my cats and don't understand why they will pee in the ""toilet litter pan"" but have stopped pooing in it and will poop anywhere else."
284,"SUBREDDIT: r/cats

TITLE: I can't stand the cat, help?

POST: I realize this subreddit is full of cat-lovers, so please forgive me for being a sub-human-cat-hater or whatnot.  I'm just looking for help on how to tolerate living with a cat... if it attacks the Festivus tree one more time I think I will explode!

Long story short, I got a cat for my husband who loves cats.  I didn't think this would be a problem, as I've known plenty of cats and while I didn't really like them, I didn't hate them.  I figured a cat would sorta just ""hang around"" and certainly not bug me constantly.  Boy was I wrong.

Now that we have one though, I hate the dang thing.  Supposedly its behavior is ""normal"" but as it turns out, normal cat behavior absolutely drives me up the wall with irritation.  To top it off, my spouse said he would be in charge of ""training"" the cat to not do the worst things (get on counters, scratch things, sleep in our bed, etc) but he has failed to do so and won't take care of these things now either... sigh.

I've looked online for solutions to some of the more irritating things, but they always involve a) covering things in tape/gross smelling sprays or b) constantly following the cat to correct behavior.  Neither is fine with me, especially as neither has worked!

However, the dog (whom I adore) and my husband (whom I adore even more) like the cat a lot... so I feel like I've got to adapt.  

More importantly, while I have never hurt the cat, when it keeps irritating me so consistently I feel so much pure rage towards it that I'm afraid that one of these days I will chuck it across the room or something.  Currently, I cope with my feelings of hatred by putting the cat in another room where there is nothing it can destroy until I cool down, but my husband thinks I am doing something awful by closing it away from me.  I'm not an angry or violent person at all, this cat just pushes every one of my buttons.

Any tips on how I can learn to tolerate this thing I have to live with?

TL;DR:"," My cat is normal, but as it turns out I really, really dislike cats.  Any ideas on how to cope?"
285,"SUBREDDIT: r/cats

TITLE: Litter box issues

POST: About a year ago, my boyfriend adopted a kitten. He already had one kitten.  They got along great from the beginning. About a month after adopting Dutch(2nd kitten), he started pooping on the floor right outside the litter box.  At first I thought that it was because he was just missing it, being a little kitten.  But he never grew out of that. It doesn't matter how many boxes we have out, or how clean the boxes are. He will even poop under the kitchen table. 

Recently, we noticed that he has also been urinating on the floor near his poop spots. Usually in the same 2 areas. He will urinate in the box most of the time. We don't have carpet in any room in the house. No rugs, either. 
I have no idea what to do. I have 2 of my own cats. They have never had this problem.  They are currently at my parents house because this house is so small. We want to move to a nicer, larger house soon. My boyfriend is strongly thinking about giving him away, but if we could fix this, Dutch would be the best cat ever. 

Has anyone had experience with this before? Have you been able to fix it?

TL;DR:", cat poops outside of litter box. Bf is thinking about giving him away because we haven't been able to fix it.
286,"SUBREDDIT: r/cats

TITLE: Thinking about letting my four year old cat transition from being an indoor to indoor/outdoor cat. Thoughts?

POST: My cat, Toulouse, has been an indoor cat only since I picked him up from a farm as a kitty. He has spent most of his life living with other pets. That sufficiently provided enough stimulation and exercise for him. He has now been living as a single pet with me for the 9 months. Toulouse has started developing some behavioral issues in the last couple of months that have only gotten worse. He's put on weight, cries constantly, but my biggest concern is that he has starting biting people. Nipping might be a more appropriate term. It seems territorial in nature, but I'm not sure. 

I know he doesn't get enough stimulation now. I live with two other people in a large apartment but he doesn't run around chasing dogs or cats like he used to. I try to play with him but I struggle to find toys that will interest him for more than a few minutes at a time. I've taken him on a couple of walks. He's done relatively well. He shows a lot of interest while we are outside and spends most of his life sitting in windows. 

I'm considering letting him spend some time outside by himself. I want him to live a healthy life and have a chance to be mentally and physically exercised. I'm afraid I'm not providing him the best environment currently. As far as his physical safety goes, he has a microchip. He's been spayed. I know he would need a collar and a tag as well. He has his claws. I know I would need to keep him on flea medication. Are there any other measures I would need to consider before letting him out? Speaking mentally, can a four-year-old cat transition into a part-time outdoor feline successfully? Are there things I can try with indoors to help him be happier with his current living situation? Any feedback would be greatly appreciated.

TL;DR:", Four-year-old indoor only cat is getting fat and mean. I am wondering if letting him outside periodically would help his overall well-being.
287,"SUBREDDIT: r/cats

TITLE: OCD person wanting to get a kitty

POST: So I have a bit of OCD when it comes to cleanliness. I can't stand loose hair. Unfortunately I've heard cats shed, a lot, and the ones that don't aren't cute (no offense to those who have them, they just aren't my kind of cat to be honest). Is there maybe a breed I've missed that sheds minimal to none?

I had a dog for 11 years and it barely shed (Dachshund) but it passed away last week and I'm looking for a new companion and I thought cats would be a good choice. My friend has 3 and I'm always playing with them at her house, I love it, though I enjoy teasing them too (even if they get pissed ^_^). Any advice for me?  Dogs aren't a choice anymore because I don't have the time or energy to be constantly taking them out to pee, I like cats because they do their business in their litter box when they need to and are very clean animals (except the shedding part).

Basically my main question is: is there any breed of cat that sheds minimal to none (that isn't hairless)? And if I don't like any of those breeds, is there a way to make a cat shed minimal to none (besides shaving it) maybe like brushing it every morning or something? I wouldn't mind brushing my cat since it's fun and they seem to enjoy it. Thanks in advance for reading!

TL;DR:", Is there any breed of cat that sheds minimal to none (that isn't hairless or ugly [no offense])? Is there a way to make a normal cat shed minimal to none (besides shaving it)?
288,"SUBREDDIT: r/cats

TITLE: Thinking about getting a playmate for my kitty?

POST: I have a 6 yr old siamese kitty. She is loveable and playful. I got her for free a year ago from a guy that posted an ad on craigslist stating that his work schedule was too hectic to take care of her.

As of late, I've noticed she's been meowing for attention, *a lot.* Despite the fact that we always play with her and her toys. I feel bad, and I think it's time to get her a playmate. I don't want another cat, as my husband is unemployed and I don't think I could afford twice the food & litter.

I was thinking of getting a small dog to be her friend. However, the man that I got her from said that she is best alone, no other animals or children. But in the past year that I've had her, I've found this to be untrue. I've taken her to the vet, let her run around in a lobby full of large dogs, and she was very friendly and kind-hearted. She also warms up to my friends when they come over.

Has anyone else had experience with a slightly older cat and a young dog? Did it bode well? I found an ad on craigslist for a 1 yr old maltese mix that is absolutely adorable. The only thing I'm afraid of is if she will become annoyed and even more lonely if she thinks the dog is getting all the attention?

P.S. I live in a **large** studio apartment; my husband is always home.

TL;DR:"," I have a 6 yr old cat, and want to get a puppy for a playmate. Good idea or horrible, terrible, no-good, very bad idea?"
289,"SUBREDDIT: r/cats

TITLE: How to introduce a kitten to a resident, indoor/outdoor cat?

POST: I'm not sure if I'm supposed to post questions here or in another subreddit, so I apologize if this is incorrect placing. 

Earlier this week, I adopted an eight week old kitten to bring home. I have a resident cat whom is 17 months old. For the first two days, I allowed the kitten (Ahri) to be out and about, but realized that it was stressing out my resident cat (Toulouse) when he was inside. He stopped coming inside as much and also attempted ""mounting"" the kitten (getting on her back and biting her neck), I assume for dominance. 

After that, I decided to switch methods of introducing them. I put Ahri in the bathroom with her food, water, litter, bedding, and toys. I go in and play with her, but she meows frequently. 

I was curious to whether it was okay for her to be inside when Toulouse is outside. Also, any suggestions to whether there are better methods or tools to getting them to get along.

TL;DR:"," Introducing new kitten to resident, indoor/outdoor cat. Keeping kitten in one room. Can kitten be out in the house while resident cat is outside?"
290,"SUBREDDIT: r/cats

TITLE: Adopting a timid cat tomorrow, looking for tips when introducing her to my existing timid girl.

POST: Hello everyone, I'm sure there are many of these posts around, but just to give everyone a chance to share their knowledge and stories again, I'm looking for some tips, tricks, and tales of introducing timid cats to each other.

My girl, Louhi, came to me as a kitten 5 years ago. She's a very social cat with me, following me around the apartment, waiting for me at the door when I get home, always on my lap or next to me when I'm sitting down. But she's very shy around visitors, runs to hide when she hears the doorbell and doesn't come out until the visitors are gone. Some people she will grace with her presence, but few. Especially not the ones that really want it!

I've wanted for a long time to get a friend for Louhi, so I got the OK from the flatmate yesterday and today went to the shelter to see who would capture my heart. Introducing Mia. She's one of seven, and described as timid. When I went into the pen shared by her and her brothers, her brothers were all out cuddling on a pedestal and Mia was alone on the floor, sheltering inside a box. When I bent to look in at her, she backed up and if I put my hand closer, she would just try to back further away.

I share a very quiet, relaxed house with my flatmate, with no visitors coming or going, so I think it's a good environment to give a timid cat a chance to enjoy a peaceful life. I have the means here to totally separate the cat's living spaces, so they can just sniff each other under the door until they get used to each other. I've done some reading about introducing cats and am prepared to put as much time as needed into it, taking it as slow as each of them need, but am looking for any tips from all of you out there!

[louhi and mia](

TL;DR:"," I have a timid, 5-year old female cat and tomorrow I am bringing home a timid, adult female from the shelter. Am looking for tips on introducing these two shy ladies to each other."
291,"SUBREDDIT: r/cats

TITLE: Why is my cat meowing?

POST: I've had this cat for two years. Normally, she's very quiet; she only meows to greet someone or if she sees someone holding her bag of treats.

For the past two days, she's been walking around the house, meowing constantly. If the door to my room is closed, she'll sometimes scratch at the frame. As soon as I leave my room, she stops meowing; I don't even have to be in the same room as her, as long as I'm not in my room, the meowing stops. When I go back in, even if I just stand in the door way, she'll resume meowing. 

If I ignore her, her meows will keep getting louder. If I talk back to her, she'll still meow, but softly. If I try to bring her in the room with me, she won't resist, but she'll walk (not run) out shortly after I put her down. However, I can go in the bathroom or any other room and close the door, and she won't make a noise.

I don't think she wants attention. At first, I'd go out and play with her when she meowed, but then I realized that she didn't always want to play when she was meowing. She also continued her meowing while other people were in the room with her.

At this point, I can't figure out why she's meowing whenever I'm in my room. The only thing I can come up with is that she might be in heat. Any ideas?

TL;DR:"," cat meows whenever I'm in my room, won't stay with me in my room, and doesn't seem to want attention. Why is she meowing?"
292,"SUBREDDIT: r/cats

TITLE: Had a very strange experience this morning. I wonder if anyone's had a similar thing happen?

POST: I apologise if this is a bit garbled but here goes:

My 19 year old cat Mogwai has been sneezing quite a bit over the last few days. He has a slightly blocked tear duct so his eyes and nose are a little runny usually but initially we put it down to that, plus the hot weather which he's not used to, and the dry ground and dust outside. He was eating and drinking fine and we were monitoring it to see if it got better. 

This morning I was just getting the other animals fed when my dad came belting round the corner with him in his arms. Sticking out of the centre of his nose (not the nostril, the nose) was a piece of dried grass or hay. I thought he'd been snuffling round in the hay barn as he does and had somehow got a piece of sharp hay stuck. 

As I started to pull it out (he was panicking so I just grabbed it and figured I'd clean up any blood straight away, before he could worry at it) I realised to my horror that this piece of hay/grass was about 2 inches long. It just. kept. coming. 

As soon as it was out, he gave a huge sneeze and the tiny hole in the centre of his nose actually stopped bleeding and closed almost straight away. He looked much happier and calmer as I cleaned him up. 

To cut a long story short (sorry!), he was absolutely fine afterwards and is currently sleeping soundly on his favourite mat. Is it at all possible that he ate this at some point (he does on occasion), sneezed, and has somehow expelled it through his nose? It sounds ridiculous but I can't think of any other explanation. He has also stopped sneezing now.

TL;DR:"," Cat sneezed a 2"" piece of dry grass/hay out of the inside of his nose. How?!"
293,"SUBREDDIT: r/cats

TITLE: Bringing home puppy!

POST: You guys have been super helpful in the past, so although I've been reading up plenty on introducing a new puppy to my cat, I thought I'd see if y'all have any tips.

The situation: my cat is a 4 year old, 15 lb Maine coon mix that I adopted when he was a kitten. He's pretty chill - he's (mostly) leash-trained, can ""come"" and ""sit"" on command, loves car rides, very people-oriented, never sprays. (I didn't know anything about cats when I got him so I just pretend he's a dog half the time.) He's lived with dogs before for 1-3 months at a time; he's not a fan of big dogs (and HATES other cats), but he is fine with dogs his size or smaller. He does tend to be pretty ""alpha"" in these relationships once he gets to know the dog.

The puppy is a ~3 month old pom/chihuahua mix who currently weighs 7.5 lbs and is unlikely to get bigger than the cat. He's not house or leash trained yet, so we'll obviously need to start there. Both animals are fixed. Otherwise, I don't know the puppy yet - he's arriving this weekend from a rural shelter down south.

We live in an apartment in Upper Manhattan - it's quiet and large, for Manhattan, but will probably still be small and noisy for the country pup. That also means that we'll have to leash-train immediately since we have no yard access. I've got a wire crate for puppy and have moved my cat's food and litterbox to high surfaces where they're safe from the dog.

So that's the scenario. Tips or personal experience with introduction and getting these guys to live peacefully together? Most of the things I read involve not scarring the cat for life, which I certainly don't want to do, but with this size discrepancy and the fact that the cat plays pretty rough, I'm actually just as worried about the cat hurting the dog.

TL;DR:"," big, confident adult city cat meets small, country-bumpkin puppy - how do I make the introduction/do you have a similar story?"
294,"SUBREDDIT: r/cats

TITLE: PSA: Cats need dental care, too

POST: About 6 months ago, our previous veterinarian told us one of our cats had gingivitis. We had noticed he was chewing on one side of his mouth but didn't pay much attention to it. The gingivitis explained it though! But, after reading a post on Reddit (regrettably, I do not remember where it was) about the dangers of neglecting dental care for cats, I decided to take this kitty to a new vet (we had moved) for a checkup. 

The prognosis was scary sounding: Kitty had [feline oral (or odontoclastic) resorptive lesions] (FORLs) and would require oral surgery!

Our buddy came out of surgery today just fine after having SIX teeth extracted (four molars and two front teeth). This was a pretty expensive procedure but once the vet told me the cat was probably in a lot of pain from the FORLs there wasn't any question we'd get it done. But if you're not in a position to get the procedure, the vet said normally they prescribe pain medication until the surgery is possible.

Since cats aren't amenable at all to getting their teeth brushed, the only real option for most people, according to the vet, is to get dental treats for your cat. These are super crunchy and help break up plaque and tartar. They recommended Greenies (sp?) to us, but I'm sure there are many brands. But, whatever brand you buy please stay on top of your cats' dental health! My buddy is only 2.5 years old and already has had to have a significant amount of teeth extracted.

TL;DR:"," Cats need dental care! Feed your cats dental treats regularly and make sure your dentist is checking their mouths for problems. If they say it's gingivitis, make sure to ask about FORLs too!"
295,"SUBREDDIT: r/cats

TITLE: How to stop 10 month old kitten from being dominant and aggressive with 11 year old cat?

POST: This has been going on since we got Peanut(kitten) at three months old. We have tried doing time-outs with him whenever he attacks Chinchilla(old cat), but he doesn't connect the dots. We've tried to re-direct his attention to a toy, but that doesn't work for long. It's like he can't help it. He's neutered, so I know he's not trying to mate with her. 

Are there any other solutions to this issue? Or will he eventually outgrow this bratty stage? Chinchilla isn't in the best of health, so him jumping on her is not helping. 

The cats aren't allowed outside of our bedroom(we live with his mother, and she would let them out of the house out of spite because she's evil and no, we can't move), so putting them in separate rooms is not an option. 

He also displays resource-guarding, which is not a good thing either.

TL;DR:", Kitten is being dominant and aggressive with older cat. Time-outs and re-direction have failed. Also resource-guards. Need new solutions.
296,"SUBREDDIT: r/cats

TITLE: Cat is dying, need answers

POST: So our cat has been losing a lot of weight and not acting himself. We took him to the vet. He is dying. Vet told us that he was depressed and that his body was failing due to old age.  We wanted to save him but he says even if we tried we can't hide from the truth of what's going on. The thing is my sister took him to the vet and did not ask what I would have asked if I was there. The vet said that he could put him down or that we could take him home  and he could find a place to ""sleep"". He said he wasn't in pain but I'm scared that since his body is failing if he would be in pain then. His name is Toni and he just turned 13. Can anyone give me advise what to do? I feel like letting him sleep anywhere he wants would be best for him but I just can't stand seeing him not be Toni. Thank you and excuse my grammar.

TL;DR:"," Vet said his organs were shutting down. Gave him 48 hour tops. Was going to take him this morning to a vet for second opinion., he didn't make it. Thank you to those who tried to help me"
297,"SUBREDDIT: r/cats

TITLE: Indoor/outdoor cat question. Moving from appartment to house and would appreciate some advice on what is best for my cat.

POST: I've had my cat since last December. I took him in my apartment when he was about 5 months old. Before that, he was a stray kitten living outside with other strays but since I got him he hasn't been out and had no contact with other cats. I'm planning to move to a house with a backyard. I've been discussing with my gf whether it would be better for him to leave him free to roam (he should have access to the outside world from the backyard) or confine him somehow within the house and the backyard. The neighborhood we're moving to is full with stray cats that regularly visit the house asking for food and I've often seen them in poor condition, sick and/or injured probably from fighting with other cats. I'm worried that Cornelius, my spoiled lazy cat, would not have much chance against those strays and I wouldn't like risking his health. What's your opinion reddit? Am I worrying too much? Any cool ideas how I could secure our small backyard to prevent the cat from roaming? Forgot to say, the cat is neutered and when we move we plan to take a second cat.

TL;DR:", Moving to a house with a backyard. Should I confine my cat inside the house and backyard or leave him roam and socialize with other stray cats?
298,"SUBREDDIT: r/cats

TITLE: help with a stray...

POST: Hey,
for the past few nights, a stray kitten has been hanging out my girlfriend and I's condo.  we have fed her her for the past few nights.  the first night she would cry out to us, but not get too close.  the second night she would get close to us and role around but would bolt if we approached.  wanting to help this kitten, we rented a have-a-hart trap and caught the kitten and took her straight into our bathroom.  getting her out of the trap was a bit traumatic. she got out and began to climb onto every ledge she could (I'm prepared to have to replace my shower curtain), and she is in their now, but judging by the quiet she seems to be appreciating the privacy.  we plan on taking her to the vet/spca tomorrow to get looked at and make sure she is healthy and what not.  what I'm looking for is basically some tips to make her night in out bathroom a little more comfortable for her and us.  thank you.

Important notes:
* we have two cats already, but neither have come into contact with the stray
* the stray appears to be a calico so we are assuming she is a she
* we made a point to get the stray inside because it is so cold outside

TL;DR:"," we caught a stray kitten, we are taking her to the vet in the morning, but would like some tips to make her night with us more comfortable for her and us."
299,"SUBREDDIT: r/cats

TITLE: Embarrassing, no throwaway, no exaggerating. I just want to share what I woke to this morning and see if I am not alone (god I hope my cat is not the only one)

POST: A small back story, my male cat (we've had since he was 2 days old, orphaned) was neutered at the time cats are suppose to be neutered. But he is still very frisky when it comes to some blankets and cat beds.  

He sleeps in my arms, cuddled up like a baby, and sometimes he walks over my face to get into my arms.  

BUT this morning, he lingered over my head. I was wearing an eye mask...but it wasn't like I could see anyway, I had full cat crotch in my face. As I slowly gained contentiousness, I realized that my dear cat had taken his mounting position on my face...what he normally saves for his blankets and pillows...WTF animal.

TL;DR:", I'm pretty sure my cat tried to rape my face as I slept. Luckily I'm a light sleeper.  
300,"SUBREDDIT: r/cats

TITLE: Living with ferals -- any advice?

POST: Hey Reddit,

I have been trapping and releasing feral cats for several years. Every now and then I capture a feral who is young enough to be socialized and then adopted.

Well a new family of feral cats moved in to the patio at my work, so I decided to catch them and get them their standard vet treatment. As part of my city's program, ferals receive treatment on Wednesdays and Thursdays only.

Well the kittens looked pretty young, so I decided to trap them early to start socializing them before the vet trip this coming Wednesday. I caught a cat within minutes of setting the trap. Came home, set the trap in my bathroom with the door closed, and opened the trap.

TWO kittens came out!! I had a sheet covering the trap and when I looked under it, I somehow only saw one!

They are extremely stressed out and are going totally nuts! They are flying around my bathroom and already tore down the shower curtain! I cleared stuff off the top shelves to give them somewhere to go up high, as well as some calming holistic medicine in their food (though I highly doubt that will do anything).

Every time I walk into the bathroom they flip shit. Usually when I do this with other feral cats, the cat quietly hides the whole time. They don't seem to think any of the hiding spaces are safe!

I recon they are over four months old now. Are they too old to be socialized? What can I do to make their stay in my bathroom more comfortable until wednesday?

TL;DR:", Accidentally brought home two feral kittens instead of one. Both are extremely stressed and going nuts. Estimated 18 weeks old. Are they too old to be socialized? What can I do to help calm them down until Wednesday?
301,"SUBREDDIT: r/cats

TITLE: Kitten losing sight, anyone own a sightless cat?

POST: Hi guys, 

I recently helped my brother rescue a stray kitten with conjunctivitis and it looks like the little guy's going to lose his eyes. Luckily, no surgery, just lots of compresses and intensive medication until he's healed up. He's also quite young, about 2 months now. It's been expensive (meds changing constantly because he's growing), but worth it to watch him get better.

It's been 4 weeks since his first vet visit and he's starting to act like a typical kitten. He runs in circles a lot, and he still runs into objects. The worst is when he tries to play with the other cats (his mom and siblings were welcomed into the house when my brother adopted him). He backs up, gets on his haunches and is very obviously about to pounce, but then he chickens out because he has no idea where he's going. Once he jumped too high and pounced into the wall above his sister. He wants to play rough, but has no idea how. I'm glad he's trying, though. 

We're 99% sure he's already blind, as the existing eye tissue is nearly gone and his eyelids are closing up on their own. We try to keep him in one room so that he can get to know that area through his other senses, and we supervise him when he's in unfamiliar rooms. Not sure what else we can do to help. There are adult cats in the house besides his mother, but they don't seem to mind him.

TL;DR:", Kitten aged 2 months losing sight to conjunctivitis. Anyone have a sightless cat and have tips for helping him to adapt? 
302,"SUBREDDIT: r/cats

TITLE: About to get rid of cat, please HELP.

POST: My boyfriend and I have had out cat Molly for about a year and a half now, and in the last month she has started peeing on EVERYTHING. We tried putting her nose it in, spray bottle, we don't know what else there is to do. Our entire apartment smells like piss and neither of us can take it. She is almost 4 years old and was in a clinic until we adopted her at 2 and a half, it took her months to fully trust us and I'm scared that if we give her to someone else she'll never trust. Also I love her, so much and do not want to loose her. However we can not continue to live like this. If anyone has had similar situations or may know what to do PLEASE HELP!!

TL;DR:"," Cat won't stop pissing on everything, the apartment is gross and we're ready to give her away although we don"
303,"SUBREDDIT: r/cats

TITLE: Advice on adopting a second large cat into a 750 sq ft apartment.

POST: Hi r/cats! We were playing with kitties at the shelter again today, and I met a big black kitty named Batman who's been there for a year, and that breaks my heart. When I say big, I mean at least 18-20lbs. Our current kitty (the Captain) is also a big boy, last vet visit he weighed over 15lbs. Since they're both large males we thought they might be compatible, but while the Captain is an angel at home he's antagonistic around other cats. Batman wouldn't be easily picked on. Of course, I'm worried about rivalry, we haven't had any spraying problems yet and I don't want them to start!

So, should we give it a try in a small apartment? We really don't have room for more than 2 litter boxes, and they'd have to be in the same location because the bathroom is too small. I really want to give Batman a home, 750 square feet is a lot better than a small cage! There is plenty of vertical play space, including three windowsills that we made accessible, couches, counters, high shelves, etc. 

Thanks in advance for any advice!

TL;DR:"," We have a huge black kitty and were thinking about adopting another huge black kitty into a small apartment. Potential adoptee has been stuck at the shelter for a year, and is a sweetie."
304,"SUBREDDIT: r/cats

TITLE: My cats first homemade birthday present. Nailed it.

POST: After spending weeks convincing my dog loving girlfriend that our living situation could only handle a cat, we rescued a cat named Tannis from an owner off Craigslist in Brooklyn who claimed her roommates cats were terrorizing her. We adopted her and immediatly changed her name to Zoe because Tannis just didn't seem to fit her in any way.

 When we got Zoe,  she was 2 years old and was as small as a kitten and had a super quiet, adorable squeek of a meow. She hid from us for almost a month and barely ate or went to the bathroom and when would manage to get her out, she would rarely let us touch her without her swatting or biting.  My girlfriend and I, and now Zoe lived in a tiny 400 sq. Ft. Studio apartment, so she didn't have too many places to hide from us,  except for one tiny space under our futon. So naturally, over time because she was forced to be close to us, she shed most of her anxiety. 

One thing that seemed to always make her feel safe was a cardboard scratching pad or just a simple box top. After making sure we always had a supply on hand she has changed for the better.  Now she can't be without us, she is at a normal weight, her squeek has evolved into a, still timid, but much louder, assertive meow.  

We realised after 2 years of owning her we dont knew her birthday and have never celebrated one for her.  I looked in my emails for when we got her and determined we got her on Aug 28th 2012. So we decided to make her birthday then,   so according to us...if we got her 2 years ago at the age of 2, then that would make her 4 this week. 

 We just got a bunch of grocery's off Amazon that came in several boxes recently. So I told my girlfriend to design her a cat house from the boxes and I will attempt to build it.  Since cardboard boxes have been such a significance in her life with us I thought this would be a prefect gift, and not to mention affordable.

TL;DR:", Realised we never got my cat a birthday present in the 2 years we owned her. We had extra cardboard boxes lying around so the girlfriend  designed a house and I attempted to build it. Our cat loves it. 
305,"SUBREDDIT: r/cats

TITLE: I've been wanting to build a cat tree, any advice/suggestions? anyone else ever DIY one of these?

POST: I can't really afford (nor do I want to pay for) one of those big crazy cat trees for scratching, climbing, resting, etc.  I was thinking of building my own after being inspired by this article I saw in a Lowes Hardware magazine.  I'm wondering if anyone else has ever ventured down this road.  I have VERY HIGH ceilings in my apartment so I can build it up pretty high.  I was thinking of maybe even doing a cat walk up higher so she can wander around once she's up there.  I'm not sure how to execute this safely or what I'm really doing.  I do know I'll need liquid nails, concrete (not actual concrete, it's just used with it) tubing, carpet samples, I figure string and misc. toys, maybe some boxes and other things.  Am I missing anything?  Do you have tips?  Pictures of  your own creations?  I know she'll use it too since this pass weekend in MD visiting my mom she climbed a tree almost 3 stories off the ground.

TL;DR:", Looking for any tips/suggestions on building a cat tower with a possible cat walk.  Pictures of any you built yourself would be awesome too.  Thanks!!!
306,"SUBREDDIT: r/cats

TITLE: Have you successfully toilet-trained your cat(s)? We could use some help.

POST: My girlfriend and I have two kittens (brothers) and they're about 4 months old. When we got them, they were perfectly litter trained and had not once had a problem. We decided that we would try to toilet train them and bought the CitiKitty training kit and some flushable wheat litter.

I wanted to make the transition as smooth as possible, so before installing the kit, we moved the litter box on top of the toilet to get them used to going up there. After about 3 days, they knocked the litter box off and we decided to just jump right into the CitiKitty, so we switched litters and opened the toilet seat. Although timid for the first day (understandably so - a new litter box AND new litter), they both started using it, and continued for about a week or so.

After removing the small center ring (about the size of two quarters, everything still seemed to be going smoothly, but then a few days later, one of the brothers stopped using the new box and started peeing on the floor, in the shower, or in the sink (at least he's confined his excrement to the bathroom). I monitored his pee - no blood. We bought some UTI test strips, both of which were negative for the various nitrites and other indicators of urinary troubles. I replace their water with filtered water twice per day, and he seems to drink enough of it. To be on the safe side, I've increased the wet food/dry food ratio without success.

At this point, I think the issue is just stress. Every time he goes into the bathroom, he meows, and that is a quick warning that he's about to go. When we place him on the toilet, he goes on it and doesn't complain. We feed him treats and give him lots of positive encouragement when he does go where we want him to - and we make it a point to really clean away the scent when he goes where he shouldn't. We also keep the litter cleaned as well as possible and change it out once or twice per week.

TL;DR:"," of our two twin kittens, one uses the toilet like an expert and the other is giving us hell. *(Is this what parents go through when potty-training children? It's infuriating.)*"
307,"SUBREDDIT: r/cats

TITLE: My cat has a habit of hanging around other houses. Help?

POST: I've had this cat since October, and I know her previous person.  She's an outdoor cat, around 2 years old, and returns to the house most nights. One of the major problems that both myself and the other person have had is that she tends to make herself scarce when she senses we are going to move, sometimes even making a second home of sorts.  Out of the last week, she's slept in my bed all but the last two nights (prompting me to seek her out in the neighborhood), but a neighbor also says she has been hanging out at his place for much of the time over the last week too. I really don't want to run into a situation where another person tries to take her because she's done that cat thing where she uses cuteness to get more food. The vet says her weight is perfect and I do give her more food when she's more active. 

Is there anything I can do to discourage that behavior? I try to feed her on a schedule, but if she's not there,  other animals (squirrels, birds, possibly other neighborhood cats) chip away at the food. I can keep her on the lead  outside when we are cleaning house, and we are working on the ""come"" command with lots of treats.

TL;DR:"," [This adorable creature] is a habitual two-timer, and I need her to stop because it's super stressful and she gains too much weight."
308,"SUBREDDIT: r/cats

TITLE: Please Help my lil guy, he's been wearing a cone for over 2 years (long but please read)

POST: I adopted Chester in August of 2009 from a shelter when he was 4 months old. At the time he was wearing a cone because of a bug bite on his head that he had scratched up (or so I was told).  Fast forward to today, he is still having to wear the cone because of repeated self-injury to his head (scratches till he bleeds and just keeps going, like he feels no pain).  I've been to the vet more times than I can count, spent ungodly amounts of money, ruled out all possible physical issues (parasites, fungus, mites, etc), and still no answers.  

He is currently on Atopica per vet recommendation, but after almost 6 weeks I haven't seen any improvement in his scratching.  He also bites his back toes to the point of bleeding.  He was previously on Gabapentin which helped for a few months and he didn't have to wear the cone, but then it stopped working.  He's also now wearing sweaters because he had a reaction to a flea med on his back, which he then scratched the heck out of and left a scar.  The only thing that keeps him from scratching the scar is wearing sweaters.

I really feel like this is a behavioral/OCD/self-injury issue, not a physical one.  Does anyone have any suggestions of other meds or anything??  Other than this issue, he is the sweetest lap kitty ever, always by my side, loves to play, gets along great with my other cat.  Thank you for reading, any suggestions are appreciated!!

pic:

TL;DR:"," My cat has been having to wear a cone for over 2 years because of self-injury to his head and toes. Tried almost everything to fix, any suggestions??"
309,"SUBREDDIT: r/cats

TITLE: Poop stuck in my cats ass hair :(

POST: Hi!
My little Texas is a siberian cat and thou his pappers say medium length hair I would consider him a long hair breed (about 2 inches). His hair kept getting longer the older he got and now, at 7 months, it has gotten so long that he cannot properly poop. Or well, he can, but it gets stuck in his ass hair. We are using a litter box with sand which is supposed to stick to the poop but some of his poop never even reaches the the sand, it getts entangled in a massive jungle of asshair. It is very, very gross to pluck small turds from your cats hair. It happens almost every time he poops, has anyone had this issue and solved it? Is this a common issue? I'm thinking about shaving his ass..

TL;DR:", Cat has gotten longer hair and now poop gets stuck in his asshair. How do I fix this? Is it normal?
310,"SUBREDDIT: r/cats

TITLE: Escalating cat fights... need advice....

POST: Hi! Im new to this sub so if there is a better place for this post please let me know. That being said, here is my situation: 3 indoor cats, 1200 sq. foot house. Small 3 legged 4 year old male(Speck), chunky 5 year old female(Whipple), large 5 year old male(Arbor). The 3 legged guy and 5 year old girl have lived together here since they were little and get along fine, they used to play tussle and keep each other busy before the 5 year old big guy moved in. Arbor(the big guy) moved in about 6 months ago. We introduced him to the other cats slowly over a few weeks. He had a baby gate and his own food behind it, but could see the other cats and after a few weeks we let them all be together. The female(whipple) and arbor have always fought a little, but it seems to be getting worse and more aggressive. Arbor is totally docile, whipple is.. hmm.. she is sort of.. how can i say this?.. distant? touched? she is just weird.. she likes to be involved with us and is social, but also sort of just not totally present. She hangs out with us, watches tv, gets pet, plays stick and feather, laser pointer etc... but then she turns into this bully towards Arbor. She messes with his tail and just sort of follows him around and then pounces on him. We have been making an effort to distract her with play, which works in the short term, but then she's back at him. I dont think she is threatened by him or his size, she just sort of acts like a bored older brother messing with his little sibling. because he can. All the cats have spaces to be alone, there are places with some height that they can observe the room. They have separate feeding areas which seems to be working fine as they don't fight during feeding, but 10 minutes after feeding, when they are done and cleaning themselves seems to be a regular fight time. This is causing us some stress as naturally we love em all, but the bullying is getting worse... any advice? let me know if you need any other info about our situation.

TL;DR:", Female cat seems bored and starts messing with larger male cat and is bullying the crap out of him and its a problem/stressor.
311,"SUBREDDIT: r/cats

TITLE: So my cat seems to have a mental illness or rather said a ""cleaning bug""

POST: So my cat got adopted from my sister from a spanish death camp around 5 years ago and is living here for about 3 years now (my sister lives in another city and brought her cats once to our place and then decided to leave them here cause they can go outside). Before that death camp thing she was a stray cat.

My cat (she's basically called ""meowmeow"" since she always makes two meow sounds when meowing :D) can always go outside around here and there's no extreme air pollution or something that could harm her in any way.

But since her castration was done by someone in spain or at least not from an official vet around here we had to do it again and since then I believe something fucked her up.

Whenever I watch her (and she's not sleeping or eating) she's always cleaning herself. She can't walk 2m without stopping at least one time to clean her leg or something.

And it's not like that she really cleans herself. She smells so bad and it isn't even nice to cuddle with her or just pet her anymore cause you have to immidiatly wash your hand after it.

I've got another (male) cat and he's the complete opposite. He maybe cleans himself once or twice a day and whenever he comes in he smells like pure nature and his fur is awesome cuddly and yeah.

Is there any cat owner who has the same problem and solved it? I appreciate any advice that could help to stop that madness, it drives me crazy because sometimes I think she's sad that I don't cuddle her anymore because of her bad fur and bad smell. :(

TL;DR:", My cat has a cleaning bug and I'm interested in any advice that you can give me about how to solve this issue.
312,"SUBREDDIT: r/cats

TITLE: [Serious] How do I get my cat to stop bullying the new one? And, how do I get the new kitten to stop pooping everywhere?

POST: Here's some background:  I've had two cats for a while now and after my new roommate moved in with her 7- or 9-month old kitten about a month ago, there have been problems with one of the cats pooping everywhere outside of the litter box (litter boxes are downstairs). We're guessing it's the new kitten but not 100% sure since all of their poop looks about the same.  One of my cats (7 y/o female tuxedo) is constantly bullying her and stops her from going anywhere except to my roommate's space, which is upstairs.  One suggestion we have considered is using the Feliway plug-in but it doesn't look like it's helping - they're still scrapping it out day and night.  Can you guys please recommend something else?

TL;DR:"," new kitten is urinating/pooping everywhere outside the litter box, older cat is bullying her into staying in one space,  Need some suggestions in making them both stop being assholes."
313,"SUBREDDIT: r/cats

TITLE: Pissed off cats

POST: Hey Reddit,

I know you love cats, i love cats. I have two cats at my parents house (2nd year university student). This is a 'help me please' plea to understand why my one cat hates me with a burning passion.

It all began 10 years ago when i got a surprise for my 11th birthday, i got to pick out a kitten from a litter born just 3 days prior. I pick Athena, she grew up in our house hold and when we moved to a new province she came with us.  She had always been a quite reserved and never liked people touching her, or visitors in the house or anything, ( i used to call her the bitch cat). 
Recently when i come home from uni to visit my family (every few weeks) she fucking HATES ME. she's all pissed off and will hiss and attack me and runs from the room whenever i enter it she will attack noone else but me. and it's actually making me a little depressed. i mean she is MY cat i got to pick her out and take her home.. 

could there be any possible explination for her weird behavior.. (note, she sleeps on my sisters bed and will cuddle with my parents and other siblings)

TL;DR:"," my cat used to be nice and loving to the family, but now has singled me out as the worst thing in her life. Any possible reason for this change in behavior?"
314,"SUBREDDIT: r/cats

TITLE: HELP! Downstairs neighbors losing it over cats

POST: I moved into an apartment complex a couple of months ago and around October got a pair of kittens and my troubles began. I live on the second floor of a two story apartment complex in a 1/1 with a husband and wife below me. Around December when the kittens started becoming more of a normal cat in size, weight, and activity my downstairs neighbors started complaining of the cats making noise at night. I started by just lining my bed with my unused pillows to stop thuds from them jumping off at night. Didn't help and complaints increased in frequency and intensity.

Here I am almost two months later after having spent almost 600 dollars on extra carpeting for my tiny apartment and experimenting with feeding them at different times of night to make them sleep longer. I've tried separating them with one in he bathroom and one in the living room but they both just meow all night. I've tried putting them in the bathroom but they just jump off the counter and still wake up the neighbors.

I have no idea what to do anymore. Crating isn't really an option because the neighbors are banging on their ceiling as early as 730 pm and having them in a cage from 7pm to 8 am is unthinkable . In the past two weeks I've been woken up by them coming to our door and slamming on it to get us to do something about the cats. I came home to my girlfriend in tears one night because the husband came and basically just screamed at her and accused her of not doing shit to quiet the cats down.

TL;DR:", downstairs neighbors are irate over cats being noisy at night and I'm at a total loss of what to do to help them.
315,"SUBREDDIT: r/cats

TITLE: Cat attack!

POST: Ok so my girlfriends Cat Is 2.5 years old. She was always slightly aggressive and would lunge randomly. So I suggested she go get fixed and it may help. Well nope, it got worse. Now she hisses and bites at anyone after being totally fine. She will lay in bed with us all night and be ok. But if I stand up or walk across my girlfriends bedroom she bolts and attacks me. Gives my leg a real thrashing. She has even met me at the top of the stairs when I came over when her and her roommates were gone. The cat was trying to attack me through the door at the top of the stairs. So I'm not sure what to do. I'm a dog guy and never had an inside cat. We told the vet and he gave her diazapan(spelling?) And that just made her wobbly and she tore up my girlfriends arm. We aren't sure what to do at this point and my girlfriend will be heart broken if we have to get rid of the cat. Any tips?

TL;DR:", CAT WAS AGGRESSIVE. CAT GOT FIXED. CAT IS NOW WAY MORE AGGRESSIVE AND ATTACKS UNPROVOKED. HELP.
316,"SUBREDDIT: r/cats

TITLE: Questions about catsitting and introducing the cat to my own cats.

POST: Hi guys!

I need some expert cat advice.

My friend's apartment caught fire, nothing much but there was smoke damage and they'll have to stay with the parents for about a week... and the mother is super allergic to cats. So I said I'd do it. 
She's this really tiny female, adult but kitten sized.

I have a two cats, Truffles [1yr6m] and Nacho [6months, not neutered yet]. They are very friendly with everyone and are best friends with each other. Introducing Nacho to Truffles was really easy because I had a glass door in my old apartment, so they got to hiss and swat at the glass a few times before meeting directly, but when they did it was instant playing.

My biggest worry is that Nacho is not neutered yet, and he's hitting puberty hard, going crazy! Is there a chance he may try to hump her and they end up fighting?

I don't want this to be any more stressful on them than it has to be. SO I have a spare room that I can keep her in, but Truffles can open ANY door in this apartment and I don't have time to get a lock, she's coming tomorrow morning (It's after 10PM here)

TL;DR:"," Please, if you have experience fostering or catsitting, what do you do to introduce the temporary cats and avoid stress for you and them?"
317,"SUBREDDIT: r/cats

TITLE: Two kittens from shelter, worried one plays too rough (other smaller kitten usually ends up being bitten and meowing mercy)

POST: Is this normal part of socializing the kittens? One kitten is 3 months and the other kitten is 4 months. The 4 month old is noticeably bigger and usually winds up on top of the smaller one nipping at her tail or legs. It gets fairly  aggressive to the point where the smaller one has to cry out.

Just worried. We just picked them up from the shelter today so we are leaving them in the bathroom as they get acquianted with their new surroundings. These are our first cats, so possibly this is a foolish question -- but any advice is welcome!! 

Should we separate the two kittens. They shared a cage at the shelter and were fine - so I imagine this is just them playing rough.

TL;DR:"," two female kittens, larger one plays very rough with smaller one, shared cage in shelter, should we be concerned about leaving them alone together in the bathroom while we are at work/sleeping."
318,"SUBREDDIT: r/cats

TITLE: Hey /r/cats how can we convince our cat that sitting on laps is super cosy and full of win?

POST: We resuced our cat, Kalimah, off the streets about 3 years ago when she was about 8 weeks old. Her mother had disappeared when her and her siblings were only about 2 weeks old and a lady who lived by the alley where they were born kept them alive by leaving sausage mince and milk out for them. They had very little human interaction until the husband and I showed up and whisked her away.

She was very sick when we got her with a severe lung infection and a case of the Houdini's (on the day we got her, she managed to jump off a 2nd storey balcony, hurt her mouth a bit, but then proceeding to evade capture by 3 hominids for another half hour). She came around quite quickly though, and within 2 days was letting us pat her and was seeking attention from us and had learnt all the important indoor cat things (what a litter tray is for etc...). We spent a bucket load of cash at the vets getting her well and fixed and tattooed and now she's a picture of health and happiness.

Thing is though, she has never been a 'lap cat' and we'd desperately love her to be. She will let you pick her up and she will sit on your lap briefly while you pat her, but she is never at ease with it and always wiggles away (only to come back to your feet, begging for pats again a few moments later).

Does anyone have any tips for training a very stubborn cat to sit on laps and be comfortable with it?

TL;DR:", Stupid lardy cat don't know what's good. Won't enjoy lap pats like cats should. Looking for training tips.
319,"SUBREDDIT: r/cats

TITLE: My Dad Is Threatening To Put My Cat Down Because He Pees In The Basement

POST: Okay, so we've been trying to sell our house. I don't want too, but whatever my dad wants, it happens. We've had over 40 showings, but not a single offer. 

Anyways,
One of our cats, Ging pees in the basement. We have carpet right now, but my dad wants to put in hardwood. I think this is a terrible idea, because he will still pee there and ruin the wood, but he is still doing it.

Today, I woke up and heard everyone yelling at each other. My parents have decided the cats should go outside a lot now. Here's the thing: Last time we tried this a few months back, they ran away for a night. My sister, Lauren was up crying about it. It was a tough night. But, they came back.
Now, my mom and dad are letting them out.
And the worst part, is that a few minutes ago, my dad said that he will take Ging to the vet and put him down if he keeps peeing.
I told him that if he even tried anything like that, I would do everything I can to stop it, including calling the police. he just laughed at me and said ""it's his house.""
I'm freaking out here. I'm afraid he will put down our young, healthy cat because he doesn't like him, and I feel he only wants him outside, because he secretly wants them to die.
Help, please. What do I do?

TL;DR:"," Dad wants new hardwood floor even though one cat pees on it, he now lets them outside even though last time they ran away, and said he would put down one of our cats if he keeps peeing."
320,"SUBREDDIT: r/cats

TITLE: Ask /r/Cats: Is my cat abnormal for a few odd behaviors?

POST: I have a cute tuxedo rescue cat.

[This is her taking a selfie.](

[This is her taking a stroll.](

Basically, I noticed some odd behaviors that differ from what most cat blogs / reliable sites advise to expect:

* **She's totally unfazed by catnip.**  I try pinching some, placing on a scratch post, even just holding it under her nose.  She kind of just sniffs then leaves.

* **She's not jealous.**  I can go scratch and pet my local bodega's cat all day.  That cat is fascinated by my cat's smell, but when I return home moments later and Panda sniffs my hand, she just doesn't care.

* **She won't eat unless I watch her.**  I often wakeup to familiar face smacks from pink paws.  It's her.  I get down from bed and put some food out for her then run to the restroom.  She starts crying immediately while I'm in the can, when I return she confirms I still exist.  Then and only then she resumes eating.

* **She ignores scratching posts.** See catnip thing, she doesn't care.  She just completely doesn't care.

* **She sleeps like a guest** She'll literally snuggle up next to me and let me be the 'big spoon'.  By let me, I mean force me.  I throw her out of bed then I wake up and her head is on the pillow with her back to me and she's just totally snuggled up.  It's cute but is it normal?

* **She understands light switches**  This is weird, but she has learned how to turn on the light in my bedroom.  I presume it's to wake me for a food delivery.

* **Mirrors don't matter** She ignores mirrors, doesn't look at them.  I tried to do a self-identification test (she's 8 months) and she just stared at her reflection and mine, but gave no reaction.

TL;DR:"," Basically I can't discern if some of the above are normal.  Some make me think she's brilliant, others make me think she's dumb.  Does anyone have cats with similar behavior or anything anecdotal that can validate these behaviors?"
321,"SUBREDDIT: r/cats

TITLE: R.I.P Blacky . Best friend of 16 years.

POST: My cat was drooling and didn't eat as much as usual, we brought her to the vet and got looked at. She went for dentistry today and i was waiting for her to come home. She wasn't able to come home cause the vet found out that she had bone cancer that was secluded to her jaw. The vet said the cancer ate away at her jaw bone and that she was in immense pain, she didn't show it. The vet also said that cats won't show what wrong with them until it's in the final stages of a disease or whatever is wrong with it.
We had to put her down today . I didn't cry, but as i write this now, i'm pretty fucking close.

TL;DR:"," Love your cat. Go fucking hug her/him right fucking now and if you think anything is wrong, take them to vet asap."
322,"SUBREDDIT: r/cats

TITLE: Her highness demands to be released at 05:00.

POST: Ok, so we have this cat (born wild) we adopted like 7 years ago. She's grown from a growling ball of fury in a large hamster cage (for her and our safety) to a fairly social cat, atleast to us. Anyway, during the day she's awesome.

There is just one thing that's been annoying the hell out of me lately and that's the fact that her highness doesn't care for the living room door being closed in the morning. We keep her and another cat in the living room (+litterboxes) during the night, because otherwise they'll often tear around the (2 bedroom) apartment which isn't quite compatible with trying to get some sleep. 

This means she's scratching/clawing at the living room door at 5:00, 6:00 or 7:00 in the morning, and she'll easily go at it for 30 mins straight, which in turn means -I- am awake at 5, 6 or 7 in the morning, every day, because I sleep lightly and the apartment isn't that big so the noise carries into the bedroom.

We've tried a few things, like repremanding her by squirting water at her or having the vacuumcleaner (which she hates) in the living room and activating it from the bedroom (the apartment is small enough :)) when she scratches to try and create a negative association with scratching at the door. While the vacuumcleaner helps for the moment, it isn't a fix: she'll do it again the next morning, and the next morning, etc.

So my question for you, cattit:

Do you know of any tricks I could try and get her to stop scratching the door in the morning?

TL;DR:"," Cat scratches door at 5, 6 or 7 in the morning, every day, waking me up that early every day. Any tips for getting her to stop ?"
323,"SUBREDDIT: r/cats

TITLE: Can I do something? Please help.

POST: So my cat is now around a year old (found him on a road, don't know his exact birth date but we found him as a very little furball) and he's begun setting his territory, by peeing on it. We won't be able to get him to a vet (you know, to get him done *that*) until a few days. Is there anything I can do to prevent him from stinking the whole house? Locking him in the balcony isn't an option at all, as it is snowy and windy outside. Also it would not be very human to do so. Any advice would be appreciated.

TL;DR:"," my cat marks territory and can't get him fixed until a few days, what can I do so he doesn't mark the whole house?"
