,prompt,completion
0,"SUBREDDIT: r/Cooking

TITLE: Favourite dry seasoning mixes for rice? Or maybe veggies?

POST: I'm currently 36 weeks pregnant with my second child and working to create a menu of pre-made freezer or easy-prep recipes to get us through the most difficult first 4-6 weeks.

I'm pretty good at main-dish items for the freezer, but I'm not so good at veggies and rice. I have a toddler with the usual toddler particularities and she won't eat bland foods. I try to avoid sauces as much as possible and just adding chicken broth is still too plain for her.  Ideally, I'd like to find a couple of herb or seasoning blends that I could just add with rice and maybe butter to make it taste better. Sort of like a box of Uncle Ben's style rice, but not at $3 per meal. If anyone knows something similar that works with veggies, I would appreciate that, too.

I have a wide selection of dried herbs available, all the common ones used in Italian, English, French, and Spanish recipes, plus a few spices like Cinnamon and Nutmeg used in baking. Nothing really ""hot"" except curry powder.

TL;DR:"," What seasoning blends can I make in advance to toss in with the water and rice, ""Uncle Ben's"" style, that still taste good?"
1,"SUBREDDIT: r/Cooking

TITLE: Advice for my wife.

POST: Hey guys, I have a question and hopefully you guys have some experience and therefore some advice for me. My wife doesn't like cooking much, but feels like she should. Her solution is to make food all at once and throw it in the fridge to be eaten thought the week. This sounds like an OK idea but food doesn't do very well just sitting in the fridge. So my first question is, do you have any recipes for good food that you can mostly prepare beforehand and then spend like 15 min putting together a few days later? 

Next my second issue is that because she doesn't like to cook and really hates following recipes, her food is often less than desirable. It is still edible and not too bad, but sometimes it isn't what I enjoy eating. Because she basically will not follow any recipes, is there any training or such on how to ""cook on the fly"" / just ingredients  (need flour, basil, and rosemary with some olive oil - that is about all she will follow)""? I ask, because as I mentioned above, her dishes are not that great sometimes because she won't follow a recipes . When I criticize any at all she just basically gives up, and it doesn't help that I am a rather picky eater. I'm stuck here. I work during the day and get home between 6 and 730 normally so I can't really cook myself or I would, and she gets rather frustrated when I don't like or eat her food. In addition we have a 2 year old daughter who is not only difficult to feed, she won't stay out of the kitchen with my wife while she cooks, complicating the issue of her cooking at night.

TL;DR:", Need way to help get my wife training on how to make food in advanced and on the fly (no recipe just ingredients) for easy cooking during the week.
2,"SUBREDDIT: r/Cooking

TITLE: My Indian housemate has asked me to teach him how to cook ""pasta"". No specific dish, just the ""little tube pasta"". What should I teach him?

POST: I thought about doing a carbonara because it's easy and good, but it doesn't seem like that would go with anything tube-shaped. I can make a mean bechamel but that's kind of advanced for someone that's never actually cooked pasta.

He said he's had the ""little tube shaped pasta"" in Italian restaurants a couple times, wants to make that and has no idea what sort of accompaniment or sauce to put with it. When he first mentioned it, I thought he meant stuffed cannelloni, which is the most obvious tube pasta dish I could think, but he said he's thinking of very small tubes and not a red sauce.

So, what should I have him cook? He thinks I'm good at it because I actually cook and he just heats up frozen fish sticks and the like (he does not know how to cook Indian food either). But I never do anything more advanced than roast or saute some vegetables, add seafood or meat and cook until done. And since I'm trying to reduce my carbs, I don't really eat pasta anymore (I don't mind making an exception to teach him though).

TL;DR:", Indian roommate wants me to teach him to cook pasta because he's had little tube-shaped pasta in restaurants. No other info available. Any suggestions?
3,"SUBREDDIT: r/Cooking

TITLE: Quick question details inside (X posted to charcoal and food)

POST: I am sure you have all heard of grilling [beer butt chicken] I want to **attempt** something similar with a game hen since my grill does not have enough overhead space to accommodate a whole chicken sitting upright. 

What I want to do is the same in concept, I just want to replace the chicken with a game hen and can of beer with the little 7 oz bottles of Corona. I *think* this will work. My wife says the glass bottle of Corona will explode **like a grenade into the chicken and if we eat it we will shit blood for weeks.** (words in bold are my interpretation of what she implied, she actually does think the bottle will explode though). 

Surely if the bottle is not capped it will not explode on the grill right? I mean I guess if the grill got hot enough to cremate the game hen the bottle might explode even if it was open but I have no intent to get it that hot. 

Thoughts, comments and experience appreciated. Thanks!

TL;DR:", Will a 7oz glass bottle of open beer stuck in a game hen's ass on a grill explode or otherwise make the game hen inedible in anyway?
4,"SUBREDDIT: r/Cooking

TITLE: Question about ovens in the UK and terminology.

POST: The Public Broadcasting Service in the U.S shows several cooking show that are based out of the U.K. I've noticed some terminology differences regarding ovens and am trying to sort them out in my mind.

In the U.S., most electric ovens have two heating elements. The one on top is called the broiler and the one on the bottom is called baking or roasting element. When we (Americans) set the oven temperature to say 175c/350f, the bottom element is the only one that heats up and is used to maintain the temperature setpoint. We call this baking or roasting. 

When the top element is used, it's usually on full blast and used for relatively short duration cooking and is called broiling. I've noticed U.K terminology referring to grilling in the oven. That one kind of confuses me because  we usually refer to grilling as an open flame under a grill. That type of cooking is generally done outdoors. The one notable exception being the grilled cheese sandwich which is done on a griddle or in a pan.

TL;DR:", How do ovens in the U.K. work and what is the terminology used to describe the ways of cooking in them.
5,"SUBREDDIT: r/Cooking

TITLE: Those of you who went to culinary school, how did you find it?

POST: Here is why I ask, I'm going to Uni next year but am so sick of studying id probably drop out after the first semester, my plan is to go into Oceanography but getting there is going to be a bitch, so I'm thinking of bailing Uni and going to culinary school to become a chef. I absolutely love cooking, I absolutely love Oceanography, I absolutely love learning, but the one thing I hate more then anything is taking tests and studying. I'd love being a chef, I don't mind shitty hours and few vacations because I don't do much on vacation anyway.

TL;DR:"," Do I bounce Uni and go to Culinary school, or do I go to Uni to see if I can handle it and then go to culinary school after, if ever."
6,"SUBREDDIT: r/Cooking

TITLE: r/ Cooking, help me win Come Dine With Me (flat edition)!

POST: Hi,

I am an average cook and my flat has decided to replicate the 'Come Dine With Me' TV show. 

There is four of us in our flat and I have to cook the first week (this Sunday). I have to use three random delegated ingredients - **Sun-dried tomato's**, **Salmon** and **Mozzarella**. 

The problem is that some of them *are professional chef's* and I'm not, which is why I need you clever people to help me win and come up with a recipe involving these ingredients that you think has the potential to impress and win.

By the way, the whole thing will be videoed and edited by my film making friends. Thanks!

TL;DR:"," Suggest ideas/recipes for the best meal possible so that I can beat my chef flatmates with Sun-dried tomato, Salmon and Mozzarella."
7,"SUBREDDIT: r/Cooking

TITLE: Help /r/cooking! HS teacher starting a cooking club.

POST: Greetings /r/cooking! I need your help! I am a high school Spanish teacher whose first passion is education and the next, cooking! For a recent lesson, I utilized our school kitchen classroom (originally designed for Home Ec, etc but is rarely used now) to do a hispanic food cooking demonstration for my class. After the great feedback and response I got from my students, I am looking to start a cooking club at our school.

I pitched the idea to my principal and I've been given the green light. Here's the rub: anytime a new club is started, it helps to have a detailed gameplan for the upcoming year. So far, I want to have a set list of ""meals"" to be prepared once a month for which students could sign up. The meals need to be able to be cooked within 1-1.5 hours and relatively simple to prepare. You can assume these students know NOTHING about cooking. I am especially interested in ideas that would require my students to use basic cooking techniques (cutting, sauteing, baking, steaming, etc.)

I also have limited resources when it comes to the kitchen. There are 3 ovens, each with corresponding 4 top range split into pairs. Because of this, for most of the meals I envision 3 parts: meat, starch, vegetable, one in the oven and the other two on the pair of ranges.

So I am here for ideas and input on simple dishes that students would not only be interested in preparing but eating as well. I will follow the post to answer any questions y'all might have. Thanks in advance!

TL;DR:", I'm a high school teacher starting a cooking club. I want my students to learn about cooking outside of what their mom makes them at home. I need meal/dish ideas!
8,"SUBREDDIT: r/Cooking

TITLE: Help preparing more healthy foods.

POST: By foods, I mainly mean snacks. I'm a first teacher and have very little time for cooking (which really sucks, because it's one of my favorite things to do). I found that I snack a lot during the day since I don't have time to eat a proper lunch- I don't get a prep, so I teach all day without a break. The snacks that I eat are quite bad for me and I've noticed myself feeling just generally crappy. I'm not sick and I get plenty of sleep so I' assuming it could have something to do with my diet. 

I'm looking for quick, easy, and healthy snacks that I can prepare on the weekend and munch on through the week. I  live in Bahrain and every restaurant imaginable delivers (even McDonald's). I often give in to the temptations of eating a bag of chips or cookies and/or ordering out since I'm so exhausted after school. I would love to hear ideas on quick, easy, and healthy foods that I could eat as a snack. Also, I'd love to hear some recipes for dinner!

Sorry for the wall of text, thanks!

TL;DR:"," Quick, easy, and healthy snack recipes that I can prepare on the weekends and eat during the week at school. Also, quick, easy, and healthy dinner recipes."
9,"SUBREDDIT: r/Cooking

TITLE: Looking for a good Queso dip for this Sunday, any good ideas?

POST: Since this Sunday is the Superbowl, I'm looking for a good Queso dip. A few years back, I stumbled upon a recipe that I absolutely loved. It was very basic, mostly consisting of ground beef, velveeta cheese and jalapenos, with assorted spices mixed in. It was just spicy enough to give it a good zing, and the spices kept you wanting more. However, I made it a handfull of times and then promptly lost the recipe. Hours and hours spent online searching have proven fruitless, and my friends still give me a hard time for losing this recipe, as it was quite the hit. So I ask you guys, do you have any good recipes for Queso dip? Preferably a bit spicy, and a little bit on the easier side (I'm a no chef by any means). Thanks for the help guys, it's greatly appreciated.

TL;DR:", I had a great spicy Queso dip recipe but I lost it. Looking for a good one for this Sunday. Any suggestions?
10,"SUBREDDIT: r/Cooking

TITLE: I keep messing up...

POST: I'm a pretty new ~~chef~~ cook. I am constantly making mistakes, it seems. I have been trying to make stuff from that Eat Good and Cheap PDF that floated around for a while. (

Last night I tried to make the Creamy Zucchini Fettuccine (which rhymes!) and I did pretty poorly. I didn't cut the zucchini or garlic thin enough, I didn't know what zesting a lemon was before I got to prepping everything and I think I did a poor job of zesting the lemon because all of the pieces were pretty large. 

I think I actually cooked the fettuccine right because after I finished it tasted good and the texture was nice, but I made the whole box and there was WAY too much to fit in the pan, so I ended up throwing a ton out.

I also made a big mess in my kitchen and I live alone, I haven't had time to get everything cleaned up properly yet.

To make things worse, this morning I tried to make oatmeal from oats for the first time (I have had prepackaged easy-make stuff in the past) and I made another mess. I used too small of a pot to cook them and they started to boil over and now theres messy gunk still on the top of my oven. I got most of it before leaving for work but there was some that kinda fell down in a place I couldn't reach beneath the electric oven top spoke things.

It seems every time I try to make something, stuff goes wrong. Is this just, expected, for someone who is trying to learn how to cook on their own? It's really frustrating and demotivating. I don't have a lot of free time already. Sometimes when I mess up I don't even know what went wrong.

Has anyone else gone through a phase like this? I want to be able to cook well and consistently and not waste big chunks of my free time just because I want to eat a nice home-cooked meal. I want to know there's hope, lol.

TL;DR:", I'm apparently bad at cooking. Is it worth it to keep trying to learn how to make new things? Am I doomed?
11,"SUBREDDIT: r/Cooking

TITLE: Refurbishing a Calphalon saucepan:  an idiot's lesson

POST: I've had a Calphalon saucepan for a few years now, and because I'm a lazy bastard, I always washed the thing in the dishwasher.  What's the worst that can happen, right?  Well, I learned.  Nice powdery gray coating on the entire thing.  It's ruined for cooking - that powdery gray crap will get into everything.  Or will it?

I decided to refurbish my saucepan.  First, I made a resolution to never again wash it in the dishwasher.  Next, I took a Scotchbrite pad to the whole thing - stripped off the non-stick coating  (the hard anodized one that never really worked for me anyway) along with the gray powder that I now assume is aluminum oxide.  My third step was to season the pan with Canola oil, to try to seal the cooking surface a bit; I am now treating the pan as a regular cast aluminum pan. 

Anyway, has anyone else tried anything similar to a ruined pan?  

As a side note, I will never again purchase Calphalon cookware.  They're too much of a pain to maintain, and the warranty is only valid if you never use it for anything.  If it's not dishwasher safe, I'm out.

TL;DR:"," I'm an idiot who screwed up a $90 pan, but I think I might have fixed it to some extent.  Posting this so maybe other people learn from my mistakes."
12,"SUBREDDIT: r/Cooking

TITLE: PSA: Recovering from seized chocolate may be possible

POST: I wanted to share this experience somewhere, because conventional wisdom and every search I've done says that if you get water into melted chocolate in the course of candy making, you are thoroughly screwed. ""Don't throw it away, but it can't be tempered anymore"" is the general advice.

I had a pound of milk chocolate that I had gotten in temper, and was holding it at temperature in a bowl that was partly immersed in a water bath. I've done this before, but this time the bowl capsized, and about a cup of water poured right on top of the chocolate. This totally sucked.

I immediately dumped the water out of the bowl. Then, not knowing what else to do, I dabbed the surface of the chocolate with a few clean paper towels. This made a mess, and some chocolate stuck to the paper towels. But the rest of the water got absorbed. At that point I was out of chocolate, and hope, so I went to bed.

Next day I bought more chocolate, but thought I'd give the chocolate in the bowl a try. Loosened it up in the microwave, then chopped it up and tempered it, seeding with some of the new chocolate. To my surprise it totally worked.

Could have been the fact it was milk chocolate w/lecithin, the fact that I didn't stir, or both. But since I'd never read about recovering from water contamination in melted chocolate... figured it might help someone else.

TL;DR:"," If you get water in your chocolate, don't stir it it. You may be able to recover it by wicking it out w/paper towels. At least it's worth a shot."
13,"SUBREDDIT: r/Cooking

TITLE: Cooking for a group of friends, amateur chef here, need advice.

POST: Hi, this is actually my first Reddit Post, and I have no idea if I'm doing this right. 

Anyways, a little background. I've been the ""Party Chef"" for a while now on the account that I love cooking. The last two times I've made burgers (each with some delicious spices and herbs added), but this time I have a little dilemma.

There's gonna' be about 12 people at the party, including myself. Only one of them isn't going to eat (He's a jerk and never eats.).

I was going to buy Ground Pork (It's cheap [1.98 a pound compared to 3.49 for Ground Chuck], and there's no friends that won't eat it) and make some burgers. About how much should I buy? 

Anything I can add to it? My secret burger recipe is usually BBQ Rub, Maple Syrup, A little sun drop, Black Pepper and Garlic Salt.

TL;DR:"," For a change of pace I'm buying Ground Pork to make burgers. Will my Ground Beef recipes work with Pork, or is there something else I should/can add?"
14,"SUBREDDIT: r/Cooking

TITLE: Chefs of Reddit: I need to learn to run a kitchen in 4 weeks.

POST: So here's the deal: I've been working as an ice cream maker and production manager for the past 5 years. It's a small operation so I make all the product (for retail and wholesale) in addition to managing the whole production side (inventory, ordering/sourcing ingredients, costing...). I'm also an avid cook, but only at home. I've done a little catering prep and plating but that's it. I've been wanting to make the jump into full-on chef-dom for a while, and was planning on leaving my stable but unrewarding job to go to culinary school later this year. 

So my chef friend (who seems to esteem my abilities) has a cousin that just opened a restaurant.  It's a suburban, slightly-above-pub grade affair. The chef they hired off the bat (a graduate of the school I was going to apply to) was a disaster. Apparently his idea of meat sauce was throwing canned tomatoes in a pot and adding raw beef--no spice, no nothing. My friend has told me that the job is mine if I want it, the owner having been told of my experience (and inexperience). It would take me about 4 weeks to gracefully leave my current job and train a decent replacement. What do I do? The salary is twice what I'm making now. I'm free to design the menu. The management and the food I can do. But I have no experience prepping for a dinner rush, timing out 5 different meals for one table, knowing which stations to set up, and so on. Can I give myself a crash course?

TL;DR:", I have no restaurant experience and I've been offered a head chef position. Can I teach myself the basics in a few weeks?
15,"SUBREDDIT: r/Cooking

TITLE: What to do with some chicken thighs

POST: So, since I went to college I started cooking a bit, I enjoy doing it and I love the different tastes that I can make. Because of this, my mom has asked me to do the cooking for dinner this summer. Tomorrow night is my first night really home, and she has some chicken thighs she wants me to use, but I have never worked with any chicken with a bone yet. I have made chicken cutlets countless numbers of times, but those were usually chicken parm or just as a quick meal... I need some good suggestions on what to do with these. Thanks in advance.

TL;DR:", I need a good recipe for some chicken thighs - I have no experience with cooking chicken with a bone (only ever made chicken cutlet).
16,"SUBREDDIT: r/Cooking

TITLE: Help! Best Cast Iron set?

POST: Hey!  
My wife and I have owned some crappy pots and pans (some nonstick, some SS) for the last two years and I hated them.  Warping, only wood utensils, unsightly, etc.
When we moved, I threw them all away ""to save space.""  We did get all our stuff into one trailer, which was nice...getting on to the point....

I would love to buy some cast iron stuff, but reviews are making me nervous.  Some people are saying newer stuff isn't made the same, which makes me wonder about trying to get stuff from thrift stores and garage sales.  I'm also considering carbon steel (black steel), which has similar properties.   I'm not against a hodpodge of stuff, I just want it to be the last cookware I buy for a while.  Advice, thoughts, experiences?  Thanks!

TL;DR:"," I want to buy new cookware, I am looking at cast iron and want advice on the best way to acquire it."
17,"SUBREDDIT: r/Cooking

TITLE: A question about the Jonathan Waxman ""Barbuto"" Chicken Al Forno Roasting Technique.

POST: I go to Barbuto here in NYC as much as I can to have their absurdly good roast chicken with salsa verde.  I have all of Waxman's cookbooks and have studied many recipes that claim to be very similar.  I recently stumbled upon [this one] from someone in their kitchen.  

Upon badgering my waiter and leaving a really nice tip I found that their salsa verde is primarily parsley based (duh) with a bit of anchovy for umami and salt (never knew that).

But what is most important is that he told me they use multiple pans.  Every few minutes they rotate pans and pour the juices back over the piece of chicken.  

My question is, does that actually do ANYTHING different than basting?  Is just dumping the chicken onto a second sizzle platter the fastest easiest way to baste the thing or what?  Have any of you ever done this?

TL;DR:"," When roasting, they dump the chicken onto alternating sizzle platters.  Does this do anything that normal basting wouldn't?  Have any of you ever done this?"
18,"SUBREDDIT: r/Cooking

TITLE: How to cook duck (in other ways)

POST: Yes, I can cook a pretty decent duck breast (pink in the inside, crunchy skin-side), I can also cook duck legs (in the oven).

The problem is my family had this bright idea of raising 25 ducks... they grew up nicely... so at this point we have a freezer full of ducks. 
It's not that I don't like the traditional way of cooking duck breasts (score the skin side, season, cold pan, skin side down, finish in the oven, pink on the inside, rest, slice, eat) or duck legs (score, season, pop them in the hot oven for like 2 hours or so), but it will get boring after a while... 

I'm considering ""confit de canard"" at some point though I believe the results will be pretty similar to regular roasted duck legs (plus the whole process scares me a little bit). 

So

TL;DR:"," do you have any tips on cooking ducks (breasts and legs mostly, the wings seem more suitable for stock) besides the ""classic"" ways of cooking them ?"
19,"SUBREDDIT: r/Cooking

TITLE: Can anyone recommend me foods/recipes based on my like of rich flavours?

POST: Sorry if this isn't the right place to post this or this is a weird title post, but I'm looking to expand my food palate based on what my taste buds already like. My mum says my taste buds seem to like 'rich' things, I'm not 100% sure how to relate what I know I like to trying to find new things to like. I think by rich taste (that means things like with lots of butter, cream, or eggs in it?), I like things like turkey, soup with cream and chicken, pastry/bread especially if it's like fresh/made on the day-sort of eat on the same day.

I also think I like salty things, as I'll saturate like meat/chips with salt (probably in an attempt to get more taste out of them).

I find things like chicken, steak, taste very bland to me. 'Wondering how I can make 'bland' foods taste more rich, or just in general rich foods I might like?

TL;DR:"," I like 'rich' foods, recommend me rich foods/things I can add to bland foods to make them more rich/appealing to my taste buds?"
20,"SUBREDDIT: r/Cooking

TITLE: Hello, R/Cooking! I will only need a few moments of your time. Can you help me pick out a the ideal dinner date for myself and a lovely girl? More inside.

POST: *""Help me R/Cooking, you're my only hope.""*

Saturday was a great day - I decided to crawl out from under a rock and I **discovered a farmers market** a few miles from me. Even better, I ran into one of my classmates there, and he haggled for me; I took home a pound of sirloin, a pound of eggplant, tomatoes & onions, some pumpkin bread, and a large jar of really thick honey I mistook for molasses for just under $20. so, for the purposes of this post **assume that price is no object. Let's just focus on what materials are available to me**

From what I observed, [my farmer's market] has a lot of options, but again, **My cooking abilities are rather limited.** With the help of my friend we cook a pretty solid meal (it helps that he's a kitchenware salesman!), but nothing too fancy. 

I don't want to ask you to do all my thinking, but I'm afraid I'm very slow to creativity in the kitchen. Bottom line, I'd like to cook her dinner and dessert; dinner I was thinking just straight up Steak, potatoes, and an eggplant/onion/tomato vegetable medley. Also, **that sounds pretty damn boring**. For dessert... well, I've never cooked dessert before so I suppose I am very open to suggestion. She explicitly told me she loves sweet things, but not exactly what to make so that part will be extra important.

**so here's my question, fellow chefs**: You're about to cook dinner for a girl for the first time. How would *you* make an impression?

TL;DR:"," Amateur Cook brainstorms for dinner date, comes up with safe and predictable idea. Ventures to /r/cooking in search of a hail mary. Food is coming from farmer's market."
21,"SUBREDDIT: r/Cooking

TITLE: tossing the bean water

POST: Hi, I am planning on trying to make refried beans for the first time, and I recall reading or hearing a news report or article about some type of bean having unsafe chemicals leach out in to the soaking water when you rehydrate them.

Now, since every refried bean recipe I've looked at seems to use the soaking water for cooking, I'm pretty sure that pinto beans are fine to use (and, as per Good Eats, the number of sugars that leach out that would create gas in the large intestine is only a fraction of what remains in the bean, so that's hardly a concern), so I am wondering if there was another type of bean that had not nice chemicals that leach out of the skin and would necessitate throwing out the soaking water.

TL;DR:"," vaguely remember hearing that, for some beans, the soaking water should be thrown out for safety concerns, would like to see if it is the case."
22,"SUBREDDIT: r/Cooking

TITLE: Novice cook needs advice on how to properly fry eggs

POST: Guten morgen!

I am a ""home cook"", basically I only ever cook for myself and family. Although I don't consider my Culinary skills to be amazing, I can cook up a mean dish when needed. But I always seem to had a problem with eggs. 

On mornings when I have time, I like to fry up several eggs over-hard or over-easy. Either way, the first egg of the day always plays out the same. I grease up the pan, heat it up, and the egg glues itself to the pan, causing it to tear apart when I attempt to flip it. Every egg afterwards is fine, but that first one always does that. 

I use Pam to grease the pan, and put the burner on high for a couple minutes to heat the pan, but set it to mid heat as I put the egg on. I wait around 1-3 minutes until I flip it the first time, depending on how the egg cooks. I have an idea what's wrong but I'd like some expert opinion.

TL;DR:"," I suck at frying eggs, first one sticks to pan and have no idea how to fix it. Need professional help. "
23,"SUBREDDIT: r/Cooking

TITLE: I have a house guest coming and I want to introduce him to cooking and healthy food choices. Help!

POST: I have a wonderful friend who is coming to my house for one week.  We are both fluffy and working on our weight so we have all sorts of hiking, camping and outside adventures planned. I want to introduce him to cooking more than his generic bachelor fare and that healthy foods are delicious.  

We are in Canada he is in the northern part of BC has no car and relies on friends or transit to go shopping once every two weeks.  I live in the southern part of the Province (metro Vancouver) and am within walking distance from a little Asian grocer, multiple grocery stores, an Iranian bakery, French bakery and Canadian bakery.  We are employed and though we are on tight budgets we have money for groceries.  I grow my own herbs and some veggies but he doesn't have the time or interest in it.  

Basically, what delicious recipes do you have that is quick and or easy to make that I can teach him to make.  I make my own bread weekly and find it cheap, delicious and easy but I doubt he would have the effort or care to do that.  We want to stay away from white pasta, rice and simple carbs.  

I am thinking of making him a cookbook with food he enjoys or has interest in making and some ideas I have come up with are:

* coleslaw (broccoli and cabbage)
* potato and yam salad without mayo 
* grilled veggies 
* baked stuffed tomatoes or peppers
* cobb salad 
* stir fry (what sauces do you recommend making or just a shot of saracha and soy?)
* carrot soup
* vegetarian chili 
* vegetarian stew
* homemade granola bars

TL;DR:"," I have a bachelor frog visiting me that wants to learn to cook easy, healthy meals.  The man eats bagged salad and meatloaf as a go to meal.  Tips?"
24,"SUBREDDIT: r/Cooking

TITLE: Wizards of /r/cooking, I need your help.

POST: So I am the pledge class president of a fraternity at my university, and as part of our pledge process, we have decided to cook dinner for all the sorority house girls.  Now I love cooking, but many of my brothers are not so inclined.  What I need is 4-5 recipes that I can make batches of 30 of that wont be too hard to whip up.  We do not have much in terms of cooking ware, so anything requiring fancy materials will probably not work.  I was thinking of doing Spaghetti and Meatballs for one, as it can involve many people in the process.

TL;DR:", I need 4-5 easy to make recipes that are classyish.  Bonus points for interactivity and scalability.
25,"SUBREDDIT: r/Cooking

TITLE: Need to adapt a chicken recipe for turkey...

POST: So I was trying to gather ingredients for a citrus chicken recipe that called for either small birds or just chicken breast, but it being the Christmas season and all during hard times, all the affordable and desirable chicken was gone by the time I got to the store.

I picked up a utility turkey for 6 bucks (I'm nearly broke myself.) and a package of uncooked chicken wings with the money I did have, and now I'm trying to adapt my recipe for the bird I was able to get.

 This is the recipe I'm using.

Since the turkey is a relatively large bird compared to a chicken, (And this is my first time cooking a whole bird, I'm more accustomed to pieces.) I'm wondering how best to marinate the turkey. Do you think if I, in addition to the citrus juice already applied, actually placed slices of lemons and limes inside the bird, would it turn out alright? I want to have the flavour throughout the meat, but I'm afraid cooking it with citrus slices inside may draw out too much citrus flavour and leave the meat sour. As for the dry ingredients and some of the juice, I'll rub that into and under the skin, unless someone has a better idea?

The chicken wings I can't imagine will be much trouble to adapt the recipe to. Just marinate and bake.

TL;DR:", Have to adapt the recipe for a 3.644 kg turkey and would like to know if putting slices of citrus fruit inside the bird would turn out well or not.
26,"SUBREDDIT: r/Cooking

TITLE: We need communal lunch ideas!

POST: Crosspost from r/askreddit.  Here's the link:  [LINK](

So this started about a month ago. We decided that every Monday we would all contribute $10 and go shopping for lunch ingredients. We brought some stuff from home to help us like a panini press, cutting board, knife, etc. Every week we have some money left over and we're saving up to buy other food prep utensils. So far we've bought a cheese grater/storage combo thing and we're part-way to a replacement panini press or grill of some sort.

One of us dropped out already as he didn't think it ""saved that much money."" Can you give us some new ideas for easy, cheap, good food that can be made in an office so we don't burn out?

Also, I'm writing this from a group novelty account so my co-workers don't accuse me of karma whoring.

TL;DR:"," Started communal lunches at work, saving a metric shit-ton of money. Need ideas for lunch so we don't quit."
27,"SUBREDDIT: r/Cooking

TITLE: To rest or not to rest?

POST: That is the question...

I recently came across this article here: 

Claiming that resting meat after cooking doesn't have as much of an effect as claimed with regards to fluidloss. While allowing the crust to soften as it sits off the heat, allows the steak to overcook and reduces the overall moisture.

Of course I thought WWKS (what would Kenji say) and quickly dug up this old food lab article regarding resting of steaks: 

I then realised that after what I thought was the end of the article the original article directly points out the food lab method of cutting it in half in comparison to cutting bite sized pieces. In their eyes meaning minimal fluid loss that could be soaked up with a bit of steak on a fork.

Bottom line, I was wondering what your own opinions and experianced have been with each way.

I personally haven't had enough cuts of steak around recently to attempt to try some experiments myself so im somewhere in the middle...

TL;DR:"," claims that resting meat does little to improve the 'juiciness' of steaks, while allowing softening the crust, toughing the skin (on some meats) and hardening of fats on the cut."
28,"SUBREDDIT: r/Cooking

TITLE: Preparing food in a dorm with no appliances?

POST: My friend's little brother is really suffering in his dorm. He's lost 15-20 pounds because he's totally at a loss at how to deal with his food situation in his dorm. Of course, he is kinda naive, so that's part of it too.

Anyways, four young men share 3 rooms, and they have to split two teeny tiny fridges between them. The fridges are specially chosen to hold 2 dining hall containers each, which is supposed to be ""enough"" food to survive on.. so, we can basically leave these fridges out of the equation, which leaves us with a situation of: no fridge, no hot plates allowed, no appliances of any kind.

He is, however, located a 10 minute walk away from at least one full service grocery store!

So, I'm looking for suggestions for meals/hearty snacks that can be prepared from 100% shelf stable ingredients. I'm pretty sure he is willing to eat straight from cans as long as the result isn't too gross. I know there are many things commonly kept in the fridge that are actually still okay to eat if left out for a couple days, so if you guys have suggestions about things like that, it would be very helpful too!

Here's what I have come up with so far:

-Peanut butter + jelly + banana sandwiches. Can be made pretty thick, delicious, and nutritious!  
-Shelf stable cheese and apple, sliced and served with crackers  
-Pickles.. I know they say refrigerate after opening, but surely they won't kill you if make sure to consume the jar within a couple days. Probably not hard to do between 4 dudes.  
-Canned pears/peaches  
-Canned cheese ravioli.. I actually quite enjoy these straight out of the can, unheated.  
-Buy a pie from the grocery store to consume over a couple day period  
-Beef jerky  
-Cereal with shelf stable almond milk.. they could open one milk per day, share between the four of them so the milk is consumed immediately

TL;DR:"," Dorm room with no fridge, no stove, no appliances. Need meal/snack ideas made from 100% shelf stable ingredients."
29,"SUBREDDIT: r/Cooking

TITLE: Can you help me with my family's southern, instant-everything, Sandra Lee tastes?

POST: I grew up with a Kentucky Fried family - green bean casserole, canned yams with marshmallows on top, sausage gravy packets, biscuits from the can, pre-made pies and canned whipped cream. If it involves Cream of Mushroom or Lipton Onion Soup Mix, my fam is all about it. Since I moved out 15+ years ago, I've developed a serious distaste for all that crap.  I prefer everything fresh, homemade, local if possible, etc.

Last year I hosted Thanksgiving for the first time, and everything that was brought by my guests was as described above - prepackaged, frozen, processed, etc.  Ugh.  Everything I made was fresh....and it didn't go over well.  I made fresh steamed green beans with butter, roasted sweet potatoes, mashed garlic potatoes, fresh homemade rolls, etc etc etc.  My SO and I and a couple other people dove into the fresh stuff, but most everyone else dug into the more familiar, processed stuff. 

This year, it was very kindly and politely suggested that I make the traditional stuff. And by traditional, we know what they meant.   Now I'll admit - making the traditional prepackaged junk is WAY easier on me. I mean, come on - we can dump cans of shit together any day and make a beautiful-looking meal....but it's gross to me. I can probably whip together dinner for 20 using the Sandra Lee method in like two hours, haha.  I would much rather put in the time and effort for fresh and healthy food...but they don't want it. 

So, /r/cooking - any ideas, suggestions, or advice on how to reconcile my tastes with my family's? I want to make everyone happy, and if that involves me just nibbling on turkey and salad I can happily do that. 

(I'd like to admit however, that no homemade stuffing I've ever had has held a candle to Stovetop.  I won't even lie.)

TL;DR:"," family prefers everything canned and prepackaged on Thanksgiving vs. fresh, non-processed, and prepared from scratch. Halp."
30,"SUBREDDIT: r/Cooking

TITLE: Spice list for general use and spice blending?

POST: I am moving and thought it would be a good time to clear out a lot of my older spices and spice ""mixes"". Instead of reverting to my old ways of doing things, I want to get only the core spices to make a wide range of foods. I am really tired searching for spices and shelling out money for something I am more than capable of making myself.  I would much rather buy bags at the spice shop and always have it on hand.  It just seems to make more sense.  I want to make stuff like Taco Seasoning, Chili Powder, 5 Spice powder, Curry Powder...everyday cooking stuff.

I also plan on buying spices whole whenever possible.  I have a very nice spice grinder and plan on storing everything in vacuum sealed mason jars to keep everything nice a fresh.

TL;DR:", I like and can make just about anything.  In an ideal world I want to keep about 20-30 core spices/herbs/whatever on hand.  What should they be?
31,"SUBREDDIT: r/Cooking

TITLE: I need some help/advice with my surprise pizza plans...

POST: Hello fellow cooks,

I am housesitting for my friend and his partner and it's been great for multiple reasons, including: hanging out with a cat, sleeping in a real bed (I'm moving soon and have sold mine and currently sleep on a terrible cot), and generally enjoying the fact I am in a nice house in the country rather than a shit apartment in the city.

Anyway, they return tomorrow and as a way of saying ""thanks"" I am making some homemade pizza tonight and while I am totally devouring one, I am hoping to save another for them to heat tomorrow. I used my normal go-to recipe and it includes yeast in the dough. I make the dough, let it rise, and then partially cook the dough on the pizza pan, remove the par-baked dough, top it, then finish the cooking cycle. My intent is to make the dough, partially bake it like usual, top it, and then store it for them to cook tomorrow when they return from their trip. However, I am nervous that even though I partially bake it for around 5 minutes on 450, the yeast in the dough will cause it to keep rising overnight. Should I be worried? Obviously, I could just go ahead and fully bake it, but I want this pizza to be the best it can be for them when they return.

TL;DR:"," Can I partially bake a pizza crust that includes yeast, top it with the toppings, and then save it to finish baking the next day without the dough rising/getting weird in the time in between?"
32,"SUBREDDIT: r/Cooking

TITLE: I hit the jackpot of brisket! Now how do store all this meat?! More inside...

POST: I scored some brisket for $1.28 per pound!! Which was amazing, but now I have nearly 30 pounds of meat I've got to decided how to store it.  Normally I can handle the task...but this time is tricky:

-currently living in RV so freezer space is TINY! And everything gets freezer burn within days.  The entire brisket DOES fit in the bottom shelf.

-I do not have a vacuum sealer (I did just purchase one of the cheap Ziploc manual sealers to use with their little special bags).

I bought two briskets, both vacuum packed from the store though I punctured one on accident.  Should I freeze the other one in its store packaging or portion it out into smaller bags?  (I'm very flexible on ways to prepare the meat, but I usually will just cook the entire thing at once and use the left overs for other recipes).

TL;DR:"," Got ton of cheap meat.  Have a tiny, food-destroying-freezer in the RV.  Portion out a huge chunk of meat or leave it in the butcher's vacuum sealed packaging???"
33,"SUBREDDIT: r/Cooking

TITLE: Help! Need a recipe to make at school

POST: So here is my situation. My girlfriend has to take a public speech course for her degree. She rather hates it as its not her forte to public speak (really who does enjoy it). We have a class that goes till 430, and then her speech program is at 630. So there is not enough time for her to go home and eat. I would like to make her day better by making her supper. My problem is all I have at school is a microwave. Anybody have any good recipes that will keep all day and are easy to wip together in a couple minutes using only a microwave (cold dishes like a really food wrap are fine too). There is a fridge I have access to at school. Any advice would be greatly appreciated.

TL;DR:", Want to make my gf an awesome supper at school. All I have is a microwave and limited time. Ideas?
34,"SUBREDDIT: r/Cooking

TITLE: Hey Cooks and Chefs of /r/Cooking I fear my dream is squashed. In need of advice.

POST: I am currently a US Military member, I hate my job, I cooked for years before I joined the forces as a prep, fry, line cook and I loved it. I really want to get out of the military and go to culinary school to perfect my palette and learn technique, my problem is that I have food allergies and I am afraid it will restrict me.   

I always thought allergies were kind of bullshit (my mother is a hypochondriac and thinks everything is related to an allergy of some kind and 16-20 years of that will taint a fellow) but I have realized they are real, even though my mother blows shit way out of proportion. I eat one kernel of corn (popped or fresh, or canned) and I will be shitting my brains out for the rest of the day. Although I can eat Fritos like a mother fucker and I am totally fine with corn meal..WTF right? ( I have a few other things that set me off but fresh corn is the worst) Welcome to my frustration.... anyway, I want to get out of my shitty fucking USAF job and get a culinary degree and cook for a living but I fear that my allergies might prevent me from being a good/great chef. I literally love and live to cook, it is all I think about  but I don't want to ruin it because I have allergy.

TL;DR:"," I have food aversions/""allergies"" but I want to cook as a living. I fear my allergies will prevent me from being the cook/chef I know I can be and desire to be. Help."
35,"SUBREDDIT: r/Cooking

TITLE: I seem to have grossly underestimated the amount of time needed to defrost a case of chicken.

POST: So I've been buying meat by the case for some time now.  Previously I had been buying chicken by the 40lb case at a Costco Business Center where the cases are already defrosted and kept under refrigeration.  Well, having moved a good distance away, my new source has them, but frozen.  I figured no big deal, I'll let it defrost in the fridge and then portion/freeze them.  I got it home, cleared off a shelf in my fridge, and let it sit there for a solid 8 days.  I got home from work tonight and was planning to 1) make some chicken for dinner, and 2) portion/freeze the rest.  Lo and behold...its still frozen.  Solid.  So now I'm about to head to taco bell while I'm left wondering just how long it is going to take to defrost this sucker, short of leaving it out over night.

TL;DR:", I fucked up and thought a week in the fridge would be sufficient time to defrost a 40lb case of chicken.  How long will it really take?
36,"SUBREDDIT: r/Cooking

TITLE: How can I make cookies/cakes without yeast, sugar and milk? (also without nuts and chocolate)

POST: I everybody, sorry if this is not the right place.

Some back-story: in recent years my girlfriend always had a serious of allergy rash and headache, last week we found that she can't eat sugar, yeast and milk and also she has some problem with various nuts and chocolate. The doctor says she can cheat about once or twice a month about the last two.

So she can't have bread, milk, just about anything sweet but more importantly cakes and cookies, which she ate for breakfast regularly

During the weekend we would make a lot of biscuits or a cake for her to eat during the week (I like more salty treats so she eats the majority of cookies and cakes :D )

Right now she eats some corn thing that are awful and I want to find some recipe to make her happy

Thanks in advance for the help :)

TL;DR:"," girlfriend allergies are yeast, sugar and milk. she also can't eat chocolate and nuts, need some cake/biscuit recipe to make her happy"
37,"SUBREDDIT: r/Cooking

TITLE: The ""Perfect"" Steak Indoors- On the Hob or In the Oven?

POST: Hello People of /r/meat.

I, like a lot of people, love a good steak. Personally i love my steak rare. My preferred method of cooking a good steak is on the BBQ and i think i have it down to a fine art, gauging the temps of the coal Vs thickness of the cut of meat, and i can pretty much get my steak spot on each time.

However it's not quite BBQ weather yet here in the UK and I'm stuck cooking indoors, and i can never seem to get my steak right! How do you cook your steak? do you use a Frying pan on the Hob or do you use a pan in the oven.
* What temps do you use for each method?
* Do you oil the meat(my usual method) or oil the pan?
* Do you need to turn the steak when using the oven?

Thanks in advance

TL;DR:"," how do *you* cook *your* perfect steak when indoors , on the hob or in the oven, and How?"
38,"SUBREDDIT: r/Cooking

TITLE: Waterlogged pierogi

POST: I made pierogi tonight for the first time. After sealing the little buggers up as I was told (wet the edge of the dough, seal firmly and use the tines of a fork to create a wrinkled edge), I plopped a test batch into boiling water. 

After they rose to the top, I removed them with a slotted spoon, only to notice that they were all completely filled with water. None of the filling had leaked it, but they basically exploded when I tried to fry them up afterwards.

For what it's worth, I used wonton dough cut into rounds rather than making up fresh dough. I can't even think of how to get them dry. Is it completely necessary to pre-boil them, or can't I just fry them up directly?

TL;DR:", My pierogi filled up with water when I boiled them and subsequently destroyed themselves when I tried to fry them up. Help.
39,"SUBREDDIT: r/Cooking

TITLE: How can I convince my parents to actually make something/ let me make something?

POST: Some context:

My parents used to cook quite a bit, but now don't cook at all. Especially now. This past week we have not eaten in once, it's always fast food, in fact, I am typing this while eating Taco Bell. 

I want it to change. I feel awful and my family is incredibly moody. (not sure if that has anything to do with the diets). But this isn't healthy, I want real food. I'd even settle for frozen stuff.

TL;DR:"," I don't want to eat fast food anymore. How do I convince parents to let me cook, and what can I make?"
40,"SUBREDDIT: r/Cooking

TITLE: Made a pork belly roll yesterday, I need help with the cut.

POST: So basically, I've been craving Filipino [Lechon] which is roast pork with lemongrass and other flavors. I made a [pork belly roll] instead that was freaking delicious and crispy. The only issue is that I miss the ribs part is it possible to ask for the [loin attached to the belly] in the supermarket? I don't really know any butchers in the area but I'd really love to have a roll with ribs like how it would be in a whole roast pig. What should I ask for if I run into a butcher? Another issue I had was that it had way too much back fat than I expected. Why is this? I was thinking that I should've tied it with twine like [this] to distribute the fat a bit. 

Thanks guys!

TL;DR:", Where can I get a cut that has belly+loin(?) and is there a way to not make the back fat unnaturally thick? Twine?
41,"SUBREDDIT: r/Cooking

TITLE: Input/help with rice cooker/fried rice, please!

POST: Hey folks, just something hopefully kinda quick and simple here.

Recently my roommate and I have been working on getting some decent at-home fried rice. We've washed the rice, we've used super high heat, we've chilled it before hand, tried all that stuff, and have had some decent success. I've also been pleased with the texture and all cooking the rice via rice cooker. 

With that said, here's the dilemma - the flavor always ends up very subtle or downright bland. I've tried adding more soy/sesame oil/ginger/etc. type stuff, have added veggies, and I've tried slapping in an extra egg and we even snagged some oyster sauce to try, but it still is tastes more 'rice' than anything.

So my main question is thus: What sorts of ways can I flavor fried rice? Either wok-fried or just cooked in a rice cooker or whatever else. Looking for a balance of easy and good here due to low budget and small cooking area/space for ingredients and all (apartment.) For reference I love most fried rice you'd find at various restaurants, buffets, and such, and especially at most hibatchi places. Though due to roommate preferences, nothing spicy please, or at least very slightly at most!

Thanks a ton for anyone that takes a moment to read/reply.

TL;DR:"," making decent textured fried rice, but flavor is missing and just tastes ricey. Thoughts on what to add? When to add it, how to add it, etc.? "
42,"SUBREDDIT: r/Cooking

TITLE: I am going to make a turducken breast this year, but I question what temperature to cook it at

POST: So I plan on cooking a turducken this year.  Well not technically a turducken, but something pretty close.  Instead of having 10 - 20 people, I have 3 so I don't want to cook an ENTIRE turducken. Here is what I plan on doing:

Buying the following:

* Turkey breast
* Chicken Breast
* Duck Breast
* Stuffing
* Bacon

preparing as the following

* Cook Stuffing, allow to cool
* Partially fillet all three meats so that they are long versions of themselves.
* Lay the turkey down on the counter, and apply some cooled stuffing
* Lay the duck breast on top of the stuffing, and center it in the middle of the turkey, apply cooled stuffing on top of it.
* Lay the chicken breast on top of the duck, center it, and apply more cooled stuffing on top of it.
* Roll the meat, to create a 'meat log'.  
* Wrap meat log with Bacon
* Wrap ultra meat long with cooking twine and place in roasting pan.

Now here is the part I am not 100% on, I am thinking about cooking it at around 250 for ~ 6 - 8 hours (starting to take it's temp after 5 hours) Will that be safe?  I've read you shouldn't slow roast a turkey however I am assuming that is just a WHOLE turkey since it has the cavity inside of it.

If you see this turning out horrible, please let me know, I would rather not ruin a thanksgiving meal :P

TL;DR:"," I have a log of meat i want to slow roast, how long should that shit cook for and at what temp?"
43,"SUBREDDIT: r/Cooking

TITLE: So I just bought a massive amount of MSG to make some delicious salt + pepper wings, what else can I use it for?

POST: MSG has a very bad reputation in the UK. Like, it's really really friggen hard to find it and a lot of foods boast ""no msg"" like it's an achievement. Tescos claim to have 0 MSG in any of their own brand products! 

Anyway, I did the research and found out not only is it harmless, it's practically in everything (other than those boasting products) and delicious. 

We get gorgeous salt + pepper (+chilli) wings from our local chinese takeaway and my mission was to try replicate them (mission successful!) 

But now I've got an eon's supply of MSG and only 1 dish I know for certain it's great in. Even googling for dish recipes that specifically contain MSG is kinda tricky because I predominately get UK websites and a lot of them are those ones boasting a LACK of MSG, plus it's not exactly a primary ingredient so few recipes mention it boldly enough for it to pop up. 

I'm sorry for rambling so much.

TL;DR:"," Gimmie some ideas for what I should add MSG too, especially ones that you'd consider it practically essential for, ones I've never truly experienced the best taste for in home cooking. "
44,"SUBREDDIT: r/Cooking

TITLE: Request: recipes for pork shoulder (slow cooker barbecue or roast, preferably)

POST: I'll start by saying that I've been making slow cooker barbecue with pork shoulder/Boston butts for years now. Since it's just my girlfriend and I at the house, we typically end up with a lot of leftovers. Last time we had a bunch leftover so we made Brunswick stew. It was delicious. We're planning on doing that again this time. Here's the kicker — she bought a 10-lb pork shoulder! For the two of us! So my thoughts are that I'll cut 4-lbs off and freeze it (**pointers appreciated here) for a roast (I guess?) then cook 6-lbs in the slow cooker for barbecue and then Brunswick stew.

So I'd like to know your go-to recipe for slow cooker barbecue and roast pork shoulder. There are thousands of recipes online for slow cooker barbecue with wild variations across the board. Me? I used to just use Liquid Smoke and water. Works fine but I'd like more flavor if at all possible. For the roast I'm looking for the best method for freezing and recipe suggestions. Also, if you have any pointers on the best parts of the shoulder to use for each that would be greatly appreciated. Thanks!

TL;DR:", I'm planning on making slow cooker bbq AND a roast pork shoulder cos I have a 10-lb shoulder to use. Seeking suggestions.
45,"SUBREDDIT: r/Cooking

TITLE: Question on Lasagna making (and using an enamel/cast iron pot)

POST: Hi folks - I'm trying a new lasagna recipe this weekend, and I'm pretty excited. However, it's going to be two MASSIVE pans of lasagna (about 4lbs of meat/4lbs of cheese in each one), and I'd like to do the prep/assembly the day before so I'm not spending the entire day on it (I'm not a very good cook, even following an easy recipe takes me forever). So my question is this: if I'm using ""oven-ready"" lasagna noodles, am I safe to go so far as to assemble the lasagna (with cooked meat sauce, cheese and oven-ready lasagna noodles all stacked in the pan) and then put the pan into the fridge overnight and bake it the next day? Or will that screw things up somehow (do the noodles absorb moisture or something)? Should I bake it a little bit first, then warm it up the next day? 

Another question - the recipe specifies I should cook the meat (and eventually the rest of the sauce) in either a cast-iron pot or an enamel pot (like a Le Creuset). Is that really that important? I don't have a cast iron pot (I know, I'm not a real cook - but I never claimed to be!), and I definitely don't have time to get one & season it before this weekend - and I don't want to spend the money on a Le Creuset just for this dish (despite how awesome it's going to be). Can I just use my favorite giant teflon-coated saucepan (you want to kill me now, don't you)?

Thanks for your advice!

TL;DR:", Can a lasagna be pre-assembled the day before baking? Is a teflon-coated saucepan good enough in place of a cast-iron/enamel pot?
46,"SUBREDDIT: r/Cooking

TITLE: Halp! First time making Roux! Please evaluate :-) (pics inside)

POST: Greetings

I am trying to make some cajun dirty rice and the recipe called for dark roux. I have never heard of or seen roux before but I looked up some recipes and decided to try it out. See below for an Imgur link to my first 2 attempts at roux. I used 1/2 cup of butter and 1/2 cup of white flour to make this. 

- Roux 1 (to the right): I started off in medium high heat, poured in white flour 1 spoon at a time about 15 seconds apart and stirred non-stop with a wire whisk. I never left the cooking station and I was stirring CONSTANTLY. About 8 minutes in the roux turned into a peanut butter color and developed a delicious, nutty aroma. I lowered the heat to medium/medium-low and kept stirring until it turned dark brown (about 20-25 minutes?). In the end, I got a dark brown roux with a very thick, pasty texture.

Looking at the picture for roux 1, can anyone tell me if there is anything wrong with the roux to the right? It smells like freshly ground coffee and tastes slightly bitter. Did I burn it?

- Roux 2 (to the left): I made this roux 100% EXACTLY the same way I made the first roux but pulled it out of heat a few minutes earlier. I ended up with a slightly less dark and less pasty roux (more runny). Smells nutty and savory. 

Would appreciate any feedback. Thanks!

TL;DR:", Roux to the right was my first attempt; is dark and thick; smells like ground coffee and tastes slightly bitter; did I screw it up?
47,"SUBREDDIT: r/Cooking

TITLE: How do I grind spices and not get the powder up my nose?

POST: I just made a spice rub for the first time in ages, and I'm still sniffling! First I tried grinding the red pepper flakes and tea leaves in my trusty giant granite mortar and pestle. Normally I grind much smaller amounts of spices, but I guess this recipe was meant for use in two or three meals. I don't know what happens when someone who actually knows what they're doing grinds stuff, but when I do it part of the spices get powdered while part of it is still chunky. And that powder was flying up my nose the minute that pestle came down.

So I switched to my ancient tiny electric grinder. I can't control the grind size as well as with the mortar and pestle, but the recipe calls for finely ground, keep it in there long enough and all would be well, right? Sure, except that every time I took the lid off to check on progress this cloud of powdered tea poofed out and I immediately started sneezing and coughing. :( (Don't worry, I managed to spin around and do it away from the food.)

The ribs are rubbed, remainder of the spice rub in a jar, and I still feel like I'm about to sneeze. Obviously my nose does not approve of freshly ground spices. How do I do this and not sneeze the whole time?

TL;DR:"," Grinding spices makes me sneeze and cough, how do I do this and not irritate the hell out of my respiratory system?"
48,"SUBREDDIT: r/Cooking

TITLE: I accidentally went to war with a 60-year-old woman and need to make the greatest cranberry sauce known to mankind. Can you help /r/cooking/ ?

POST: I don't have local family to spend thanksgiving with and so a friend of mine offered to have me over. 

I asked what to bring and he said it was our choice, so I said cranberry sauce, thinking it was a staple but simple and side-lined enough dish that I wouldn't be stepping on anyone's toes. 

I was wrong.

Enter May, a 60-year-old friend of their family who acts as the single source provider of cranberry sauce to Thanksgiving dinner. 

My newly married friend however didn't know about May, and ended up in a fight with his somewhat finicky wife that ended with his wife on the phone with May, who exclaimed ""Well if that fucker doesn't bring the best cranberry sauce I've ever tasted I think I'll just die right there and it will be Modevs fault!""

I asked if I could bring a different dish, but apparently the deed is done and I'm bringing cranberry sauce.

TL;DR:", How can I take cranberry sauce to the next level so that when May tries it she wont immediately guilt die on the spot?
49,"SUBREDDIT: r/Cooking

TITLE: Let's talk about ice cream!

POST: Hello!

My brother bought us an ice cream maker a few months ago, and honestly it's been amazing. We've made about a half dozen batches of all different flavors, and they've all been awesome. My favorite so far was green tea ice cream, using loose leaf green tea.

The question I really have though is concerning the base. In all the different ice creams I've made, they've basically all used a different base. Some use egg yolks, some don't. Some use cream, others use milk. 

I'd really like to try making my own, but I'm not exactly sure where to start. For this post, let's say I want to make an apple cinnamon ice cream, (because, well, I want to make it). I have a pretty good idea of how to do the flavor profile - I plan to steep some apples, cinnamon, cloves, and nutmeg in heavy cream, but then I'm basically lost. Does my base need eggs? Do I need to add milk?

TL;DR:"," give me the down low on an all purpose ice cream base. Alternatively, why do different ice cream flavors use different bases?"
50,"SUBREDDIT: r/Cooking

TITLE: In all seriousness, I need advice on stripping my Lodge Cast Iron Skillet

POST: So I bought a new Lodge Cast Iron Skillet and wanted to strip it before I started cooking on it. The reason behind this was due to reading some reviews on how much better the pan will be if I strip off the preseason and season it myself. I got some great seasoning tips and recipes to assist in the process (if anyone has tips they would like to share, that would be great too!). Now it comes down to stripping the preseason....I have tried a rough abrasive scrubbing pad but felt like it was not effective. I suppose my real question is, what device/item should I use to strip the preseason off and how do I know when it is completely stripped?

TL;DR:", What tool to use to strip the preseason off an unused Lodge Cast Iron Skillet. How do I know when the preseason is stripped off completely?
51,"SUBREDDIT: r/Cooking

TITLE: Zesty Italian Chicken!

POST: I Love to marinate my chicken in Zesty Italian dressing for 2 full days, and then cook it on the grill. It's soo good! 

My friend took a piece of chicken and marinated it in Teriyaki sauce for 30 minutes and then cooked it with the sauce in a pan on his stove top. It was so good!

This got me thinking, I Really want to marinate my chicken in the Zesty Italian and then cook it in my pan on my stove top. I've never tried it before! 

Will the Zesty Italian sauce just burn in the pan though?! I want to put some in the pan with the chicken to let it cook in, not just put the piece of chicken in the pan and let the flavor cook out. Has anyone done this before?

TL;DR:", I want to put Chicken and Zesty Italian dressing in a pan and cook it over my stove top. Will the dressing and chicken just burn? I tried to look it up on google.. haha!
52,"SUBREDDIT: r/Cooking

TITLE: My 58 yr old father had a heart attack New Year's Day. Lifestyle changes necessary, in need of LOW SALT + LOW CHOLESTEROL dinner & lunch recipes.

POST: My father is 58 and just suffered a major heart attack on New Year's Day.  He was a heavy smoker (for 40+ years) and had a pretty high salt/high fat diet.  His cholesterol (the LDL - bad cholesterol) was very very high.  If there's another subreddit this would fit better in, please let me know. 

My mom and I have been trying some recipes for chicken and pork using Mrs. Dash (seasoning that does not have salt) - but nothing has come out all that great.  I know we are still learning how to cook things (no more sauteeing or frying, we've been baking everything) without using things we are used to so it's been difficult for all of us.

Since this heart attack has been a huge wake up call, my father hasn't smoked since he was admitted into the hospital early New years day morning.   My dad is currently at home, and doing better but we need to figure out how best to continue on with food choices.

My Main question is, I was looking for some recipes for foods that are low sodium AND low cholesterol and maybe actually have some flavor that will help my dad want to eat them?  He hasn't enjoyed anything we've made so far - and he's not a huge fan of veggies so that's always been difficult. I've been googling recipes and looking on recipe websites, but haven't been able to narrow things down as good as I would like to.

Also, I was considering signing him up for sparkpeople or myfitnesspal to help track his sodium and cholesterol levels each day, which may help me from worry about every piece of food he puts in his mouth and nagging him about it (which isn't helping anyone).  Does anyone Have any thoughts on which would be better for tracking soduim and cholesterol or an alternative?  Any thoughts/ideas/suggestions are greate appreciated.

TL;DR:"," My 58 year old father had a major heart attack 6 days ago, my mom and I would love some recipes for dinner and lunch that are low salt and low cholesterol."
53,"SUBREDDIT: r/Cooking

TITLE: A question about onions.

POST: Cookit,

I recently got some Venison stew meat and will be making a stew tomorrow. I'm pretty excited, as I've never cooked with venison, though each time I've had it, I've loved it.  However, I was talking to my uncle and he mentioned that it's best to cook with a good amount of onions, since venison is so lean, onions will help with the flavor.

Now, I hate onions, cooked or raw, but I do like the flavor that onion can add to a meal (I use a LOT of onion powder), and I've cooked with them before, but I usually always half the amount of onions in whatever recipe and dice them very very small, so that they can almost cook away. I used half a medium onion the other night to make pasta sauce, so I have the other half left which I plan on just dicing very small again (I'm cooking in a crock pot, they will cook away for the most part), but I know that is not nearly enough onion for the stew, so I bought a large onion and some cheese cloth.  My idea is to chop the onions into large pieces (so I don't need to tediously dice an entire large onion), then place those piece of cheesecloth and basically have an onion tea bag in my stew, so as not to have large chunks of onion in it.  Would anyone recommend for or against this? Any tips on working with onions in the future? Also, any tips for cooking venison that I may not be aware of?

TL;DR:"," Will an onion ""tea bag"" made with cheesecloth be a practical idea to avoid having onions in my stew?"
54,"SUBREDDIT: r/Cooking

TITLE: Hey Cookit- My new job features cuisine from around the world and I'm in charge of a dessert special, I would love some recipe input!

POST: So I've been working at this fine dining place for a little over a month now and the kitchen crew is pretty small. I've got a pretty large amount of non-traditional cooking experience but this is my first fine dining setting and I'm trying to learn as much as possible. For me, that opportunity mostly comes from our ""birthday dessert"". If anyone comes in with a birthday, anniversary, etc, we give them a free dessert that isn't on our menu and changes every 3-4 days or so. Generally, that job falls on me. Honestly, it's a little intimidating for someone in a new setting. 

So far, I've made very traditional desserts and I'm looking for new ideas- especially ideas from cultures I may not be familiar with. I'm doing research on my own too, but thought this would be a great place to pool ideas.

So far I've made:

*Vanilla panna cotta with a crunchy lemon thyme cookie

*Lemon custard cakes

*Mini three tier carrot cakes with cream cheese frosting filling and candied macadamia nuts

*""apple pie"" egg rolls with berry sauce garnish

*Phyllo dough cinnamon sugar crisp towers with berry filling and lemon ginger sauce.

Fresh ideas to get me going would be greatly appreciated!

TL;DR:"," Responsible for new dessert recipes about once a week, needing inspiration, desserts inspired by a variety of countries and cultures ideal"
55,"SUBREDDIT: r/Cooking

TITLE: Best way to alter the texture of vegetables? (crunchier)

POST: I'm trying to add more diversify my diet and add some much needed fiber and other nutrients, but I have one problem. For whatever reason, I can't stand the texture of almost all vegetables. Something about the fibrous crunch is just unsettling. Taste is very rarely the problem since most vegetables are very mild in flavor or are easily disguised, but even when minced, my teeth can pick out an onion or a carrot a mile away and it ruins the dish. This obviously limits my choices in life nd isnt a balanced diet and I don't like that.  So what can I do to your average vegetables to make them crunchier while still preserving the nutritional value?  My first thought is dehydration because I really am looking for a cracker lime crunch but I just don't know if that's possible. Any advice is welcome. I'll also accept suggestions for vegetables that have different texture than things like lettuce, onions, carrots, etc.

TL;DR:", Trying to eat more vegetables but can't stand the fibrous crunch on my teeth. How can I make them crunchier like a cracker without destroying the nutrients?
56,"SUBREDDIT: r/Cooking

TITLE: Safe Bowl to Touch After Microwaving Pasta?

POST: Okay, I am a collage student who goes to a college with bad pasta. And like every college student, I have access to a microwave. And so, I want to microwave some pasta. Now, I do know how to do the whole shabang of making that, and know to use a glass or ceramic bowl... But I'm worried about how hot one is going to be after being in a microwave for ~14. So, is like one type of bowl better to use after that amount of time and also how hot will it be? Furthermore, if I have to wait after it's done, how long will they take to cool?

TL;DR:", I want to know what type of bowl will be the best for microwaving for more than 10 minutes including if it'll be okay to touch after/how long till safe to touch.
57,"SUBREDDIT: r/Cooking

TITLE: Just made my first salsa!

POST: I've never ""cooked"" anything in my life before, and I had absolutely no idea what I was doing yesterday, but since we were having a salsa contest for Spanish class I decided to take a shot at it. I looked up a list of ingredients for basic fresh salsa and went out and bought what I thought I needed. I did all the prep work (dicing tomato and onions and chopping garlic) and I threw everything into a bowl. When I went to taste a bit of it, I thought it had created the most disgusting thing ever. Apparently, the ""cilantro"" I threw in was actually chopped up green onion that my mom left out and the substitute for the jalapeños that were out of stock were actually birds eye chillies (which are extremely spicy) and what made it worse was I threw in 6 of them with seeds too. My ""salsa"" literally tasted like spicy tomato juice with onions and garlic in it. I covered it up and threw it in the fridge and said ""I can't cook this is awful"" and spent the night thinking of ways to explain to my teacher why I don't want to share my salsa.

The next morning, I was feeling optimistic and decided to give it another taste since the flavors are supposed blend after a while. It still tasted horrific and I had thrown way too much garlic in, so I quickly looked up how to deal with too much garlic and squeezed the rest of the lime I had from the other night and some more ""cilantro"" (green onion) in and mixed it up and got on the bus to school. 

I got first place with it.

I tried some myself and realized that I was just overreacting and it actually didn't taste too bad :D 

So, yeah. (Sorry if this was kind of anti climatic. Also, wasn't sure how to end it. Just kind of wanted to rant about my first cooking experience).

TL;DR:", cooking for the first time was fun and I learned that cilantro looks the same as green onions and my mom's chilli peppers are spicy af.
58,"SUBREDDIT: r/Cooking

TITLE: Im sorry, but I have to do this rant

POST: Right now I live in an apartment with one other roommate. I consider myself to be a clean and organized person for most aspects of my life; especially cooking. If there is one thing I hate, it is a dirty kitchen. My roommate washes his dishes once a month, maybe, and lets them pile up the rest of the time. Even if he does wash them, he neglects to put them away. They just sit in the dish drainer. Forever. The tools that i need to cook will be buried in the sink. Sometimes covered in flies. There are always crumbs on the floor and counters, grease stains on everything. I can only use one burner of my stove because the rest will catch fire if turned on from spilled over grease. Basically, it's a nightmare for me. I want to just ask him to clean up after himself but, first, I shouldn't have to do that, second, he is a good roommate and I don't want any conflicts. But it's just getting ridiculous. 

So please, if you have roommates, be courteous. Clean up after yourself. If you're old enough to live on your own, you should be old enough to was a dish instead leaving around the house. And finally If you actually read all of this...wow. Thanks for reading!

TL;DR:"," My roommate leaves the cooking area, my workspace, a mess. I can't work and enjoy cooking in a place like this."
59,"SUBREDDIT: r/Cooking

TITLE: r/Cooking, I could really use your insight please!!

POST: Quick Backstory: Me and my wife have been saying we're going to eat healthier for years and years. We either never change anything, or change for a few weeks and snap back into bad habits. The worst part of this is that I love the kitchen and I love cooking. 

I am looking for healthier eating cook books, or sites that you guys use. I have set a plan, I have changed my work schedule and am dedicating money towards eating better....this time it will stick. Dinner is our biggest issue. We eat good during the day, come home, too lazy to cook, order a pizza, you know the deal. Healthier options for us included lower calorie meals, nothing to greasy/deep fried, etc. We don't want to live organically off the Earth or anything, we just want to cut our calories and still feel full after a meal.

I'm in IT, so finding 1000's of healthy cookbooks online isn't a problem, but knowing which ones are halfway decent is. Is there anything you all can suggest to make things easier for me?

Any help is always appreciated!!

TL;DR:", Looking for a Healthier cook book that is worth it's weight in gold. Any healthy cooking bibles out there??
60,"SUBREDDIT: r/Cooking

TITLE: High protein packed lunch ideas

POST: Greetings cookit (is this the lingo for this subreddit?)!

With university/college right around the corner, /r/fitness nerds like myself are rather worried about our high protein diet going down the pooper when school starts. With the lack of time to fully cook out a high protein (low cal/low carb is a bonus), a quick go to meal on campus would be rather high on cal/carb and would just get us all fattened up without our precious proteins.

I've read through the FAQ for some packed lunch ideas but not many of them seem to be fairly friendly for gym nerds that require high protein food. Of course we can resort to protein shakes but we'd like to have whole food sources for protein whenever we can.

Accordingly, what are some high protein (preferably low carb as well) lunches that are relatively easy to pack for an average college student you guys can recommend?

TL;DR:"," I lift things up and put them down, but I need high protein food that are easy to pack for lunches to continue doing so."
61,"SUBREDDIT: r/Cooking

TITLE: So what did I do wrong...? (Stir-frying)

POST: Quick backstory:  I was living in a dorm style building since January that had a public kitchen.  It had very bad looking stovetops (I posted a while back about how the coils were all bent, making it impossible to place pans).  I just moved into a new place Friday.  A brand new stove supplied by the landlord, balanced top, etc. etc...

I've stir-fried dozens of times at the old place.  I would take my non-stick Wok (I know!  I got it for Christmas, and I am looking to get a proper cast-iron one once I get money for one...), crank up the stovetop between medium and high (on the scale it was about 5.5 out of 7 heat) and had no problems, though the oil wouldn't smoke or anything.

So moved into my new place.  Same process, decided to actually crank it down to about 6 out of 10, just to play it safe.  Got the wok up to temperature.  Added oil aaaaand CRAZY amount of smoke.  I turned down the temp, and thinking it was OK (because in the back of my mind I remember reading that the oil is supposed to smoke a little) I threw in just a small amount of garlic and ginger.  Smoke everywhere, promptly turned off the stove, removed from heat, and opened the windows while the smoke alarm went off.

I tried again after a few minutes, with a much lower setting, but it barely cooked...  I had to crank it up to 5/10 before it was properly cooking at a gentle sizzle.

So what exactly happened?...  I use canola oil by the way, because I needed something cheap at the time.  I'm getting something better next time I go shopping.

TL;DR:"," Stir fry in old place:  Fine, but low cooking temp.  Stir fry in new place:  Lower setting, set off smoke alarm with burning oil."
62,"SUBREDDIT: r/Cooking

TITLE: Please help - incompetent at using my Le Creuset cast iron pan :(

POST: Hi there [/r/Cooking](/r/Cooking),

I've had a Le Creuset enameled cast iron pan for about a year. I've tried to take care of it the way the instructions specify (initally rubbing with oil when first taking it out of the box, then washing it like a normal pan thereafter). Everything seems to stick to it to varying degrees. I've done steak and chicken, heating up the pan significantly before throwing my meat on there. I wait until the meat releases fairly easily to turn it. I end up with tasty meat but a black crust burnt onto my pan.

I also just tried home fries this morning. I tried leaving the potatoes still to get a nice crisp, but they just ended up completely sticking to the pan. I now have a bunch of little burnt potato squares on my pan and can't get them off.

1) How do I get all this burnt crud off my pan? I've tried boiling water + baking soda + scraping with a wooden spoon, but this isn't that effective for me.

2) What am I doing wrong with this pan? The lady in the store assured me that the pan would be so nonstick that I could cook scrambled eggs on it. The way I'm handling it, no way Jose.

TL;DR:", everything from meat to potatoes to eggs gets stuck and burnt onto my Le Creuset enameled cast iron. What do I do?
63,"SUBREDDIT: r/Cooking

TITLE: Looking for a good butcher shop in MN...

POST: Growing up, my family would always buy out meat from a small butcher shop called Ready Meats, and I can remember back when there was a good reason to do this.  The meat was always better than what we could buy at a regular grocery store, and was generally comparable in price.

A few years ago, the prices started to get higher, which I didn't really mind, the meat was still better quality than what I could get at the grocery store, and they still had a wider variety of meats to choose from, stuff the regular grocery stores just didn't carry in this area.

Then, starting about 5 years ago, the quality and selection of meat started to decline rapidly.  They stopped carrying anything but the basics, and at the same time, the grocery stores in the area began expanding what types of meat they were carrying.  And the quality, it's to the point where the stuff they're carrying at the grocery store is better than the stuff they're carrying at the butcher I used to go to, and the butcher shop's prices are still much, much higher.  The last rib eye I got at the butcher was nearly inedible.

So, for the last few years I've been just buying my meat at the grocery store, but I've gotten the bug to want to try finding a good butcher shop again.

I just bought some meat at Von Hanson's Meats, which is a local chain of butcher shops.  Their prices are pretty comparable with the grocery store, and the meat all looked very fresh, and they have a pretty wide variety of meat, and will do special orders for you.  

I've only gotten to try the bacon I bought at this point, which was very good (although, a little thinner cut than I normally like.)

That being said, I want to try as many different butchers as I can now so I can find my ""new"" butcher.

Does anyone have any suggestions for butcher shops I can try in my area?  I live in the twin cities area of Minnesota, I'm willing to drive a bit.  Buying grass fed, sustainable would be great, but not really a necessity for me.

TL;DR:"," My old butcher (Ready Meats) has gone to shit, looking for a new one in Twin Cities area of Minnesota.  Suggestions?"
64,"SUBREDDIT: r/Cooking

TITLE: Hey reddit, can I add stuff to a jar of vodka sauce? (milk specifically)

POST: Ok, my reasoning here may seem really weird to some (or most) you guys, but I cannot stand the taste of tomatoes. I don't know what's wrong with me. Too much sauce on pizza must be taken off, I've tried salsa dip and almost puked, spaghetti and meatballs isnt good if theres too thick of a sauce, etc. And I try to have tomato every year or so to see if I outgrew my hatred of it

ANYWAY I love vodka sauce WHEN it's not too tomato-y. My pizzeria is hit or miss, either its amazing pasta or it's tomato-y and i force myself to eat at least some of it.

SO my question is, can i add something to my [Bertoli] vodka sauce, that comes in a jar, to neutralize the tomato taste? I'm already planning on draining it so that the tomato bits stay out, and i plan on cutting up some onions and throwing them in there. Can i add milk to the sauce when i heat it up so it'll be less of a tomato taste, or would i have to go out and get heavy cream.

Thanks for any suggestions, or even ideas that just randomly come to you. I'm a 22year old dude who just moved out to go to law school, so on my own i am a sucky cook.

TL;DR:"," Can you add milk or heavy cream to storebought vodka sauce to make it taste less tomato-y. (preferably milk, cuz that's what I have)"
65,"SUBREDDIT: r/Cooking

TITLE: Anyone ever hear of or eat some Yummy Tama Yaki?

POST: Just got back from china and it was my favorite part of the trip.  The closest thing i can think of to compare it to that i have eaten before was described to me as Japanese Pizza?  The prep was something like this.  The cook top was an iron grid of about 8-10 ~2inch half spheres.  They would put maybe 2 tablespoons of oil and two toppings & some chopped cabbage. you pick from a list & let that cook up for a bit.  Then they would cover the whole top in some kind of batter (looked like corn dog batter) and using sticks form the batter into balls and cook them to the point of being brown & firm.  They put em in little containers of four and covered them in a semi-sweet brown sauce, some kinda mayo, a light cheese & 2 kinds of dried flakes ranging in size from dust to about >1/4"" in size.  One of the flakes looked kinda like seaweed the other was a light mocha color & had a real asia savory flavor.

TL;DR:", Went to china ate some great food from a place called tama yaki.  I want to know how to eat this again without having to go back to china.
66,"SUBREDDIT: r/Cooking

TITLE: College kid and want to learn how to cook

POST: So, I'm in my second year of college and I pretty much have no idea how to cook. Last year if I wasn't eating on campus or at a restaurant off campus, the only things I actually made for myself were canned soups, sandwiches and cereal. This year I have access to a full kitchen with everything but a blender and a toaster. I also have a crockpot which I intend to use a lot. So how can I get started? I was hoping you guys had some tips or super easy recipes that can get me on the right path.

TL;DR:"," I have a full kitchen and crockpot and wanna learn how to cook. Any suggestions, tips, and recipes are much appreciated."
67,"SUBREDDIT: r/Cooking

TITLE: Baked a yummy cake, frosted it HORRIBLY and now don't want to show anyone. Frosting tips please?

POST: So I baked a super yummy cake, it tastes great! I began frosting it and even though it was almost room temperature it began falling apart in the frosting so chunks of cake fell off and the frosting is all chunky now with bits of cake MIA. I would really love to make a cake that looks as good as it tastes, does anyone have any good links, stories or tips on making a cake look grand without using fondant? I'm definitely not that fancy, I just wanted to make a cake for my boyfriend for a happy Tuesday cake! I like doing stuff like that and I would really like it to look nice.

TL;DR:"," I SUCK at frosting cakes, tips, tricks, stories or links for me to better learn how to frost a cake? :D"
68,"SUBREDDIT: r/Cooking

TITLE: I spend $900/month on food.....help me

POST: Hey /r/cooking the reason I posted this here instead of /r/personal finance is because I know what I need to do to reduce cost, the how is the hard part for me. 

I've started tracking my spending and noticed I spent $938 on food last month. Wow! That's crazy right? I even exported the transactions to excel because there wasn't a single transaction more than $25, but they all added up to that insane figure.

There are two things I know how to make well, steak and scrambled eggs. I made lasagna once and it tasted like lasagna so I guess that's good. But that's about it. I always find myself getting home and becoming hungry. So instead of spending an hour cooking a lasagna, I'll just order out and satisfy my hunger then and there. Or I'll cook a steak.

I tried grocery shopping before, but I'll usually end up with stuff that goes bad or never gets touched due to the lack of my cooking at home. So then I'll have half of the things I need for a recipe, give up, and order out. 

I'm not good at planning meals at all, I'll buy something to use later in the week and when the day comes I forget to thaw it. Well, time to order out again. And if I do remember to thaw something, it's usually a steak. 

**Does anyone have some dead simple grocery meal plan lists that would help me ease into this?** I've tried before and it always ends up not working out because I'll try to link all my meals together to prevent spoilage, or I'll have a meal with 10 ingredients that ends up costing as much as eating out.

TL;DR:"," I eat out too much and when I do try to cook at home, I end up having too much on my plate (pun intended) and choose the easier option."
69,"SUBREDDIT: r/Cooking

TITLE: HI /r/Cooking. I needed to get motivated to cook more often, so I built a website to help motivate me. The trial with my friends has worked really well and now I would love your opinion on it!

POST: My story:

At the beginning of 2015, I realised that I wasn't eating very well. I used not to be a big fan of cooking (this is changing now!), I struggle with the motivation to cook for myself and I can't afford to eat out or get delivery every night.

What I am, however, is a good web developer. So, I wondered if there was any way I could translate that skill into me eating better. After a bit of thinking, I came up with the idea of a meal sharing service. I could post that I would make something and let my friends claim portions, then I would have to follow through with making it or I would be letting my friends down. At the same time, my friends could post things they were making and I could claim portions. I initially planned to pay for meals I claimed, but in the beta trial with my friends, it has worked out that I am sharing as much as I am eating, so it has all balanced out. I am now cooking two or three times a week and /r/Cooking has been a great resource - thank you all!

Now I'm getting ready to open the service to more than just my friends and I would love some feedback from people who like to cook. As a thank you, anyone who signs up before we launch (date TBA, but hopefully in a couple of weeks) can claim a free upgrade to Sous Chef level. There is a website and a menu app for iOS and Android, the service is called [PalFed] If you would like to sign up and try it out, I have created an invite code for /r/Cooking at [

TL;DR:", Made a meal based social media web and mobile app to help me get motivated to cook. I would love /r/Cooking's opinion and I'm offering a free account upgrade for anyone who helps out.
70,"SUBREDDIT: r/Cooking

TITLE: Hello /r/Cooking, my fiance and I are starting to build our wedding registry and are looking for knife advice.

POST: Hello everyone! My fiance and I are getting married in October and we've just started building our wedding registry. Our current knife set is the one I had in college ($49.99 12 piece set from Target, honestly couldn't tell you the brand) and this is one of the main ""upgrades"" we're focusing on for our kitchenware. We both love cooking together and do it frequently (5-6 nights a week), but I'm finding our annoyance with our current knives is just growing and growing (the edges seem to wear down as soon as I sharpen them). I'm pretty comfortable with the sharpener we have; I'm just starting to think I've used up the mileage on these $49 knives. As of right now, a few family members have recommended some knives from Wusthof. I really like these knives but they can be a bit pricey. What are your thoughts?

TL;DR:"," Starting to building wedding registry, what are some good knives(or knife sets) that would be ideal for a couple who loves to cook."
71,"SUBREDDIT: r/Cooking

TITLE: arg! left a few pounds of pulled pork on the counter for a few hours... is it ruined? please help, details inside...

POST: So yesterday I cooked a pork roast in my crock pot and had a ton of pulled pork. i was planning to eat it last night and tonight and then freeze the rest.

I had some for dinner around 6:30 and then ran off to volleyball. Got home at about 9:15 and realized I had left the container on the counter.

Now, the pork was in a ceramic container with a plastic tupperware style lid on it. It was pretty warm in my apartment when I came home, probably high 70's F. I through it in the fridge. I've been looking at Yahoo answers and the FDA's website, and I'm hearing that you shouldn't eat cooked meat that's been left out for more than two hours, but I've also heard four from a couple of sources.

What does Reddit think? Can I get away with still eating it? What if I throw it all in the freezer (as I was planning to do). Won't that kill any bacteria that may have started to grow?

I really don't want to throw this out! The roast was like 11 bucks and I've barely eaten any of it. I was planning to get 4 or 5 more meals out of it.

Please help!

TL;DR:", Left cooked pulled pork in a tupperware container in a warm room for about 2 hours and 45 minutes give or take. Can I still get away with eating it? What if I freeze it first?
72,"SUBREDDIT: r/Cooking

TITLE: Help with knife sharpening and maintenance!

POST: Hey fellow Chefs, line cooks, at home cooks and destroy your kitchen in the process cooks! 

I have a few things in my mind... But to preface my questions... A lil background. 

I've been in the culinary world for about 5 years now. 

Started off as a Baker then on to a line cook and have been a line cook since... But I've been moving myself up in different kitchens. Such as a Perkins setting to a fine dining family run kitchen that's in the top 5 restaurants in my city. I'm now a Sous Chef in that kitchen. 

Now I haven't gone to culinary school but my chef has been teaching me things he had learned from culinary school. The only thing he hasn't shown me yet is knife sharpening... 

I don't know if they do not cover that in culinary school or he just isn't that good at it due to our kitchen getting new sharpened knives every two weeks (Cozini knives rotates 2 sets we have with them). 

I've decided and dropped a few $$ into my own knives that I want to maintain myself. 

I've done a lot of YouTube watching on sharpening with whetstones and care of your whetstones... But I'm seeing something different. Everyone uses different strokes on the stone... I'm seeing sweeping strokes when sharpening and also quick vertical strokes while going horizontal along the knife. Also, I'm hearing different angles you should sharpen with. 

I have a Wustoff grand prix II 8"" chef and I want to keep this knife for a long time... What is a more effective stroke and angle should I use while sharpening... I've been using a 15° angle so far and I do see a difference. 

Thanks for reading guys and gals and any info you can throw my way...

TL;DR:", I have a Wustoff grand prix II 8 inch chef knife how should I go about sharpening it correctly?
73,"SUBREDDIT: r/Cooking

TITLE: Hey r/cooking, I was wondering if you could help me to help my uncle...

POST: So my uncle, who has basically acted as a father to me, has cancer. It's bad. Like 5% of patients with this type of cancer survive past a year. But we're trying to be positive. 

Before my uncle got sick, he was a trained chef. He worked at the Waldorf Astoria before moving out to help with my sister and myself. 

The thing that sucks is he has tumors in his brain, which have decimated his memory. The only recipe he can remember is mushroom barley soup which is gettin a bit repetitive. His taste buds are dying from the chemo so very few foods are good anymore. 

I was just wondering if any of y'all had any experience with cooking for chemo patients. Food has always been his passion and the fact that he can't enjoy anything right now is heartbreaking. Any tips, recipes, or links to more appropriate websites would be awesome. Thanks in advance :)

TL;DR:"," I may not be the chef my uncle is but I'd like to at least try. Recipes, tips, or links for patients undergoing chemotherapy pretty please"
74,"SUBREDDIT: r/Cooking

TITLE: Boneless Duck Feet

POST: I bought some boness duck feet and I don't know what to do with them....

ok, so I'm getting into making my own broth/stock again, but I'm doing it in a crock pot for the first time in my life. The trial batch of stock was made with some chicken feet, and discarded chicken parts from various cooking endeavors that were kept in a Ziplock bag in the freezer. I made the stock, and there was much rejoicing. It's the richest and best I've ever had.

Fast forward to last week when I was cruising my local Asian mega-mart. I was looking for chicken parts, when I discovered boneless duck feet. I bought a pack (0.68lb to be exact) with the intention of learning how to make duck stock/broth/soup. Searching all of Reddit has provided zero results, so I'm here to ask if anyone has any experience using boneless duck feet, and to get some advice on how best to use them. Are they good for anything other than the stock pot? Has anyone ever baked them and made duck cracklings? Do I need to gather more duck parts first before making duck soup? Or should I just add them to my chicken stock as a secret ingredient?

TL;DR:", I bought some boneless duck feet on the cheap and I would love to hear some ideas from my fellow Redditors on what to do with them
75,"SUBREDDIT: r/Cooking

TITLE: Should I cover this chicken or not?

POST: I'm making a roast chicken with two lemons. The recipe calls for a roasting pan. I'm using a large casserole dish. Should I cover it with foil or not?

It's a 5-lb bird. The prep was drying the chicken and rubbing with liberal amounts of salt and pepper, then taking two lemons that have been softened and punctured, and putting them in the cavity. I then tied the cavity shut.

The bird has been baking in a large corningware dish on the top rack in the oven at 350 F. It's been in there for about 40 minutes, and I've turned it once, It's now on its back.

TL;DR:"," The recipe says roasting pan. I don't have one, and the bird's in the oven. Should I cover the chicken with foil?"
76,"SUBREDDIT: r/Cooking

TITLE: My dad really likes to cook and I need help

POST: and I want to get him a really cool cookbook.  He's sort of weird and nerdy and I want the cookbook to sort of be about cooking cool stuff not just your run of the mill blah cookbook.  he really likes making spicy food (to the dismay of the rest of the family)  and pasta/chicken (sorta olive gardeny dishes) combos seems to be his favorite.  He's been cooking dinners everyday for almost 5 years now and I just want to get him something new and a little more challenging or just something that'll make him want to try cooking new things.

TL;DR:", does anyone know of any off the wall cookbooks for a nerdy dad who has picked up cooking as a hobby.
77,"SUBREDDIT: r/Cooking

TITLE: My cooking future is in your hands

POST: I just graduated from university with a science degree that provides financial stability and repetition for the rest of my life.

My passion has been cooking and I want to go forward with it and one day open a restaurant. My parents said that if I work for a year or two in my field (so I have something professional on my resume) they would pay for me to go to culinary school.

*Not culinary school!* 

Yes culinary school. My mum is Malay and I want to learn more about South East Asian cuisine, but that isn't offered in culinary schools around there.

However, as an international student in Malaysia you can work 20 hours a week.

**SO** if I lived with my family in Malaysia, got the formal training in Le Cordon Bleu KL and the informal training working in a restaurant, would that be beneficial?

Or would it be better to say fuck it and just work in a restaurant and skip on in LCB?

Thanks!

TL;DR:", Is working part time in a restaurant while studying at LCB better than just working in a restaurant and skipping LCB?
78,"SUBREDDIT: r/Cooking

TITLE: Help with Christmas dinner!

POST: Hey guys, my girlfriend and I are having some friends over this Saturday for a Christmas dinner. We have an 19 pound turkey, and I've been looking forward to spending the day just cooking and stuff. On Thanksgiving, I tried the Alton Brown turkey recipe (brined, roasted without stuffing) and it was great. With all the hubub from American Thanksgiving about spatchcocking a turkey, I thought that'd be great to try out! I'm confident in my ability to cut out the backbone and roast it, but I had mentioned to my buddy how good it was to lay some bacon over the breasts while the last one roasted and he bought 3 pounds for this dinner. So in a really rambling way, I guess I'm asking if covering the spatchcocked turkey in bacon will defeat the point of using that method to get crispy skin? Would I be better to add bacon to mashed sweet potatoes, or to brussels sprouts?

TL;DR:"," I have 3 pounds of bacon my friend bought for Christmas dinner with the intent of replacing foil to cover the turkey during roasting. Can I still do this if I spatchcock the turkey, or does covering it defeat the point?"
79,"SUBREDDIT: r/Cooking

TITLE: Wondering about how long certain things last before spoiling?

POST: Franzia boxed wine.  

I cook with wine often, but don't use a whole lot, so a box will likely last me a year.  I bought a red and white boxes last september, and opened them within a week of one another.  How long can I expect them to still be good?

I thought the point of them was so they don't go bad, but someone once told me to try to use it within like 4-5 months of opening.  I'm well past that now, and don't want to ruin any cooking this weekend by using bad wine.

Next, Mae Ploy Sweet chili sauce.  I usually just buy these little bottles of it, as I use it in a marinade with soy, srirachi, garlic, and sesame oil, to marinate flank steak.  But I got my hands on a few industrial size bottles the other day for really cheap.  The back says no preservatives added, so just wondering if this is something like ketchup that won't go bad anytime soon, or if I need to use it rather quickly?

TL;DR:"," = How long does boxed wine last after opening?  And does Mae Ploy sauce go bad, it says it doesn't have preservatives, but it definitely has some ingredients I can't pronounce."
80,"SUBREDDIT: r/Cooking

TITLE: Is there anything I can do to contain the chopped onion smell in my fridge?

POST: I hate chopping onions. I don't think anyone *likes* it but when I do it I usually end up in the bathroom for a bit afterward cleaning myself up because my eyes explode. 

Because of this, if I need less than a whole onion for a recipe I'll chop the whole thing in one go and then save the unused part in the fridge. For me this is win-win: I get to have onion easily on hand, I don't have to chop as often and deal with aforementioned tear explosion.

This probably isn't the best way to eat onions and I'm probably ruining flavor or something but I'm happy with my process.... except that it makes my fridge stink of onion. A half of a chopped onion in a ziplock bag will waft onion stink into your face as soon as you open the door. Is there anything to be done about this?

TL;DR:", I pre-chop onions as often as possible but it's making my kitchen stink. Any suggestions on how to contain the smell?
81,"SUBREDDIT: r/Cooking

TITLE: Thoughts on over the stove convection microwaves?

POST: I have an older gas range that works great but sadly lacks convection cooking. 

I bought a cheap counter top convection toaster oven last year and I have used the hell out of it for baking, roasting, etc. I am completely sold on the benefits of a convection oven. I would now like a bigger convection oven.

To avoid the cost of replacing my perfectly fine gas range, I was thinking I'd replace my over-the-stove fan/microwave combo with an over-the-stove convection microwave.

I would like to be able to use it as a straight convection oven and in combo convection / microwave mode. I can't seem to get a straight answer in the appliance places I've gone to about what models can do what, and how well they function. My fear is I will get a crappy microwave and a crappy oven, rather than a flexible appliance that's good at both.

Thoughts? Model recommendations? If you have one, has it worked out for you? I'm thinking of spending between $500 and $750 USD.

TL;DR:", Thoughts on over-the-stove convection oven / microwave combos? Worth it? Models to consider and/or avoid? Thanks!
82,"SUBREDDIT: r/Cooking

TITLE: Got a new apartment, starting a kitchen from scratch!

POST: I'll finally have my own kitchen, and want to start cooking as much as possible.  I'm an amatuer at best, but I have fun and its great getting to enjoy a finished product.

So I'll be going around in the next few days getting everything I need.  I've started with the [beginner's wiki] but my question is this:  What items would you guys suggest I buy new, and which ones would be fine to pick up at a secondhand store/borrowed from family?

I'm guessing things like whisks, wooden spoons, and colanders are fine to get second hand whereas things like knives and frypans might be better to splurge and get new.

As far as knives go, [this] set looks pretty decent.

TL;DR:"," Which cooking utensils are okay to pick up second hand, and if I should buy them new what would you suggest? Thanks!"
83,"SUBREDDIT: r/Cooking

TITLE: What/how fish to cook for first time eater of 10+ year vegetarian.

POST: First, sorry if this is wrong subreddit.  
  
My wife is a vegetarian mainly due to not liking the taste of red meat.  Even if a patty is vegetarian but made to taste like meat it will make her sick.  We like to backpack and camp often and along that comes with catching our own fish and cooking it up with the dog and I eating it.  She has gotten along fine eating some meat products without her knowledge like teriyaki mushrooms that are labeled vegetarian at a sushi place in my hometown that we later found out contained fish product in.  Recently, she saw an article with fresh caught trout cooking over a fire and has said she wants to try and eat some fish.  
  
So the question is, what and how should I cook some fish for her.  This will be in Omaha, NE so will have to be store bought probably from a place like Whole Foods.  I can go to the downtown fish market if I need to.  I was thinking of salmon or tuna, but not sure if I should just grill it up or go something fancier for her first time consciously eating meat in over a decade.  We will be at my parent's place so I will be able to have any tools at my disposal.  I appreciate any help and welcome any questions.

TL;DR:", Wife wants to try and eat fish.  This will be her first time in over a decade consciously eating meat.  How/what do I make?
84,"SUBREDDIT: r/Cooking

TITLE: Thickening: Slurry or Roux?

POST: So, I grew up in a house where my mom would ALWAYS thicken gravy with a flour slurry (flour dissolved/suspended in cold water). Usually it was messy (Especially when shaken, not stirred), left an extra couple of cups to clean, wasted flour (always some left over), took forever to cook, and could only thicken cool/luke-warm liquids (would clump in hot liquid). On top of that, you had to simmer it for a half hour or so in order to get rid of the raw flour taste and to get the full thickening effect.

Then I discovered how to make roux and have been using that ever since.

Do any of you currently cook with slurries? If so, what are their culinary merits (beyond being fat free).

TL;DR:"," I suck at slurries and should definitely give them a second chance, anyone care to post their ratios/methods?"
85,"SUBREDDIT: r/Cooking

TITLE: Cast iron pans are a meme and I fell for it

POST: Im into my cooking and have been for years, so reading various forum posts on reddit and elsewhere proclaiming theyre (cast iron) the be all and end all of cookware I purchased one. Being a person who generally likes 'buy it once, buy it for life' It was right up my street.

It was good for a for weeks, the honeymoon period I suppose, but gradually I started hating it, everything stuck, everything, vegetables, meat, eggs, no mattter how much oil i used, ""You can fry an egg in a well seasoned cast iron"" they said, yeah if by shallow fry in an inch thick of veg oil you mean. This is after 3-4 goes of seasoning the pan using lard, veg oil, bacon grease etc etc

Ive given up on it, I bought a £5 cheap non stick pan from the local shop to use as a comparison and its been a dream, easy eggs with the most miniscule amount of oil, steaks come out better in it, more control of the temperature, Im finding it hard not to give the cast iron to the scrap metal men that come around, the only saving grace the cast iron pan has is that its good for shallow/semi deep frying, falafels and fried chicken etc

TL;DR:"," If you can convince me to try again I will try, but otherwise ill go with the easier option over some self smug feeling of  'ye olde time cookware is better, and im cooler for using it"""
86,"SUBREDDIT: r/Cooking

TITLE: Microwave Cooking (I know, I know. I have a good reason.)

POST: Hey! I thought you guys would be able to help me out. I live in NYC and very close to the east river. When the hurricane hit, the basement of my apartment building got flooded and long story short I have not had gas for about a month.
I can't keep spending all this money on eating out with all this food I have in the fridge! So I turn to you guys. I have a few steaks, scallions, garlic, chicken, sauces, etc. Is there any way to cook these into a delicious meal in the microwave? Thank you for reading!

TL;DR:"," Haven't had gas for a month due to hurricane. Considering cooking via microwave, yet no experience with such and would like to know about recipes/advice."
87,"SUBREDDIT: r/Cooking

TITLE: I want to try international cuisine, but my family is seriously rooted in their American ways. Help!

POST: I'm home for the summer from college and I really want to shake up our diets a bit.  But my parents are a bit of a problem.

Fish tacos are, to them,  ""Refried beans and cheese on fish?  Yuck!""  I've explained that they're wrong a million times only to fall on deaf ears.

Or whenever I bring up falafel,  ""But you can't have a meal without meat.""  Shh, don't tell my vegetarian friends.

Fruit as a dinner side instead of veggies?  ""This isn't breakfast!""

I'm trying really hard but my parents are pickier eaters than they want to admit.  I'm dying to try some more international cuisine, but one sniff of fish sauce was all it took to turn Mom off of Thai food, and because her Indian coworkers' curry smelled sooooo bad she doesn't even want to touch the stuff.  (Yes, Mom, it smells like a dirty diaper but it tastes like heaven.)  My father's just scared to put much more than salt and pepper in anything he cooks and really prefers the simplest of simple foods; even potato salad frightens him a bit because it has more than five things in it.

I've never made something they said they didn't like... well, except for that one pumpkin pie.  (FYI, jack-o-lantern pumpkins aren't for eating.)  They keep letting me cook, so I assume they like what I'm making well enough.  Whenever I do something more familiar, like scalloped potatoes and ham, but use a different recipe from their usual methods, they go nuts over it.  They have *no reason* to distrust my cooking, and yet they still do just because it's something they've never tried before.  I feel like I'm dealing with little kids here, saying, ""How do you know you won't like it if you've never tried it?""

Should I just make the stuff without asking and offer to order pizza if things go south or what?  I'm so sick of meatloaf and green bean casserole!

TL;DR:", My parents are staunchly meat-and-potatoes while I want to try shawarma-and-latkes.  How should I go about making new stuff for them?
88,"SUBREDDIT: r/Cooking

TITLE: Friendsgiving menu planning

POST: I fully apologize for the incoming wall of text. 

I know it's only early October, but the one dinner party I hosted last year was for ""friendsgiving,"" and was the day before classes started back up after Thanksgiving break. It was so fun and I plan on doing it again this year.

I figure that people will be pretty sick of turkey by that point, so a different type of meat, plus a vegetarian option would be perfect.

Last year, I had a huge Dr. Pepper/sriracha glazed ham, curried butternut squash risotto, mashed taters, green beans with almonds, and spicy-sweet carrots, then a berry-lemon cheesecake for dessert, and home made brioche throughout.

I'd like to up my game this year. I think I'll make croissants instead of a huge brioche, but I'm unsure about everything else. The ham was amazing, and I had leftovers for a week, but I'll be inviting a bunch of the same people. I'm toying with the idea of a beef wellington, but I know about half the people don't like mushrooms, and even though you can't taste them too much in the finished dish, some people are really sensitive to the taste.

As for the vegetarian option, I'm at a loss. The risotto would have been good, but my big pot was being used for the taters, and I couldn't time things right. I'd like something I can start before the meat and sides.

Sides are confusing, too. The carrots were a hit, but I had to cook them and the green beans right before the ham was done, which meant having to scramble around while the guests were getting hungry. I don't really want to do taters this year, partially because I'm supposed to be cutting my carbs. Maybe a soup and a couple other things?

The cheesecake was bomb, but I'd like a fallback option in case my friend who makes it has to work.

Sadly, I will definitely just be getting a big box of wine to be going with dinner, but at least my friends' tastes have refined in the past year to go past white zin.

TL;DR:"," working on the menu for my friendsgiving this year. Need meat and veggie entrees, sides, and suggestions for dessert. Thank you all in advance!"
89,"SUBREDDIT: r/Cooking

TITLE: Swiss Chard Recipes?

POST: Hi All,

Today I randomly bought some Swiss Chard while at the store, but now don't quite know what to do with it. I've never had it and while I have been thinking about growing some in the garden, I figured I should probably know if we like it before planting :p

Now here's the tricky part--my husband is not generally a fan of greens (he dislikes kale, spinach, collards, mustard greens, arugula...you get the idea. Actually he has a whole list of vegetables he won't touch, but that's for another day), whereas I tend to really love them, so I'm hoping to find a recipe that he might enjoy. 

I was thinking of just sauteing the Swiss Chard with a bit of garlic and onions, but if anyone has any killer recipes that they wouldn't mind sharing, I'd appreciate it. Thanks!

TL;DR:", Never eaten or cooked Swiss Chard. Am looking for any recipes that a picky (adult) eater might enjoy. Please and Thank You!
90,"SUBREDDIT: r/Cooking

TITLE: New (good) cookware has renewed my interest in cooking!

POST: I've been cooking for years. My dad went to culinary school and I grew up having all the ingredients I could possibly want in the kitchen, my parents both happy to bring me to the store and let me put together a meal. I'm a new subscribee to this subreddit, so excuse me if my post is out of place.

At 17 I bought my first stainless pan, cooked my girlfriend at the time a 5 course meal and has a generally good meal. It could have been better. I made a few more extravagant meals after that and then...

..life happened (I'm 22), and my cooking was largely reduced to just feeding myself and making boxed meals. College student, etc... not a culinary student so I didn't have time to cook all day! My understanding is that many culinary students just use a microwave at home, anyway. ;)

Friday night I went to my local Sur La Table and picked up a Demeyere Industry5 9.5"" fry pan. Just one pan and since then I've made:  
* Pan-fried NY strip steak (little canola, careful application of heat, seared both sides beautifully and deglazed the pan with a shiraz and made a fond)  
* Bananas foster (nuff said)  
* Omelette (omg it was perfect, beautifully evenly slightly golden bottom loaded with onions, peppers, pepper jack cheese)

This pan is wonderful. Tonight I'm pan-frying tofu and some veggies with a little bit of a chili sauce.

Needless to say, I'll be buying more. Super easy to clean up, to the extent that I had to rinse and wipe and it was clean. I really missed cooking with stainless cookware.

TL;DR:"," Bought a Demeyere Industry5 stainless pan, cooked with it all weekend, made multiple perfect meals and I love it. Highly recommend this cookware to other Redditors :)"
91,"SUBREDDIT: r/Cooking

TITLE: Is this a good way to really boost my cooking skills, or is it a bad idea until I have better fundamentals?

POST: Though I used to cook on occasion (especially weekends) when I was younger, I've really only been doing extensive cooking for myself over the last couple of years (I'm 21, a junior in college). That said, for better or for worse, I hate following recipes. When on a tight budget and sharing refrigerator space with 3-4 housemates, you don't have the same capacity to just have all of the ingredients you would want at all times. So any time I would look up something I want to make, it requires things I don't have so the recipe is almost unusable anyway (I can still use some of the ideas, but still). Further supplementing my reluctance to use recipes is my regular viewing of food network competition shows, mostly Chopped, which rely largely on improvising with what you're given (albeit they have thousands of pantry items that give chefs a hell of a lot of options).

So basically, I just improvise almost every time I cook. I'll buy stuff like boneless chicken breasts and various fish fillets and just do...whatever with them using the limited ingredients I have. It's not like the end products are terrible (in fact, the most complete meal I've ever made in terms of taste and presentation, the latter of which I usually suck horribly at, was based on nothing but instinct, guesses on how tastes and textures would combine despite having never done anything like it before), but I'm concerned there's a lot of technique that I'm missing out on and I might be slowing my learning process with the way I do things. Plus, I'm not building up a mental recipe bank like my parents both seem to have because I don't really use any. So what I'm asking is A) see title question and B) what really is the best way to improve my skills as a chef moving forward? I love cooking and only want to better my skills

TL;DR:", I have only a couple years of somewhat regular cooking experience but I improvise pretty much everything I cook. Also read the last couple of lines for the questions I'm asking because I'm to lazy to rewrite them
92,"SUBREDDIT: r/Cooking

TITLE: Want to pull pork/chicken/beef quicker? Use a stand mixer!!

POST: I just discovered this today, looks cool. I'm currently cooking some pork shoulders for pulled pork and I am definitely going to give this a whirl.

I saw another video where a guy used his bread hook.. It seemed to give it more of a pulled consistency.

Anyone have experience doing this?

TL;DR:"," After using two different types of stand mixers, I reccomend using a kitchen aid (or similar) with either the bread hook or paddle."
93,"SUBREDDIT: r/Cooking

TITLE: stock my kitchen (sort of)

POST: not sure if this is the best place for this...
so i am getting married soon, and since my fiancee has already claimed the baby registry, im in charge of the Wedding Registry. other that a few house hold things, most of the stuff we agreed on needing is lots of kitchen stuff. we are due in may, and i have one more year of my undergraduate, then some graduate school. i will most likely be moving for grad school. we both cook fairly frequently, and a good at cooking, we are just looking for some nicer and specialty equipment.

TL;DR:"," I need some gear that someone who cooks a lot would enjoy having and would expand the possibilities of my kitchen, not just the ordinary."
94,"SUBREDDIT: r/Cooking

TITLE: Tried capers for the first time last night. My husband *loved* them and even the toddler didn't mind them. What else can I do with these things?

POST: Basically, they were my new ingredient this week, purchased for a French salmon and potato recipe from a ""five ingredients or less"" book I just got.

I have about 60 g of them left, half-brined, so I'm thinking they won't last long.

What can I do with them that's relatively quick (I usually have only 30 to MAX 45 minutes during the week for prepping supper) and conforms to fairly traditional American tastes? My toddler in particular likes strong-tasting things, but not too bitter (ex. no to spinach by itself, but yes to spinach with garlic and nutmeg). I love bitter greens, but I'm alone in this.

TL;DR:"," Looking for caper recipes that are quick to prepare (ideally around 30 minutes) and not too bitter or ""unusual"" by American standards."
95,"SUBREDDIT: r/Cooking

TITLE: Substitute for a dutch oven

POST: I'm moving to a new kitchen that has an electric ceramic glass surface. I'm looking for a substitute for my Lodge cast iron DO, which I use with my current gas range.

I have a variety of reasons for not choosing cast iron, not even ceramic-coated cast iron. The post rests on my gas burners are metal and ceramic-coated, and they're chipped all over. I'm not going to put cast iron on my glass cook top and scratch and chip it, since that is expensive to replace. Even if I promise myself not to put the cast iron on the stove top, I know somewhere along the line I'll slip up and drop the DO on it.

TL;DR:", I'm _not_ going to use any form of cast iron dutch oven on or in the ceramic-topped stove.
96,"SUBREDDIT: r/Cooking

TITLE: Help: cooking several filet mignons at once for a party tomorrow.

POST: I am the family grill master and bbq'er. When it comes to fire or smoke I'm usually the go to guy.

That being said my sister in law wants me to cook 8 filet mignons and 4 strip steaks for my brother in laws birthday tomorrow.  The strip steaks are no problem. I cook steaks like that frequently.  

However, I've never actually cooked a really thick lean steak like a filet mignon.

 My first instinct is to pan sear with butter and then put into a super hot oven for a few minutes to finish it off. This isn't going to work for 8 steaks though so the next best tool is the gas grill.

TL;DR:", looking for tips on cooking 8 filet mignon at once on a gas grill or oven or combination of the two.
97,"SUBREDDIT: r/Cooking

TITLE: hey, my birthday is soon so I bought myself a steak, whats the best way to prepare it

POST: my birthday is tuesday, ive got the little guy thawing now in the fridge . I try to avoid telling folks about the birthday because i don't like a big hullabaloo. it is a bonless ribeye. .75lb according to the package. its thawing in the fridge now. what is a good way to marinate(im partial to Worcestershire based). and I'm thinking of preparing spinach and a sweet potatoe with it as a side(raised on southern cooking). i assume I will be drinking this with a bottle of jameson whiskey (something I wanted to add to my list of for me birthday presents). advice on how I can prepare this in the most ron swansonesque way are appreciated(even though vegetables are involved). I'm kinda broke (college kid) so seasonings might be limited

I've got a grill pan and i like my steak rare, like cold in the middle.

thanks if you've managed to read this far.

TL;DR:", whats a good way to cook a steak(3/4lb bnless ribeye) for yourself on your birthday.
98,"SUBREDDIT: r/Cooking

TITLE: I made something by accident, and I'm not sure what it's called

POST: The other day, my gf baked a cake, and asked me to make some chocolate frosting for it.  I happily obliged her request, but I wanted to try something different.  I had read on a blog post that making a hot simple water/flour thickening agent and adding that to the frosting would make it more smooth.

Well, I made my frosting, as usual save for the addition of my starch.  But it came out very thin at first.  No worries, I figured it would take a while for the starch and butter to re solidify, so I left the bowl of it out sitting in a larger bowl of cold water.  And it did begin to thicken, but now it was like generic chocolate syrup.

Frustrated, I gave up and just was content in that I had found a way to make homemade chocolate syrup.  I put the concoction in the fridge to await it's next use.  The next day, I was surprised by what I had found.  The mixture had partially solidified so that it thick and textured like frosting, but was runny like a thick and smooth polenta.  It kinda reminds me of fudge in a way, if it was melted, but was still cold.  I'm stumped as to what I made, but it is soooooo good on cookies, cakes, and even by the gluttonous spoonful.

Is there a word for what I made?  Or is it just a runny kind of frosting?

TL;DR:"," I made a frosting that has the consistency and texture of fudge, but is runny like thick polenta.  Think a really really thick mousse. And it is soooooo good....."
99,"SUBREDDIT: r/Cooking

TITLE: Please help! My KitchenAid hangs in the balance!

POST: * Background: I live with my parents. My father and I cook and bake, and my mom does the dishes. She knows nothing of appliances except where they go.

* Two days ago, I went to make some shortbread cookies, and noticed that my flat beater paddle attachment wouldn't fit onto the beater shaft of my KitchenAid stand mixer. After troubleshooting, I realized the spring was stuck inside the attachment. My whole family and I agreed not to use the attachment until the spring was out.

* Flash forward to today. My mom and I have been fighting about other unrelated issues. She decides it would be a great way to piss me off to jam the attachment onto the mixer while my dad's not around. I hear the mixer whirring. I ask her what she's doing (because she doesn't ever touch that machine.) She says, ""See? I told you that the spring belonged in the beater and not on the mixer."" I insist that she's incorrect, and that the owner's manual and Google would show that the spring belongs on the shaft. 

* Now the attachment won't come off, and I can't use the mixer. I asked if she wanted help trying to shimmy it off, but she said if I try and I break it, I have to pay for it. Meanwhile, she has given up. I'm not yet convinced that the mixer is unusable. Can anyone give me some tips as to how to get the attachment off? I understand that most of my problem is my relationship, but it pains me to not have use of my favorite/most used kitchen appliance.

TL;DR:"," KitchenAid flat beater attachment has the beater shaft spring stuck inside of it, and the paddle and shaft are stuck together. Please tell me if you have any way to get it off without hurting either piece."
100,"SUBREDDIT: r/Cooking

TITLE: I just cooked escargot for the first time!

POST: Sadly, I didn't think of taking any pictures... A week ago or so, I was grocery shopping with my parents, and my dad dared me to buy some canned escargot because I took French for five years (it was the first time we'd ever seen it being sold).

Well, reddit, although the idea kinda grossed me out... *I took that dare.* After getting home, I noticed that the can was going to expire on January 15th... Not good. We had our meals planned out through Tuesday, also, so I wouldn't have time to cook them until today.

Anyway, I ended up sautéing the escargot in a shitload of butter, a ton of parsley and thyme, and a bunch of garlic. I ended up splashing some nearby wine into it for good measure.

It came out AMAZING. Not, like, ""oh this tastes like butter and garlic"" amazing, but ""Hey, cool, sautéed snails are pretty awesome"" amazing. I convinced my mom to try a piece, but my dad just looked at me like I'd grown two heads.

The moral of this story: Foods that really kinda gross you out at first might end up being really good, so if they're not too expensive, try some! Though, I'd suggest checking the expiration date first. I'm kinda scared about the fact that I just ate it three days before expiration.

TL;DR:", ME EAT BUGS. Wait no google says snails aren't bugs. ME EAT GASTROPODS.
101,"SUBREDDIT: r/Cooking

TITLE: Cooking my first roast this Christmas

POST: Hi,

I'm going to be cooking a 2.8kg pork roast this Christmas, and I've never done one before, or used a meat thermometer, I've researched cooking time/temperature, and I think I'll be using 30 minutes at 210°C and 2 hours at 180°C.

What I can't seem to find out is this: how far away from the bone the thermometer should be placed? Most pages just say 'away from the bone', without saying how far away.

Can anyone with experience with this give me some advice? I'd also appreciate any other advice about roasting pork.

If anyone wants to know, the vegetables I have are: pumpkin, sweet potato, potato, carrot, zucchini.

TL;DR:", where do I put the thermometer in relation to the bone? I'd also love any other advice about roasting pork.
102,"SUBREDDIT: r/Cooking

TITLE: Help with homemade basil pesto?

POST: Hi r/Cooking! This is my first post here, I hope you can help me.

I love pesto. I've been buying it for a few years now, but I prefer homemade, all-natural food, so I tried making it myself. The original recipe I got was from an Italian friend, but apparently, I'm doing something wrong.

The problem is that the pesto I made (using basil leaves (with a little bit of stem), olive oil, pine nuts and parmesan/grana padano cheese) is quite bitter, much more so than the one I buy. I've searched online, but the only explanation I found was something to do with blending olive oil. So, I tried again, first smashing ingredients, and adding olive oil later, but it's still the same. I think it has to do with smashing fresh basil, if I try just squeezing a single leaf, it gets the same bitter taste.

Has anyone faced this problem before, and does anyone know how to make non-bitter pesto? Or have I trained my palate to the wrong, industrial, taste?

TL;DR:"," When I make pesto, it's very bitter, I think it comes from crushing fresh basil leaves. How can I make it less bitter (more like the industrial pesto that I can buy in a store)?"
103,"SUBREDDIT: r/Cooking

TITLE: I need a recipe, /r/cooking. Care to give some advice in picking one?

POST: So my girlfriend likes cooking, and likes when people cook for her. She's hinted a couple times that she'd love it if I cooked something for her, so I'd like to give it a shot. She knows that when I make myself food it's just cereal and BLTs so she's not expecting a masterpiece, I just want to show that I'm willing to put the effort in.

The trouble is my work schedule; 90% of the time I see her, it's when she picks me up from the end of my shift at about 8:30pm, so I need a recipe that I can prepare in the morning before work someday (I have 4 or 5 hours in the mornings), and have ready or within 5 minutes of being ready when we come back to my house after work.

I do happen to have a smallish crock pot around for the next few days and my kitchen is reasonably stocked. I tend not to cook for myself because for I dislike spending more time preparing a meal than I do eating it, plus I work at a restaurant and I spend 9 hours a day baking food, but I'm certainly capable of following a recipe (I have to for work, after all).

TL;DR:", I need an idea for a dinner for two that I can prepare in the morning and have ready when we return home in the evening.
104,"SUBREDDIT: r/Cooking

TITLE: Sugar friendly replacement for juice?

POST: So my girlfriend and I (and occasionally, me trying to motivate my girlfriend) are trying to eat a lot less sugar in our diets for health and fitness reasons. As far as food, we're pretty much fine; almost everything we eat is home cooked by one of us, and we're good at controlling our consumption of processed food (little to none).

Our kicker is *juice.*  Juice is killing us, so much sugar is in juices and soft drinks. However, the issue isn't so much 'drink more water', we can both drink water all day, but the issue comes up with both of us agreeing that water isn't very..palatable with a lot of dishes. I can easily not drink a soft drink, but the thought of washing down a delicious steak I made with...water, isn't very satisfying.

TL;DR:"," Is there an alternative 'sweet' drink that we can buy, or even better, make, that isn't loaded with a shitton of garbage, sugar or calories?"
105,"SUBREDDIT: r/Cooking

TITLE: Did I use Barkeeper's Friend improperly?

POST: About a week and a half ago I posted about using Barkeeper's Friend for cleaning stainless steel cookware, but I have since used it on a stainless steel kitchen sink as well, and I've run into an annoying issue. 

Before, the sink drained normally, with most of the water finding its way to the drain eventually, maybe requiring a quick wipe to get rid of a few droplets. However, after using the cleaner/polisher Barkeeper's Friend, I can assure you that the sink IS cleaner, but for some reason, the water pools up in beads all over the sink; up the sides, on the bottom, every part of the sink has much more water ""sticking"" to it than it had before. This causes me to have to dry it every time. 

If I didn't know any better, I wouldn't even worry about it and just dry it every time with little issue. But I know that water can drain better, so I don't want to if I don't have to. So far I have tried recleaning the sink with hot water and soap, but it is still doing it. What can I do to stop the water from pooling up in my sink?

TL;DR:"," After using the cleaner/polisher Barkeeper's Friend, my stainless steel sink suffers from water beading up all over it and not falling to the drain like normal. How can I fix this?"
106,"SUBREDDIT: r/Cooking

TITLE: How to make a low sugar or sugar free clear glaze?

POST: So I am absolutely in love with these KIND bars with nuts and glaze. But they are expensive. So I've been thinking that I'd make my own bars. All the ingredients are pretty simple, except the glaze that holds the nuts together is not something I know how to make. I've done a Google search for a low sugar or sugar free glaze, which the KIND bars offer. However, all the recipes I've come across contain splenda or other sweeteners. I'm not a fan of fake sugar because of the after taste. What I am looking for needs to have 5g of sugar or less because I'd prefer to limit my sugar intake. I've seen some really great flavours like maple or vanilla glazes, which sound like they would work really well with nuts too. I'd greatly appreciate any recommendations. Thanks!

TL;DR:", I want to make nut bars but need a low or no sugar glaze recipe without fake sweeteners that is sticky enough to hold nuts together.
107,"SUBREDDIT: r/Cooking

TITLE: Cooking an anniversary dinner tomorrow and would love some suggestions....

POST: Tomorrow is my husband's and my 2nd anniversary.  We are celebrating later in the week by going to dinner and a concert, but I still wanted to make a nice dinner tomorrow.  We went to the store today with just about no plan and got a very random assortment of things (not the most economical way to shop....oops).  

We got 

* 2 beautiful tuna steaks
* local, thick-cut, applewood smoked bacon
* fresh brussel sprouts
* forbidden rice (Chinese black rice)

I found a recipe for [Tuna Tataki Salad] that looks really tasty that I'm thinking of doing, and then maybe making the forbidden rice on the side.  But I feel like I should dress up the rice a little if I do that.  I found [this] recipe for the rice, but I'm not always the best at knowing what dishes will pair well with each other. 

My husband really liked the idea of the tuna steaks with little seasoning (so as not to overpower the tuna), brussel sprouts with bacon, and the forbidden rice on the side.  I keep getting turned off by brussel sprouts this time of year.  I feel like they are a winter/fall vegetable, although I do love them.  I don't feel like bacon and brussel sprouts go well with tuna.  

I'd love to make an appetizer, salad, and main course, but I'm just not getting any good ideas.  I'm all over the place.  I would love any suggestions!  I'm planning on heading to the grocery store tomorrow for whatever other produce I need, and I have a pretty well stocked pantry.

TL;DR:"," I have a strange list of ingredients (see above) that I'd like to use for an anniversary dinner, and I'm too scatterbrained to focus!  "
108,"SUBREDDIT: r/Cooking

TITLE: Moved to a new place a month ago, looking for insight on how to properly use a half size oven(I'm burning the most basic of things...)

POST: Hi, just hoping someone can help me out with cooking in a half size oven(or I'm to assume that's an appropriate term)
first off, oven in question: 

As I stated in the title, I've burned the few things I've cooked in it since I moved here. I'm guessing I need to lower the temp but I figured I'd come and ask others who have likely used these before than going through trial and error(and money).

Example was one of the self-rising pizzas you can get at the store. Put it on a sheet at 450 for 19 minutes. Timer goes off and take out the pizza. The top is perfect but the bottom was burned to all hell, and at that it must have burned so quick that the crust didn't rise or something as what *was* eatable tasted undercooked. I would try raising it a rack but then the top would be a mere inch or so from the top heating coil so I think that would only solve one problem with another.

TL;DR:"," For a half-size arsonist oven, if a recipe or box calls for 450F and 19 minutes(for example), how should I adjust to accommodate said oven's differences."
109,"SUBREDDIT: r/Cooking

TITLE: I've been out of town for a week, and I came back, baked something, and my oven was extremely smoky?

POST: First of all, allow me to apologize for the grammatical errors in this post. It's not characteristic of me to litter my posts with grammatical erratum.

Second of all, my oven is super smoky. I have been out of town for a week, and I came back home today. I preheated my oven to 400, and, as soon as I opened it, a bunch of smoke came out. I let it preheat for a while longer, and it stilled seemed to have a bunch of smoke, although the smoke dissipated over time. What could have caused this? My apartment smells like shit? Can you help?

TL;DR:", The quesadillas that I made were deliciously smoky. Goat cheese and spinach quesadillas are the shit!
110,"SUBREDDIT: r/Cooking

TITLE: Help me Reddit: Vacation plans fell through and I'm getting a little bored. I have the urge to cook something new. (Details inside.)

POST: OK, there's a solid chance this is just going to get buried, but whatever. Please don't downvote this. I'm really bored.

I was supposed to go camping on my vacation this week, but long story short, the trip fell through for a bunch of reasons. I've been doing a bunch of tourist-at-home stuff and generally taking it easy, but I'm starting to get bored. And it's only Tuesday night.

I'm not a very good cook, but I have a lot of fun in the kitchen, and I'm always looking to expand my repertoire. So what I want to do tomorrow is try to cook something cool and elaborate.

This is where you come in Cookit. Whatever the top-voted recipe is tomorrow morning (say 9 EST) I will attempt to make. I will document the dramatic result/failure.

RULES:

* Ingredients must be easily available. Doesn't have to be potatoes and chicken breasts, but try to keep it relatively simple. If the local supermarket and specialty stores in my small city don't have it, I won't be able to make it.

* Raw ingredients can't cost more than $30 total. I'm not rich. (There's a bit of wiggle room here, but no cooking with 10 lbs of truffles or anything.)

* You don't need to provide a recipe, but it would help. Suffice it to say, if I can't find it through standard Google-fu, I won't be makin' it.

* No crazy obscure appliances. I have a basic kitchen, with the basic dishes, pots, pans and whatnot that you'd expect. 

* I reserve the right to make new rules if y'all start trolling me. (But if I think the troll is funny, I may try to go through with it anyway.)

Thanks in advance for your help.

TL;DR:"," I'm bored. Suggest a dish and I'll make it. If it's impressive/complex/nifty, so much the better."
111,"SUBREDDIT: r/Cooking

TITLE: First time Gumbo maker

POST: Hey r/cooking! 
I decided to attempt to tackle Gumbo for the first time this weekend and have some friends over to try it out. 
I've read up on different recipes and thoughts on how to prepare the roux, etc, but I'm starting to get a little anxious that it will turn out poorly. 
When sifting through recipes, are there things that should set off red flags for me? As in, what are the signs of a non authentic or poor recipes? 

I was looking to use this recipe:

Also, if it's not too much to ask, what should I pair the gumbo with? I've seen a few things to suggest potato salad, but then saw elsewhere that pickles in potato salad can ruin the dish. I'm starting to get the feel that gumbo is a tad controversial as far as how it's prepared, but if there are any pointers you could give me, I would really appreciate it.

TL;DR:", Making gumbo tomorrow- confused by all the recipes and variations. Don't know what sides will compliment the dish. 
112,"SUBREDDIT: r/Cooking

TITLE: Dietary limitations are making my meals boring, help?

POST: Ok, so my darling husband has high blood pressure, high cholesterol, colitis, and diverticulosis. Because of these health issues we have to be super careful about what we eat.  Our meals must be low fat, low cholesterol, and medium fiber. The diverticulosis diet is high fiber, but the colitis diet is low fiber.   So we try to hit the middle of the road.  He can't have raw vegetables, we've realized those will send us to the hospital. (colitis)  In an average week we eat chicken two days, pork two days, fish two days, and red meat one day a week.  I've been checking out the recipes here and have found a few I want to try. But I was wondering if anyone else here has these issues. Also I'd love some recipe recommendations.  Side dishes, main dishes, everything.  Right now I cook almost the same meals every week. There is very little variation and we're so tired of the same things over and over. 
Please keep in mind when suggesting recipes: low-fat, low-cholesterol, medium fiber, not spicy.

TL;DR:"," Hubby's health issues limit our meals to low-fat, low-cholesterol, medium fiber, not spicy foods.  Any recipe suggestions that fit in all of those categories?"
113,"SUBREDDIT: r/Cooking

TITLE: Wine vs. vinegar: Am I missing out on anything?

POST: Practicing Mormon here. We don't drink alcohol in our house, but I'm contemplating buying some wine and/or sherry for cooking.

I've made do by using various vinegars (balsamic, pino grigio, champagne, red, white, etc) along with stock and the flavors have been pretty fantastic. I often make a roasted butterfly chicken with a jus using this method. The jus is currently simmering on the stove with pino grigio vinegar and chicken broth and I've made it successfully with balsamic, too.

I'm wondering: is the additional flavor profile from wine or other alcohols worth the purchase? I don't have a very distinctive palette (I used to taste new wines when I worked as a server and I couldn't tell an $20 bottle from a $50 bottle. It all tastes like...wine).

(Religious tangent, for those curious: the Word of Wisdom (the revelation from which Mormon dietary ""no-no's originate) says ""strong drinks are not for the belly"" but I've felt comfortable cooking and using tinctures like extracts or cough syrup, so why not other alcohols in cooking? I'd argue that once it's cooked and incorporated into a recipe, it no longer qualifies as ""strong drink."" It's a widely interpreted revelation among Mormons anyway, so among Mormons you know IRL, YMMV).

I want to venture into more French recipes like Coq a Vin or Beef Burgundy. Should I just buy wine already?

TL;DR:", Haven't used alcohol in cooking because of religious reasons. Am I missing out on important flavor profiles that can't be replicated?
