,prompt,completion
0,"SUBREDDIT: r/Dogtraining

TITLE: House-soiling issues with an 11 year old dog.

POST: Hello,

I'm unsure whether there is a questions thread or whatnot where I can ask the question I have so I made a post instead. Growing up, we had two dogs for the better part of 10 years and recently had to lose one to illness. Our current dog is an 11 year old Pointer mix who was never properly house-trained during those 10 years and has therefore developed house-soiling habits. Growing up I never really paid attention to it as I figured my dad whom had read a few books on the matter had claimed we could fix these habits. I've recently come to understanding that everyone in the house has simply given up on fixing this issue and it annoys me. With a new dog coming into the picture later this summer and a lot of free time this summer I'd like to fix this issue. 

The dog, Ella, has habits of peeing on a training pad at the front door anytime we leave the house or when we go to bed. When she notices we go upstairs to get to bed in the evening, she will within 5 mins, pee on her pad, regardless of whether she's been out for a walk or in the backyard in the past hour. When we leave for extended periods of time(4+ hours) she will poop in the living room creating quite the unpleasant smell for a few hours. 

A relative dog trainer has proposed changing where the training pads are to putting them beside the backdoor, and then gradually showing her to go outside. I've attempted to move the training pad and she will generally move her soiling area to where the pad is however, I'm uncertain on how to go about showing her to go outside or rather how to not pee in the house as I don't believe her issue is a lack of understanding that outside=toilet but rather that her issue stems from the lack of understanding that inside=/= toilet.

Any tips or help in how to break this habit? Will a new dog pick up this habit if the older dog does it?(our 1st dog did not) I'm sorry if the text is long.

TL;DR:"," Dog has been with us for a long time, has always peed and pooped in the house, on a training pad while we were away or upstairs in our beds."
1,"SUBREDDIT: r/Dogtraining

TITLE: Not sure this is the right place, but looking for toys or other ideas for keeping my pups busy throughout the day.

POST: We have two pups (a cocker mix who is about 7 and a boston that is about 2) and live in an apartment. We have always lived in homes with a yard which made it much easier to play ball and let the dogs burn energy outside, but about a year an a half ago we moved into an apartment and don't feel our dogs minds are being stimulated enough. 

My wife and I both work 9-5's (well she's 9-5, I'm 10-7) so they get out in the morning and the evening on a regular schedule and we walk them 3 times a day. I give them a 30 minute walk in the morning, my wife takes them out when she gets home and I take them out again when I get home from work. I play ball and tug of war with them inside so they are getting lots of play time, but I feel they need some stimulation while we are out during the day.

The cocker has some separation anxiety from being pampered as a pup and also gets very vocal when he sees other pooches on the street. Our boston terrier is very active, she is smart but she also seems to have some energy we can never seem to burn (this could of course be attributed to the breed). I feel this behavior could be somewhat curbed if they were not just ""sitting around"" through out the day.

Do you have any recommendations for toys or different things we can do to help with this?

TL;DR:", My dogs are left alone during the day while my wife and I go to work. Are there any toys or products on the market that would keep them busy throughout the day?
2,"SUBREDDIT: r/Dogtraining

TITLE: Puppy pottying in the house because she's afraid of the dark

POST: I am visiting my uncle's house to watch his dogs while he is gone for two weeks. He has a total of three dogs. The youngest, a 5 month old bouvier, will not stop going to the bathroom in the house. My uncle leaves in a few days, and I'd like to potty train the dog so I'm not bald by the time he returns. 

Background information: The two older dogs are absolutely wonderful and potty trained. The oldest is about 10, and the other is about 2 years old. They have had no accidents in the house. When the dogs are let out, they go out the patio door in the kitchen, which leads them to a deck. There are about 15 steps they go down to get to the yard. 

The dog will go outside and go to the bathroom during the day. I think she's afraid to go in the yard by herself at night (when most of the problems happen). He doesn't want to crate train her, and buying one for her size is not really in the budget anyway. There is a light in the backyard, but it doesn't illuminate much of it (and doesn't light up the steps down).

TL;DR:", – My uncle's 5 month old Bouvier wont stop pottying in the house and is afraid to go in the yard by herself at night. How do I alter this behavior?
3,"SUBREDDIT: r/Dogtraining

TITLE: Puppy whining SOS

POST: We have a 9 week old toy poodle. 

We both work full time so have had someone come in at lunchtime to play with her, just be with her etc. At the moment we are out 8-6, so she doesn't get longer than perhaps 5 hours alone before our dog sitter comes. However, eventually we will have to wean her off the dog sitter and she will have to go the whole hog unaccompanied. (FYI; she is using potty pads because we live on the 15th floor. She has a play pen with bed and pee pads separately, so doesn't need to be taken out to pee).

We downloaded the ""dog monitor"" app to check on her while we are at work. (Worried parents alert!) checking it every hour or couple of hours, she is often whining, screaming and barking. Not all the time, but I thought this would subside about 20-30 mins after we left the house in the morning.

Also, for the times when she's not yelling, she's just sleeping. I know that puppies need to sleep a lot more than we think, but I'm concerned that she has zero interest in any of her Kong toys, IQ puzzle balls, chew toys etc. She literally doesn't touch any of them, and this worries me because we don't want her to be bored while we are out but she doesn't help herself by ignoring all the things we have! 

Does anyone have any tips or advice about this?!

TL;DR:"," puppy being a whino all day on and off while we are at work. When not screaming, is just sleeping - disinterested in Kong toys, puzzle toys etc. Help!?"
4,"SUBREDDIT: r/Dogtraining

TITLE: Dog aggression questions (x-post from r/dogs)

POST: Hi Reddit,

My wife and I just (today) rescued a 10-month old lab/beagle mix who is showing unusual behavior we were hoping we could get some insight on.

We previously had a lab who passed away about a month ago who had aggression issues with other dogs (kill or be killed mentality) and we fear somehow re-creating those habits with this dog.

About the rescue: The humane society said they found her with a jug over her head (as though they caught her in the middle of fetching something out of it or someone put it on her head). She's very timid around males, so we know there was some abuse. Whenever I raise my hand, she cowers. The trainer there told us that she's very submissive to other dogs, and we saw this for ourselves tonight, but then she did something that surprised us.

We brought her over to a friend's house who has a beagle. When they met in the front yard (both loose-leashed) our dog rolled over on her belly to submit to the beagle. We then went inside and they got along, sniffing each other, licking etc. Our friend then brought out treats to reward them, and the friend's dog ate his and approached our dog (not to steal her treat but to play). Our dog snapped at him, so we corrected her. She didn't seem interested in the treat so we took it away so it was no longer an issue.

From that point on, she was not friendly with our friend's beagle. Snapping at him once, showing teeth when he got close in another situation. She stayed away from him for the rest of the night, as did he (our friend's dog) since he was scared.

So my questions: By our taking the treat away, did our dog think the beagle took it and then she had it out for him? Has anyone seen this behavior before? How would you go about correcting this?

TL;DR:", Our rescue today snapped at a friend's dog after initially being submissive and playful. Was aggressive the rest of the night (two hours) after our friend's dog got near her treat.
5,"SUBREDDIT: r/Dogtraining

TITLE: Puppy biting and going crazy! Help!

POST: So I just adopted a 12-week old beagle puppy and know very little about its history. I have been working him hard on walks, training, ect and thought I have never directly raised such a young dog before I think he is doing exceptionally well so far. However, he does bite when he is excited and for the past two days at about noon he seems to go into a hyperactive mouthing frenzy. I have tried EVERYTHING to correct this behavior and I am at a loss. I pinned him down today to stop him from biting my mother, and I feel absolutely horrible about it. I have tried yelping when he bites to hard, he starts to nibble but resumes biting hard soon after. I have tried ignoring him when he bites, he just assumes some other naughty behavior. I have exercised him to exhaustion, he calms down but inevitably gets riled up by the cat or some other external force. I really don't want him to be fearful of me or anyone else, and I don't know how to react when he is in these frenzied fits.

TL;DR:", puppy biting and I pinned him because nothing else seems to work. I have read this is not a good tactic and I need advice.
6,"SUBREDDIT: r/Dogtraining

TITLE: [Help] Question about separation anxiety and trust.

POST: My boyfriend and I just adopted a lab-border collie puppy and she's extremely sweet and loving. Obviously high energy (so we try and play a lot with her) and very smart (already picking up fast on training at 11-12mo).

My main concern is her horrible separation anxiety. Whenever my SO and I leave she has a horrible panic attack. We actually had to move her out of her metal crate/cage and put a padded gate in the closet and leave her in there because she would physically harm herself from fear (she hurt her nose on the cage 2 times, once with a lot of bleeding...) We're working to kennel train and get her used to being alone, but **my question is -- if I'm always the one to leave the house last and my SO is always home first, will that make her start to distrust me?** My SO leaves for work an hour before I do and gets home about 30min sooner, so I'm always the mean ""cage lady!"" and he's always the one to come and ""free her!"" 
I'm worried that since I am the one having to lock her up about 90% of the time *yet* I almost never actually get her out, she's going to start distrusting me.

My SO thinks it's no biggie (that she won't remember/care) but I would think that dogs are smart enough to pick up on patterns like that.

How worried should I be...? I don't want her viewing me as the bad, abusive person :(

Thanks in advance for any advice/feedback!

TL;DR:"," if I'm always the one to put our puppy in the crate and my SO is always the one to get home and free her, will she start to distrust me?"
7,"SUBREDDIT: r/Dogtraining

TITLE: How to train my dog to ignore other dogs on our street?

POST: I live on a cul de sac, and multiple dog owners on my street play with their dogs off leash in their front yards or even in the street.  

My 17 month GSD is only allowed off leash in my fenced in back yard.  When she sees the other dogs on our street, be it when I'm walking her on leash or from the car, she starts barking and lunging.  She typically ignores other dogs, or at least just looks and sniffs the air, when we're in other places.

I'm guessing this is territorial behavior?  Or protection mode?  I'd really like to walk her down the street--or even outside the front door--without any issues, and I don't think the other owners are going to stop letting their dogs off leash, as much as I'd like them to, so any training tips?  We currently do back aways and getting her to focus on me, but that only works when the other dog doesn't zoom up on us, like one did yesterday.  At least they both went into play bows, but when the other dog started running, my dog wanted to run after it and couldn't, very frustrating for both of us.

TL;DR:"," Another ""how do I handle unleashed dogs playing in my neighborhood and coming up to me and my leashed dog"" post/rant."
8,"SUBREDDIT: r/Dogtraining

TITLE: ~3 yr old rescue loved people, now scared of people--UNLESS they smell like dogs

POST: I got my pit/shepherd/? when she was 1.5 yrs old. Our first 2 months, she loved meeting strangers, and I took her everywhere.

One year later, she barks at anybody who interacts with her or speaks to me. She reacts when someone says ""Excuse me,"" ""Hi,"" or when someone makes a kissy sound at her. I avoid eye contact during walks so nobody talks to me.

Occasionally, my dog sees a stranger and pulls/smells as hard as she can. The person says ""Hi,"" and my dog gets wiggly and happy--woah. It turns out the person has a dog or works in animal control or something that involves dog hair. 

This isn't just during walks. She barely reacts when dog-smelling people come over, but goes nuts when a non-dog person comes in. On quiet trails, she will rush/bark at hikers without dogs and is instant friends with hikers with dogs (we no longer hike).

**What is happening? To her, you either smell like a dog, or you might be a murderer.**

My dog *does* love all people (regardless of color, size, gender, age--I've tested), but she needs ~10 minutes to investigate non-dog people without interaction. Then she's bringing toys and lying at their feet for pets.

My hypothesis is that the dog smell makes her feel safe. My dog is anxious and not confident. When I first got her, my dog had an older dog friend whom she copied like a little sibling. And my dog loves going on outings with other dogs--never seen her react when she's with a friend or a pack. **If this is the case, would a calm and confident second dog help her?** 

Thoughts and recommendations? I'm starting private training once a week on top of her reactivity class because this people issue is making it so nerve-wracking to walk her.

TL;DR:"," Dog loved people, now fear-barks and rushes anyone who interacts with her or speaks with me, unless they smell like dogs. Why is this happening, and would having a second dog help?"
9,"SUBREDDIT: r/Dogtraining

TITLE: Help with Barking Beagle (only on Walks)

POST: We do not have a fully fenced yards, so we walk or two beagles a lot (3 times a day, long walks).  The one in question is recently adopted as of March, 4 years old, female.  Don't really know her background.

She's fine in the house, rarely barks.  It's when we take her outside.  She'll let out a bunch of barks right out the door, then will usually calm down, until she smells the first scent, she can (and does) bark for almost an entire block.

We've noticed it's more common in evening walks because there are a lot of dogs in our neighborhood, so lots of scents.  We're really considering obedience training, but wondering if there's anything we can try first? This is probably stupid, but we're tried giving our other dog a tiny treat if she'd get on a barking spree and then tell her no treat.

Someone at work suggested a bark collar, but I don't want her to be afraid of walks, or to lose her spunk - I just don't want her barking the entire time she's smelling around and enjoying her walk.

TL;DR:"," Female, 4-year old, rescue beagle barks consistently on walks, at least 75% of the walk.  Otherwise she's fine in the house, won't bark at things outside, etc."
10,"SUBREDDIT: r/Dogtraining

TITLE: Dog from shelter deathly afraid of everyone

POST: Hello there! I have never really posted anything much on Reddit as you can see by my profile, but this seemed like an appropriate place to ask my question. 

My fiance and I just recently adopted a dog from the local shelter. She is half Jack Russel and half beagle. She is a very sweet dog, but is deathly afraid of people. I assume she was probably abused before, but as she was just dumped off at the shelter no one really knows. She is especially afraid of me and maybe that is because I am a 6'2"" 290 lb man. I was just wondering if anyone has any hints as to what we can do to help this dog feel at home and be not so afraid of us. She doesn't bite nor bark... She cowers quite a bit if I come close to her.

What scares us more than anything, is that any opportunity the dog gets she runs! I am typing this at 4 in the morning where I live and I just spent the last hour and a half with my fiance catching the dog who ran well over a mile from our house. She slipped out of her collar and just would not come. The dog was just spayed yesterday, so now we are afraid she may have done damage to the healing process. The vet specifically told us that she cannot run for 10 days... We are going to take her to the Vet as soon as they open.

TL;DR:", We have a brand new dog that is afraid of everyone and were wondering if there were any tricks to get her over it
11,"SUBREDDIT: r/Dogtraining

TITLE: House training set backs

POST: Aloha r/dogtraining,  1st let me say thank you for the helpful advice that I've received lurking here the past two months since adopting a 3 months old American Bull/Aussie Shep mix from the local human society.  We've had her for almost two months, she's done well with house training for the most part, she's been having accidents in the house about once a week, mostly due to our lack of attention or distraction.  We live in a pole house with two flights of stairs to go down to get ""outside"".  

There is one issue that is a bit odd,  she's done this twice in three days.  While playing with a toy and sort of wrestling with it on an extra large bean bag, she starts to ""dig"" then pees. Not sure what to make of that or how to stop it.  She also pee'd while sleeping, woke up, looked around like ""WTF"" and ran to the lanai and unleashed a beastly amount urine, a record for her I believe.  That incident was more humorous than troubling, who hasn't dream pee'd a little right?  Only thing is she pee'd again near the same spot, which is on our day bed, where she naps most often.  We use natures miracle like crazy, I own a professional upholstery cleaner that is at defcon 1 at all times and always clean up excessively well, wife and I are both small kine OCD when it comes to cleanliness.  I typed this on my iPhone...thumbs failing me

TL;DR:"," 5 month old pound puppy pees while playing with her squeeky toys on occasion, digs prior to elimination, would like any Jedi mind tricks available.  Mahalo!"
12,"SUBREDDIT: r/Dogtraining

TITLE: My 2nd dog has started sleeping with my roommate.

POST: I have 2 dogs & moved into a roommate housing situation 3 months ago.  Recently, my younger (2 yr old) Shihpoo has taken to sleeping with my roommates. If I take her to bed with me, she whines & scratches to be let out to go sleep with the roommate.  

Since this started I've been paying closer attention to the relationship dynamics between myself & both dogs & realized that my older dog (6 yr old terrier) has been displaying some odd behavior that may have something to do with this. 

When I am petting/playing with younger dog, the terrier will come over to cuddle & work his way between me & the shihpoo. I've stopped interacting with the terrier when he does this & he's losing that behavior. However, the shihpoo won't come sit with me if the terrier is sitting next to me.
My shihpoo seems to be bonding more & more to my roommate. Since I work from home, I spend all day with the dogs & give the shihpoo daily training, multiple play times, trips outside for the bathroom, and grooming. My roommate feeds both dogs food from his plate frequently. 

I don't mind the dog sleeping with my roommate - he lost his dog last year and I know he gets immense emotional fulfillment from having this dog so taken with him.  My concern is when we move out - how do I ensure the shihpoo is still bonded to me & feels comfortable with me & the terrier?

TL;DR:", Want to ensure 2nd dog stays bonded with me & 1st dog for when we move out. How do I do this?
13,"SUBREDDIT: r/Dogtraining

TITLE: Dog Suddenly Scared of Being Outside

POST: Last night, my girlfriend and I had our 11mo old rescue beagle/terrier (we've had him for 6mo) at the dog park we've been to plenty of times. He had been running and being chased by other dogs for about 12 minutes. After getting some water and resting, we decided to walk with him around the park off leash, something we've done plenty of other times. As we started walking, he started to limp off his back left leg, ran a quick circle with his tail between his legs and came right to our feet, not wanting to move. We noticed something wasn't right so we picked him up and left to go home. After getting home, he was very scared and unsure of everything. He stood in one spot in the apartment for about 10 minutes until I moved him. He wasn't interested in toys or treats. After about 30-45 minutes we got him to eat a few treats and he eventually ate his dinner on his own. 

Upon taking him out before bed last night, he seemed fine, we got about halfway down our street and he hopped his back end and seemed all scared again and would just lay down in the grass. He did pee, but after that he didn't want to move and I had to carry him back to the house. He slept fine all night and isn't showing any signs of injury either.

This morning, he was the same outside, he peed, but I couldn't get him out of our driveway. He just laid down in the grass, tail between his legs, sorta limping. We inspected him all over and didn't see any scratches, cuts, bites or stings. He's usually very playful, happy, curious puppy, so the way he's acting is very uncharacteristic of him which has us concerned. 

Any idea what happened? How can we get him to feel more comfortable outside so he can do all his business?

TL;DR:", incident at the dog park has our pup scared of going outside for any reason. How can we make him be comfortable and confident outside?
14,"SUBREDDIT: r/Dogtraining

TITLE: Separation training question. Lock the door or let him roam?

POST: Hey all,

I recently started caring for an 8 mo old Heeler mix puppy. His previous owners were very kind and had good intentions, but they either knew nothing or did nothing in terms of his kennel/anxiety training.

I have reversed whatever negative feelings he has about his kennel (or den, as he now knows it). He now happily sleeps, eats, and chews on toys in there. He will also enter and sit when I ask him to go to his den.

My question is... In order to better help with his anxiety training, should I be locking him into his den while I leave instead of leaving him the option? 

I was under the impression that locking him in could reinforce negative feelings with his den, but now that he is comfortable in that space, would he potentially be more calm if he were locked in while I am away?

Right now when I leave him at home his den is placed in the kitchen with the door open. In my home, this setup means he can either be in his den or in the kitchen, so he has a bit of space + his bed. I have had no issues with him going to the bathroom or destroying property.

TL;DR:"," New pup to my home has learned to love his kennel, but is still having serious issues with separation. Lock the door or let him roam?"
15,"SUBREDDIT: r/Dogtraining

TITLE: Our patience has run out. Help please.

POST: Hello, this is my first time posting and I really don't know if this is a suitable post for this subreddit but here it goes.

About a month and a half ago my family adopted a 3 year old male Poodle/Havanese mix. The adoption center said the dog was toy and food aggressive. They also informed us that the dog would often take to one person more than others. It didn't take us long to see that he had chosen my younger sister as his favorite family member. It also didn't take long to see just how aggressive he got around his toys. If he had a chew toy and you reached for it, he would freeze completely and let out a low, throaty growl. If we so much as patted my sister on the arm or back, he would make an aggressive jump at us. We all know dogs can be protective but he learned more towards obsessed and overly protective. About a week into owning him he bit my mother. She chalked it up to him still being new to the home and didn't think too much of it. In the days that followed he wound up snapping at my brother, my mother again, me, and my stepdad. This weekend alone he bit my sister as she was petting him and my step dad as he was reaching to pick him up. My family doesn't know what to do about his aggression. He was a stray and as cute as he is, we finally figured out why. What can we do? So far we have tried to work on his toy aggression by rewarding him when he plays fetch and using soft voices when he has a toy and we slowly reach for it. We are running on empty here.

TL;DR:"," adopted dog is overly aggressive, has bit three different family members, drawing blood each time, countless attempts at biting too."
16,"SUBREDDIT: r/Dogtraining

TITLE: My 10 month old pup just peed on my 6 yr old doggo' head.

POST: As the title says, my 10 month old female mixed breed just came up and peed on my 6 year old male pbt. 

They have a really great relationship! So I'm so confused by this obvious sign of disrespect! 

The worst part was Diesel acted like he felt humiliated. Ears back, very meek looking. He didn't react at all except, to just be chill like he usually is. Except a little sad looking. 

Diesel established in the beginning that he was the elder dog of the house (hate to use alpha but I hope you know what I mean ) and they played by diesels way with Molly growing to be a very chill, very playful with Diesel pup. We have a very harmonious vibe in our house with our dogs. So what could this mean? Why would she just plop up to him, squat on his head and pee on him? 

To picture she's 52 lbs and Diesel is 91. So it was really quite a sight. 

Please help! What could this behavior mean and do I need to react/how?

TL;DR:", 10 month old female pees on more dominant males (6y) head. Male reacts meek in response. Is it disrespect? How to address? 
17,"SUBREDDIT: r/Dogtraining

TITLE: Forgive me /r/dogtraining, for I have sinned.. (Training puppy to walk calmly)

POST: Dog: Beauceron, 12 Weeks Old. Name: Ico

He has been running a lot freely without a leash, but lately I've been increasingly trying to walk with a leash and training him to walk calmly and not pulling. This exact same scenario happened yesterday. 

We went outside when I noticed that my puppy's energy level was beginning to rise. First I let him run off some energy without the leash. Just playing and jumping around in the deep snow, and then I leashed him and we started walking. My method is walking on a short leash, and stopping every time he pulls. As soon as he's not pulling we get to walk again. The problem is that I take half a step from the stand-still, and he pulls again. There's literately no calm walking to praise at all, and he does not seem to care that pulling makes us stop. 

As we walk this like this, stopping every half step or so, we approach a large parking lot, and I let him run freely again to release energy. After a while we start going back home, and he pulls more intensely than before. I feel my patience rapidly coming to an end, but I know that if I just let him pull it will be reinforcing, and  I feel a dark desire to yell at him, to throw him to the ground, etc. I didn't to that though. What I did do some times, was saying ""NO!"" a bit angrily and pulling him hard back with the leash. Probably bad enough, and of course it didn't help. I really just want to use positive training, and I'm pissed at myself for letting a three month old puppy get to me and make me angry. 

Should I just continue doing the same thing while trying to hold my temper? I do love the little bastard, and I really want to train him to be a good dog with good basic obedience and manners. It's an intelligent and active breed, probably very comparable to the GSD, so he's got potential for learning a lot. 

This is [Ico.](

TL;DR:"," Whining, anger, venting, self pity. Struggling to make puppy NOT pull on the leash. Wishing for a magic trick!*"
18,"SUBREDDIT: r/Dogtraining

TITLE: When should I leave our puppy out in the house with our other dog instead of separated?

POST: Back story:
We have a 13-week old corgi male puppy.  He is a well-behaved little guy so far.  We also have a 1.5 year old mix dog who has the full run of the house while we are gone.  She uses a dog door to use the bathroom during the day.  We crate train our puppy at night, but during the day, we leave him in a laundry room with plenty of water, toys, and a pee pad because our days can run a bit long.  We also have a dog walker for both dogs who comes in the middle of the day.

So, we seem to be very lucky so far, and our puppy does really well being left on the main level of our house for periods of time (so far, no more than 1 hour).  I think he is learning from his big sister.  

I am conflicted as to whether to leave him out for the whole day with the other dog so early in his life.  He uses the dog door and is house trained.  He doesn't have many chewing problems, although he will occasionally find something like a sock to have some fun with.  We are working on that.

My question:  Other than the inherent risk of chewing, digging, etc., are there any downsides to giving a puppy this much freedom at this age?  Alternatively, is it a good thing to catch him while he is behaving like this and to let him have free reign instead of possibly waiting until he develops bad tendencies later in life?

TL;DR:"," If a puppy is being good, should you give him free reign of the house while you are away, or should you wait until some pre-determined later age (e.g., 7 months after teething)."
19,"SUBREDDIT: r/Dogtraining

TITLE: Tried to teach ""walk without stopping to sniff;"" did I accidentally teach ""Stop and Sniff and you'll get a treat""?

POST: My dog LOVES to sniff and mark on walks--every 10 feet it seems like he's back in the bushes again. Yes, walks can be for sniffing, but there are times when I want him to keep walking without stopping (eg when I am actually trying to go somewhere, or when he wants to sniff/mark something inappropriate). So, I set out to train ""let's go,"" meaning, ""stop that sniffing/peeing and keep walking."" I thought that I could eventually use this to transition to a default ""no sniffing now"" heel. Here's what I did: 
1) when he started to sniff, pull him gently away and when he looked at me instead of the smell, click and treat. 
3) also click and treat when he looked at something like he *wanted* to sniff, but chose to keep walking
4) randomly treat when he was walking in heel position to reinforce the ""right"" behavior

So, it's now about 80% reliable that I can call him away from sniffing/marking (assuming he doesn't find a dead gopher or something). Next, I started calling him away from all smells on walks, thinking that he would get the idea that ""let's go"" meant ""walk"" not ""sniff"" for the whole walk. But after months of calling him away from every smell on every walk, it seems he wants to sniff just as often as ever. 

--Is he now sniffing on purpose to get a treat? 
--Is sniffing more rewarding than food (probably) so he'll always want it?
--Is there another way to teach the difference between times it's OK to sniff or not? Can I build on the work I've done in a different way? What can I try next?

TL;DR:", I rewarded my dog for not sniffing/marking on walks but he still tries to do it. How do I get him to heel as a default without constantly calling him away from things?
20,"SUBREDDIT: r/Dogtraining

TITLE: my brother says I broke the dog cause he can't go on his back.

POST: My Maltese shih tzu can't go on his back and I think it's because when he was a puppy, his stomach was unexpectedly exposed and he struggled to be upright again. Being the dumb first dog owner I was, I thought I was fine and dint realize that I was stressing the poor pup since the internetz was saying it's okay to force it to expose its belly.(which I now realize is probably not since it's shows their weak spot) if I rub him just right, he'll expose his belly but won't go on his back. I want to teach him roll over but he'll just stand up and lie down on the other side. Anyways. I think he doesn't go on his back because he relates it with being the bad experience from when he was a pup. How do I undo this bad experience when I can't even get him on his back?!  I know he does not get pain from going on his back.

TL;DR:"," dog relates going on back with bad experience probably. How to undo this bad experience to teach roll over. Will expose belly, won't go on back."
21,"SUBREDDIT: r/Dogtraining

TITLE: Untraining a former hunting dog

POST: I have a Bluetick Coonhound who is about 4 or 5 years old according to the shelter we adopted her from. She's such a sweet, docile and calm dog when she's around humans. She is very tolerant of little kids petting her and loves attention from adults. 

I've noticed in the 6 months I've had her that she has a few troublesome quirks that I think resulted from her hunting dog training. The biggest problem is her reaction to small animals (birds, squirrels, and cats). She will lunge after them and attempt to tree them (run them up a tree) which is a pretty common practice in coon hunting in our area. She has a fantastic nose, but her sense of smell often causes problems because she'd rather follow her nose than the leash when on walks. She also doesn't like to play with toys. She shows no interest in retrieving or tugging like a lot of dogs I've owned in the past have, which leads me to believe she was probably a dog kept in a kennel outside and mostly used for breeding (she had a litter of puppies at the shelter and they think she had been pregnant prior to then as well).

Does anyone have any suggestions for taking the hunt out of a dog? I feel like I've been getting wrongfully upset with her for things that aren't her fault, just the fault of the person who owned her before me.

TL;DR:"," Bluetick Coonhound likes to tree cats, follow her nose on walks, and doesn't play with toys. How do I undo her former hunting training?"
22,"SUBREDDIT: r/Dogtraining

TITLE: Help with dog who is scared(?) to play with other dogs

POST: So, our 4 year old Border Collie (Cassie) is great. We've had her with other dogs with no problem. However, if she is with a dog who likes to play (e.g. jumping, nipping, you know that typical dogs running and jumping playing around) she totally freaks out. She appears very scared, tries to hide, and will ultimately nip the dog. She hasn't broke skin on another dog but has nipped hard enough to cause a yelp.

This is a problem when we're out and about. If another dog approaches I'm always a little nervous that the dog will try and jump and play with her.

This is a MAJOR problem when we visit my father. He has a 1 year lab. The lab, Roxy, is absolutely determined to play with our dog. Out of frustration of the hard headed lab not listening to us, we decided to just let our dog teach Roxy she didn't want to play. Our dog nipped Roxy two times. Both times Roxy yelped, jumped back in surprise, then went back to attempting to play with our dog. Now it would be very nice if Roxy would just ""get it"" and stop trying to play with our dog.

But I was wondering, is there a way to teach our dog that it's ok to play with dogs by jumping and running around? It's frustrating to visit my father to say the least, and the fact that I'm always nervous when another dog approaches my dog often makes fun beach trips a nerve wracking experience.

TL;DR:"," dog freaks out when another dog tries to jump/play with her--any way I can teach her how to play and that this behavior shouldn't be perceived as threatening, but rather as fun time?"
23,"SUBREDDIT: r/Dogtraining

TITLE: Struggling with barking/quiet training

POST: Okay, I'm not sure if I'm doing something wrong, or haven't given it time, or am just frustrated and overwhelmed by the whole thing. Well, I know I'm frustrated and overwhelmed. 

After reading posts here, I've been attempting to teach our two dogs a ""quiet"" cue. One is a coonhound, the other is some sort of hound mix, and they're both terrible with outside noises. People walking past with or without dogs, large trucks, and the mailman. Going ballistic, baying, the whole nine yards. The mailman is the worst. I work from home so I get to hear it daily and it affects my ability to get anything done (besides that I don't want to annoy the neighbors or have anxious dogs). We've been trying to manage with bark collars but I realize now that that's lazy and unfair to them. 

I've been trying to teach the ""quiet"" cue by treating when they're calm and the coonhound seems to have mostly picked it up. She barks, I call her name and tell her ""quiet,"" she comes running for a cookie, and she settles down. Even works during mailman time. The hound mix seems to know that ""quiet"" means ""stop and get a cookie"" and it works any time but mailman time. Mailman time (which is 30-45 minutes) is a horror show. I can't even get her attention by calling her name, never mind using any commands. 

I really am not sure what to do at this point. Do I stick with the ""quiet"" cue and hope she decides to care? Do I try to acknowledge her barking so she thinks she's done her job? Do I try to counter condition when it's mailman time? I honestly feel stupid just posting this but I get so frustrated. She's my SO's dog and is 10, and he really never trained her properly so I'm always worried that this stuff can't be undone and I get stuck doing it. Sigh.

TL;DR:"," Dog not giving a shit about ""quiet"" when it's mailman time, do I just pray it gets better and keep on, or change tactics?"
24,"SUBREDDIT: r/Dogtraining

TITLE: I want my dog to play with other dogs?

POST: Hi all,

My dog has some issues with other dogs. It's quite strange since she has been in a shelter most her life with dogs all around her. She was clearly not uncomfortable with dogs at the shelter when we picked her up.

We have now noticed that she suddenly does not like dogs. I'm thinking this might be because she's becoming an adult (she's 1 year old) or she has a family now and wants to protect us.

We have actually made a lot of progress as she can go on long walks and see other dogs walking across the street etc. and not get to aggressive. She will however growl (she hardly ever barks so her growl I guess is like her bark) and stop as if she wants to go over and bite the other dog if it is too close to her, off leash or any other situation apart from if it's on a leash and walking with it's owner away from her.

I really want to try and socalise her with other dogs. I think it would really benefit her to play with other dogs at the dog park etc. as she is getting a bit rough with her play with humans and starting to bite etc. it looks more like she should be doing that with another dog.

Another thread on here suggested to another owner of a dog who is biting humans to take the dog to the park and let the other dogs 'teach' it kind of, and that helped a lot. I really want to get my dog out and able to be around dogs without trying to bite their heads off.

Past experience: We went to a friend's place with their dog. She instantly growled at him. But she did let him sniff her and she sniff him. But then she kept growling and eventually tried to bite.

Has anyone got any tips on allowing my dog to be comfortable with other dogs around?? Or an experience with a similar dog?

TL;DR:"," My dog doesn't like other dogs for some reason, but I would like her to be comfortable enough with them to play with them and go to dog park."
25,"SUBREDDIT: r/Dogtraining

TITLE: How can I get my dog more readily responsive

POST: I have a relatively wilful but *very* smart corgi puppy who is going to be doing her CGC test in a couple of months (at a year old).  She knows a ton of tricks and is great off leash at the park etc. but she is terrible about listening in the house.  She will do what I tell her but I have to ask 4 or 5 times unless I have cookies and have sat down for our daily trick practice ritual.  
  She does generally have very good recall, it's just things like sit, down, play dead, rollover etc that she doesn't like to do right away.  She will often shake her head and make silly noises right when I tell her to do something as if she is saying ""Nah hahaha I don't wanna!""  It's hilarious but she really needs to get her act together for this test and I'm wondering if you guys have any tips.

TL;DR:", my dog knows lots of tricks but doesn't like to listen until I've asked her multiple times to do something.  How can I help her become more responsive?
26,"SUBREDDIT: r/Dogtraining

TITLE: Family members not cooperating regarding dog training.

POST: Pretty much title. What do I do with a family that can't and won't listen to what I tell them regarding dog training? I try to tell them that they have to be consistent about what they do when my dog jumps on them, or does other behaviours I/we don't want them to do. My mom and dad hate it when the dog jumps, and my elder brother (as the only one), purposefully plays and scratches him when he jumps him to greet him. I'm almost at my wits end, I'm basically about to explode everytime my dad yells ""No!"" to the dog, WHILE FRIGGIN' SCRATHING AND PLAYING WITH THE DOG. Of course when I try to politely tell him that what he's doing is the wrong approach, he gets very defensive, and expects me to not know anything about dogs, even though I'm the one feeding, training and walking the dog, while also studying about dogs and dogtraining daily. Sorry for ranting, but it gets really frustrating to try to train a dog, when no one in the whole house cooperates, let alone the visitors..

TL;DR:"," Family members not cooperating, actually reinforcing bad behaviour, despite me repeating to them that what they're doing is wrong. What do I do?"
27,"SUBREDDIT: r/Dogtraining

TITLE: My 7 month old puppy is a very intense chewer, even destroying her bed. Need help trying to fix this!

POST: So my puppy, who I have had for about 2 and a half months just chews and chews and chews.  She chews anything from her Nylabones, to stuffed toys, to grass, to cabinets, and recently her bed.  Basically anything that she finds, she will chew it until it is destroyed (or I take it away).  On walks, she constantly has her nose in the grass sniffing, and just grabbing blades of grass to eat, or leaves, or whatever else.  

It almost seems like she doesn't know how to play by herself, so she chews.  She'll play fetch with me outside and roughouse just fine, but if I'm busy or not home she's chewing.  Do any of you have any suggestions?  I'm spending so much money on toys and things for her because she destroys them all.

TL;DR:"," My puppy will chew literally anything until it is taken away/destroyed.  I need suggestions to curb this behavior, please!"
28,"SUBREDDIT: r/Dogtraining

TITLE: I have two dogs, I can't seem to teach the younger dog anything! Help please!

POST: So about this time last year we got a GSD Akita cross. His name is Cave. He's great, super smart and I had him trained in a few weeks with clicker & cheese, so he can sit, paw, lie down, all that good stuff and housebreaking was barely an issue. Then a few months later we decided to get him a friend, he's GSD with a quarter husky thrown in for good measure, he's called Ludo. They get along like a house on fire, everything Cave does, Ludo wants to do to, he follows him everywhere, and he does not like when Cave is out of the house without him, this I think is part of the problem. 

Ludo is also super smart and has learned to play me. Housebreaking with Ludo again barely an issue, he learned sit really fast too, but then when I tried paw Cave was like ""Hey I can do that! Here's my paw! Here's my paw! Here's my paw! What about the other paw?"" So I end up giving him the treat and feeling bad for little dog and give him one too. OK so that doesn't work. Got my boyfriend to take Cave out for a walk to give me and Ludo some time to try paw and such. Ludo freaks out when Cave goes somewhere without him. I tried to distract him with toys and treats and such but to no avail and with thanks to the husky in him he's very shrieky and vocal about his displeasure... so that doesn't work and just gives me headache. I tried to put Cave outside so I can train Ludo, Cave can hear me and know's there's treats going on in here so he goes mad outside which in turn distracts Ludo. 

I know it's not a huge deal not being able to give paw and lie down and stuff but I just think the training I gave to Cave has got him to learn to respect me more or something where as Ludo is just wild sometimes and he doesn't really listen to me and takes his cues from Cave instead. Any ideas I can try?

TL;DR:"," Older dog distracts younger dog when I'm trying to train him, taking older dog out of the situation doesn't work either cos little dog freaks out that he's gone. Suggestions please."
29,"SUBREDDIT: r/Dogtraining

TITLE: Re-training puppy to tolerate nail trimming after being traumatized by a dog trainer

POST: I have a Toy Fox Terrier mix who is about 4-5 months old. Since day one I have conditioned him not to mind getting his nails trimmed and he's done wonderfully up until recently. The trainer who teaches my dog training class used my puppy as a guinea pig to demonstrate her technique of trimming a dog's claws using a dremel tool. The whole time she was doing this, he was terrified. He hated it. When I said something during the process and I was told that all the puppies act like this when she does it and it's normal. Now he won't let me get close to his claws to trim them. He is still okay with people messing around with his feet, but if I start trying to trim his claws he freaks out and growls and snaps at me. Is there a way I can reverse what's been done?

TL;DR:", Dog trainer traumatized my puppy by trimming his claws with a dremel tool will and now he won't let anybody touch them without becoming aggressive.
30,"SUBREDDIT: r/Dogtraining

TITLE: I'm a first time dog owner, I have a minpin and I'm struggling with house training :/

POST: I'm 20 and my girlfriend is 24. We've both had dogs before, but she had large dogs and I had a medium one so we're both new to small dogs. 

Our dog is 8 months old, and we adopted him about two months ago. He was a rescue from a police raid on a puppy mill.

I didn't realize that housetraining can be difficult with small dogs, and he had 0 denning instinct when we first got him so it was even harder. I was crate training him and we left the crate out in the living room with the door open, and he'd literally walk into the cage to pee. 

We also have a lot of carpet in our house. Really old carpet that has pet stains from previous renters.. 

His house training has fluctuated a bit, at one point we'd have 1 accident free day (including in his crate) but he got sick and had explosive poop and after that his house training has never been that great. 

At this point, our puppy has multiple accidents inside every day. He's better about not having accidents in his crate (when we first got him he'd just go, we've had a few days accident free in there until yesterday).

This is my first dog so I have no idea what to do. I don't really discipline him when he has an accident (just clean it up), I've tried clicker training when we're going outside and it helped somewhat but then plateaued, and we try to walk him every 3 hours but sometimes he'll have accidents in between (but it's sporadic).

TL;DR:"," My puppy has multiple accidents inside every day. I'm a first time dog owner and I'm not sure what to do at this point :/ See above for more details about what's happening, or what I'm doing."
31,"SUBREDDIT: r/Dogtraining

TITLE: Need advice on how to deal with younger dog attacking older dog

POST: Hey reddit, I need a little help with a situation that is happening in my home between my younger dog and one of the oldest. Here's the deal, I have 5 dogs. the youngest one just turned a year old and is a male, and the oldest of the group is 12 and a female. this is where the problem is, The youngest one keeps attacking the old female for no reason that I can observe. she just walks into a room, any room, and he will immediately Bogart her. He doesn't always attack her, but if he doesn't, he just stands really close to her in a very dominating pose. as I'm writing this, she just walked into my living room, and the younger one immediately growled at her, so she walked the other direction. It's really pissing me off, she's like an old lady! He doesn't do this with any of the other dogs.I know he has some sort of dog logic behind this and isn't just being a little dildo, but idk what it is or how to make it stop, i thought maybe it was a dominance thing, But I don't think she is the alpha? and she's female? I don't know. any advice on how to handle this situation? He doesn't actually bite her or anything, so he's not hurting her, he's just being a dick. I don't know what to do.

TL;DR:"," own 5 dogs. the youngest male one, is being a real dick to the oldest female one, but none of the others, don't know why. what do?"
32,"SUBREDDIT: r/Dogtraining

TITLE: Tips on how to train a dog who's obsessive over toys?

POST: Good morning r/Dogtraining!

First post on this subreddit, because I am looking for some help or suggestions.  My Pit Bull is one of the sweetest dogs I know, and gets along very well with other dogs, cats, and all humans.

I've spent a lot of time training her, and she listens to me incredibly well.  The one area I need a bit more help with is when she is playing with toys.  She gets that Pit Bull focus with them, and almost nothing can break her concentration when it comes between her and getting the toy.  Her Pupils get big, and it's like there is nothing else in the world around her.

When I am playing with her and she's close to me, I can snap and it breaks her focus.  Like literally you see her pupils shrink and she starts wagging her tail and looking at me.  But the trouble I'm having is when she's outside playing with other dogs.  I truly believe that if she could hear me or I could get her attention I could snap her out of it, but I can be yelling to her, and it's as if she doesn't even hear me.

Thanks in advance!

TL;DR:"," Dog has an almost unbreakable focus on toys that I need to find a way to control when she's playing with other dogs, so nothing bad happens in the heat of the moment"
33,"SUBREDDIT: r/Dogtraining

TITLE: How to teach that roughhousing inside is not ok?

POST: I have a 10wk old Bernese called Hilde and a 7yr old Rottie called Thor who absolutely adore each other. Thor is amazingly patient and gentle with Hilde, teaching her the ropes and often ""putting her in her place"" with growls but never doing anything that has made her whine or any bit fearful of him. I'm so happy that they get along! 

The problem is that two of them constantly wrestle, growl, and run amok when they're together. Outside it's awesome – they chase each other and play with toys and it really tires everybody out. Inside... not so much. Their playing is rather cute right now but I know once Hilde reaches her full size it will be completely obnoxious. I would love to teach them that roughhousing is OK outside but not permitted inside before it becomes a nuisance. 

Thor is awesome and calm. He would be happy to lounge around inside and is never the instigator. Hilde on the other hand sees Thor and goes hog-wild. We've been working on rewarding calmness and it's really showing when Thor's away, but the second he walks into her view she's jumping and running and generally being crazy. She'll lay calmly if one of us is actively working with her but the second our attention goes elsewhere she's back at it.

I want to make sure that I'm only teaching them that inside is off limits – it's fine for them to run and play outside! Does anyone have experience dealing with this? Maybe some tips that I haven't tried yet?

TL;DR:"," Dogs constantly roughhousing inside, always instigated by the puppy. Would love to be able to teach them that that's an outside game only."
34,"SUBREDDIT: r/Dogtraining

TITLE: Dogs wake up before dawn and annoy the heck out of us

POST: Hi, I'm new to this subreddit. I tried searching for morning behavior problems but most of them were about barking. Though similar, I wanted to see if I could get a little advice about our issue. Some background: My wife and I have two dogs, a 1.5 year old male lab mix and a 6 year old female pointer/beagle/other. We're looking into training to get some of their behaviors in check, but this issue in particular is affecting our sleep way too much.

I get up around 5:00 for work. My wife doesn't have to get up til about 6:00 so I try to let her get more sleep. Unfortunately, the dogs have developed a terrible habit of getting up just before my alarm rings, or just deciding they are wide awake at some point like 4 or 5 am and reacting to every movement in the bed or the alarm itself as if to say ""OH GOOD, you're awake and can feed us!!!"" It's not really that they bark, more like they jump out of bed, jump around the room, wrestle, cry, etc. until one of us goes downstairs with them to feed them and let them out to potty. It's been this way ever since we got the boy (the lab), since the girl was content to stay in bed before, but when the boy gets up, she gets up too and cries even more than he does.

I know there could be a number of factors contributing to it, like boredom for example, or just the fact that we give in and reinforce it. When we ignore them they eventually lay back down, but start back up again any time they sense movement. Putting them in their crates for the night seems to help, but we feel bad because they already spend 9 hours a day in their crates while we're at work. I expect we should do a little more evening play time to try to get them to stay asleep longer, but if anyone has advice on how to curb/discourage the morning behavior, I'm all ears. Thanks!

TL;DR:", Dogs getting up before we do and make commotion until we give in and feed them. Looking for ways to break the habit.
35,"SUBREDDIT: r/Dogtraining

TITLE: 2 years old now and whining is escalating

POST: Hi all! Did a search on whining and haven't found anything not already considered and or attempted. 

We adopted our girl Lexi when she was 9 months old, and at the time she was a remarkably quiet dog. She rarely barked, never cried through crate training, didn't cry when left alone, didn't cry when we shut the door with her on the other side. She still doesn't really whine for those reason. I can't figure out why she is whining. Most of the time (aside from wanting to play and throwing a toy in your face) she doesn't seem to be trying to communicate anything in particular. 
She learned whining from a dog friend around the age of 1, and it was quite intermittent for the first 9 months she started doing it. She doesn't appear to be in pain. She has water. She has food (which she is likely actively ignoring), she has access to toys and rawhides and or raw bones. She gets regular daily exercise and training. She will refuse affection or to go outside, whether for a walk or to ""go potty"" (we have the bells for over a year now and she still is scared of them so I think I might put them in a bowl and slather them with something gooey and disgusting she won't be able to resist). Ignore her and she will whine for upwards of 45 minutes. Ask her what she needs and she'll lead you in circles. I do most of my work from home, and this is really starting to burn me out. I need some ideas. So far I have been entirely unsuccessful in getting her to bark, whine, yawn, growl, or lick ""on command"" or mimic although she is right on track with most all her other training.

TL;DR:", Dog learned whining late. Hasn't learned to use it to effectively communicate needs or wants yet. Frequency and duration is increasing.
36,"SUBREDDIT: r/Dogtraining

TITLE: My rescue dog is too attached to me! She is a runner, too!

POST: A little back story is required here to fully grasp the situation. 

On the 11th of January, the dog I adopted from Hay River (NT, Canada) flew into our city (Yellowknife, NT, Canada). I took time off to spend the day with her, unfortunately that same night someone who didn't know about her accidentally let her slip through the door. She is an abuse victim(was tied outside most her life), so while she associates humans with food, she also fears them. We didn't get her back until the 24th, using a live trap (13 days later). 

She has bonded significantly with me, which is wonderful. She is an incredibly attentive/intelligent dog, walks beautifully on leash, comes when she is called indoors, etc. Unfortunately, when I leave the house she gets very sad and anxious, even forgets not to poop indoors. This can't be out of loneliness, as she has not been alone in the house yet and we have another dog who she gets along okay with. I am not sure how to get her more comfortable with being away from me. She doesn't appear to be interested in playing unless we are out walking, so having other people play with her to improve her bond with them is difficult.

TL;DR:"," I guess I am primarily asking for advice on getting her adjusted to being without me, but also in curing her bolting habit (she ran away from her foster home in Hay River as well)."
37,"SUBREDDIT: r/Dogtraining

TITLE: Found our lost dog after 2-3 hours of frantic searching - what approach do we take now?

POST: Hello again!
I posted a couple weeks back about our new 3yr Husky mix, Apollo. We worked through the separation anxiety he felt back in the first week with him. So, thank you for that help!!

Unfortunately Apollo got out yesterday. When he got out of the house I lured him back into our mud room with cheese. Before I could give direction on what to do next my panicked fiancé made a grab for his collar, which Apollo dodged, prompting my fiancé to try to grab Apollo around his body. This, plus my finances energy, terrified Apollo (who tried to bite for the first time since we got him) and he took off running down the road.

After 2-3 hours of frantic searching I found him in a forested area, he had been swimming in the ravine and we assume hunting prey in the woods. He was wet, exhausted and came to me when I called (and I still can't believe it!) 
I was able to coax him close with cheese and calmly grab his collar before he noticed. He struggled a bit, but happily jumped into my car when I got him near.

At home, Apollo is suddenly VERY timid. He is exhausted, after sleeping all night and day he is still sleeping and doesn't seem excited by walks. He is apprehensive around my fiancé, and afraid of our good friend who is staying with us for a couple weeks. He hides behind our couch and won't come out unless he and I are home alone. He has growled on two occasions and barked at our friend once, this is a brand new behaviour.

I am wondering if anyone has any confidence and bonding exercises that could work for us. We hope to get him friendly with our friend during the time he is staying here, and my fiancé is very concerned that by grabbing at him he broke the bond he was forming with Apollo since we adopted him. Also- if there are any signs we could watch for in terms of his health from being in the woods for that long, that would be great too.

Thanks again, everyone!

TL;DR:"," Dog ran away, but we caught him after a couple hours in the woods. He is tired and suddenly fearful. What can we do to help him feel safe with us again?"
38,"SUBREDDIT: r/Dogtraining

TITLE: Nipping at other dogs? Could use some pointers

POST: Our dog Sam (4 month old Lab pup), is pretty social and pleasant with other dogs.  From what I can tell, the nipping is playful, and I've been told it should pass as he gets older (clarification here would be appreciated). Also, it only seems to be with dogs that are larger than he is.

Trouble is, it never stops.  For example, he will play with my mother's pit/lab mix endlessly.  Even when the other dog(s) settle down, he continues to climb all over them and nip.  He won't even stop after the other dog has him pinned.  I want to be able to let him run and play without having to constantly monitor him at family gatherings and such. Also, I really don't want the day to come when he nips the wrong dog.

I've tried separating him, having him sit, and disciplining him in the same manner as though he nipped one of us or a household item (which has ceased almost completely).  That is, I put the flat of my hand in the hinge of his jaw so he can't clamp down, and give a loud, stern NO!.  But as soon as I let him go, he's back to it.

This is really the one problem area and any input would be appreciated.  Thank You.

TL;DR:", Puppy nips other dogs almost obsessively.  Methods that have worked to stop him nipping in the past do not work with other dogs.
39,"SUBREDDIT: r/Dogtraining

TITLE: Bites and barks

POST: I've raised puppies since I was little, and this is a new one on me.

My puppy only wants to chew on me.  He's not being malicious or trying to hurt me, it's just that every time I pet him for more than a minute, he responds by trying to bite the petting hand.

I started off by doing what I've always done - ""yelping"" in pain every time my hand makes contact with teeth.  However, after a week of this, the only change in behavior I had was that he would start barking at me when I yelped (as if it were a game).  I then tried holding down his tongue every time he bit, but when I would release his tongue, he would nip at the hand again, as if this were a game, too.  I've also tried swatting him on the nose when he bites, but this is the greatest puppy game of all.  

***Any*** time that I pet him more than 2 or 3 strokes he goes in for a bite.  He's otherwise not aggressive, loves to snuggle next to me on the couch, is super sweet and playful.  

Should I only pet him 2 or 3 strokes and build him into being pet, or could there be something wrong with him?

TL;DR:"," My puppy bites at me playfully every time I pet him for too long, and no redirection method helps him understand that biting is a no.***"
40,"SUBREDDIT: r/Dogtraining

TITLE: Dog running away, unsure of how to handle it.

POST: Sorry in advance for the lengthy post! My parents and I are taking care of my sister's dog for a year. He (the dog) is a small poodle/shih tzu/something mix, around 7 years old. My sister has been extremely lenient/lacking in ability to be the one in command with the dog and he has some very bad habits as a result, ie. horrible leash etiquette, ignores us when he is called/general commands, and, the biggest problem thus far, occasionally running away.

Since his arrival (3 weeks ago) he has had a tendency to stick around and generally display good behaviour for several days straight before, out of nowhere, will run off on an adventure. This has happened perhaps 3 or 4 times in his time here and he's made it very clear that he KNOWS he's not supposed to run off (i went to look for him in a vehicle and when he saw it was me he instantly turned around and ran home full tilt), yet continues to do so. It's incredibly worrying..

The dog is fairly familiar with our house and the surrounding area due to past visits. This is the sort of place where it's calm and quiet enough to walk one's dog without a leash, but I've taken to putting him on the leash whenever we leave the property (fenced one acre) as to sort of set 'home boundaries'. I also try to go for even a short walk once a day to keep his energy from flaring up and being expressed in wild doggy adventures and that seems to help.

however! We are not able to constantly keep an eye on him. We don't want to keep him inside all the time but nor do we want to keep him on a leash outside. We're not certain how to impress upon him that it is specifically running away that he is not supposed to do. What should we do the next time he runs away to show him that it's bad? What are things that we can do in the meantime to discourage this behaviour?

TL;DR:", My family and I are taking care of a energetic dog for an extended amount of time who has developed troublesome habits with his owner. our biggest problem is that he likes to occasionally run away. What are ways to deal with this?
41,"SUBREDDIT: r/Dogtraining

TITLE: My dog has started acting aggressively towards my mom every time she stands up. Please help!

POST: It's been five weeks now since I've been at my parent's house. My Jack Russell Terrier, Eddie, has made it impossible for me to bring him home to my parents. 

Everyone is confused as to how or why it started, but last time I was home and the time before that, Eddie lunged and barked at my mum every time my mum stood up. The last time it happened seemed the most aggressive sounding bark/growl wise and I caught him before he got to her. No bites, but still aggressive. 

Over Christmas, Eddie spent a month with me at my parents house and he loved my mum, everything was great. My mum even cried when Eddie left. Then, in the new year, we were all gathered round watching TV, Eddie was happily chewing a bone, when suddenly mum stood up and he ran at her, jumped on her and barked an aggressive bark. Out of nowhere, that was the start of it. 

So where do we go from here? My parents love Eddie but they've obviously grown weary of him because of this! How do I get him to stop? How can we trust him again with my mum?

TL;DR:"," My dog who loved my mum suddenly decided that every time she stands up, he's going to lunge at her and aggressively bark. Behaviour started seemingly out of nowhere. Please help!?"
42,"SUBREDDIT: r/Dogtraining

TITLE: Wolf Hybrid Not Responding to Mouthing Training

POST: Hey,

I have a 7.5 month old Wolfdog (Siberian Husky mother, Malamute/Mid Content Timberwolf father). There's no way to know his actual content without a DNA test, but he rests somewhere between 15-35%. His appearance suggests a lot of wolf expression in the genes.

He didn't come to me in the best of shape, but I've had him for a few months now and his training is coming along nicely. Fuck people who crate puppies for 8 or more hours a day, though.

The biggest problem I have with him right now is that he enjoys mouthing. His adult teeth are almost fully formed, so obviously this is going to become a problem. He has not responded well to any of the scenarios I have set up to train him out of mouthing, or any of the various techniques/approaches I've tried. For the record, this dog will never be hit or intimidated; I do take food and fun away from him to control him in as aggressive a manner as I need to be effective, but never will I touch him aggressively. 

His biggest problem is during play, as while chewing/eating/gnawing on something he is generally fine, and while calm he'll boop you with his nose or lick you before he opens his mouth.

But while playing he tries to grab with his mouth to drag you down which is pretty natural large breed/wolf play. Unfortunately, that shit doesn't look good and I've been trying to teach him how to play safely and politely to little avail.

His focus, recall, and sit stay are phenomenal. His down/down stay is getting there, but he still needs to be led in to the position. If anyone has suggestions on these more serious mouthing problems, or wolf behavior in general, I'd appreciate a second opinion.

TL;DR:"," Mouthing sucks with adult teeth, puppy isn't aggressive but *very* mouthy during play, not responding to gradual increase in stimulus and redirection to stop mouthing."
43,"SUBREDDIT: r/Dogtraining

TITLE: dog aggression

POST: i have posted here several times about my dogs, one thing i failed to mention but is very concerning is my dog sadies reaction to other dogs and newcomers into our home. regarding the home first. whenever someone knocks or comes in she goes ape. barking non stop until she comes over and says hello (usually by jumping up on them, a problem we have yet to rectify) we have no spare room to put her in (i heard time outs work until shes calm) and putting her on her side doesnt work. 

in regards to other dogs, whenever one comes near she growls and barks, lunges. all the classic ""get away"" behavior, and i cant get her to stop. i try distracting her with treats. putting her on her side. keep walking. turn around. nothing seems to work. once shes been around them for a few minutes she settles down (sometimes) with smaller dogs she nips them as they get closer. but once we leave se goes back into freak out mode. and lately her behavior is really affecting Loki our 4 month old puppy. i walk them separately to work out thierindividual problems, with sadie i have had little progress. with loki its her jumping up and getting to excited around other dogs. but together is next to impossible. loki is a big dog and her pulling is getting intense, i dont have money for a trainer and want to work this out myself because i myself want to become a trainer and this is good practice... any advice is much appreciated

TL;DR:", sadie our small dog freaks out at people coming in the door and other dogs outside. loki our big pup gets to excited around other dogs and jumps/pulls really hard. together its a shit storm
44,"SUBREDDIT: r/Dogtraining

TITLE: How to train dog aggression out of a small dog?

POST: Teddy(pictures of the cute little beast  has been getting regular walks and is responding well to the training but... He's very dog aggressive. Yesterday I walked him to my neighborhood park and everything was going so well! He was listening and following my direction just as I asked him too, he even ignored almost 5 dogs that barked at him through the fence! 

While I was there, there was this couple that had two small breed dogs, one that was on a leash and another that was not(which is illegal in Oregon, where I live). While I was doing some loose leash training with Teddy in the field, the dog that was not on a leash suddenly bolted towards my dog. 

Knowing Teddy's past with dogs I immediately picked him up and turned my back to the running dog(which was not easy considering Teddy was flailing and snarling all while I was holding him). I started walking slowly away in hopes she would go back to her owners but she just followed closely behind me until I told her to go back to her people. 

This isn't the first time Teddy has reacted this way and I'm sure it won't be the last... I would love to take him to a dog park and let him play with other dogs without having to worry whether or not he's going to attack one of them or worse hurt someone or their dog! 

My family is already struggling to eat everyday let alone afford a professional dog trainer! Is there anything I can do to try and show him that he doesn't have to be scared or try and attack other dogs? 

(Note: strangers make him nervous but he has never bitten a human, I also don't have any friends that have neutral dogs that wouldn't mind a 12 lb chi barking and lunging in their face...)

TL;DR:"," My dog is very aggressive towards any dog, how do I train that out of him without having to spend the little money I have on an expensive trainer?"
45,"SUBREDDIT: r/Dogtraining

TITLE: Crate training - Howls, barks and whines only when I leave.

POST: So, I have a 6 month old mutt puppy that we've had for almost a month.  I've been crate training her and she's over her fear of her crate, she'll go in willingly when I command and won't whine at night or when she's in there during the day when I'm around.  She'll go in and sleep on her own too.
My problem now is when I leave the apartment, she barks/whines/howls for between 15 and 30 minutes.  I set up a recorder to see how long and if it was ever getting better, but it hasn't.  
Looking up ways to fix it doesn't seem to be working for us.  We have a gate that keeps her in the living room and when I'm in the kitchen/bedroom/bathroom she's fine, so she's ok with being left alone for short periods but if I leave she barks and howls more than she ever does.

What I've done so far is do my leaving routine (keys, jacket, shoes) and don't go anywhere so she gets bored with it.  I've also taken her for long walks or to the dog park right before to wear her out.  I don't make a big deal when I leave or when I get home, and usually I put her in the crate about 15 minutes before I leave and don't let her out till she's calm.  I also always make sure she goes outside to do her business before crating her.
I've put her in her crate and have gone out the door and back in several times.  
Is there anything else I should try? If I leave the house for a few minutes and come back in, should I do that when she's whining or wait till she stops?
I need help real quick, this has to stop because I live in an apartment and worry about our neighbors.

TL;DR:"," Dog isn't afraid of crate, doesn't mind be alone for short periods but goes nuts when I leave the apartment."
46,"SUBREDDIT: r/Dogtraining

TITLE: Dog's reactivity has calmed since one of our cats died.

POST: Hi, I can't flair my post because baconreader doesn't allow me to, so this is encompassing that part here. Help and possibly discussion. 

Our dog is somewhere between 3 and 4. She was doing a thing recently where she'd whine urgently when she saw other dogs, which was weird, but better than behaving like she wanted to eat them. Our older cat was the alpha of the pets, and she died a little over a week ago. The first few days were weird and the dog whined a lot, but that was probably due to my behavior, and my SO's as well. 

Since the end of last week, she's been calmer on walks. She still pulls here and there, and reacts to the presence of other dogs as far as a block away, but she isn't making any noise. I can tell she sees them though, because her body language changes. She whined once at another dog yesterday, and once today. Both dogs were barking at her while walking past, and she was wagging both times. Typically, walks are very noisy, and I do a lot of talking in a calm voice to redirect her attention and keep myself calm. I'm a stress case, and I become tense when I think she'll tense up, and then we have a self fulfilling prophecy, and she reacts. 

I'm having trouble figuring out if this is progress, or if once things feel ""normal"" in the household, she'll regress. Our remaining cat had some behavioral issues the first few days, and she needs a little extra attention, but I don't think that's really affecting the dog. 

So I think that's pretty much the pertinent info, but

TL;DR:"," is that the dog's reactivity has seemed to subside immediately after the death of the animal who ran the show in the house. Not sure what to expect, or if there's any advice anyone has for such a specific issue."
47,"SUBREDDIT: r/Dogtraining

TITLE: Stuck in obedience training

POST: Hi there, first post to this subreddit so sorry in advance if this sort of question was already asked but I couldn't find inspiration in the sidebar or the wiki page, so here goes!

After owning two terriers I have a beautiful 18 months old border collie at home. I've had her for 6 months now (her previous family couldn't keep her because of a divorce) and she needed a lot of training because she was scared of men (probably something to do with the previous family :( ) and used to be quite aggressive towards other dogs or intimidating humans, but after a couple of months of doggie school that's all okay now (huuraaay!)

The thing is that when I do obedience training at home (which I try to do every day) I find it quite hard to keep her attention towards the training, from the start on (I never train longer than 10 minutes or so).
She's just doesn't really do things for treat (or isn't very enthousastic about them) and gets distracted very easy. Now when I play with her (balls, frisbees) she gets the typical Border Collie focus, but now I am trying to find a way to get that focus in training. I learned in Dog Training that you shouldn't use playing toys during training and the other way around, so what should I do?

Thanks in advance (and sorry for the long post).

TL;DR:"," have a border collie, not much attention for treats, how do I get the typical collie focus implemented in my training"
48,"SUBREDDIT: r/Dogtraining

TITLE: [help] How do we get our puppy enough exercise before she's had all her shots?

POST: Hi everyone, this sub has been so great as a lurker as we prepared for our new puppy. Last week we brought home a 7 week old female Texas Heeler (half mini Australian Shepard, half blue heeler). We knew and anticipated and are ready for the high energy and intelligence of her breed, and were planning to have her out with us multiple times a day, running/biking/walking/hiking. Because of this, we planned to get her started right away so she'd always be used to being out and walking on a leash, being social and handling new situations. We also want to take her to obedience and agility training when she's ready.

What we didn't realize was the impact that the vaccine schedule would have on these plans. My vet says we shouldn't be bringing her anywhere where there may have been strange dogs until she's about 18 weeks old (2 weeks after her last set of shots). I feel like we're stuck just running her around in the house and backyard only for 10 more weeks! I also feel like she's missing critical socialization periods here!

Of course her health is our number 1 priority, but to me that means her mental health too. How can we get her the exercise she needs physically, mentally, and emotionally when we're stuck just running her around the backyard for 10 more weeks? More importantly, how can we socialize her properly?

Thanks!

TL;DR:"," Vet says not to bring our puppy to public places (parks/trails/fields) until her shots are done, but how can we get her properly socialized if she's housebound?"
49,"SUBREDDIT: r/Dogtraining

TITLE: Need to know where to start

POST: I've been posting here for a bit now, but I haven't asked the question I really need to ask.  Where do I start with training my rescue dog?  The only thing he was trained in was house training.  Supposedly he was crate trained, but the first night I had him, he would not get in his crate.  I've since been putting him in it when we leave for awhile or when we go to bed.  I know he has separation anxiety, so that's something to work on.  

He also is leash reactive.  Whines, lunges and barks at every dog that he sees, on leash.  He's gotten out the front door a few times and seen some dogs on walks while running away from me and just sniffed them.  Another Great Dane, he saw he lunged at, but just sniffed and got sniffed in return and was fine as well.

My problem is that I don't always have time to work with him, or even just play with him.  I work all day and my wife works at night, and we have a two-year old son.  When I walk him after work, I've got to take my son in our stroller along with, since my wife is gone.  It's pretty much impossible to do anything other than let him go to the bathroom and keep a tight grip on his leash.  When I get home, my time is for my son, until he goes to bed, which has been around my bedtime lately since his two year molars have been coming in.  I don't have a fenced in yard to let him run around in, which is pretty obvious that he needs.  Dog parks wouldn't be great since he's not leash trained yet.

There's been times when my wife and I have wondered if we're the right family for our dog.  My wife and I don't want to give up because it's too hard, but when is it hurting our dog?  I've never had a dog before, and I know there's lot of material out there.  There's lots on this subreddit.  But where do I start?  I'm overwhelmed.

TL;DR:", Where do I start learning to train my dog when I've never had one before and I don't have much time or even space to do it?
50,"SUBREDDIT: r/Dogtraining

TITLE: 3 year old Terrier mix and Poodle are starting to become aggressive towards each other.

POST: They have been together all of the their lives. Recently they have started to become aggressive when ever one dog get's affection one on one. They have no problems when they eat, drink water and receive their treats only when one on one affection is given. They have always shared everything. Their water bowl, food bowl and toys. The only change that has occurred that pertains to the situation is that the neighbor has rescued a 1 year old boxer and occasionally play together.

So is the boxer the problem? Is this normal behavior? What kind of training regime can help with the problem?

TL;DR:"," 3 years old poodle and terrier mix have recently started fighting when one on one affections is given even though they have shared their food bowl, water bowl and toys all of their lives."
51,"SUBREDDIT: r/Dogtraining

TITLE: Dog is suddenly acting paranoid, looking at door

POST: It happened about half an hour ago but I took him outside and he barked, ran around for a bit and wanted to go inside again he keeps looking at the doors with his tail tucked. I've excersiced him and he WAS eating before I took him outside. I'm just a little worried, this is not normal. He is usually very energetic after his nap. Although today, he ate some Chapstick that had fallen off the ground.. a bit of googling said he should be find aside from gross poops and perhaps vomiting; he's only had a gross poop today.

TL;DR:"," dog not acting usual, tail tucked looking at doors. Eating properly and had 45 min excersice. Shih tzu x Maltese."
52,"SUBREDDIT: r/Dogtraining

TITLE: puppy loss of appetite

POST: we have our 7 month old puppy on a schedule, eating breakfast and dinner only spaced 12 hours apart. before he would eat one cup each meal and just inhale his food. but lately for the past week or so he's only been eating half the bowl each time. he still inhales his food but then just stops halfway and is done. his meals are only 20 minutes long and i take the food away regardless of how much is left. is this normal? his stool is normal and his temperament is i suppose normal (lethargic in the morning-he probably thinks every day is a weekend lol) and very energetic at night (a regular party pup haha). i have not noticed any significant weight loss and we do exercise regularly (as much as a frenchie can handle). is this new development in his eating habits normal?

TL;DR:"," 7 mo. old pup not finishing his meals, used to be able to finish all of 1 cup. no temperament change or physical change. thoughts?"
53,"SUBREDDIT: r/Dogtraining

TITLE: My young dog is having aggression issues!

POST: I have a dog who is approximately two years old. He's some kind of a mix, I think of Australian Shepherd and idk what else. Not sure if that matters.

Anyway, he seems to be getting more aggressive. On walks, he has nipped at people who come up to him and he goes after other dogs, like trying to attack them. 

I have a four year old son who loves him to death. And my dog has NEVER acted aggressive toward him (or me), even when my son climbs all over him and plays rough with him. From what I can tell, my dog (Raffi is his name) is very protective over my son. And when he isn't being aggressive, he's seriously the sweetest dog ever. He loves pets and being loved on. 

Also, another thing I want to add is that we had another dog, a golden retriever who died in September from cancer (RIP :(). It seems to me that Raffi's behaviour got worse after my other dog died. Could it be related? I'm not a dog behavior expert, so I don't know what is going on with him. 

It seems like Raffi is the most aggressive with my brother's dog, who he brings over once in a while. They used to play together and rough house, but lately it seems like they fight almost every time they're together. Like serious, trying to hurt each other fighting. Usually when they eat together. So we've taken to feeding them separately. 

ANYWAY,

TL;DR:"," my two year old mix dog has lately gotten a lot more aggressive. Don't know why. Please help. My parents think we should ""give him away."" But I refuse to do that."
54,"SUBREDDIT: r/Dogtraining

TITLE: Counter-conditioning prey drive in my 1.5 y/o hound mix (living with my 9 y/o cat)

POST: So we adopted Gary, a hound mix, about 6 months ago (we think he is part Catahoula, but not sure). Had I done more research I probably would have chosen a breed with less of a prey drive, but Gary was a foster from a kill shelter and we just fell in love. 

Cow was a ~2 y/o stray when I adopted her, and she is still very skittsh. Safely introducing her to Gary has been a real process, but we've made some real strides. Basically whenever she comes into the room he's in we give him lots of praise and a special high value treat for staying calm in his bed or on the couch. When we first got him he would charge towards her whenever he saw her, but he hasn't done that in months. He is still very curious though, and will often walk over to her and lie down in front of her, tail wagging, but eyes totally fixated on her. 

Our progress seems to have plateaued. Gary never makes a fast move towards her but, unless he is totally exhausted, he is never *relaxed* around her. He is always following her movements with his eyes, and sometimes his body language makes me nervous (ears up, tense body, low to the ground). I can see him holding himself back. I have just continued with the praise / treats approach, but now I'm worried I am reinforcing his tense fixation on her, rather than helping him relax. Anyone have advice or experience to share? Thanks!

TL;DR:"," I give my dog treats and praise as a means of counter-conditioning his cat chasing instinct. This has helped, but I'm now worried I'm reinforcing his tense fixation on her. Help!"
55,"SUBREDDIT: r/Dogtraining

TITLE: Friend's Pit Bull Killed The Neighbor's Cat

POST: Firstly, I apologize if this isn't the place for this, I just need some quick general advice and thought this might be the place! If not, please direct me!

I was not a witness to this event, I only received a frantic phone call describing what happened. The dog, Bandit, is quite fond of digging. This time he wound up in the neighbor's yard, found a cat, and killed it. Now the neighbor's are pissed and want to put Bandit to sleep for being a dangerous animal. I realize this is a sticky situation and was hoping for some general advice on what our options are. Right now my ex and Bandit are currently out driving around. She probably thinks she's a fugitive at the moment. She called me asking for advice, but I have no idea.

A bit on Bandit:

Bandit, was found a year ago tied up to a post, starving to death, and covered in probably close to 30 or so cuts, scraps, and gashes. We weren't the ones who picked him up, and can only assume what his life was like before we got him. 

Based on his condition, we were hesitant to introduce him to my ex's other 4 dogs (another being a 3 year-old female pit bull). However, he assimilated in with the pack nicely and there were never any aggressive incidents, that I'm aware of. 

However, this isn't the first time he has been in trouble. A gate was left open and he, of course, escaped. Trotting up and down the road a bit. He found an old lady and her small dog. Bandit didn't show any signs of aggression towards the lady or her dog, but she called someone on him anyway. We managed to get out of it, thankfully.

TL;DR:", Ex's pit bull got out and killed the neighbor's cat. Now they want to put the pit bull to sleep. Are there any options here?*
56,"SUBREDDIT: r/Dogtraining

TITLE: Successfully taught a loose leash walk but he still stays a little in front of me

POST: My dog successfully walks on a loose leash, no question. However, he is still walking slightly ahead of me. So far I've done a lot of follow mes and heeling training but on the walk he's still just a bit too excited. I've taken him out to 7 different areas of varying excitement and trained him in them for about 15 minutes 3 times each. He listens well outside but when we walk he just has to stay that extra 2 feet in front of me. What I've been doing so far is clicking those odd times he's next to me and giving plenty of reward but I can tell he's still a bit overstimulated as he doesn't seem all that interested in the cheese or chicken or whatever I'm using. I don't mind him walking like this but I would love to have him stay right by my side. Any ideas? I've tried the kikopup method but he just circles me and sits next to me. I also used this to teach him how to walk on a loose leash to begin with.

TL;DR:", dog isn't overstimulated in new areas UNLESS we're walking and walks slightly in front of me. I'd like to get him right by my side. ideas?
57,"SUBREDDIT: r/Dogtraining

TITLE: Advice on how to train our Lab to stay in our yard?

POST: My parents and I have a three and 1/2 year old yellow English Lab (Louis). He's around 85 lbs(around 38 kilos) and is the sweetest thing. When he was a puppy, we kept him inside until he became big enough that my mother insisted we have a pen built for him in our backyard. We already have another dog who is allowed to sleep inside because she is the most well-behaved dog (and is also a daddy's girl). So, ever since we built Louis his pen, he became an outside dog. Which meant we had to keep him on a long, flexible chain/leash (around 30 ft. or so). We would love to let him off the leash, but anytime we do, he immediately takes off running right out of our yard and down the street. He always comes back but we've had too many other dogs hit by cars that we almost always keep him leashed. We've tried to teach him to stay but it didn't work. We also had a professional trainer come in but that also fell through. Any advice would be greatly appreciated.

TL;DR:", Our dog runs out of our yard anytime we let him off his chain. How can we successfully keep him in the yard so that he doesn't have to be on a chain?****
58,"SUBREDDIT: r/Dogtraining

TITLE: 1-year old Newfie lying down and refusing to come in after walks - advice?

POST: I have an otherwise lovely one-year old female Newfie. However, the last few days she has started flopping down in the grass after a walk or near the end of a walk. There's nothing medically wrong with her, and she's not tired or afraid. She just plain doesn't want to come back in. I take her on long walks at least twice a day (2-3 miles), and take her out just to take care of business another 2-3 times. Regardless of whether we go out to use the bathroom or go for a long walk, when it's near the time to come back in, she lies down. She's 90-100 pounds, so I can't pick her up. I've tried many things to get her in. Once or twice she came in for a toy or treat. Another couple of times she came in if I hopped around and made funny noises.  I can usually get her standing again with no trouble, but she immediately lies down again. I'm used up in the brain department at this point. If it weren't me I'd be laughing. It's really pretty funny (if you look at it in a funny dog sort of way), but I have no clue what to do. I've owned and trained several other large dogs, and I've never had this problem. I know why she's doing it - she wants to stay outside - but I don't know how to fix it. Any advice would be extremely welcome, and I'll gladly answer any questions.

TL;DR:"," My dog lies down after walks and I'm not strong enough to carry her cute, but stubborn, butt back in the house."
59,"SUBREDDIT: r/Dogtraining

TITLE: Introducing my injured dog to the neighbor's new dog - should I wait?

POST: I live in a duplex with a shared backyard, and need some advice on introducing my dog to my neighbors' new dog. The issue is that my dog, Milo (male, 30lbs, 13 months old), broke his toenail on Saturday and had to get it cut off at the base. I took the bandage off today, but he is still wearing an e-collar and on restricted activity.

My neighbors new dog (Bella) is a bit older and a bit bigger than Milo, and I'm not sure about her temperament yet (she is pretty out of it today, just got spayed). 

We were originally planning to introduce the two of them on neutral territory tomorrow, but now I'm wondering if I should wait until Milo's foot heals up and I can take off his e-collar (and until Bella is feeling better). Milo is generally good with other dogs and we go to the dog park all the time, but he might not be so good when injured. I think he will be significantly more healed up in 5-7 days - should I wait until then to introduce them?

TL;DR:"," Neighbors got a new dog who will share the yard with my dog. My dog has an injured paw and is wearing an e-collar for the next few days. Do I introduce them now, or wait?"
60,"SUBREDDIT: r/Dogtraining

TITLE: ""Hand-feeding only"" as a method of dog training? Does it help build attention?

POST: I've read a few people on here mention that they ""hand-feed only"" for their dog. In other words, they don't use a food bowl like most people do. They always feed their dogs from their hands.

I'm not talking about fixing food aggression, fear of strangers, rehabilitating a rescue dog, or hand feeding only when the dog is a puppy. The feeding method I'm referring to (or at least to my understanding so far) is always feeding your dog from your hands only and never a bowl, from the time that they are a puppy until they're old, just for the sake of better training.

It sounds like it's a good idea. We all want our dogs to think that the best things in the world come from us. If the dog thinks their food comes from us, and not their food bowl, then they'll pay more attention to us.

TL;DR:"," Is ""hand-feeding only"" for most of the dog's life a good idea for training? Will this increase the dog's attention on me? What are the pros and cons?"
61,"SUBREDDIT: r/Dogtraining

TITLE: Husky won't poop outside

POST: Hey guys, I just adopted a husky from a breeder, or saved him IMO. He was ways kept in a cage so I assume he was never house trained. Its been about a week and every night, he will go somewhere in the house. Last night I caught him about to go, and I immediately took him out. He will go pee multiple times, but the second we go back inside he goes poop. And this is after almost an hour of walking to different yards trying to make him go.

   Its very frustrating because he is so well behaved otherwise and I love him.

 that is him.

  Thanks!

TL;DR:"," Dog will pee outside, we stay outside for almost an hour to go poop, second we go inside, he runs and poops."
62,"SUBREDDIT: r/Dogtraining

TITLE: Dog jumping at children's faces

POST: Hi guys,

I have a really odd behavior that's come to my attention. My dog will jump at young children, specifically jumping up for the face. She has always jumped up on people which I try to not encourage - but when she is with children/toddlers it's different.

She'll actually noticeably jump high - trying to reach their faces - while nipping with her mouth. It almost looks as if she's trying to bite their faces (?!). I'm not exactly sure and don't let her do it long enough to find out. I'd like to say I'm pretty good at judging my dog's behaviour and feelings - but what I don't understand is why she is doing this.

She seems to be happy/playing when she does this. As if the child's face is some sort of toy. She is not scared/upset at all when this is occurring. 

I've only had her for a few months now, and she's a rescue - her previous owners I don't believe socialized her that well. I have a hunch that she just doesn't understand these 'mini humans'. Including babies.

Thing is she LOVES humans. Like really LOVES them. So it's odd she is getting confused with smaller versions, and snapping at their faces. However she also hates dogs, but that's an obvious aggression / reactive issue. This young children issue is very confusing.

Could anyone help, and try to understand what's going on here? And maybe how to 'fix' it? It's really unsafe and I can't have her around kids now, only out of fear that she is trying to bite their faces off.

TL;DR:"," Dog seemingly trying to jump up and bite young children's faces. Doesn't seem aggressive, more playing. But still trying to snap at their faces. She doesn't do this with 'normal' humans."
63,"SUBREDDIT: r/Dogtraining

TITLE: Full Rottie [F / 1 yr old] - Vomitting her food after she eats.

POST: I have a rottie just like the title says. She is at least a good...75 ish lbs. The dog is the biggest of the litter and she lived up to the expectations.

I have noticed though that lately after some meals, not all of them, she vomits. Just walks right up to you, looks to the ground, looks back at you, looks to the ground and BLUUUUAAAAGH and walks away...da eff....

It is her dog food. There is no mistaking from the color / barf chunks but it is the dog food. Right now she is eating full adult dog food. Its the big 44 lbs green bag, Purina Dog Chow you get at walmart for 20 bucks. My wife mixes in some wet food for her to eat.

One thing is though she is a **free feeder**. She eats till she is full and walks away and comes back a few hours later and munches a few bites for a snack. So I have no worries with her eating habbits. 

I have taken her to the vet and the doc gave me a $150 bill saying she is the most happiest, content, well fed, well groomed puppy he has seen. So the dog is taken care of and fine. I just dont understand the barfing.

I was considering the following to see if she keeps it down;

- Change her from a free feeder to a regulated schedule
- Change her from adult to puppy food again
- by her some vitamins I saw at my local pet store for her digestive track

I can try these, but i was wandering what the /r/Dogtraining community can come up with.

TL;DR:"," 1 Yr old rottie barfing after some meals, not all, wandering why. Vet said dog is one of the happiest, healthiest dog's he has taken care with $150 smile.*"
64,"SUBREDDIT: r/Dogtraining

TITLE: How do I stop my dog barking first thing in the morning and when I walk in the front door?

POST: I have a four year old Male cut French bulldog. Most of his life he was living in the family home but in the new year I moved out and I've taken him with me. Every morning without fail, he barks between 6am and 7:25, when I get up to walk him. Sometimes he will bark maybe twice total during that period, more recently he's been barking almost non-stop. 

I never go in to the room whilst he's barking, I always wait until he's stopped for about 30 seconds. I also go in between 7:15-25 every single day. Sometimes he's better than others, but how do I eliminate it entirely? he's quite the velcro dog, always following me around or sitting next to me. 

Another issue I have is that when I come back home he barks incessantly. Again, I don't go in until he's finished for about half a minute, but I don't think it's stopping him from starting barking. 

Just to give you an idea of the layout of his room, on one side there is a dog gate that looks into the living room and the other is a solid wood door that leads through a corridor to my bedroom, which is the door I go through in the morning and when I'm back.

TL;DR:", dog barks from 6-7 every morning and whenever I come back into the house. How do I get him to stop?
65,"SUBREDDIT: r/Dogtraining

TITLE: [Help] General anxiety and neurotic behavior in rescue

POST: Posted this a few days ago and didn't get any responses, trying again.

New to this sub, thanks in advance for any help.

Nora is a medium sized mixed breed rescue, she's roughly 8 years old and I've had her for about 7 years. She was abandoned and had terrible separation anxiety, which she no longer has issues with. She has been a great dog. She is well behaved in the house, gentle, and very responsive.

However, she still suffers from general anxiety and neurotic behavior. She will often exhibit obsessive behavior such as licking, ""nibbling"" on her blanket or bed, and barking. Sometimes she can work herself up to the point where she seems out of control; her heart rate gets high and she barks obsessively.

I've learned to live with it and mitigate it as much as possible. I can rub her belly and speak softly to her and that helps. It also seems to help if I make her do some easy tricks like ""sit"" and ""lay down,"" it seems as if it helps her gain a little control over herself. I know this is generally frowned upon, but I experimented with a shock collar for barking. It actually seemed very helpful, she didn't seem frightened and it seemed to prevent her from working herself up into a frenzy. I was living in an apartment at that time and the barking was a major issue. I recently moved into the country so I haven't been using the collar. Exercise helps, but doesn't completely solve the problem. Her anxiety is at its worst at the dog park; she is much more comfortable around people than other dogs. About a year ago I rescued a second dog (a young pitbull), and that has helped her social anxiety a bit. The first few months were a little rough, but now they cuddle and groom each other regularly.

Overall, she seems like a very happy dog, but I know the anxious episodes can't be fun for her. Now that she is getting older I worry about her heart, and to top it off she has a genetic heart murmur. Any advice?

TL;DR:"," Dog exhibits anxious and nervous behavior. We have made some big progress, but she still has doggie panic attacks fairly regularly. Any advice or tips would be much appreciated."
66,"SUBREDDIT: r/Dogtraining

TITLE: Thoughts on an electric fence?

POST: We've been battling for a few months to keep our Shiba inside the yard. We have a pond behind the house that all the houses back up to- our HOA requires us to have a specific fence. When we got the shiba, we thought she'd get big enough to not fit through, but we were very wrong. 

Anyway, we put a plastic mesh around the yard and that worked for awhile. She finds a new way out maybe once a week and we patch it, thought we had her locked up pretty well at this point and it looked nice too. 

Unfortunately, our lab has learned she can tear the mesh down and then the Shiba gets out. She doesn't go very far, just waiting for the lab to get out so they can run and play together around the pond. I wouldn't worry so much if there weren't a road on the other end of the pond, and the shiba likes to explore. She'll get VERY far from the house if our lab gets out with her or if she gives up on the lab getting out. Furthest we've found her was 2 blocks away, which was when we bought the mesh.

TL;DR:"," We bought a mesh fence, they've found their way through it to the point that it is no longer feasible. I'm considering [this] and wanted to gather your thoughts."
67,"SUBREDDIT: r/Dogtraining

TITLE: I have tried everything to train this behavior out of my corgi; he's absolutely obsessed with the shower.

POST: I have a corgi who's about four years old. He's everything corgis are; smart, loud, stubborn, a little psychotic. He's a very good boy though, and he's had several bad behaviors that I've been able to train out of him... except this one.

**He goes absolutely nuts when the shower is running.**

It's not specific to my shower, he does it even when we're visiting my parents. It's not just because I'm in there, because he does it even if I'm cleaning the bathroom and running the bath tub for water. It's not the noise, cause he doesn't bat an eye at similar noises.

If I let him get what he wants, he jumps in the tub and then bites at the water as it falls, using barking at it in the process. Then, once he's thoroughly soaked, he jumps out, shakes all over the bathroom, and is completely content.

If I don't give him what he wants, and close the bathroom door on him, he barks really frantically, claws at the door, jumps at the door, and basically throws a gigantic tantrum.

I've tried maaany different things to discourage all of this. I've tried treat-toys whenever I go shower, but he totally ignores them once the water starts. I've tried closing the door on him and giving him treats whenever he's quiet, and working up to starting the water and treating him when he's quiet... he completely loses interest in treats if there's even a chance I'm about to start the shower.

I've tried moving him clear across the house from the shower, but he still barks frantically from wherever he is! I've tried putting him outside and same thing. 

The 'reward' he gets in the shower water fun he loves so much is apparently far greater than anything I can attempt to use to train this behavior out of him, so I'm completely at a loss.

Does anyone have any suggestions on how I might fix this behavior?

TL;DR:", Corgi fucking looooooves getting sprayed in the face by the shower and won't take no for an answer. I've tried everything.
68,"SUBREDDIT: r/Dogtraining

TITLE: Having issues with training ""leave it"" and ""drop it.""

POST: Background: I have a 3 year old Chow/Shiba mutt rescue who is extremely food motivated and very smart. She's much more interested in the treats than what I want. Sometimes I have to cut training short because she just gets so excited about getting food that she can't sit still. She isn't interested in toys. In the year that I've had her, I've become fairly convinced that she doesn't actually listen to the words I'm saying, just the tone of my voice. She does know her name, but practically all of her commands are hand signals (except for recall (which could still just be tone of voice) and a smoochie noise means come pay attention to me (accidental)). 

The problem: We're on day 3 of training ""leave it"" and ""drop it."" Day 1: she got the idea immediately and offered sit in addition to the desired behavior every time. Day 2: after about 6 repetitions she just stopped going for anything I placed or dropped on the ground and offered sit and attention before I could give the command (even when I kept offering higher and higher value treats). Day 3: after 3 repetitions she stopped going for anything on the ground and stopped going for the offered cow ear for drop it. She just sits there and looks at me expectantly wagging her tail. 

I can sometimes get her to go for it if she thinks I can't get my foot between her and it before she can get her mouth around it, but she's usually right, so that's leading to failures.

The treats that I'm offering are her favorite things in the world - chewy salmon and peanut butter flavor training treats, cow ears, and chicken basted rawhides.

TL;DR:"," trying to train ""leave it"" and ""drop it,"" but my dog is trying to game the system by not even going for what I'm offering."
69,"SUBREDDIT: r/Dogtraining

TITLE: rescue labradoodle contantly fights with and barks at my standard poodle.

POST: recently we rescued up a white labradoodle (brody age 4) to join our other dogs, a miniature poodle (boomer age 11), and a black standard poodle (chance age 5) that we got from a reputable breeder in las vegas. when we got brody we knew he was very scared and a bite risk. he was very nervous and wouldn't let anyone touch him when we brought him home. he actually bit my step dad on the drive home from the shelter. brody is what the trainer called ""fear aggressive"". he always sits near us facing away like he's guarding us from the other dogs. he can't have toys because if we try to grab them away he'll lunge at us. this stuff only happens when the other two are around. when brody is alone he's just a big mush and he barks at just strange noises in the house like hes scared.  he circles chance's crate and barks when they are put away and fight over who gets to lay on my twin bed. sometimes chance snaps and pins brody to the ground and they just growl, bark, and bite each other.

this barking is driving everyone crazy and we need him tame enough to have friends over the house without the risk of a bite. i really don't know which one to discipline or how to really do it.. i just want the end result to be that brody can be let out around strangers and that chance and him stop fighting for attention.

TL;DR:"," our new rescue dog is always anxious around new people, scared of noises in the house, and physicaly fights with the other large dog for attention. how do i train them both and deal with the rescue's anxiety?"
70,"SUBREDDIT: r/Dogtraining

TITLE: Old dog is uncomfortable in new house.

POST: I've got two mutts.  A little daschund/wiry terrier/shihtzu girl who is about 3 years old and 25 lbs.. and a golden/lab/something with a winter hardy coat boy who is somewhere around 13 years old and 65 lbs.  

I was so excited to purchase my first home, with a very large fenced yard.  Both dogs love being outside and I felt horrible keeping them in an apartment, even if it was a large 2 bdrm and I take them for two 30 - 60 minute walks each day. 

The old boy does not seem comfortable here.  He is afraid of the big square [furnace grates,] and they're EVERYWHERE.  He's also very nervous about going down the 3 white linoleum stairs to outside.  Similar to [these, but only 3.]  There's also hardwoods throughout. 

No matter where I put the beds (we have three large dog pillows), he lays on the floor, and doesn't stay in one spot for more than 5 minutes before relocating.  He's clearly uncomfortable.  It makes me so sad, because I was so happy to give him this home to enjoy his last days. 

Is there anything I can do to make him more comfortable?  So far the only good thing has been fetch in the yard and no more stress/barking at people in the hallway of our old apartment building.  It's very disappointing.  

Thanks in advance.

TL;DR:"," old dog hates stairs, wood floor, and big floor grates and is clearly not very comfortable in this house and I don't know what to do.  Won't use his dog bed and needs lots of encouragement to go outside."
71,"SUBREDDIT: r/Dogtraining

TITLE: I could use some (re)potty-training advice

POST: My sister's dog (a chihuahua-dachshund mix) is about 6 months old and was pretty good about doing her business in the right spots. She has a kennel with those scented potty pads, and for the first few months she learned to use those. There was the occasional poop on the carpet, and she would prefer to poop in the other dog's kennel (a ~4 year-old chihuahua) instead of her own for whatever reason, but as long as she did it in the right spots, it was fine.

But over the last two or three weeks, she's suddenly stopped going in the right spots almost entirely. She doesn't act any different otherwise, but when we chastise her immediately (putting her nose in it, stern voice, a love tap) she seems  genuinely confused as to why we put her in time out.

She clearly proved that she can be potty trained for months at a time, and there have been no problems with the other dog. She gets a plenty of attention and sleeps in my bed with the other dog every night.

The only cause I can think of for her change in behavior is my sister recently having a baby. She and my brother-in-law don't spend as much time with the dogs downstairs, though the dogs are still almost never alone. And as far as the baby changing things, she had the baby two months ago but the dog has only started acting out a few weeks ago.

Anyway, I would appreciate any tips or insight as to how to retrain her. She was doing better when I was constantly monitoring her ( I mean constantly. She never left my sight for two days) but fell back into her ways after I gave her some space. Also, monitoring a dog 24/7 isn't exactly practical. Thanks for any help!!!

TL;DR:", Dog was potty trained for months and now is peeing and pooping everywhere despite little-to-no change in her environment.
72,"SUBREDDIT: r/Dogtraining

TITLE: 1yo dog aggressive when I'm not around?

POST: I have a Brittany, she turned one in January. She has always been very friendly and enthusiastic to meet people and animals of all descriptions- sometimes even a little too enthusiastic at times (especially for really small dogs, as she is bigger and a bit clumsy), and I made a big effort to socialise her from day dot. She has occasionally shown fear toward some things- motorbikes at close range, men with signs and construction hats, one time with a Great Dane, and she has barked at them in response, or done the roll over thing. 
I took her on a walk this evening to the supermarket and tied her up which I have done numerous times, but when I came out a man told me that she had been going to nip people when they tried to pat her on their way past (!) I was really surprised as she has never shown aggression before, in any way. I left her tied up and went to another shop next door to see if I could catch her acting that way, and while I was in there she started to bark - I ran out and the man was still there and said 'she did it again'- now I'm really scared! What do I do? The man said to muzzle her.. Should I do this?  She's met countless dogs and people and just never been mean to anyone ever, a part of me wants to disbelieve the man- but this is a serious issue. Help! 
Sorry for the wall of text.

TL;DR:", Observer told me that when I'm not around my dog is aggressive - caught her barking but have seen no evidence otherwise. Advice?
73,"SUBREDDIT: r/Dogtraining

TITLE: Dog Snapping at Air. Play or Aggression?

POST: My dog is a poodle terrier mix from a rescue. She is very calm and submissive. She's happy to just sit around almost all day and nap. In fact she has a special spot for this on the couch with her little doggy blanket. She also has a crate that she knows no one disturbs her in. 

About once a day she gets excited. She gets riled up and jumps on us for love and pets. She will run with us if we run. But she has no interest in other dogs, toys (even toys with treats in them), or playing fetch. Basically she has no play drive. We've tried building it up, but I figure if she's happy, why bother. 

When we do play, we get down on her level and sometimes roll over and bat at her as she jumps around. Most of the time though, we get excited on her level, we give excited pets down her back and roll her over. We give her more excited pets as we tap her paws and rub her belly. She starts snapping at the air and vaguely in the direction of our hands. (imagine a cat) She gets super into it. We'll flip her and after 20 ish seconds she rights herself and scoots closer to place her head in our lap.  The second we stop being excited and flipping her over, even if she is already flipped, she stops snapping. Sometimes she'll run around the room and come back. Sometimes she runs to her spot on the couch ( not her crate) and stays there. If we approach, she shows her belly. 

I'm not sure if she is asking for belly rubs, more play, or is scared of us. She doesn't growl or bark, but the only time I've heard her say anything is when she's gotten underfoot.  Is she enjoying this? Or does she secretly hate this? We have no kids now, but will in the next 5 years (she will be ten-ish then). Should we be encouraging this? 

I don't want to take away her only form of play but I also don't want to torment her if she hates it. Sorry for the wall of text.

TL;DR:", My dog snaps at the air when excitedly rolled on her back. Is it play or telling us to back off?
74,"SUBREDDIT: r/Dogtraining

TITLE: Critique my plan?

POST: I've been reading through the FAQ and have come across this new wondrous invention, clicker training. My family's 11 week old puppy (3 quarters golden retriever, 1 quarter poodle... I don't know if that's relevant but people seem to mention breeds when posting here) seems to love biting, jumping, and relieving himself in the house and this seems like the best way to remove the unwanted behaviour.

1. Buy Clicker

2. Train the dog to realize that a click means a treat is coming

3. Use the clicker to train the dog not to bite or jump [as Emily Larlham shows here](

4. Figure out how to incorporate clicker training with housebreaking - is this a thing?  (I've read in this subreddit that you should basically just keep taking the dog outside to do it's business and eventually it will learn. Couldn't find anything on Emily Larlham's site but I think I must just be searching the wrong words, ""pee,"" ""peeing,"" and ""housebreaking"" return nothing relevant.)

As for not letting the puppy have open access to his feed bowl, does that mean just putting out a serving twice a day and taking it away when he's done, or does it mean filling the bowl up and taking it away when he seems full. Is water treated the same or just left out?
Would really appreciate any help, my family decided to buy the dog while I was out of the country for a few months and didn't do any research at all in to what to do with a puppy and I hope to set up some groundwork for how to take care of the thing before I move out.

TL;DR:", Can I use clicker training for house breaking? Do you take away the left overs when doing controlled feeding or do you just give a set amount twice a day? Are squirt guns as dumb to use as I think they are?
75,"SUBREDDIT: r/Dogtraining

TITLE: For those who aren't sick of it already, yet another success for Ringo!

POST: So my mom had this tradition of dressing up our pets every year for Halloween and sitting on the porch with them to pass out candy. Every year, I keep the tradition going at my house. My dog, Windy, is already pretty popular in our little town, and she's always a big hit on Halloween. 

This year, I decided Ringo should try. He's still rather shy, but **never** aggressive, so I hoped he would ignore the costumes and just enjoy the attention. He did! I would have, of course, put him in if he was bothered, but he loved it! He sat quietly and patiently beside me all night, watching people come and go, and got quite a few hugs and kisses from costumed little ones. He didn't want to go in when it was over! 

[Here he is, dressed for the occasion.](

TL;DR:"," If you haven't been following, I've been rehabbing an extremely fearful, once abused dog. Tonight, he was swamped with costumed kids and loved every minute."
76,"SUBREDDIT: r/Dogtraining

TITLE: 2 Questions About My Roommate's Dog

POST: I recently adopted a 10 month old Aussie Shepherd named De La. We've been working hard and having lots of fun so far, and she's really coming into her own being finally settled in her new home.

My roommate, just a couple days ago, also adopted a 10 month old puppy. He is a German Shepherd/Akita mix and super playful. My roommate and I work different shifts, so we are rarely able to both be home with the dogs at the same time - keep this in mind.

**Here are my concerns:**

Question 1: De La and I have been working on the relaxation protocol and are getting ready to move on to more complex exercises. My roommate is impressed with her development and is also considering clicker-training his dog (Remy). Is is safe to clicker-train two dogs at once? Or will this ultimately confuse both dogs?

Question 2: Remy is not nuetered, but De La is spayed. The first couple days of interaction between the two of them was basically him sticking his nose in her crotch. Once he learned not to do that, however, he basically ignores her and sometimes growls anytime she comes near him - even if she's just walking by or sniffing him. What's the best way to go about this kind of behavior? (Keep in mind, this is my roommate's dog, he is not my dog to discipline)

TL;DR:", Can my roommate and I clicker-train both our dogs at the same time with no confusion? **and** How do I keep my roommate's dog from growling at her when she comes near him?
77,"SUBREDDIT: r/Dogtraining

TITLE: Rebellious 3 y/o mutt with what I think is separation anxiety... Suggestions?

POST: Hello all! I've got two dogs, my boy dog is my most recent rescue, his back story involves abuse and kenneling for punishment ... Which brings me to my issue... 
He is PERFECT when I (or anyone) is home, goes to the door when he has to got potty, doesn't chew on things he's not supposed to, etc. 
But when I leave, he pees & poos in the house and chews on things he shouldn't. 
I live close to work, so I come home at lunch, I even built an elaborate ""doggy potty"": a 5' x 10' enclosed deck with fake grass and a doggy door for them both to use. He will use this sometimes. 
I do not want to kennel him, since he has BAD anxiety associated with a kennel and I am afraid he'll hurt himself. 
As a note: I ONLY use positive reinforcement training methods. Any suggestions you all may be able to offer will be appreciated! :)

TL;DR:"," male dog acting out chewing & pooing in the house while I'm gone, have tried every possible thing I can come up with to remedy... Out of thoughts..."
78,"SUBREDDIT: r/Dogtraining

TITLE: Some trouble with ""Sit""...

POST: Heyo! I've got a bit of a problem with my new pup you guys may be able to assist me with.

We just got a Great Dane/Lab mix. He's seven months old and the size of a small pony already. We've had him for less than a week, but he's settled in really well really quickly. He's a food guarder, but I'm taking steps to fix that.

Anywho, the boy is sharp as a tack. I've already taught him to stay out of my workroom (no dogs allowed room), to ""Kennel up"" when I tell him even from another room and to play gently with our other dog who is much smaller than him. He is VERY food driven so it's been easy to teach him. Though it'll be hard to teach him not to beg, which is really bad because he can reach tables and counters.

Out of all of the things though, he's having issues with sit! He'll sit when I lure him with a treat and sometimes when I pretend to have one, but not when I just tell him ""Sit"". It's really odd, and I've never had this issue before. We have worked on sitting with the verbal cue and lure a LOT but he just isn't getting it with only the verbal que.

Any advice or ideas? This is driving me nuts. >.<

TL;DR:"," Dog only sits when lured with a treat and sometimes if I pretend to have one, but never when I just say sit. Help."
79,"SUBREDDIT: r/Dogtraining

TITLE: 8 month old barking at people only sometimes.

POST: My 8 month old Aussie mix (atleast that's what we believe he is) does something very random and I have no idea how to fix it. He LOVES people and is extremely friendly, has never shown any aggression to a single person but sometimes he will bark at people outside and it comes off as very aggressive and it's pretty embarrassing for me. There doesn't seem to be a correlation, sometimes it's on leash, sometimes it's off leash, sometimes it's a guy, sometimes a girl. I know a lot of people recommend treating high value treats BEFORE they bark and see a person but I can never know if he's gonna bark at someone or not... Should I just do it with every single person? I have socialized him pretty well, but do I need to socialize him more or are we past that?

For example, with PokemonGO I took him to my campus and he didn't bark at a single soul and was just the happiest little pup (he is a little sketchy when people try to pet him but once they get that first pet in he is their best friend) but sometimes if I take him for a walk he'll just bark bark bark... I am out of ideas, any suggestions?

TL;DR:", Dog barks at people (presumably to play with them) but it is an aggresive bark but it is random and he is not an aggressive dog in the slightest.  
80,"SUBREDDIT: r/Dogtraining

TITLE: Leaving a golden retriever home alone about 9 hours a day?

POST: Hello Guys! I was wondering about how long a Goldie could stay home alone for and some other possibilities I was thinking of. I've had dogs before in the past and I know how to keep up with them and mostly everything. The one thing I was worried about is keeping a dog home alone too long? If I got a golden, I was thinking about leaving it home alone for about 9 hours due to a work schedule. I know I have to clean up and prepare the house so they wouldn't destroy anything. But would it be a good idea to maybe leave them home alone in my basement? My basement is completely finished, no loose cords, very tidy, and would seem like a good place if I locked the garage door and blocked the stairs with a gate. Also, I'm very athletic, so I was wondering if maybe bringing the dog on a 20-30 min run/jog in the morning to tire the dog out.  Also, maybe I could have a friend or hire someone to come over in the middle of the day and let him out and give him a walk. Also, in the time between the morning walk and me getting ready to leave, I could live the dog outside in our fenced in yard

TL;DR:"," Have dog get sleepy in morning by method of walk, someone maybe take him out in middle of day by walk, and leave him home alone"
81,"SUBREDDIT: r/Dogtraining

TITLE: Need advice for puppy training. (Long post, sorry.)

POST: We have an eight month-old Boston Terrier. Recently we picked him up from the kennel where we've boarded him when we are out of town. Previously he'd had no problems and the kennel people loved him. This time they said they still love him but that they needed to separate him from the other dogs during playtime because he was not getting the other dogs' social cues about when they wanted to stop playing. They were afraid he'd get on one of the older dog's nerves and wind up getting bitten or something.

I was (still am) super embarrassed and apologetic. The owner of the kennel came to talk to us about training that she offered. She offered hourly training with us, and also a two-week program where she took our dog and would train him, then bring him to us and train us on how to handle him. She seemed to intimate that the latter program would be better for him.

So now I'm not sure what to do. All things considered I don't think my pup is a ""bad dog."" He isn't aggressive. He doesn't destroy things in our house. But he doesn't walk that well on a leash (he pulls a lot), and he frequently bites our hands when we're trying to play with him (not very hard, but hard enough that we have tried to address it in various ways). He can be hyper and defiant but up until now I haven't thought him a ""bad dog"" -- just perhaps a hyper puppy. But I guess I was wrong.

So my question is: what should I do? I am scared and sad at the prospect of sending him away to a ""dog boot camp"" for two weeks. I'm afraid he'll hate me when he gets back, if he even remembers who I am (we've never been apart that long). I'm afraid the two-week program is like overkill for his needs; I'm not sure his behavior is so bad that he needs Cesar Milan-style training. But I want what is best for him and I will do whatever needs to be done and spend whatever needs to be spent to make that happen. I just want to be sure that what I'm doing is actually what is best.

TL;DR:"," My puppy needs training, I don't know what kind, I'm afraid to send him away but the only expert we've talked to suggested that might be the best program for him. What do?"
82,"SUBREDDIT: r/Dogtraining

TITLE: Dog is shy/fearful around other dogs - socialization advice?

POST: Hey all, I have a Miniature Schnauzer, about 1 1/2 years old, and for the most part she's very sweet and loving. She's extremely nice to people, very friendly around strangers, and good with kids. Unfortunately, other dogs are a different story.

For the first year that we had her, we lived abroad (she's from South Korea - we brought her back with us) and didn't have much opportunity to get her used to other dogs. Now that we're back, we've started taking her to the dog park so she can run and play, but instead she usually runs off by herself. When other dogs do approach her, she's cautious at first and is OK with being sniffed, but when they try to play with her she usually barks and snarls. I think she's just scared or shy - her ears stay back and she never goes after the other dogs once they get out of her space. But I want her to be able to run and play, not just stick with Dad and Mom all the time. Any advice?

TL;DR:"," Mini Schnauzer is shy/fearful around strange dogs when they try to play with her, and growls/barks/snarls. Looking for advice."
83,"SUBREDDIT: r/Dogtraining

TITLE: Training older dogs

POST: Hi,
So I have two absolutely wonderful coton de tulears. Theyre sisters, about six years old each. The problem is they are horribly untrained and don't respond well to standard training, they dont seem to understand positive reinforcement 

Ive had a coton before, unfortunately she died young form an autoimmune disease she was born with, but i trained her very easily so its not like ive had no experience. 

They're not agressive or anything, but they have the not frequent, but more than occasional, accident. They're polar opposites, one is laid back and the other is nervous and anxious (they're sisters)  and I think the biggest problem is my parents don't want to train them.  I'm willing but I'm at college or at work most the time.  My dad never wanted a dog but loves them and they adore him however he doesn't like being strict with them. While I think walks are meant to be fast paced for exercise where I set the pace my dad lets them sniff whatever they want and they pull him all over the place. This is just one example.

TL;DR:", i have two dogs who don't respond well to training and any headway i make with them seems to be undone by my parents unwillingness to work with them as well.
84,"SUBREDDIT: r/Dogtraining

TITLE: I need a pick me up or some kind of reassurance after a terrible training session.

POST: I've been in Reactive Rover classes about 3 times now which is around 4 months.  She has come a long way in class and gotten better in the house, but it is such slow going outside. We use a lot of the ""nothing in life is free"" approach inside the home to build self control and incorporate a lot of ""tricks"" while playing fetch so she has to work for the throw. Her self control has gotten better, but everything went out the window during our training session yesterday. It was an hour of frustration for her and I ended up in tears for longer afterwards.

We met with a trainer and her dog to see if we could get them to calmly meet on leash and have them play to teach her better habits around dogs.  We couldn't get within 30 ft without her losing her shit yesterday and this is after she has been able to meet dogs right through a fence at RR.  As long as the dog was in sight she was in an excited state and would barely listen to me. She doesn't have great leash control as it is, but this was a full hour of her trying to pull my arm out of socket even if I was 100 feet away from the other dog.

I feel like we've made such little progress with all the hundreds of dollars I've spent on training and it has all been for virtually nothing.  I'm tearing up just thinking about it because I have never been so disappointed or felt so hopeless in our training.  She has met and played with dogs in an indoor playgroup and does fairly well, she just has no self control and doesn't give a shit about anything else other than her tunnel vision when outside. I've found one treat she is willing to take after trying pretty much everything, and it seems like she only takes it because I want her to. Her ball is her safety blanket, and it will work up to a point, but then falls by the wayside when she doesn't get what she wants.

TL;DR:", I feel like shit after a training session where it seemed like she regressed back to no training. I've spent nearly a grand in training and I feel like we've gotten nowhere.
85,"SUBREDDIT: r/Dogtraining

TITLE: Mixed feelings about giving up a German shepherd

POST: My girlfriend and I adopted a German shepherd together about 1 year ago. We got him from a family that had taken him out a neglectful/abusive situation. He wasn't getting along with the new farm animals so they put him up for adoption on Craigslist. According to this family, he was malnourished and hid behind their couch for over 3 weeks. They thought he was around 6 months to 1 year old, which makes him about 2 years old now. 

He was terrified of everything when we got him, but he has come a very long way in terms of progress. We treated his heart worm, got all of his shots, and had him neutered. He started playing with us and actually acting like a puppy. His behavior has improved dramatically, however, he has nipped/bit two people. He didn't draw blood but they were certainly tense situations. 

My girlfriend has an anxiety disorder that the dog picks up on very quickly and he starts crying, whining, guarding and barking whenever he senses that she is anxious. We have been considering giving him up for some time and we just met recently with a GSD rescue who might be able to take him. 

As far as training has gone, we've met with multiple different trainers that have given us some conflicting advice. We've taken a scared dog class that he did well in, but it's different outside of the classroom. 

Basically, I have a couple questions/thoughts:

1) Will a dog that is this anxious be able to adjust to a fourth home?

2) Will he be able to trust other people again or will he feel that we abandoned him?

3) Is his situation going to improve or might he be worse off after leaving us?

Overall I'm just unsure about keeping him or giving him to a more experienced owner. I do want what is best for him, but I'm not sure what that is. We do live in a city with a high crime rate, and it's nice to feel safe with him in our house. However, it is also very stressful not knowing if he will react aggressively around our friends and family. 

Thank you for any help or similar stories.

TL;DR:", Adopted a neglected/abused German shepherd that has nipped two people. Unsure about whether or not to keep him.
86,"SUBREDDIT: r/Dogtraining

TITLE: My dog will not give me any personal space, often to her own discomfort.

POST: Hey!

So I've had this dog since she was a puppy. She was separated from her mom too young and the man who gave her to me failed to mention she was extremely sick. In fact, she had Parvo (survival rates for puppies with parvo is low, but she pulled through).

So during her first few weeks of life she was carted around from hospital to hospital. The only thing that was constant was my presence. I stayed with her till the vet closed. Took time off work and school to be with her while she was sick.

So I understand that she's attached to me, I am to her also, but it's getting bad.

I'll often be doing something like studying, or watching a movie, and she'll just be sitting and staring. If I send her off to go play, she comes back and sits right under the table (she's too big to fit, so you can tell she's uncomfy, but she keeps coming back).

If she's asleep and I get up to go use the toilet, shut the window, or just stretch, she will wake up and stare. She only sleeps when I leave the house, or when I sleep.

She *always* wants to be in bed with me. Even though I kick in my sleep and often kick her accidentally. I feel bad for doing it so I remedy this by having her sleep away from my legs.

She doesn't have the classic symptoms of Separation Anxiety. She never barks or cries when I go to work or school. She doesn't destroy things or urinate/defecate in the house.

My bedroom is tiny but she will not go play out in the living room unless I relocate there myself.

So how do I inspire her to be more independent and not hover around me constantly?

TL;DR:"," Dog is very attached, wont be in another room without me, follows me everywhere, stares a lot, always wakes up if I move around."
87,"SUBREDDIT: r/Dogtraining

TITLE: some random guy hit his puppy hard

POST: This morning I went to the park down the road from my house to let my 10 month old dog get his exercise chase the frisbee and what not.  After about ten minutes some guy pulls up and is waiting but I can hear his dog in the car so I go over start talking ask if he wants to let them play together and he lets him out of the car.  The dog was a very small pitbull who played a little aggressively with my dog but that was ok.  After a couple minutes though I went to break them up because they started biting each other. I told my dog to be nice and he went over to his dog and smacked him in the face really hard.  Not I'm not for this but I don't know what to do every time the guy went near this dog it flinched back and coward towards the ground in fear.  Me and the girlfriend were gonna ask to buy it off him and find it a nice home so it doesn't get super abused and from the way the dog was acting it seemed like a regular thing but I don't know what to do. any suggestions?

TL;DR:", went to the park. met another guy and his pitbull puppy and he really hit him hard. What should I do?
88,"SUBREDDIT: r/Dogtraining

TITLE: Help Transitioning 10 Month Labrador to Sleep Out of Crate

POST: UPDATE: Thanks to all who commented.  I realize my limitations as a dog trainer and grateful to come here for help and perspective.  Pup was back in her crate last night and slept well.  There was some whining and pleading at about 3:00 AM that was ignored and she went back to sleep.  We all were refreshed and better rested in the morning. 

I'm looking for some tips and perspective, if you have any insight.  We're becoming sleep deprived.

Here's the situation:  My female Labrador is 10 months old.  She's very smart and usually well-behaved.  (No longer stealing slippers very often!  You were right!) She is crate trained and accustomed to sleeping in her crate at night.  Sometimes she would wake up and ask to go outside, and one of us would let her out and return her to her crate after.

We are trying to transition her to sleeping outside the crate, with us in our room, or with free access to her ""play room"" with a giant dog bed, toys, food, water, outside access and yes, a futon.

Here's the problem:  She goes to bed with us when we do and settles down fine.  However after three or four hours she wakes up and is a holy terror!  She jumps up on the sides of the bed, scratches at us, pulls on our top blanket, barks at us and generally carries on.  It's horrible being woken up in the middle of the night with dog nails scratching at your back!  The question is why?  I don't get it.  Separation anxiety? Attention?  We end up putting her in her crate and then she usually settles down and goes to sleep.

Any thoughts or insights? A more gradual transition?

TL;DR:", 10 month Labrador won't sleep through the night outside her crate but harasses while we're sleeping after three or four hours of being settled and fine.
89,"SUBREDDIT: r/Dogtraining

TITLE: My parents inherited my brother's dog and she's driving them NUTS. Please help.

POST: My brother was hospitalized in critical condition in May. He was extremely ill for six months, and at one point he begged our Dad to take care of his dog (he and his wife had two; a golden retriever his wife took, and the Australian cattle dog I'll call Barky (to protect her anonymity), who has always really been my brother's dog. I think both dogs are around 10, but Barky is still pretty energetic (and fat, but that's a different issue)).

My brother passed away in October, and his son and Barky are now living with my parents. My parents cannot get rid of her; besides my Dad's promise to my brother, at this point she has lost all of her people, aside from my nephew. 

But she is driving them crazy. She barks constantly at nothing, and if she's not barking, she's whining. I don't think she misses the other dog, they really disliked one another, but I know she misses my brother. Unfortunately, there's nothing we can do about that. Every time my Mom sits down to the computer to work, the dog barks. If the phone rings, she barks.

Any suggestions? She was never well-trained to begin with (my brother, I think, went for the whole ""alpha dog"" thing, which I can see just from the sidebar, is not so great). She jumps on people; there's the barking; and she always begs for food (they used to feed the dogs junk all the time, so she expects that). She does comply with some commands, though, but she has to feel like it (from what I've heard of this breed, it's not unusual).

TL;DR:"," My parents inherited my bro's oldish (10), barking, misbehaving dog. Any chance of new tricks?"
90,"SUBREDDIT: r/Dogtraining

TITLE: Will it possible to have a dog that does these 2 conflicting behaviors?

POST: I have a 2yo GSP who is critter-crazy. She'll easily wear herself out by looking out the window at the squirrels & rabbits in the yard. She has ok-ish leash manners at the moment. She understands what heel IS and what it should be, but outside of where I do most of her obedience training, meh, she half-asses it as much as I'll tolerate (which is a borderline tight leash... she won't pull a weakling over, but the leash has like 1 inch of slack on it). If there's no scents or distractions, she'll heel correctly, but is still clearly in a hurry to go forward.

I've been using a combination of treats for good behavior, upbeat attitude when walking, constant communication to try to keep her attention at me, stopping in my tracks and saying ""no"" when she doesn't leave some slack, and also a prong collar pinch for when she really acts bad (toss your torches & pitchforks my way... I'm a terrible dog person, I should't use it, I'm wrong, I'm clearly using out-dated training techniques, yea yea yea I've heard it all from you guys. I'm not changing tho. She's getting punished when she lunges at a squirrel)

But, here's the catch, I also enjoy letting her pull me on bike rides when she's wearing her harness, so I can understand why she fights the heeling so hard.

So should I ever expect her to be a loose-leash walker AND a strong puller when I'm on my bike? Or should I just be satisfied where I'm at?

TL;DR:", Loose-leash walking during walks AND heavy pulling during bike rides. Can my dog mentally separate the 2 activities & do both?
91,"SUBREDDIT: r/Dogtraining

TITLE: I need your help reddit.

POST: My family just got 2 dogs a few months ago, and they still seem to have trouble with house training them. I've gone to a few different websites, that have told me that you need to catch them in the act, then tell them they need to go outside, otherwise if you catch them after the fact, you can't punish them because they wont know what they are getting punished for. (It could make things worse)

They keep them locked outside, they keep barking to come back in, yelling at them that they are bad (no hitting as far as I know). One time they even told me they didn't know what dog peed in the house, but they punished one of them they thought did it, but wasn't 100% sure.

I'm at a loss here, I've tried to explain to them that if they don't catch them in the act, they wont learn that they are doing something wrong. My dad and mom just keep saying to me ""they know"", ""they know"", they did something wrong. No matter how hard I yell at my parents, they think they are right. Please help me reddit. What should I do/tell them?

TL;DR:"," My two dogs pee/poo and my parents punish them, but they aren't catching them in the act. How do I tell my parents they are wrong?"
92,"SUBREDDIT: r/Dogtraining

TITLE: Getting a Coonhound and worried about it running away. Want to learn how to trust it to run free off the leash in a safe area.

POST: I have a 21 acre piece of property upstate with a huge yard, stream, and forest. My family and friends bring their Golden Retriever and German Sheppard up there and we let them roam free without any supervision, because they are trusted, and NEVER wonder away. I'm aware that Coonhounds follow their nose, chase squirrels, and tend not to hear commands when in hunt mode, but was wondering if he's not a hunting dog and treated as a pet if he would be able to be trusted?  

Backstory is he is a 3 year old rescue that was a stray. I'm a paranoid dog owner and will never allow him to be in a dangerous situation, but I'd love to be able to let him off the leash at the big property to run with the other dogs. Any stories, advice, or tips?

Thanks!

TL;DR:", Getting a 3 year old Coonhound I'd like to be able to trust off leash with other dogs on a big piece of land.
93,"SUBREDDIT: r/Dogtraining

TITLE: Successfully taught a loose leash walk but would he still walks in front of me

POST: My dog successfully walks on a loose leash, no question.  However, he is still walking slightly ahead of me.  So far I've done a lot of follow mes and heeling training but on the walk he's still just a bit too excited.  I've taken him out to 7 different areas of varying excitement and trained him in them for about 15 minutes 3 times each.  He listens well outside but when we walk he just has to stay that extra 2 feet in front of me.  What I've been doing so far is clicking those odd times he's next to me and giving plenty of reward but I can tell he's still a bit overstimulated as he doesn't seem all that interested in the cheese or chicken or whatever I'm using.  I don't mind him walking like this but I would love to have him stay right by my side.  Any ideas?  I've tried the kikopup method but he just circles me and sits next to me.  I also used this to teach him how to walk on a loose leash to begin with.

TL;DR:", dog isn't overstimulated in new areas UNLESS we're walking and walks slightly in front of me.  I'd like to get him right by my side.  ideas?
94,"SUBREDDIT: r/Dogtraining

TITLE: Barking/Aggression after a fight...how to handle this?

POST: I've posted here before about our rescue, Momo.  For the most part, things have been going great.

We have a new issue, though.  Recently my SO and I got into a fight.  It was pretty serious and involved some yelling on both ends.  Momo doesn't like yelling, or play-fighting even and will try to make us stop.  My SO and I have gotten through the issues, but ever since (about a week now) Momo will bark at him (and sometimes me, but not so often) even when he's just standing there or makes gestures.  My SO never went to hit me, and he only raises his voice when we are talking about something that annoys us, like sports or something.  Sometimes he won't even have his voiced raised and it's just us talking. 

Momo just starts barking like crazy and we can't get him to calm down.  We even give him treats when he stops but I'm not sure where to go from here.  Any ideas?

TL;DR:"," SO and I got in fight, yelled at each other, now dog barks at us when we seem even a little upset and sometimes even when we have a normal situation.  Help?"
95,"SUBREDDIT: r/Dogtraining

TITLE: Female dog with food aggression and nervousness.

POST: My husband and I have two dogs: a female Pomeranian (intact), and a male Shih Tzu/Mini Poodle mix (neutered). We've had the male dog for a little under a year, and adopted the female about 5 months ago. We got her from my husband's Aunt and Uncle, who had been trying to rehome her for a while. Because of their really long work hours, her and their other female dog stayed in a fenced in dog run most of the day, and they were worried about her mental state. 

When we got her she had some serious confidence and behavioral issues. She was skiddish, neurotic, anxious, suspicous of strangers, and inappropriately aggressive towards other dogs, i.e. growling, barking. We've been working with her and so far she's becoming much more confident. She's becoming more obedient, and she's stopped some of her nervous behaviors. The aggression is still a problem, though.

She picks on our male dog and tries to intimidate him. She hoards treats/bones, so there's doggie disagreements there. I can't separate them either because they get upset, so I just dont't give treats out anymore :( She also tries to take his food from him. He was mentally abused before we got him, so he doesn't even defend himself half the time. Of course we tell her no, and she stops. But she does it again next meal time. There's also the barking and charging at neighbors' dogs/strangers, which we she will not stop no matter what we do. We've tried just telling her no, ignoring her, taking her inside if she's out, putting her in another room if she's already in. None of those have worked.

She's a great dog, and well behaved ~98% of the time, but still very nervous and I want to help her. Does anyone have any tips on what I can do for her? Should I just give her more time to adjust? If you've ever had this problem, how did you solve it?

TL;DR:"," Owner of two small adult dogs, new dog has behavioral issues and is picking on the other. Wanting to know how to help her stop food aggressive and nervous behaviors."
96,"SUBREDDIT: r/Dogtraining

TITLE: [Help] Older rescue with general anxiety/neurotic behavior.

POST: New to this sub, thanks in advance for any help.

Nora is a medium sized mixed breed rescue, she's roughly 8 years old and I've had her for about 7 years. She was abandoned and had terrible separation anxiety, which she no longer has issues with. She has been a great dog. She is well behaved in the house, gentle, and very responsive.

However, she still suffers from general anxiety and neurotic behavior. She will often exhibit obsessive behavior such as licking, ""nibbling"" on her blanket or bed, and barking. Sometimes she can work herself up to the point where she seems out of control; her heart rate gets high and she barks obsessively.

I've learned to live with it and mitigate it as much as possible. I can rub her belly and speak softly to her and that helps. It also seems to help if I make her do some easy tricks like ""sit"" and ""lay down,"" it seems as if it helps her gain a little control over herself. I know this is generally frowned upon, but I experimented with a shock collar for barking. It actually seemed very helpful, she didn't seem frightened and it seemed to prevent her from working herself up into a frenzy. I was living in an apartment at that time and the barking was a major issue. I recently moved into the country so I haven't been using the collar. Exercise helps, but doesn't completely solve the problem. Her anxiety is at its worst at the dog park; she is much more comfortable around people than other dogs. About a year ago I rescued a second dog (a young pitbull), and that has helped her social anxiety a bit. The first few months were a little rough, but now they cuddle and groom each other regularly.

Overall, she seems like a very happy dog, but I know the anxious episodes can't be fun for her. Now that she is getting older I worry about her heart, and to top it off she has a genetic heart murmur. Any advice?

TL;DR:"," Dog exhibits anxious and nervous behavior. We have made some big progress, but she still has doggie panic attacks fairly regularly. Any advice or tips would be much appreciated."
97,"SUBREDDIT: r/Dogtraining

TITLE: 8 year old mixed breed rescue with increased seperation anxiety. please help.

POST: I feel like the worst dog owner in the world right now when I consider everything my dog Dozer has had to deal with these past few years. He's a mixed breed dog, long legs, a bit terrier looking in the face, and acts very much like a herding dog when walking. We rescued him in 2007 from the pound and he was a companion dog for our Scottish terrier Lily.

In 2011, we moved back to my home in Scotland and the dogs came with us, so big upheaval there, then 2012 I fell pregnant with our first child. We have always involved the dogs in everything we do (and everything I was physically able to do during pregnancy). However he's always been a nervous dog, he cowers at loud noises, and whines at outside noises. He gets over excited too which sometimes make sit difficult around our now toddler, as he just wants to love on her and lick her into oblivion, and we try to discourage that but he feels he's being scolded and cowers.
In Sept 2014 his companion Lily fell ill and had to be put down, and ever since he's become increasingly anxious. Even if he's in the same room as us, if our daughter talks, sings, makes any noise at all he whines. If we go upstairs without him, he starts to whine. As soon as we close the front door if we have to leave, he howls, and yips like he's in pain. We really don't know where to go from here.
He's exercised daily, and gets to run in and out the back yard. He's fed regularly and we feel we are meeting his needs but obviously not, and I hate feeling like we're always correcting him to stop the howling/whining etc.

He's getting older and I'm not sure if there is anything we can do for him now, but will gladly take on any advice offered.

TL;DR:"," 8 yr old dog, lost his partner dog last year, gained a baby 2 years ago. whines and howls all day/night unless sleeping. HALP!"
98,"SUBREDDIT: r/Dogtraining

TITLE: Puppy only whines and sleeps when in her crate. She never ever plays with her toys or even eats!

POST: My 3 month old pup is a really sweet dog: she's obedient, smart, loving, and learns really quickly. The problem is that whenever she gets locked up in her crate or baby-gated in a nearby room she whines and barks until she falls asleep!

We've locked her in when we're home, when we leave, we've tried to gradually get her used to it but we needed to put her there when we left so we didn't have time.

She seems to have really big separation issues and I'm suspecting this is why she gets so upset. For instance I brought her to the laundry room with me and tied her to a table across the room while I took the clothes from the washer to the dryer and EVERY time I walked away she'd frantically bark and whine even though I was obviously only a few feet away and not leaving anywhere!

THE TRICKY PART is that we actually plan on giving her service dog training/vest so we can take her with us everywhere(we're both busy college students so we thought it would be best for her if we trained her to come with us everywhere) so I don't know how to address the separation anxiety since she will be with us most of the time.

TL;DR:", puppy just whines and sleeps in crate most likely from separation anxiety but we intend to service train her so she will have constant contact with us anyway. 
99,"SUBREDDIT: r/Dogtraining

TITLE: Frank is ill - any advice in the mean time? (off to the vets in 4 hours)

POST: Frank, my 6 month old miniature Dachshund has become a sickly pup over the last two days. He's a healthy weight and has a great life style with 3-4 little walks a day and lots of love. 

Yesterday he started to have green, strange, smelling puss coming out of his eye, which i think might be conjunctivitis. It doesn't bother him, he doesn't seem to know it is slightly irritated. So i booked a vets appointment this morning. But since then he's been coughing strangely and has puked up white bile twice.

He's very happy in him self, healthy wees and poos and eating like normal, maybe a little lethargic but i think i'm over worrying. Is there anything I can do to help him get better, or anything symptoms i should be looking for to help the vet before we see them in a few hours?

TL;DR:"," pup has green puss eye and has been sick a couple of times, any advice before i take him to the vets?"
100,"SUBREDDIT: r/Dogtraining

TITLE: Blind pug with barking issues

POST: Okay I will try to keep it brief. My dog is a blind pug and he barks at almost every noise that he hears. He has been blind for a few years now, and he is only about four years old. My theory is that my dog is barking out of anxiety.. I have tried every method of training him to stop barking that I can find on the internet and even hired a company to help ""bark busters"" and did everything they suggested. 

Methods I have tried include:
bark collar, spray bottle, positive reinforcement when he stops barking, teaching speak in order to teach quiet (he just continues to bark even without the command until he realizes I am not going to give him any more reinforcement), using a loud distractor during barking, exposing him to certain sounds and rewarding him for not barking.

Frankly, I am exhausted. I work go to school and have an internship right now and when I am home I just want to relax not try to calm my dog down every time a neighbor opens or closes a door... We live in an apartment and he has amazing hearing so sometimes he barks at things I cannot even hear. 

PLEASE HELP ME REDDIT

TL;DR:"," PUG WONT STOP BARKING, TRIED EVERYTHING WITHIN MY MEANS AND HE WONT QUIT."
101,"SUBREDDIT: r/Dogtraining

TITLE: I'm feeling overwhelmed with my multiple-dog household...

POST: There are three dogs in the household. One is causing no problems at five years old, but the younger two: 
Boyfriend got a german shepherd puppy... she's 17 weeks now and has just... stopped listening. If she thinks you can grab her, she'll pay attention, but even then it's just barely. She's okay when she's on her own, but when you add Lucy...

One year old blue heeler who LOVES to listen and play with you. Her favorite game is to hide, wait for you to call her, and come bursting happily out, sprinting towards you. This dog is amazing, highly trainable, and LOVES it. 

I do a lot of clicker training, both with dogs and horses. I train horses for a living and so sometimes it's hard to get out of the ""herd"" mentality and think more like a dog. 

When the blue heeler and the puppy are together, I just cannot get either of them to pay attention. The puppy blatantly ignores me, and if I bring the clicker out and start clicking behaviors I like, she goes into shark mode and starts biting the blue heeler and trying to get her treats. Even the heeler won't pay an ounce of attention when they're together.

TL;DR:", two young dogs that are pretty good on their own go nuts when they're together and don't listen to anything. What exercises should I start with / what am I doing wrong?
102,"SUBREDDIT: r/Dogtraining

TITLE: I need suggestions to tire puppy out, without letting her get overly excited.

POST: Hi, as title says, I need ideas for how to tire my puppy out. She's 10 weeks old and goes from 0/10 to 11/10 threshold excitement very quickly. When she gets super excited, she stops responding to yelps as she nips... and unfortunately our house isn't  set up to just leave her in a room and ignore her briefly, it's a super open floor plan.

Just read some things that playing chase with her, and tug of war are bad when she's still this young and mouthy because it can encourage the mouthiness. Which certainly seems true, she's getting worse not better.

But she also needs exercise, she hasn't had her full series of shots. We try and do puzzle toys with her but her attention span is too short to stay interested for long. She's also not extremely food motivated. She gets full quickly and makes training more difficult as a result. We use her meal times as opportunities to work on commands, but we're still at the stage where lures are necessary for her to understand. (We are coming along with sit though, she's starting to do it on her own!)

TL;DR:"," 10 weeks old, we've had her for 2 weeks. Staffordshire bull terrier (pitbull). Super mouthy, need lower excitement level methods of exercising her."
103,"SUBREDDIT: r/Dogtraining

TITLE: Rescue dog starting to nip at males, any advice?

POST: My SO and I[F] rescued our adult, 55lb shar pei/boxer about 1.5 years ago.  He has overcome many obstacles (heartworms, separation anxiety..) but has always been a very anxious dog.  I think he had an owner that trained him very well but then something happened and he ended up as a stray that has had a hard life and has the scars to prove it. I don't think he had much or any socialization with other dogs because he would do the lunge-and-attack quickly followed by a retreat, usually with him standing between my legs shaking whenever he saw another dog.  He has gotten MUCH better with his interactions with other dogs-no longer lunging, starting to meet and greet some other dogs and even behaved like a gentleman when he was surrounded by a pack of small dogs.  

I'm so glad he has overcome all of these but now he is starting to air-bite or nip at men.  It has happened a couple times now, once our gardener came into the backyard unexpectedly and he air-nipped him.  He alternated trying to be petted with growling and air nipping at my sis' ex. (He was talking with his hands at the dog's level and he tries to pet himself with your hand if he can reach).  Our landlord came over to work on something in the garden and our dog didn't act out when we weren't there but nipped at him when I was home. And most recently, my BF took him into his work office and when a colleague came into his office he bit him resulting in the bruise.  We have tried to disciple him as best as possible-he has been in obedience training and I have downed him and told him, ""no."" when I was there, my bf told him no when he was in his office.  These instances have all been at least 2 months apart.  Any suggestions? I just don't want this to get out of hand.

TL;DR:", Adult rescue dog has started nipping and air biting men in the past few months.  How do I stop this behavior when it happens infrequently and never was an issue before?
104,"SUBREDDIT: r/Dogtraining

TITLE: Help r/dogtraining 10 month old American Eskimo getting more aggressive

POST: My girlfriend has a 10 month old American Eskimo. In the last 2 months, we have found him getting more and more aggressive when he is placed in a crate or when he is tied to a stationary object. We've been trying to train him to behave while crated, but our ability to treat him for good behavior is a struggle. During the daytime it is fine, but at night, he will bark relentlessly until he is released. When crated, if you walk by him, he will snarl and has even started to snap when a hand goes near.

I've been reading articles about Dog aggression and establishing dominance, but we are also looking for some strategies that can be used immediately. We are also looking for professional help as well, but funds are not very high to pay someone.

TL;DR:", 10 month old American Eskimo hates being crated or tied to a bench. Getting more aggressive and snapping now. Tips appreciated
105,"SUBREDDIT: r/Dogtraining

TITLE: Question about puppies playing too rough

POST: I adopted a couple lab/catahoula pups a week ago (they're 9~ weeks old now) and they're very sweet and lovable but they play a bit too rough. I understand pups are going to wrestle, jump and bite on each other, but it seems like they're doing it too hard. 

Usually (from what I've seen/read) pups/dogs will play and when one of them gets hurt, they'll yelp and the other dog will stop/get off. But these 2 will bite each other and even if the other one yelps, they keep biting until I yell or pull them off. They don't avoid each other and even sleep in the same bed just about every night. They just don't seem to know when enough is enough. I'm afraid that I'll come home to one of them bleeding.

TL;DR:"," the pups will bite each other hard, and keep biting even if the other one yelps. Do I have a cause for concern? If so, how should I get them to understand that playing shouldn't hurt?"
106,"SUBREDDIT: r/Dogtraining

TITLE: How can I help my rescue with stress and anxiety around strangers?

POST: I rescued Morty (8 month old male) last week from a neglectful home. From what I've gathered, he spent the majority of his day in a kennel. He was the only pup of his litter, so the only dogs he was socialized with were his parents and the only people he was socialized with were his owners. When I first met him, he barked for about 5-10 minutes and didn't trust me, but eventually he warmed up to me and now he's incredibly friendly. He's also friendly with my roommate and my roommate's dog, but only after introducing them slowly.
 
I've taken him to Petsmart a couple times and I walk him on campus occasionally. His reactions to unfamiliar people and dogs are mixed. Generally, he'll seem very interested and try to pull towards them (we're also working on loose leash walking). If he does get close, he'll bark at them. What can we do to work on this?  
   
Also, he isn't neutered yet but that's going to happen in the coming weeks. I don't know if that will have any affect on this problem but I thought it might be important to mention.

TL;DR:", Dog wan't socialized at all and is only friendly with people/other dogs if they are introduced very slowly. What can I do to help him gain more trust/confidence in strange people and dogs?
107,"SUBREDDIT: r/Dogtraining

TITLE: How to help dog overcome PTSD?

POST: Have a 3 year old Chihuahua-Papillon rescue who is spunky and hilarious and the love of my life. I've been with him for a year, my SO has had him for a year and 9 months.  
He gets spooked by a lot of random things, and we've very patient with him, but a few days ago we had to turn the wall-unit AC on for the first time and since then he's been PETRIFIED to enter our bedroom after dark.  
He's fine running all over our room happily during the day, but he won't even accept treats on our bed at night now, just tries to get out of the room as fast as possible.    
  
I miss sleeping with my best friend. I hate seeing him scared and uncomfortable. He's too upset to come in the room, but it also upsets him to sleep without us. He stares at us from the couch in the living room all night and it would be hilarious if it weren't so sad and pathetic.  
  
He has experienced multiple wall-unit AC's in his life, I've slept with him numerous times in my old house with louder, windier AC's and it has never been a problem.  
  
How do I reaccustom him to life in our room? How do I help him get over whatever spooked him so terribly this time vs. any other time we've turned it on in other houses?  
I led him to the room with meat today and got him as far as the threshold of the door and then my SO made a little noise and he got spooked and started trembling and ran away.  
I have no lack of patience, just a lack of knowledge. Help me help him feel comfortable in his home again.

TL;DR:"," dog is petrified of AC, didn't used to be, how do I help him feel comfortable in my room again?"
108,"SUBREDDIT: r/Dogtraining

TITLE: Trouble house training adult dog

POST: I have a 6yr old male bichon frise. He's not truly potty trained. I can never catch him in the act of accidents in the house, he just won't go in front of me so I can't correct him on that. He goes outside and enjoys being in his cage. He even goes in it on command but comes back out shortly after. 

Recently we just moved into a new apartment. He constantly barks in his crate when I can't watch him making it hard for me to sleep. He doesn't pee or poop in his crate. I got him doggie diapers and he tend to soil those, again can't actually catch him doing that either.

At this new apartment he really won't go to the bathroom outside. I bought this spray that's scented for the dog to relieve himself wherever I spray it, but he ignores it. I really need help with this.

TL;DR:"," adult dog won't pee outside, pees inside when I'm not watching and barks in crate all day. How do I house train with these problems?"
109,"SUBREDDIT: r/Dogtraining

TITLE: my dog is a maniac around other dogs and people. help?

POST: i've become very frustrated with my dog lately... but only in public! at home he is such a good dog, then as soon as i take him somewhere he is completely different. he becomes VERY excited when he sees people or dogs. he starts barking like crazy, shaking, squirming around, doing everything he can to get to them.  if he does get to them he basically just licks them a bunch and cries with excitement while jumping all over them. he really just wants to love everyone, but hes being annoying about it.

it doesn't help that he is a small dog, and everyone that sees him approaches him by running up to him and saying ""OMG SO CUUUUTE!"" in a squeaky voice. people even pick him up without asking my permission!

we are in training classes, and he does well with everything we've learned (sit, stay, lay down, leave it, drop it, heel, loose leash walk, etc), unless there are people or dogs he doesn't know around.

i've tried training him to sit in order to be greeted and treating him (and it works in controlled situations), but he just will not listen to a thing i say when he is trying to get to a person or a dog. the best i can do is steer him clear of other people and dogs that may be in our path, but i dont want to do that. whats the point of taking him to the park, petsmart, etc, if i need to keep him secluded from everyone?

speaking of petsmart, hes so bad, that all the people that work there know when hes in the building when they hear his shrill bark of excitement. i get to the checkout and they say things like ""oh i knew it was you sylas, i know that bark!"" followed by a ""oh goochie goo you so cute here is a treat!"" ಠ\_ಠ

so how do i fix this behavior? once upon a time, i wanted to train him to be a therapy dog. that seems nearly impossible with his personality. id be happy if i could just take him out without feeling embarrassed.

TL;DR:", my dog is overly excited about meeting people and dogs to the point of being annoying and embarrassing. help me fix him!
110,"SUBREDDIT: r/Dogtraining

TITLE: TIFU by not taking my dog home, and someone got bit.

POST: **Too long, didn't read at the bottom.**
I have a lab-collie mix. I adopted him 6 years ago, when he was about 1 year old. He was a failed hunting dog, and his owners were really hard on him. They we big, tall men.

Fast forward to now. My dog occassionally barks at big men, but will eventually come over to them and be friendly. You can tell he's not always sure of it though. He will:

* Lick his lips
* Put his ears down
* Whine and growl when they come closer 

I know these aren't good signs, but it was never a huge issue as he was always protective of my ex-girlfriend when we lived in a bad neighbourhood. I would go so far as to say we encouraged his protectiveness. However, today I reaped what I sowed with my laziness: today he was barking at a friend who he never has trusted. This man gave him treats, and let the dog walk over and lick him, but the dog never was too happy. Well, the man got up and tried to pet the dog. I saw him shying away and looking wide eyed at him. I should have known to remove him from this situation. The man pressed forward and finally the dog nipped his hand. Didn't break the skin, but it's the first violence I have seen from him and could have been a lot worse.

Any tips or advice? I need to work on this before someone gets hurt and I lose my best friend.

TL;DR:", My dog is scared of men and I let someone push the situation and they got bit today. I need some help correcting this.
111,"SUBREDDIT: r/Dogtraining

TITLE: Suddenly barking and growling inside crate at night.

POST: Last night my 8.5 month old Australian shepherd was barking and growling pretty consistently throughout the night. It was really apprehensive sounding drawn-out growls along with mostly loud barks and a few quiet ""bofs."" We're talking barking for a few minutes every hour or so. He will occasionally bark at our cat when he sees him around the crate, but every time I checked he wasn't around.

Telling him ""no"" or to ""lay down"" didn't have much of an effect and ignoring him didn't help either. I let him out in the middle of the night after he was quiet for a bit incase that was the reason, (after he had been quiet for a bit so I didn't reinforce that barking=no crate,) but he didn't really have to go. I don't know if he was hearing something outside that we couldn't pick up on, or if there's some other reason that isn't as obvious. 

Either way, I want to know what the best way to react would be as to discourage the behavior should it happen again. This was a new behavior and hopefully won't become frequent–I want to nip this in the bud.

**Some background:** We've crated him every night since we got him and he typically handles it really well and sleeps the whole night. He's definitely in an adolescent stage where he's barking at more things, more frequently and is testing his limits in general. He had plenty of exercise yesterday, so I don't think that has anything to do with it. (1 hr & 15 min. off-leash hike/play session with other dogs, 30 minute walk, a few sessions of practicing obedience and working on new tricks, a long with plenty of playtime.)

TL;DR:"," 8.5 month old dog who is used to being crated barked and growled all night, don't know how to handle if it happens again."
112,"SUBREDDIT: r/Dogtraining

TITLE: I don't know what else to do.

POST: 2 months ago, a wonderful 3 yr old boxer came into my life. I live with my girlfriend, and during the day Stella (the boxer) has been put in a crate. The crate is literally the largest we could find, big enough for her to be comfortable. However, she hates being left alone in it. It has gotten to the point that she has managed to break the door and get out twice. As soon as she gets out she completely destroys our house. I'm at a breaking point, I love this dog but I am truly at my wits end. I don't have any other options for her other than chaining her up outside. Has anyone encountered this issue? Please any pointers or info you have would be great.

TL;DR:"," Dog hates kennel, escapes constantly and has broken the door, destroys our house. I can't deal with it constructively"
113,"SUBREDDIT: r/Dogtraining

TITLE: Putting leash/collar on my puppy.

POST: I have a three month old Beagle/Border Collie mix.  I'm having a good time crate training, house breaking, training (sit, stay, etc.), and walking on a leash.  We're still working on bite inhibition, and generally speaking he's doing well.  Our one, big problem is trying to put on/take off his leash and collar.  Trying to put it on is always a problem; he claws and bites almost non-stop.  But, once he's on he's fine.  And then, after we're done walking it's usually, but not always, the same thing trying to get it off of him.  Anyone have any ideas how to fix it?  Thanks in advance.

TL;DR:", 3 month old Beagle/Border Collie mix taking well to his training but he's biting and clawing when putting on/taking off his leash and collar.
114,"SUBREDDIT: r/Dogtraining

TITLE: Bell training: tips, tricks, warnings?

POST: I'd like to bell train my dog.  Basically, she's inherently figured out how to get my attention when she wants or needs something, but it's a super obnoxious method.  She comes up and pants in my face/paws at me.  Typically, I get up to get out of her reach/ignore the behavior, but then she runs to her water bowl or the front door and I realize she needs something.  She used to be much worse with this behavior (it was used for ""PET ME NOW"" and ""PLAY WITH ME NOW""), but she has abandoned these instances.  I like the fact that my dog communicates when she needs something, but want to give her a more positive/less annoying way to do so.  So, figured I could at least bell train for going outside.  I think she would pick it up fairly quickly (unfortunately, she's smarter than me).  So, this being said:

-  Any recommendations for a specific type of bell or a specific brand?  In doing some internet searching, it seems like there are two options: something that hangs on the door and something that sits on the floor.  Any preference for one over the other? (I'm leaning towards something that hangs since I am not the most graceful)

-  Any hints or tips for the actual training beyond the basics that seem to be universal to every guide/commonsense?

- Any way to avoid her using it to get outside every time there's something interesting in the hallway or outside?

TL;DR:"," want to bell train my dog.  Anyone got a hint, trick, tip, or warning?  An opinion on the type of bell to be used?"
115,"SUBREDDIT: r/Dogtraining

TITLE: I'm giving up on training and I'm not sure how to feel about it.

POST: I have posted here many many times and have gotten some great advice.  I've had my puppy for almost two months now and today I have reached my limit.  I've been at home and trying to train her everyday and some days she shows great improvement, and others (like today) she ignores me completely and has been the worst pain.  

I live in a small one bedroom apartment with my husband and the dog who is up to 33 pounds now.  I walk her everyday and when it's not raining I take her to the apartment complex dog park which is always empty so she can run around as she pleases.  Today, she wouldn't listen to me in the slightest, ran from me all the time, wouldn't come, ate everything in site and I just reached my limit.  I realized I do not have the resources or skill to further train this dog.  I don't have friends to help, my husband is gone at work most of the day and it's not fair to her.  

I can't help but feel like a failure though.  I'm not a trained dog trainer, I've done hours of research and have used this subreddit like mad but in the end, I just can't do it.  Has anybody else gone through this?  Should I feel like a failure or is this the right thing to do?

TL;DR:"," I tried training my dog but I have limited resources and small space, so I'm giving up and going to take her to a class.  Is this normal or should I feel like a failure?"
116,"SUBREDDIT: r/Dogtraining

TITLE: Off-leash training, when can I be sure he'll not run after cars?

POST: Good day, r/dogtraining. 

So our 3yo mini yorkie has always disliked leashes. So much so that his previous humans (in-laws) gave up on the idea and just took him out in his bag (he's just 2 kilos). Our last attempt at putting him on a leash lead to a 5-hour frozen state (would not take 1 step) and a diarrheal episode. We thought, forget it, he'll never attack anyone (generally timid and, well, very small) so why not just train him to follow off leash? So we did. 

He does follow me around the house. He's learnt follows me around in the fenced area of our apratment-complex. His cue to stop/stay is 'stay' or me stomping. 

In the fenced area, the only time ever he doesn't listen is when he sees another dog; mostly only dogs of his size (which is good, he won't provoke a bigger dog), specially females. He's not neutered.

I want to take him out to the streets, but am afraid he's gonna run and get hit. What I understand is that, after off-leash training in fenced area, people put the leash back on to test the dog's tendency to wander/run in open areas/streets, then go on to take the leash off. I don't have that option. Should I just do it? btw, he sprints quite fast (faster than his golden retriever friend), so I won't be able to catch him in time. 

Maybe I'm a little too concerned because our friend's dog, who doesn't even pull when on leash, just ran into the middle of the street, staring at the oncoming traffic after his controlled-area off leash training.

TL;DR:", Dog hates leash. Has learnt to follow off-leash 90% of the time in fenced area. When is it safe enough to take him out?
117,"SUBREDDIT: r/Dogtraining

TITLE: Need Help with Dog and Cat Domestic Relations

POST: Good Morning everyone!

So here's the scoop. My girlfriend and I live separately at the moment, but are moving in together in July. My current roommate will be moving in with us too, so we can all save some money and be friends and live happily ever after. HOWEVER! She recently got a kitty cat. He's really relaxed, has a calm demeanor and enjoys sleeping and being a cat. 

My current roommate has a dog. We love her very much. She's totally cool around cats. An old roommate of ours had cats, and she pretty much ignored them.

So it came to this: my girlfriend's sister came to visit all the way from the Czech Republic. She came yesterday, and is staying at my girlfriend's house while my girlfriend and the cat are joining me here. 

We gave the cat the weekend to get acquainted with the house, with lots of dog- smelling stuff around. My roommate was out of town with the dog, so we thought this would be perfect. We gave the cat time to establish a safe space, which he did up by the window. When he came home we were going to introduce them slowly through the door as you are supposed to. 

HOWEVER that all came crashing down. While we were out grocery shopping, my roommate came home and kinda just let the dog in the house without properly introducing them. The dog was naturally curious, and the cat hissed and ran away. The cat did not strike the dog or anything like that, he just seems a bit nervous. 

Is there a way I can help them both be more relaxed around each other? I am nervous that the cat will be too scared to use the restroom or leave my room with the dog around. The dog pretty much ignores the cat, but the cat is just disrupted by the dog's presence.

TL;DR:"," Cat introduced too quickly to dog, is nervous around dog, want dog and cat to live happily. What do? "
118,"SUBREDDIT: r/Dogtraining

TITLE: Need advice on my 3yo Boston's aggression

POST: So my pup is about three years old and has been getting more and more aggressive towards other dogs.  It's gotten to the point where I have to time her bathroom trips perfectly so we don't encounter one of the other dogs in my building, or else they'll both start snapping and growling at each other, hackles raised and all.   

She didn't use to be aggressive at all. I got her when I still worked at a pet supply store, so between days with me there, many months of play, obedience, and agility classes, and trips to the dog park from as soon as she could legally go, she was definitely socialized.    

However, she has always been VERY toy crazy.  She'll play tug of war and return fetched balls to you, but you have to sort of wrangle them from her.  At the park this behavior has translated into her wandering by herself with a toy, bringing it to a random human (towards whom she bears ZERO aggression) and playing tug or fetch.  However if a dog comes to sniff her or even look at the toy, she will immediately lunge at them and start barking viciously.  She does not ever pursue the other dog, only warns them to back off before backing off herself, but one day the other dog may not get it and something awful could happen.   

So what do you guys recommend I do?  Anyone have any experience with this?   One note: she does have ""friends"" with whom she can play nice.  Also, she's usually okay towards other dogs or ignores them after the initial barking and snapping.  It seems sometimes like she wants to be social but is terribly awful at greeting other dogs nicely.

TL;DR:"," my dog, who was exposed to all manner of creature as a puppy, is a monster towards other dogs.  Halp!"
119,"SUBREDDIT: r/Dogtraining

TITLE: Problems with dog barking in crate after a few hours away. Neighbors are complaining.

POST: I have a one year old male labrador that is crate trained. He has no issues going into his crate in the morning when my SO and I go to work. He has a blanket and a kong with him and it is the appropriate size. We even pay for a dog walker to take him out at lunch so he is never in his crate for more than six hours. When the dog walker arrives there are no issues with him howling/barking. In the evening sometimes after he has been in his kennel for only a few hours he will start howling non-stop. There is no discernible pattern to why he starts howling/barking other than it's evening but it's not every night. We tried a vibrating bark collar and I even started going into work earlier so I can get home earlier because the neighbors complained. We have also tried playing NPR while we are away. Today we went to a movie so we were only gone for a few hours and when we got home there was a note on our door that he had started howling again. He gets plenty of exercise and before going to the movie today we took him to the beach and he ran for an hour so he was plenty tired. We have another older dog that is allowed to roam the house I'm not sure if she ever barks while we are gone but I've never received a complaint. I'm not sure what else to do and we are afraid we are going to get kicked out of our condo if we can't address it quickly. Thanks for any advice.

TL;DR:"," One year old lab, crate trained, sometime begins howling after a few hours in evening. Neighbors complained, afraid we are going to get kicked out. Please help!"
120,"SUBREDDIT: r/Dogtraining

TITLE: Trouble training Mama's boy with/without his Mama

POST: A week and a half ago, I decided to adopt this beautiful little dog, because she was the most calm dog I'd seen in a long time.  While waiting to get the paperwork for her, I was seated next to a kennel that contained her 8-month old puppy.  He was the last one left of the litter that she was picked up with last Summer, and he kept sticking his paw out to scratch her ear.  I asked to see him too, and it became clear that I would do well to take them both.  Here's a picture:

They are still great, and I love them both, but they were not walked or trained, since they had a yard.  Subsequently, I have been somewhat frustrated trying to walk them together while also promoting loose-leash.  I have decided to walk and clicker-train them separate.  I've read quite a bit about strategies, so I try to make the training fun for both.

The problem is that when I try to walk him outside, I provide click-treat incentives to keep moving, but we have never gotten more than 30 feet from my door, because he will sort of shut down, tail between legs, crouching to the ground after a while until I change direction back towards my apartment (and his mother).  He also won't play with me/toys much and will keep coming back to try to rough-house with his mother while I'm petting her.  She doesn't have the energy he does, so if he only plays with her, he ends up with a lot of bottled up energy.

I'm planning on continuing to train them separate, and I know it will take time, but I was wondering if anyone had any tips on dealing with that kind of separation anxiety during the training process.  It's better since I've gotten them separate kennels, but I really don't want him to see training as a negative thing (being taken from his mother)

TL;DR:"," Adopted mother/son pair, son won't walk/play without her, and I want to train them both."
121,"SUBREDDIT: r/Dogtraining

TITLE: My dog attacked me - what do I do now?

POST: I've been fostering a dog (Duke - boxer/Bassett hound) for the past 3 months and was planning to adopt him next week but don't think it will happen after this. Not sure what to do now...

I live in Virginia but brought him to my families home in Massachusetts so he could swim in the ocean and meet my sisters dog (jambo - yellow lab). They met Friday and  played a long great. I made sure food was separated but they shared toys with no problems and no barking or growling. On Saturday Duke started growling and discovered i had accidentally left out a bully sticks. So I immediately took it away, hid it and the growling stopped. 

About 1.5 hours later, out of nowhere Duke goes after Jambo aggressively right at the neck. I freak out and separate them.  I turn around and get 1-2 steps when Duke went after my calf. He bit down hard, readjusts, bit down again and my uncle had to pry his jaws out of my leg. It was pretty bad and I was in the ER all night and transferred to a larger hospital for fear of loss of limb. I'm OK now but will take 3-4 weeks to heal and fully recover. 

I just don't know what to do next. This dog was perfect, I loved his so much but not sure I can trust him anymore. It was probably the circumstances but still. Every time I hear a dog bark or think I hear something I get nervous and I'm having trouble sleeping. 

I don't even know how to get the dog home. The rescue group wants me to bring him home but I can't drive 10 hours with him in the car. I can't even look at him. Animal control is holding him for me now til we figure it out. Any advice on what to do?

TL;DR:", My dog bit me really bad in MA and I'm from VA - not sure how to get him home or what to do next.
122,"SUBREDDIT: r/Dogtraining

TITLE: Question on putting an undesired behaviour on stimulus control to get rid of it.

POST: I have a 5 month old male puppy. He likes to bark. He's pitbull mix and he already has one of the loudest barks I've heard in my life. My other dog never barks, so I'm not sure how to deal with it. Sometimes I can interrupt him (I'm working on conditioning a positive interrupter) but sometimes not. The two main situations that I see as frustrating are:

 - when I leave him in the car (in a cage, with a water bowl, all car doors open, me in sight) and he sits there watching me train my other dog, he barks constantly. He turns into a monotonous, one-bark-a-second barking machine. He only does this if I'm working with the other dog, if they're both in the car he's quiet. So far I've ""handled"" this by ignoring him, and throwing him treats and giving him attention when he's quiet, but it doesn't seem to be working and it's getting seriously frustrating. I've teached him to be passive when I work with Lady in the house (he will lay on his bed and watch) but it doesn't work when whe're anywhere else but at home. 

 - When he's aroused for some reason. If we are somewhere where there are other dogs (in puppy class for example) he will just verbalize his exitement. Half of the time he's not even barking at the other dogs, he can sit with eye contact but still keep barking. Or he can heel with eye contact but still keep barking. Like how the hell do I interrupt that? 

I thought of teaching him to speak on cue, since that would enable me to teach him to be quiet on cue. But I'm afraid he will start barking for attention and just bark all the time. Does anyone have experience with this?

TL;DR:", Barky dog barks a lot. Is barking too self-reinforcing to get rid off by putting it on cue?
123,"SUBREDDIT: r/Dogtraining

TITLE: My puppy is energetic, he chews on everything so my parents want to give him to a new family. Help!

POST: So I have a fox red lab named Fenway. He's turning a year old next month, and he's on the rowdy side. I love this dog with all my heart, he's my best friend. He is still in a crate, and when he needs to come out, he bites EVERYTHING. Our hands, the furniture,  and today, he ate my dads shoes. Tonight, my parents came up with a conclusion that they might want to give Fenway away. It's understandable, they are on the older side, and they want to relax. On the other hand, I love this dog so much and I know that somewhere in there, he's just... Bored. He has many chew toys, and we are starting to walk him two miles a day. If any of you are familiar with ""Bark Busters"", that is what we are using to help Fenway.

TL;DR:"," I love my dog, my parents want him out. He's almost a year old and his problem is chewing on us and the furniture. "
124,"SUBREDDIT: r/Dogtraining

TITLE: Help! My new dog is completely freaking out!

POST: Please help with some advice, been reading online and getting conflicting advice! My boyfriend and I brought home a 9 month old Jug last night (pug & jack russell). Her family just had another baby, and they couldn't take care of her anymore. She's not a barker, and when we were taking her home, she was fine.  Unfortunately, a couple hours later, after taking her for a walk, she started freaking out badly, seemed like separation anxiety for her family and the shock of being somewhere she doesn't know with new people. By freaking out, I mean she started running around the apartment like a maniac, to the point where it looked she was going to hurt herself, and started almost biting us. Now when we picked her up from her family, she was running around a lot, and ""mouthing"" but not biting, so this is clearly behavior she was allowed to an extent, but is now to the extreme because she is terrified. We've had to keep her in her crate when not on her leash because she will not calm down in the apartment when free. Is keeping her in her crate too long a bad idea when she may hurt herself throwing her body around the apartment? Should we just let her run around like a maniac until she tires herself out, and then praise her? I'm confused because I don't want her to think the behavior is okay, but I do want her to start getting used to her new home. Please help, I appreciate any advice on how to get her to calm down,we can't keep her in the crate forever!  Were trying to make sure we're always calm with her.  Taking her for a long walk this morning as well, where she will be made to heel.  Do I let her get away with a fair amount of bad behavior for the first few days while she adjusts?

TL;DR:"," got a 9 month old jug, she is freaking out to the point of aggression and hurting herself due to the shock of being taken from her home"
125,"SUBREDDIT: r/Dogtraining

TITLE: Can anyone suggest a good dog training site or e-book or book for me on positive reinforcement training and dealing with separation anxiety?

POST: Hello I recently got a new dog from a pound/dog rescue who is a 2 yr old staff cross and although i have had a dog before and know quite a bit of the basic training about being the 'Alpha' and dominant, i've also been reading a lot about positive reinforcement and calming signals etc.  The main issue i have is my new dog suffers separation anxiety and will practically scratch a hole through the door if left alone or outside.  I don't particularly want to start using force or aggression to stop this behavior as i'm sure it may do more damage than good. I am aware that solving this will take time and even months of training so i am willing to learn about what i think is the more suggested style of obedience training being positive reinforcement.  If any of you have experience with this sort of situation and wish to share some of you wisdom that would be appreciated. I am very interested in being able to read a good source on the training method (books etc) so that i could also use it as a reference point in future.

Thanks everyone

TL;DR:", 2yr old staff cross from pound has separation anxiety and i want to learn how positive reinforcement can be used to deal with this and train her
126,"SUBREDDIT: r/Dogtraining

TITLE: Need some help on stopping the digging.

POST: I have a 6 and a half month old corgi pup.  He's recently started digging like mad when I leave him alone outside for even as little as five minutes.  Fortunately he doesn't dig under the fence, but I'm afraid that if I don't break him of this behavior, it might eventually get there and he'll get out of the yard.

Of course the easy answer would be to not leave him alone outside for any period of time, but I really don't want to do that.  He loves being outside and I'd like to be able to leave him out there while I'm doing things inside.  Right now though if I so much as come in to get a drink of water, he starts digging furiously.  He then comes up to the door when I call him absolutely filthy.

I could use some tips on how to train him that digging is bad and he absolutely cannot do it.

He has plenty to do outside as there are many toys out there, and I do play fetch with him and stuff.  We also go on frequent walks.  Once he dug a huge hole almost immediately after returning from a two hour trip the dog park, so I don't think it's that he's bored or has too much energy.

TL;DR:", 6 Month old corgi pup is a furious digger even when he's only left alone outside for any period of time.  I need help stopping him from doing this.
127,"SUBREDDIT: r/Dogtraining

TITLE: My dog made me fall to the ground in an attempt to greet a pack of dogs during a walk.

POST: We adopted our 5-year-old lab mix about a month ago. So far, everything is great, except for a few problems on the walk. The other night, she accidentally pulled me to the ground after a pack of dogs started barking at us.

Here's what happened: I was on a run with the dog, and we passed by a soccer field where a bunch of kids were playing sports and many parents were watching. (In other words, lots of noise/lights/people/etc., so very exciting.) A man who had a pack of three dogs with him started coming our way — one was a German shepherd, one was the size of a boxer, and one was a small dog who was barking frantically. Since I don't want my dog to ""meet"" any dog that is barking or acting aggressive, I decided to just ignore them, and keep on running.

Well, the German shepherd all of a sudden lunges toward my dog, and in response, my dog starts pulling towards the German shepherd. I was mid-step, and the force of my dog pulling toward the pack of dogs made me fall to the ground. I landed on my side. It hurt, but I was okay. 

The leash fell out of my hand when I fell, and the man walking the three dogs grabbed my dog's leash and held it for me while I got up. If this was an aggression thing, I think the dogs would have started fighting. But no — they were just sniffing each other. 

My question is this: What the hell happened here? Could I have handled the situation better? How do I contain my dog's excitement when we encounter other dogs during a walk? I admit I should have been paying better attention; maybe I could have prevented myself from falling if I had been more conscious of what was going on with my dog than just having a good run.

Any insight you could bring to this situation would be much appreciated. Please note: My dog is not aggressive toward other dogs at all, but she LOVES greeting other dogs during walks. (Just wants to sniff dogs' butts, etc.)

TL;DR:", My dog got so excited when she saw some other dogs that she pulled on the leash hard enough to make me fall to the ground. What happened here?
128,"SUBREDDIT: r/Dogtraining

TITLE: Dog is super friendly/loving to humans. Big bully to dogs...

POST: Border Collie, age 5 years.

She's a super softie if humans are involved. Rolls over for small children and generally can't get enough of humans.

However introduce a dog? Complete change. If there's a toy, it has to be hers; she'll take it no matter what. Treat? It's hers.

Strangely, when she sees a new dog, she gets interested and even gets low to the ground and sometimes even rolls over submissively. And then she wants to play with the dog. But 9 times out of 10 when the playing starts the other dog finds it too aggressive of play and wimps out and then she feels dominant.

She spent every workday from age 4 months to 8 months in petsmart playplace so I wonder if she learned she could dominate all the dogs in there and it just stuck? Can I train her out of this type of behavior? Right now it's tough taking her to dog parks since she'll go around stealing toys and if another dog is going for it she'll growl and/or nip until its hers.

TL;DR:", Dog loves humans. Bullies other dogs and steals their toys/treats. Not sure how to fix it...
129,"SUBREDDIT: r/Dogtraining

TITLE: I need to reverse a fear of men before this is too late.

POST: I have a Great Dane who is about 15 months old.  From 10 weeks we started socializing him with dogs and people alike.  He was coming along just fine until about 1 year.  As far as I know there was no incident that triggered this, but he started being scared/aggressive toward men.  He puts his tail between his legs and barks at them excessively.  He is very treat motivated during training, but if we give any male a treat to give him the dog will back away and put his tail further between his legs.  In the beginning we would have any men just completely ignore the dog and after about 5 minutes, when he realized they were harmless, he would come up and be their best friend .  We recently moved so he has been stressed out and yesterday my friend, who has worked at a dog day care for years, and has always been able to get the dog to play with him, came over.  He went to the extent of laying on the ground to show submission and the dog was still skittish and barking at him.  

Kickers .... His dad is terrified of men way worse than our dog is acting even now.  He seems to be absolutely fine when he is in public and this behavior (I believe) is isolated to when he is defending our home,  myself, or my girlfriend. I really hope I can reverse this behavior before he becomes a very big problem when we have guests. 

Does anyone have advice?

TL;DR:", Dog liked everyone.  Then Dog didn't like men who came to the house but would warm up to them if they ignored him.  Dog began to not ever warm up to them.
130,"SUBREDDIT: r/Dogtraining

TITLE: Need help house breaking a ~1 year old dog. Any advice would be appreciated!

POST: So my brother got this dog about 9 months ago and began ""training"" (crating) it.   Some days, my brother leaves the dog with me during the day and this dog is crapping in the house whenever it feels like.  Recently on days nobody is home, my brother began putting him in the kitchen with a gate during the day, rather than in the crate, because he feels the dog is now good enough to handle it.  Wrong.  I come home from work first and I always find pee and or poop in there; and guess who gets to clean it up?

Also, he chews *everything*: shoes, gloves, couch, etc.

Can anyone give me some advice?  I have a feeling I have to take the reigns on this one and the dog is a good dog otherwise.

TL;DR:"," 1 year old dog craps in the house after being ""trained"" (crated) for the past 9 months and also chews everything.  Need help!"
131,"SUBREDDIT: r/Dogtraining

TITLE: I thought my dog would need exercise. He gets hyper and plays, but never outdoors.

POST: I have a 7 month old German Shepperd/Black Lab mix pup. He seems scared of everything. He plays quite a bit in the house (which will turn into a problem as he gets bigger) and plays a little in the back yard.

He refuses to go out the front or garage door (towards the cars) at all costs. I'd say this is probably due to the minor wreck that he and I were in. Poor guy flew into the floor. Before that, he was still really skiddish around cars, but now he just refuses to go near it.

I try exercising him during the day but he doesn't like being outside. If I carry him out there, he just sits by the front door. I've gotten him to play a little and even run with me around the block but he is never too interested and always ready to be in the house.

Note: this is all if I open the front door or garage door. I could leave them both open over night with him loose and he wouldn't go out of them. He has no problem with the back door.

How can I fix this. I'm a pretty active person and I really wanted my dog to run with me while I ride my bike and skate. I was expecting him to naturally enjoy the outdoors and I'm really worried he won't be to excited about the water. :/

TL;DR:", my 7mo old puppy doesn't like being outdoors or anywhere near a vehicle. This is problematic because I am very active and would like my dog to be with me on road trips and bike rides.
132,"SUBREDDIT: r/Dogtraining

TITLE: Separating our dogs

POST: Hey guys first post here I have a 1 year old black lab and a almost 2 year old puggle we've had the lab since she was a puppy and when we moved to a new apartment we were having a lot of behavioral issues with her so my wife thought it would be a good idea to get an older dog to help calm her down that's when we adopted our puggle about 7 months ago. For the most part it has helped our lab but due to the puggle being smaller it didn't do exactly what we were hoping it would do by being a better influence on our lab to do good things.

Now we're coming to another crossroad in our lives and looking into downsizing our apartment for a year or two to save up for a house but with that I've been thinking for a while that as hard as it may be we possibly need to downsize the number of animals we have (2dogs and 2 cats) luck so has it my wife's younger brothers dog just had to be put down. Her younger brother has dysotonomia which affects his energy levels among other things so my in laws were actually hoping to get him a new dog soon to help keep his energy level very active and give him some more responsibility.

So for right now we are trying to see if our puggle is a good fit and hence my reason for posting this long post of nonsense, I'm worried about how my lab is going to do. From any of your prior experience what happens when you separate dogs that have spent every minute together for the past 6 months, sure it's not a long time but how do I make this a at best semi smooth transition for our lab and for the puggle? 

Right now the puggle has spent the day with my in laws a few times now and she is now going to spend the weekend to see if everything will work out. My lab has noticed she's gone and is a little mopey but still active when I play with her.

Help me.

TL;DR:", Separating our pups that have been together for 6 months for a pretty good cause how do I make it a smooth transition?
133,"SUBREDDIT: r/Dogtraining

TITLE: My little dog is regressing...getting aggressive and scared when big dogs approach & smell her

POST: Hi. I've had my 13-pound bichon-mix for a few months but I'm still a new dog owner. She was a rescue and seems to have quite a bit of anxiety, in general.

However, she was a champ at the dog park. She'd run around all crazy with big dogs, little dogs, chasing, and just seemingly having a ball!! It was so much fun to watch.

The past few weeks, she's stopped playing at the dog park and is ""velcro"" dog....staying next to me and my spouse. When other dogs approach, she ignores them. ALL of them--big and small.

When a bigger dog approaches her in a friendly way, or sniffs her, her tail goes between her legs and she lunges and barks aggressively so they leave her alone. This behavior came out of nowhere! Why is she suddenly scared?

It makes us sad to see a dog who used to have so much fun at the park regressing and being more fearful. :( The only thing I can imagine is that maybe a big dog really scared her recently at the park (or maybe even hurt her) but we didn't notice it? And now she is scared?

TL;DR:", My formerly happy-at-the-dog-park little dog is now aggressive towards bigger dogs that smell her and approach her. How can I fix this?
134,"SUBREDDIT: r/Dogtraining

TITLE: help with 5 month old golden/lab mix.  too many accidents in the house.

POST: Good afternoon everyone.  So I have a 5 month old golden/lab mix.  She is a really good dog deep down.  She has her little quirks.  

Now we got her at 8 weeks old and understand she is still a puppy and accidents will occur.  We have in the past scolded her about accidents in the house but after doing some research have stopped this.  Progress is being made as she now asks to go out for poops but not so much for pee.  she will usually just find a spot and squat and open the flood gates.  

Now keep in mind she is completely random when she does this.  I have not been able to find patterns.  Just whenever she feels like it.  I have tried scrubbing the spots with lightly diluted vinegar and water to eliminate her scent but it does not seem to help as she just goes back to it and remarks the spot.

I have rewarded her with loads of praise and treats for a successful pee outside as well as poop. This has led to very limited success.  I refuse to give up on her but with the holidays approaching I would like this dealt with so that we can take her with us places.  

I am desperate for help guys.  anything you can suggest would be greatly appreciated.

Also as a side note.  she is a very smart dog.  picks up on tricks very fast.  we have sit, shake paws, and high five in sequence down cold.  Almost got lay down solid too.

TL;DR:", dog asks to poop outside but says kiss my furry arse when its pee time.  my hardwood is suffering.
135,"SUBREDDIT: r/Dogtraining

TITLE: Dog has an issue with a neighbourhood dog, how should I handle this?

POST: My dog is a friendly dog, a little nervous around people, but I take her to the dog park constantly and there's no issue with this. She loves other dogs, and is very patient with most.

Then there's this one dog. First time I met it the dog lunged at mine and my dog responded, slightly, but not much, telling it to back off. The dog went pretty crazy, lunging, growling, and barking and such. Second time they met, the dog again went crazy. This time my dog was a little older, and didn't hold back at all. My dog growled and lunged at it, similar to how the other dog did, but I managed to hold her back.

Now whenever they see each other both dogs pretty much just go crazy. Nothing has had the chance to happen between them, but I'd like to know how people would recommend me to deal with it. It's not possible to avoid it completely; they live in the block right next to mine.

What I've been doing so far is simply stopping up completely if it gets really crazy. The dog owner has their dog on leash too, and knows to not get close. I stop up and then I hold my dog by the collar or harness and then I tell her to stop until they walk away.
When she just notices the dog and tries to look for it, I simply keep walking and then I praise her whenever she looks away from it or walk in the opposite direction.

The dog might be a terrier according to someone I know, and is probably around 30 pounds, whereas my dog is a husky mix and is around 55. I feel like my dog, being bigger shouldn't react like this as I doubt the little dog would be much of a threat for her. I do not know the little dog's gender. Any help on how to deal with this would be very much appreciated. :)

Note, I looked a bit for similar post to this, but couldn't really find one.

TL;DR:"," My dog has an issue with a 30 pound dog, she's 55 pounds, she only has an issue with this single dog, I want to know how to act towards my dog when they meet."
136,"SUBREDDIT: r/Dogtraining

TITLE: Bird dog chasing squirrels and rabbits?

POST: Hi dogtraining community!

Ive got a big 1yr old GSP that recently stopped having a major interest in the dog park. When she was a pup, I could take her there and she'd get all the exercise she needs but now, the best way to tire her out is running. BUT, since Im not a marathoner, i got one of those petego bike attachment things to bike while she runs next to me. (I live in an urban area without large dog runs)

The problem is squirrels and rabbits. She is a bird dog and will stop/point/slowly stalk pigeons/birds on walks, but with rabbits and squirrels she actually tries to take off running after them - while on the bike thing this is very dangerous and I've fallen off several times because of her unpredictable attention switch. 

So far, Ive addressed the safety issue by riding a little slower, watching her more, and now the problem is just that she is a total pointing statue and won't move except to try to chase. Even if I physically turn her head she goes right back to pointing when I let go. 

So far the action I'm taking re: training is just to work on leave it WAY more with her. Taking the advice in this article:  But I worry that just like her ""come"", she won't obey when it REALLY matters. Is it just a matter of practice to make them obey even when it seems like nothing can train a behavior out of them. 

Ive read gun dog forums that push ecollars but I won't go down that route.

TL;DR:"," Dog tries to chase rabbits/squirrels. Is teaching her ""Leave it"" really well enough or is there more I can do to combat this?"
137,"SUBREDDIT: r/Dogtraining

TITLE: Walking Two Dogs Together - Head Collars?

POST: Hi There! I recently adopted two shepherd mixes and I'm trying to determine the best option for walking them together. Both of them pull on the leash, but they've also made pretty good progress and I am continuing to work with them on that.  I've used a head collar with both of them, and I find it pretty effective. They definitely pull less! I've also used a no pull harness, and while that helps, it isn't as fool proof as the head collar.

Now that they are both walking more or less on a loose leash, I'm wondering if it is safe to put them on a double leash together? They are different sizes (one is about 35 lbs, the other is 70 lbs). Assuming both are using their manners they should be able to keep up with each other. Also related, I would like to use the head collars on both of them until they are really solid with heeling on a loose leash,  is it safe to use head collars on a double leash?

I'm willing to continue with two leashes if need be, but since I am the only one available to walk the dogs in the mornings I'm hoping to graduate to the ""simplest"" solution as soon as possible.  Thoughts? Suggestions? Opinions?

TL;DR:"," I have two dogs who do best walking with head collars, is it safe to put them on a double leash with the head collars on?"
138,"SUBREDDIT: r/Dogtraining

TITLE: New puppy won't stop barking in the crate.

POST: I know that I should ignore it (and I've been doing so thus far), and I wouldn't have a problem letting him bark himself retarded but I have neighbors below me and I imagine they aren't very happy about the 2am shrieking.

We feed him for the last time around 7, walk him shortly thereafter, and then play with him some while my girlfriend and I get ready for bed. Usually we walk him briefly right before bed too. Then we put him in the crate in our room and cover it when we go to bed around 11.  Then begins the 15-20 minute shriekfest.  He'll eventually settle down, but then it kicks back up every hour or so for another 10-20 minutes.

TL;DR:", Is there some sort of middle ground where I can get my pup to shut his fucking trap and spare my poor neighbors the horrible noise?
139,"SUBREDDIT: r/Dogtraining

TITLE: Papillon pees on carpet only when we're home

POST: So me and my GF got a Papillon about a month and a half ago (December 28th). He turned 3 months old on February 4th. He seems to be doing fairly well at everything we tell him to do and learns fast. However, the peeing when we are AT HOME is the biggest issue.

We both work 9-5 and we work quite far away so we can't go home during lunch to walk him outside. Thus, we have trained him to use the pee pads as he can't hold it for that long yet. He poops directly on them, regardless if we are home or not. That is not an issue at all. He also goes and pees on them whenever we are not home as usually I'll see 3-5 either wet spots or yellow stains when I get home. 

It is when we get home is the biggest problem. He will pee blatantly right in front of you on the carpet and then go hide under the dining table or the bed. It seems like he understands that he did something we will not be happy about. We usually point at the pee spot and tell him NO. It's pretty funny how he avoids eye contact and makes this guilty face. 

We live in an apartment so we don't have a doggy door and he doesn't really give us signs when he has to go pee. He sniffs for a few seconds, squats down (doesn't raise the leg yet) and does his business even if me or my GF are standing inches away from him. Perhaps he sees us cleaning it up after he does it so he maybe thinks that it's ok to pee anywhere when we're home and that we'll clean it up? He does wonder to the pee pads on occasion as well and takes a leak there from time to time when we are home, so he knows where to go...

TL;DR:"," 3 mo old Papillon pees only on pee pads when we're not home, easily takes a piss right in front of us on the carpet when we are home. Any suggestions on what to do?"
140,"SUBREDDIT: r/Dogtraining

TITLE: Help with dog barking late at night.

POST: Recently I have adopted a 9 month old half lab half golden retriever. Right now it is undergoing cage training. During the day, the dog spends around two to three hours in the cage and the rest of the time with me. During the evening, I spend some time with her and then leave her in the cage until morning. However, during this time, she barks non stop for several hours. I have tried ignoring it but that makes sleeping impossible. It has gotten to the point where I have to watch her go to sleep to get some rest. If anyone has any tips on how to solve this issue, I would greatly appreciate it. Thanks!

TL;DR:"," I recently adopted a dog and it will not stop barking late at night, which is affecting my sleep. Any help would be greatly appreciated."
141,"SUBREDDIT: r/Dogtraining

TITLE: Anyone used the TAGG GPS Tracker for a Dog?

POST: Looking for a GPS tracker or some way to keep my dog near me or to find him if he gets lost in the wilderness when we go camping/backpacking. Been reading about the Tagg tracker:

Any opinions/suggestions to alternatives?

**Background:**
My dog is a Jindo and he ran out the open backyard gate twice now. First time, a kind stranger grabbed him and returned to a vet before he got run over by a car. They scanned his microchip and got a hold of me a few hours later. The second time, my BF was able to run after him and get him back. My dog thought they were playing a game of chase and he was so happy the entire time -_____-

His recall on-leash outside is getting better (I never let him off-leash except at the Dog Park). I've been working with him on a 26ft retractable leash at the park (more ""wildnerness"" and distractions). He's getting better at coming back before getting to the end of the leash. Planning on moving onto the horse trail behind our neighborhood next month.

**NOW:**
Since adopting him a little over a month ago, we haven't been going on our usual outdoors trips so we can help train him, get him adjusted. He's at the point where I feel I can start planning for a weekend camping/backpacking trip in the fall (October/Novemberish). 

My issue is that his prey drive is really high, and while I wouldn't let him off-leash on purpose yet, I'm afraid of him finding a way to escape or of the leash breaking off or getting yanked out of my hand somehow, I'd like a way to get him back. He has tunnel-vision when he sees a rabbit. Some people have suggested e-collar/shock collar training? Does that work well for hunting breeds? I'm making an appointment with a trainer to work on recall, along with some smaller issues he has.

TL;DR:", Sorry this turned into a rant. My original question was really just about the quality/usefulness of the Tagg Pet tracker and/or other GPS tracking devices for Pets. Any other insights would be appreciated too though. :)
142,"SUBREDDIT: r/Dogtraining

TITLE: Husky Pees in My Bed

POST: A month ago I got a 4 month old Husky. She's great and was already house broken. I walk her daily and have been on vacation from school since I've had her, so we've been playing throughout the day. I let her come in and out of the house and she has no problem with managing her bladder or bowel movements. 

Every night I bring her in around 9:30/10pm for bed where she sleeps in my room in her own bed. I wake up around 6:50/7 to let her outside. It's become a routine. Problem is during the nights I go out late. On these nights I let her in at the same time I normally would, and come back home around midnight-2 am to find that she peed in my bed. Tonight I came home at 3am to find she not only peed in my bed, but also pooped on the floor.

TL;DR:"," I bring my dog in at the same time every night, but if I leave for a few hours she will pee in my bed. This ONLY happens when I leave.*"
143,"SUBREDDIT: r/Dogtraining

TITLE: Our pitbull only listens to me. /choke chain?

POST: me(f22) and my boyfriend(m21) adopted a pitbull 2 weeks ago. I watched a lot cesar millan and used his methods to be the dogs ""packleader"". My boyfriend was always around and taught him tricks as well. I would say he did 40% to teach the dog and I did the other 60%. Today we went to the park and as long as I have the toys in my hands the dog doesn't react at all to the shouts of my boyfriend. If it's the other way around the dog almost immediately comes towards me. I think my boyfriend is a little bit upset about the fact that the dog that WE wanted to have does listen better to me. Can we do anything against it? Does he just need to spend more time with the dog? 

And something else.. my boyfriend wants us to buy a choke chain for him. I am absolutely against it because I was able to teach it with a normal collar and positive reinforcement. What is your opinion on that?

TL;DR:", Dog listens better to me than to my partner. What to do? And is a choke chain a good idea in general?
144,"SUBREDDIT: r/Dogtraining

TITLE: Want to train my dog to like his outside dog run. Advice?

POST: I have a 2 year old German Shepard/lab

He sleeps in a crate in my bedroom. And used to stay in the backyard during the day. But because of some issues with the neighbors dog (they keep scratching at the fence to try and get to each other) I got him a dog run so he can stay outside but away from the fence.

I want to make sure he is comfortable with it so he doesn't feel like he is in jail when he's in there and I'm at work.

He absolutely loves the crate he sleeps in. It's his happy place and he has no problems in there but the few times he's been in the dog run he hates it.

TL;DR:", What kind of tips do you guys have to make my puppy happy to stay in his dog run? Should I only put him in there for short periods of time at first and work our way up?
145,"SUBREDDIT: r/Dogtraining

TITLE: Tips on getting two dogs to get along

POST: Long story short, thanks to Hurricane Sandy, my mother boyfriend has moved into our house since he lost his home. He brought along with him his 11 year old Black Lab. We have a 9 year old German Shepard/ Collie mix. 

In the past my dog has gotten along well with other dogs. Our neighbor had two dogs and she would jump over the fence, play with their dogs, eat their food, play some more, and then come home. This isn't the case this time. 

What we have been doing is, walking the dogs together. While walking we will stop a few times and try to let the dogs sniff each other/ get closer to one another. From what I've seen my dog, the german shepard, will approach the lab and go to sniff him. This is when the Lab will growl. And then it just goes kinda downhill from there. The lab seems scared, never getting very close to the shepard. I've notice once the shepard looked like it went to nibble sort of at the lab. Basically just seems to be a lot of tension between them. 

Am I doing something wrong? Anything that I should be doing to make this whole thing go smoother?

TL;DR:"," New Dog in the house. They don't get along, ever. Need tips on how to get them to like each other."
146,"SUBREDDIT: r/Dogtraining

TITLE: Housebreaking a new puppy that's afraid when outdoors

POST: Hi everyone,

My wife and I just adopted an adorable 13-week-old puppy from a place in South Carolina that rescued her from a kill shelter. We live in Westchester County, NY, which is a much more urban area than the puppy is used to.

We've been working on house-breaking her so that she'll learn to pee outside. We've been doing everything that the books recommend -- keeping her on a leash when inside with you, taking her outside when she demonstrates a need to pee, and interrupting and moving her outside if she begins to pee.

However, the issue is that when we take her outside during the day, she's terrified by the sound of nearby traffic. The Bronx River Parkway, the Sprain Brook Parkway, and the Cross County Parkway are all within a half-mile of our house. At night and early in the morning she freely explores and pees within 5-10 minutes, but during the day she generally tries to curl into a ball and hide in a corner near our building behind some bushes, tail glued to her butt in fear.

TL;DR:", What tips are there to try to help a puppy to pee outside when the dog is afraid of traffic in a suburban environment?
147,"SUBREDDIT: r/Dogtraining

TITLE: Recommended minimum training period for new dog?

POST: My parents lost their German Shepard / Retriever mix last Christmas, and have been missing him since then.  They would like a new dog, and would definitely make sure to take good care of it, but must admit that they are both older and busier than the last time they did the initial puppy-rearing/training phase.  I feel confident they would be capable of taking care of a dog once it was past the puppy/training period, however.

However, I may be available to stay with them over the summer and do the training for them, and from there they would be able to take care of it.  I'm just not sure if ~3 months or so is enough to get in all the essential training, or if more time would be needed.

TL;DR:"," Is ~3 months long enough to take a new puppy and give them all the essential training they need, or would something like ~6 months be required?"
148,"SUBREDDIT: r/Dogtraining

TITLE: Can my dogs fear problems be fixed or am I SOL?

POST: One year old female GSD named Leah.  She was ""raised"" by truckers who kept her in their truck 24/7 then she was dumped at a gas station.  She's scared of men, especially loud men and quick movements.  She's attacked my fiancé before because she was scared and cornered (fiancé walked up behind her to see what she was doing and she freaked).  She's an angel when I'm around and she's my shadow, but every time I leave, she turns into a ""bad dog"".  My fiancé doesn't help the situation when he yells at her when I'm gone.  So now every time my fiancé even walks past her, she yelps, urinates, and runs away.  My fiancé is fed up with it and wants her gone but I don't.  I work from home and my fiancé is gone a lot so she's my guard dog.  I contacted a dog trainer and they said they'd train her for $2,000.  I'm sorry but that's ridiculous in my eyes. Is there an at home way of fixing her fear/submission issues?  Also, anyone want to come help train my fiancé? ;)

TL;DR:"," dog is scared of men, want to help her out and fix the problem, want an at home solution. Thank you"
149,"SUBREDDIT: r/Dogtraining

TITLE: 9-y/o Lab mix is unpredictably aggressive with other dogs?

POST: My boyfriend's grandparents passed away, the grandmother 5 years ago and the grandfather last year. They had a lab mix, now 9 years old, and my boyfriend and I decided to take her in because we just bought a house. She has never been around other dogs, but is excellent with cats. One of the reason none of the aunts took her is because they all have dogs and Brandi (our dog) has shown aggression toward them.

My older sister has a 4-month-old pit. She is *very* sweet, and incredibly well trained. When they come over, the two dogs can usually play in the backyard without problems. They have played together 3 times and taken a walk together fine (We've only had Brandi a month). The problem occurred the first time when Canella (the pit) attempted to take a drink from Brandi's water dish. Brandi lunged and bit Canella, but it was stopped quickly and no skin was broken. Both dogs played fine after the incident. The second time, on the 4th, Brandi was laying in the middle of our hallway between the kitchen and the living room. Canella was attempting to walk past her into the living room when Brandi jumped up and bit her. It took a moment more to react and Canella had a small wound near her eye. My sister's girlfriend left with Canella soon after.

My sister, her girlfriend, and Canella are all about to move in with us (1 week). Is there anything I can do to teach my old dog not to react violently when something displeases her?

TL;DR:", My 9-year-old lab mix is showing aggression occasionally with our soon to be housemate's dog. How can I train this out of her?
150,"SUBREDDIT: r/Dogtraining

TITLE: Adopted dog afraid to eat

POST: Hi everybody.  We recently adopted an 8 month old Australian shepherd (named Chase).  We already have another 4 year old Aussie as well (Endo Mondo).

Our 4 yr old is the type that will eat and eat as long as there is food in the bowl.  Bc of this, we decided to feed them in separate bowls.  Chase is a nibbler so we originally left his bowl out even once Endo had to usher eating.

After reprimanding Endo a couple of times for stealing Chase's food (just a stern ""No, that's bad""), we realized that Chase would sudenly run away every time we put food out.  

So, because of seeing Endo reprimanded for stealing Chase's food, Chase is afraid to eat his own food and will only eat when he thinks nobody is looking.  

Chase must have been mistreated at his old home because he's extremely submissive and pees all over himself if you even reach to pet him from above too quickly.

I've tried a different bowl and location.  I've tried putting treats in the bowl after giving them as a reward for sitting.  Each time he either runs or pees on himself as soon as I approach the bowl or bring it to him.

TL;DR:", our new puppy saw our older dog get reprimanded for stealing the other's good.  Now he won't eat his own food unless Nobody is around.
151,"SUBREDDIT: r/Dogtraining

TITLE: My dog can't hang out with any humans except the two of us who adopted him?

POST: I need help.

I adopted a two year old dog in July to save him from death row at a kill shelter. I was going to find him a home, but two days after taking him, decided to keep him. I love him to death.
When we first took him, he was the sweetest dog to any humans that he would meet: us, our friends, waiters in coffee shops, strangers in the street. He didn't bark at all. For about two weeks upon adopting him, he was completely silent.

After those first two weeks, he suddenly started barking. At first it was only occasionally. Now he barks at literally everyone who approaches him. 1 out of 10 times he doesn't bark if a stranger talks to him.
We can't have people over, we can't take him anywhere he would be around people. He even snaps at people.
I can't put a muzzle on him because he bites me (a little, as a warning -- but I'm still afraid because he gets super anxious) when I try.

I don't know what to do. Other than this complete intolerance of all but two humans, he is an amazing dog. He loves to play, cuddle, he is gentle with cats (we foster cats and he loves every single one we take in) and other dogs, he is very intelligent and easy to train. He knows the cue for both 'bark' and 'quiet,' but he ignores me when I tell him to stop barking at a person.

We hired a dog trainer and followed her advice closely, but it doesn't help. We tried Adaptil diffuser, Calmex, treats (treats help distract him from barking, but I as soon as I stop feeding him, he's barking again.)

We don't know anything about his past, but he clearly hasn't been socialized. I would love to take him to doggie school, but am afraid he would just bark at every other owner there. When we adopted him he didn't know how to walk on a leash, how to walk up and down the stairs, he wasn't familiar with glass doors, nothing.

I fantasize about being able to take him places.

TL;DR:"," dog barks like crazy at anyone who approaches him, looks at him or talks to him, except for his owners."
152,"SUBREDDIT: r/Dogtraining

TITLE: Mouthing. My dog loves it, it is generally frowned upon, but I don't mind it. Should I stop it? If so, how?

POST: Hey there, I adopted a terrier/pit bull mutt thing about a year and a half ago. [Pics] He is a little over three now and weighs 42 lbs or so and he loves mouthing. He has since the day I got him. I was told the best way to avoid this was to just have a dog toy in hand. He is pretty well trained with the clicker and he listens very well. Although the terminology isn't standard he knows what I'm saying. For instance, instance of ""drop it"" I simply ask, ""can I have it?""

This is all well and good but the problem is, after a certain point he just disregards toys. Fetch lasts about three or four tosses. It typically ends when i throw the ball and he just stands there and barks at me instead of going after it. Tug of war lasts about five minutes and he is super strong. I'm a decently big, strong guy and he can easily throw me off balance and make my arm look like a spaghetti noodle. Keep away with a ball lasts a bit longer. Once he gets tired of those things, he wants to wrestle and I mean wrestle. For whatever reason he loves getting tossed around. He is super high energy. His all time favorite game is trying to piss me off by barking in my face then making me try to catch/tackle him. We dubbed it rage mode. He sprints around the house and parkours couches while you try to catch him. Its hilarious. I know by playing his game it reinforces the barking behavior and I shouldn't do it, but I do anyways because it find it enjoyable as well. My fiancé on the other hand...

Now he doesn't mouth anyone unless it is apparent they want to play rough and he has known them for a bit. Little kids grab his face and everything and he just licks them. He is pretty easy going in general. Is his mouthing a concern? I don't mind it and he doesn't do it to really do it to anyone else.

TL;DR:", My dogs mouths me a lot but nobody else unless he knows them well and they play rough with him. Should this be concerning?
153,"SUBREDDIT: r/Dogtraining

TITLE: Opinion/advice needed on off-leash neighborhood dog

POST: Background: My lab, age 2, came into our lives at about 1.5. A breeder didn't want him anymore but things we have learned about him is that he probably didn't meet many other dogs (he overly sniffs, prefers attention of humans, heckles always raise instantly with other dogs but it goes away in a minute). So, he is still very ""new"" to greeting dogs. But, dog encounters, when he has them, are always friendly.

First let me preface this by saying that the off-leash labrador in question is a very friendly one. She is older (probably around 7-8 years old, a rescue) and very compliant to the owner, but walks/jogs off leash around our suburban neighborhood. She typically is walking ahead of the owner, but will immediately stop and sit if the owner asks her to. 

When we do pass them every so often, she'll be trotting ahead of the owner and make her way towards us, face on. My lab will perk his ears up, furl his eyebrows (the same way he is when he's alert over a squirrel) and bark at her. They have greeted each other in the past, but she was dominating him (nothing aggressive) and we parted ways. I wanted him to calm down so I told the owner sorry, no greeting today. She sat and watched a barky Toby walk by.

TL;DR:"," Older labrador jogs/walks off leash in neighborhood, and my young lab gets tense and barky. How to deal with this type of situation?"
154,"SUBREDDIT: r/Dogtraining

TITLE: Dominant-dog tricking other dogs to approach by laying down?

POST: I'm trying to get my 2 year old 85 pound black mouth cur less reactive around other dogs. When another dog/dog with owner approaches (I go to a park where there is a leash law that most people ignore) he will go into the 'down' position. He will remain in that position until the dog is within pouncing/smelling range and then he will jump up and either be perfectly friendly or be a domineering snarling a-hole. He has been doing this ever since I got him, only he has been less friendly as he's gotten older.

I used to encourage him to stay down when other dogs approach (he is great at the down command), but I have recently realized that he is doing it without me telling him to because the other day he plopped down when another dog approached and he refused to stand/sit even when I pulled at his leash...I think he is trying to trick other dogs, and it works, but I have honestly never heard of a dog doing what he does. What is causing him to do this? Should I try to stop this behavior? How? I don't give him a chance to do this when I'm walking, but sometimes I sit down on a bench in the park to watch the sunset or read.

I've read you shouldn't pull at a dog's collar when another dog approaches because that makes them more reactive? Also, for reference, I use a prong collar (he normally heels well, but I don't like the struggle when 85 pounds of muscle decides to pull.)

For more reference, my dog is fine with other dogs as long as they are obviously submissive to him, smaller than him, and have floppy ears. He has lunged and snarled at certain dogs especially large dogs with pointed ears (I used to think he exclusively hates german shepherds.) I want to get him to a point where he is ok with all other dogs, so right now I am just trying to expose him to dog-heavy areas. My ultimate goal is to be able to take him to a dog-park, not necessarily off-leash, but without behavior issues.

TL;DR:", How do I stop dog-dominant-dog from tricking other dogs into thinking he is submissive/friendly when he is laying down?
155,"SUBREDDIT: r/Dogtraining

TITLE: My dog seems to know she has been bad when I get home. How can I ""punish"" her so she will be better?

POST: My dog is a 2.5 year old Pit/Boxer. She will have ""accidents"" inside and will ALWAYS get into the garbage if we don't put it on the counter (she has even ripped a cabinet door off to get to it). She is left alone 90% of the time for a max of 4 hours. I have been told and have read many times that dogs don't understand a punishment if you were gone when the incident occurred. But when my girlfriend or I get home she will run and hide in her kennel when she has been bad but if she hasn't done anything she will be at the door waiting all happy and waggy. It really seems as if she knows when she has been bad. So how can I stop this behavior?

TL;DR:", My dog (2.5 year old Pit/Boxer) is bad when we are gone (accidents/garbage) and she always knows when she has been bad. How I can I get her to stop?
156,"SUBREDDIT: r/Dogtraining

TITLE: 1 1/2 year old Poodle barking at guests and during walks.

POST: I have a year old French toy poodle. Great dog, full of energy, and very well behaved. I only have one gripe with this dog. When he was younger (we adopted him from a pound in Ecuador), he had medical troubles which made him very sensitive to diseases and such. He is fine now, but for about half a month or so, we couldn't walk him or pretty much take him outside at all. This led to him not being socialized ideally with other dogs or other people besides my family. We've started walking him, but there's a problem. During walks, he barks at any other person he sees, once they're about, 50 or so feet away from us. He loses all consideration for my commands and just barks wildly without mercy until we're far enough from the people, or dog, he's barking at. Aside from this, he's very well behaved. I've trained him to do about 10 commands (sit, stand up, jump, roll over, etc.) and I'm certain he thinks of me as a dominant figure. I'm the only one who walks him, so I know he trusts me. I've tried smacking when he barks and rewarding when he doesn't, but that hasn't worked. The same applies to when we have guests over. Other than this, he's been just fine. We play fetch and wrestle everyday and what-have-you, but the barking problem is huge. But because of this, I haven't been able to bathroom train him properly. What methods have any of you guys found to be effective to suppress bad barking behavior? Many thanks to anyone who gives a suggestion.

TL;DR:"," Dog wasn't well socialized as a puppy due to medical issues, barks at all strangers now during walks and when we have guests. Looking for effective techniques to train him not to bark."
157,"SUBREDDIT: r/Dogtraining

TITLE: ""Zilcotin"" My trainer is recommending it as a natural supplement to help calm my reactive dog

POST: my dog is a 10lb. Chihuahua cross Min. Pin. we've been working with a trainer for about 8 months. 2weeks ago he was greatly improving, with people passing us within 3 feet! A few days ago all that seems to have gone down hill and he started barking at cars again and people across the street,  something he hasnt done in several months. I think my trainer is afraid of having to start all over again per se and so shes suggesting a natural type supplement called Zilchotin (sp?) that she says is like Vitamin B for women who have mood swings during their period (she probably gave that example because I was saying how Vit. B helped me).  Now I should also say shes a positive reinforcement training and up to this point we've  used nothing but treats and tiny tennis balls. In the past he has had a few days of regression and evry 3months he stays over night with my foster brother, who doesnt do any training but my dog usually comes back hapoy and actually a little sad to leave him.  Any thoughts on what I should do? The other issues are that it will be fall soon which means less people out and about so it may not be necessary,  the need to ween him off of it, whether he's actually learning and the added cost. To date we've easily spent $5k in the last 8 months, not to say Im complainiing but to give perspective. The trainer gives my dog one on one time 3 times a week for an hour each time.

TL;DR:"," Should I give my dog ""zilchotin"" after 8 mo. training?Has anyone used or heard of this product?"
158,"SUBREDDIT: r/Dogtraining

TITLE: Lab late to training. Where to start?

POST: Back story: I have a 10 month old male lab mix named Doug. He was my first and only foster failure. He and his siblings (Patty and Skeeter) came to me at 5 weeks old after being abandoned at the shelter in a crockpot. A crockpot! Doug stayed with me longer than his siblings due to a long list of medical problems (dehydration, malnutrition, mange, etc.) After feeding him puppy formula with a syringe day after day, sleeping in the floor with him to keep him on a heating pad, and one terrifying night where my husband (a paramedic) had to give him cpr on our way to the ER vet, I just couldn't let him go. 

The problem: Doug started out as a 5 pound puppy that fit in the palm of my hand. He is now a whopping 80 pound ""bull in a china shop."" My other two dogs are a 9 year old dachshund and a 4 year old dachshund. Doug has NO concept of how big he is! He is an angel with my one year old daughter, but he is a big, happy puppy that has knocked her off her wobbly feet a time or two. He also jumps straight up in the air with all paws off the ground nearly 5 foot high. He doesn't jump on people, just up in the air. I accept full responsibility in the fact that it is my fault. I was so focused on his recovery that I didn't devote the necessary attention to his training. Now I am in a pickle. If I introduce proper training now, will it stick? He is house broken and knows basic commands, but he needs a lot of work on other areas. Can I make him realize how big he is? Where do I start? Thank you for any advice!

TL;DR:"," Male lab mix is 10 months old, male, and all muscle. Has no idea of how big or strong he is. What to do?"
159,"SUBREDDIT: r/Dogtraining

TITLE: Just got a new dog a few months ago, and he won't stop chasing cars. He's huge and hard to control, and I have no idea how to make him stop. Help?

POST: So recently my family got a German Shepard/Husky mix, and this month he'll be 8 months old. Since we got him, he's gotten to be big. I mean, *really* big. He's as tall as me when he stands on his back legs.

He's gotten big enough that we can't keep him in the house, so we keep him in a large kennel in the back yard. 

In the time that we've got him, he's been very good at learning the basics. He's potty trained and the perfect dog, except for when it comes to staying out of the road.

We live on the side of a major highway, so we can't let him roam free, because he won't come back to us when we call, and I don't know if I could live with myself if he got hit by a car. So we let him out of the kennel every day for about two hours. And every day, without fail, he chases a car.

I know that spending so much time in his kennel can't be healthy for him. He's a baby and needs exercise. But I don't know how to make him stop chasing cars, or to make him stop chasing and come back to us. He's so big and heavy that it's difficult to leash him, and he strangles himself every time we try, so I don't know what to do.

Any advice would really be appreciated.

TL;DR:", My puppy chases cars and won't come back to us when we call. I'm afraid to let him roam free until he understands that chasing cars is bad. What can I do to make him stop chasing cars?
160,"SUBREDDIT: r/Dogtraining

TITLE: How to break our dog's 'guarding' habits?

POST: Hello all, 

My girlfriend and I have adopted a rescue 2-3 y/o  (1/2 pitbull and 1/2 Basenji) and it's been about 6 or 7 months since we've taken her under our wing. 1st off she is loving and super sweet to all (under the right conditions). 

If we're in our home -> she's great with guests. 

If we're out walking at the park -> she's great in passing and even with light interaction. 

It's when we sit down away from home - she goes into this 'guard' mode where if other people pass by or anything passes through this barrier she sets down. She growls consistently. She's never bit - but her growl is damn scary. A simple command will have her back down - but this is a habit that doesn't seem to improve.

Usually my girlfriend and I will separate so that the pooch can't guard anyone. Then she's fine. But my girlfriend and I would like to talk while she explores the dog park or the outdoors. She's a great learner and her behavior is SIGNIFICANTLY better than when we first adopted her. It's just the guarding tendencies can be challenging. 

I don't know how to reward her for exploring and not-guarding because if I give her a treat - it feels like I'm rewarding her for coming back to us. Usually when she guards aggressively we leave right away. But I feel like this doesn't really impact anything.

TL;DR:", Don't know how to stop dog from guarding us. On her own she's great with interaction. It's when we're stationary she sets up a perimeter and guards.
161,"SUBREDDIT: r/Dogtraining

TITLE: My 4 month old puppy takes my boyfriend seriously, but not me

POST: A few months ago I adopted an adorable brindle, palm sized, blue eyed puppy. Through reward-based training, I successfully house-trained her, and taught basic commands (sit, down, stay, high-five) within a few weeks. 

Here lies the problem: I couldn't help but to excitedly play with her and baby talk her, chase her, let her chase me, play tug, etc. After a couple of weeks she began to nip while we played, but I broke that habit within a few days. My boyfriend is allergic to dogs, so he has limited his contact to patting her on the head when she does well. He's never rough housed with her or rolled around with her like I have. (We live together) Now, she is already twice the size they said she would be, and her energy level has skyrocketed. She gets plenty of exercise, gets her midday meal from her Kong, so it's not that she's bored, understimulated, or hasn't had the chance to run her energy off. When my boyfriend tells her a command, she listens. He can say ""kennel"" once and she makes a beeline for it. She immediately stops any bad behavior when he looks at her. When she is outside she will listen when he tells her to come back in. Not me. She doesn't have a shred of respect for me and will only follow my commands if she knows I have a treat. It's like all she knows when she sees me is ""PLAY!"" When he's at work and I'm at home alone its total chaos. When I'm sitting quietly on the couch she will jump on me, claw me, bark and growl. She runs so fast around the house that she runs into the furniture. I firmly tell her no but that just makes her more unruly. I can't trust her to not eat everything on the floor yet, so I crate her for short periods of time when I have to run an errand and can't keep an eye on her. She howls, whines, and claws at the door. When my boyfriend is home, she sits quietly until she is let out. I'm starting to regret not being more reserved with her when she was smaller and less destructive :(

TL;DR:"," boyfriend limited hands-on playtime with puppy and I didn't, now she takes my boyfriend seriously and not me. What do?"
162,"SUBREDDIT: r/Dogtraining

TITLE: Getting my puppy to ignore cars and other distractions while we're walking.

POST: Ok, so I have a pitbull puppy who's about 5 months. He's already 40 lbs and still growing. He's doing ok when we walk for the most part, he doesn't pull that much and I can usually get him to focus on me when I have a treat if no distractions are around. However, if there are people or dogs out he just doesn't care about me. I'll try getting his attention and i'll even wave the treat in front of his face but he just stares at the person/dog. We don't really see a lot of people when we're out walking so I know it's a bit weird for him to see them. The other problem is that he focus a lot on cars. When one passes he seems to be trying to get to it. We don't have sidewalks where I walk so I'm afraid he will get too close if i'm not paying attention. There's also a lot of snow so I can't step into a yard to get him far enough from them. He's also afraid of large trucks/buses that pass us. He kind of freaks out and I have to stop walking so I can keep a good hold of him. Walking him ends up feeling like a chore to me and I want to be able to have us both enjoy going for a walk.

TL;DR:", My puppy focuses too much on people/dogs and passing cars and is afraid of big trucks. He won't pay attention to me even when i'm offering him a treat when he's focused.
163,"SUBREDDIT: r/Dogtraining

TITLE: Helping puppy cope with a cross country move.

POST: Atlas and I are moving back home in March, driving the almost 3,000 miles in 11 days. We plan to stay in motels each night, and take out 4-5 hours each day to hike/explore so he's tired for the driving part. He will be crated in the car.

However where I'll be living is at my parents, who have a 13 year old BC and an elderly cat. Atlas has been working through issue of dog reactivity with our trainer, and has never met a cat. I'm really unsure how not to disrupt the household too much. I know the BC free-feeds, where Atlas just gets his kibble through training. How should I start with introducing them? Since Atlas is a full-bred Aussie, I'm worried his first instinct will be to chase the cat.

Any suggestions, tips, or stories of your own would be helpful.

TL;DR:", Moving home into parents house with my 5 month old puppy. Need help on adjusting with dog and cat already living there.
164,"SUBREDDIT: r/Dogtraining

TITLE: My dog goes bananas on walks when it sees other dogs.

POST: Just discovered this subreddit.  How great that this is here!

My wife and I adopted a yorkie/dachshund mix who is a little under two years old.  She was about a year old when we got her.  She's very obedient at home, and an absolute sweetheart.  When we take her on walks though, it's a different story.

If she sees another dog coming in her path, she will become absolutely fixated on it and start barking like crazy.  She'll start squirming around her leash and try to get close to it.  She doesn't want to attack.  She just wants to meet it.  It comes off, however, as pretty scary (and embarrassing).

My wife and I have tried redirecting her attention with treats while on walks.  She responds very well to them when there are no other dogs in sight, but when she sees another dog coming, calling her name and trying to redirect attention with treats is worthless.

We've also tried walking in the other direction, getting her attention again (which works), and then slowly going back towards the other dog/owner (which does not work).  Often times we'll just have to re-route our walk.

I know this is going to be a long process, and I don't expect there to be any kind of quick fix, but I'm just wondering if anybody has any kind of advice or tips for helping us get our dog to behave on walks.

TL;DR:"," Well-behaved dog barks like crazy and lunges when she sees another dog on our walks.  Wife and I have tried some techniques, but are looking for more/better ideas."
165,"SUBREDDIT: r/Dogtraining

TITLE: My dog is jealous/possessive of me and attacked our other dog last night. Anyone have experience or insight into this problem?

POST: I'll start off by saying, I have a vet appointment today and I'll ask about this when I go.

**Background** - I've had my 8 year-old Boston terrier mix, Lana,  for four years. She is a rescue taken from a hoarder. She went through extensive training with the rescue organization because of resource aggression and fearfulness before I adopted her. In the four years I've had her, she's come a long way as far as becoming more social and outgoing with people. She lived with my husband's dog for two years, and then after he (the dog) died in January, we got a new dog, also a rescue, Penny. They generally get along except in one way - when I'm in the room. Lana has been getting progressively worse about growling and being aggressive towards Penny if Lana is sitting near me and Penny comes in the room. It's especially bad in the bedroom. Lana acts the same way towards my husband, too! We had changed some routines and rewarded her for staying in her bed, and it worked for a while, but she's back to growling at him and lunging at his feet from under the bed.

So, last night, Penny came into our bedroom at 2 am. Lana growled from under the bed, Penny kept on coming and before we could intercept, it was on. Lana ended up with a rip in the end of her ear and knocked two teeth out! Penny has a small puncture wound under her eye.  First thing we're going to do is go back to crating Penny at night. She doesn't pee in the house anymore, so we were trying letting her stay out, but not anymore. I guess I was just hoping someone might have some experience with this possessiveness problem who may have some insight?

TL;DR:", Possessive (of me) first dog growls at our second dog and attacked her last night in our bedroom causing some legit injury to both dogs.
166,"SUBREDDIT: r/Dogtraining

TITLE: 1yr old stopped obeying ""come"" when going outside for potty

POST: I have a Formosan rescue mix that turned one last month. We have a nightly routine and he has always been awesome at it. We get up and get ready for bed, he waits by the door. We let him out and say ""potty"", he does his business. Once done, he comes immediately in and lays in his bed. We reward him and he proceeds to snooze. 

This has been the routine up until about a month ago. Now he goes out, goes potty, then wanders around the yard for a while. He generally has good recall, so we tell him to ""come"" and he ignores us. Sometimes if I jingle this metal treat tin, he comes, sometimes he still ignores us.

How do I reinforce ""come"" when he only seems to be bad at it in this situation? Tonight I stood outside for 3 minutes asking him to come and he didn't come until I closed the door and pretended to leave him. I wanted to reward him for coming inside, but I didn't want to reward him because I don't want him to think he can ignore me and still get a treat.

TL;DR:"," starting last month our 1 year old dog stopped following our command to ""come"" after going potty before bed. In all other situations he still obeys."
167,"SUBREDDIT: r/Dogtraining

TITLE: Puppy hates ear medicine

POST: So I took my 16 week old shar pei puppy to the vet on Wednesday to get his Rabies shot. Found out that he has an ear infection so they gave me some cleaning solution to clean his ears with twice a week and some medicine to squirt into his ears twice a day. The vet did the first treatment in from of me so I would know how to do it, and since he didn't know what was coming, he didn't resist that much. 

Now, however, he will kick and scream and bite and do anything he possibly can to get away from the medicine. He absolutely hates it and makes it damn near impossible to give him the medicine. This morning it took about 20 minutes to give a squirt into each ear and I had to endure much wriggling, screaming/yelping/barking, and biting. From the sounds he was making you would think I was beating him every time my hand got close to his ear.

I've tried distracting him with treats and doing it before a meal but there is no distracting him, he knows it's coming. I've tried to get him used to me touching his ears, and if I don't have the medicine in my hand, then he doesn't care what I do.

I am at a loss for what to do. There has got to be another way than this much fighting and physical restraint. I feel like I'm abusing him. I called the vet and they suggested soaking a cotton ball and sticking that in his ear but I don't imagine that will be much better. 

Any ideas?

TL;DR:", Dog freakin hates ear medicine and will bit and wrestle his way away from me when I try to squirt it in his ear. What do I do?
168,"SUBREDDIT: r/Dogtraining

TITLE: Potty training support

POST: We have a 3 month old rescue lab mix puppy who we are trying to house train. We are using a crate when we aren't home and at night, and he was good for the most part about not peeing in it until he got neutered last week. Since then he's had accidents in the crate. He also doesn't give us much of a warning inside the house and will pee sometimes in the house after just peeing outside a couple of minutes before. We are using a lot of praise when he goes outside, and he is very good about going when we have him outside and tell him to ""go potty"". I know that it will just take time and consistency, but it's so frustrating in the mean time. How long did it take before your dog was house trained?

TL;DR:", 3 month old puppy is driving me crazy during house training; want to know how long it took you to house train yours to reassure myself.
169,"SUBREDDIT: r/Dogtraining

TITLE: Advice on our new 1.5yr old Collie Cross to go outside and on post neuter.

POST: Hello all, my GF and I just adopted our 2nd dog from the local Michigan Humane Society on Saturday. We got our first dog there about 1.5 years ago and they both had no issues becoming acclimated. My question is this, Cole(new dog) is a Collie Cross but the MHS had no idea what kind of training or experience he had prior to being brought up to Michigan from Tennessee. He was with a few other dogs that had an absurd amount of Ticks and was treated for that and all is well on that front. We got him this last saturday. He was just neutered on Sept. 30th. He seems to be healing just fine, and has no noticeable discharge or smells or any swelling other than a slight possible hematoma(dime sized and the vet at the MHS said it should be gone within a week or so naturally). and he has only pee'd a couple times, and hasnt pooped. He has no trouble eating, and drinking is a task as he only drinks from your hand, big spoons, or he will drink from the bowl if we put tuna juice or homemade broth(no salt) in it. He see's our older Dog go outside and looks like he wants to explore, but everytime he wanders on his own to the door, as soon as he see's one of us and we try to call him over, he wanders back into my room where he's being crate trained and lays down. Any advice on how to get him to not just sit down as soon as we carry him outside? We live by an Airport which doesnt help, but he also seems very skiddish with unexpected loud noises. He shows no real fear of other dogs or anything though.

TL;DR:"," New dog, wont drink from bowl normally, or go outside to go to the bathroom. Any advice or experiences with this? 1.5 yr old Collie Cross without any real known history."
170,"SUBREDDIT: r/Dogtraining

TITLE: My dog is a jerk and taught herself a bad habit.

POST: My puppy is almost a year old and for awhile, she was excellent at recall. Before learning to come, she would constantly crawl under our fence to ""visit"" the people on the trails behind us (it's a typical horse type enclosure so it's easy to see people walking by). Using lots of treats, I had completely broken her and our older dog of jumping the fence by calling them back to me.
Now she's learned to jump the fence and come running back for her treat when I call her. After she collects her treat, she runs and jumps the fence again.
At first, I would try to bring them to an area where they couldn't see people on the trail but sound travels and there are times where she notices them before I do. She's also begun doing it even if no one is walking by. I don't know how to break her of this!I don't want to leash her outside because she definitely won't learn recall but right now I know I'm only reinforcing her naughty tricks. I've attempted getting her to follow me to another part of the yard or to get her to sit and stay for treats after coming but she's stubborn and difficult to redirect. What do I do now?

TL;DR:"," my dog has learned to come when I call, only to get her treat and run off to where she originally was!"
171,"SUBREDDIT: r/Dogtraining

TITLE: Calming down our 1yr 8month shelter dog.

POST: We recently (2 weeks ago) adopted a 1.7yr old pitbull/shepherd/shar-pei mix from a nice no-kill animal shelter that puts significant time into training their dogs. He is an incredibly smart pooch. Within two weeks we have successfully crate trained him, and command trained him. 

The issue is he still acts like a puppy by jumping on us repeatedly  (strong dog so not a small issue) and by bite-playing with our hands/feet/face when we sit on the couch/bed. 

The usual techniques of ignoring the bad behavior isn't easy when he's climbing all over us nibbling our hands and faces. Although he has shown really good command skills, he doesn't understand ""off"" or ""No"" at all and when he's that hyper he thinks anythign we do to get him off of us (no matter how calmly we do it), is us trying to play with him and he gets more hyper. 

The only thign that has worked at all is sitting up and walking away completely and staring at a wall or something. But as you can see this is pretty inconvenient when we want to watch TV and he decides its play time. 

The worst example is when we are getting ready for bed and one of us lies down before we crate him for the night, he pounces and starts biting at everything trying to play with us. EVERYTHING makes him more hyper in that situation except immediately getting up and crating him for the night. 

BTW, we go for an hour walk/jog, 1/2 hour walk, and he has a 30 min play time of fetch/tug-of-war so he is definetely getting exercise daily. 

Any help would extremely appreciated.

TL;DR:", Very hyper smart dog and can't calm him down. Too in-your-face with hyperness to ignore the behavior (bite/nibbling).
172,"SUBREDDIT: r/Dogtraining

TITLE: My 6 y/o Australian Shepherd Border Collie has aggression issues.

POST: Hello all,
I realize it is probably too late to truely remedy this issue, but I'm just looking for some insight on the situation. My Aussie-Collie has always been an aggressive dog, constantly picking fights with neighbor dogs, occasionally attacking people walking down the street. If he familiarizes himself with someone, he's usually fine around them, but sometimes he'll just go insane at someone he was perfectly friendly with 30 minutes ago. We bought him as a puppy from a ranch where his parents were active herding dogs, so it's possible his working heritage has made him not as ""domestic"" (for lack of a better word) as other dogs. Just wondering if this is a common problem or if my dog is just insane. Thanks for taking the time to read this.

TL;DR:"," 6y/o Aussie Collie from herding background has aggression issues , attacks neighbors/dogs with no provocation."
173,"SUBREDDIT: r/Dogtraining

TITLE: Puppy trying to gain dominance

POST: My girlfriend has a male Jack Russell cross(neutered) who is about 10 years old, he's always been the only dog in the house until we decided to get another dog, a purebred male American Staffordshire Terrier(not neutered). Jack russell is an outside dog, Amstaff is an inside dog. 
They have always gotten along fine, apart from the Jack Russell occasionally lunging and growling at the Amstaff over food or treats. They have only had one scuffle before this, and it was quickly broken up by my girlfriend (also over food). 
Recently the Amstaff (now 7 1/2 months) has been getting quite aggressive towards the Jack Russell when it comes inside, to the point that it's attacked the Jack Russell 3 times in the last 2 days and we've had to separate them. The Amstaff shows very dominant body language before the fights, but the Jack Russell growls back and won't back down. 
I'm considering letting them just get it over with, as the Jack Russell has ended up on his back in the 5-10 second scuffles they have had, hoping it will submit if the battle goes on any longer. Will this encourage bad behaviour? Or is what needs to happen? I'm just worried the Amstaff (26kg) is gonna really hurt the old(10kg-ish) 
Jack Russell.

TL;DR:"," Younger, bigger, more aggressive and dominant dog has started trying to bully the older dog into submission. Should I let them get it over with, or keep them separated? "
174,"SUBREDDIT: r/Dogtraining

TITLE: My housebroken dog is going potty in the house once I leave

POST: My dog is a 4 year old Shih Tzu/Lhasa Apso mix. He's housebroken, did amazingly with a dog-door in my last home. Now, I live in a loft and every time we leave him alone, he pees or poos. HE PEED ON THE BED, TWICE NOW! He has had anxiety issues since I adopted him, and we're constantly working on it- he has truly gotten so much better.

But the peeing is getting intolerable. I leave the loft at 9am, come back at 1 and theres pee. I walk him, leave again and return at 6 and theres pee. I have read online I should walk him more(longer, tire him out) and I'll do that, but I'm reaching out for the chance someone has dealt with a similar issue, has any input.

TL;DR:", My dog most likely out of anxiety pisses inside the house although housebroken once I leave the house. And it sucks. Please help
175,"SUBREDDIT: r/Dogtraining

TITLE: Need some help

POST: Hey guys,  I've been reading through posts and have been trying to figure out what to do to fix this!

My wife and I have a 12 week old golden retriever puppy named Jack.  Jack is a very smart puppy, knows sit, knows to go to the door when he has to go to the bathroom, runs into his crate when its time to eat.  Our problem with jack is that he is INCREDIBLY nippy.  He is constantly biting our hands, and if tries to lunge at our face to bite us when he can. Its to the point that i'm afraid to have my niece and nephew around because they'll get bitten. I'm also concerned because sometimes he crinkles his nose when biting and I've heard this can be a sign of aggression?

He's got tons of toys around and we have been pretty good about getting him exercise.
We've tried a bunch of things so far like:

* Misdirection (putting a toy in his mouth when he bites us)
* Time outs.  We put him in his play pen and turn our backs to him for up to 30 seconds then let him out.  During this time, he usually sits and looks at us.
* Walking away from him
* bitter apple on our hands (we dont want to use this as much because we want him to know he can lick our hands, just that biting is not acceptable).
* Firm No!   
* Yelping in pain (imitating a puppy cry)
* Growling at him  

We've had some luck with the timeouts, but its few and far between.  Walking away from him does nothing because then he attacks our legs / pants as we go.  Miss-direction works if you want to hold the toy in his mouth because as soon as you let it go he goes right back for our hands / legs etc.  Yelping doesnt seem to make a difference to him, growling works once in a blue moon.

Please Help!

TL;DR:", Puppy nips / bites a lot.  We've tried a bunch of things with nothing working consistently over the last 3 weeks.
176,"SUBREDDIT: r/Dogtraining

TITLE: My beagle and husky have been fighting, how do we get them to stop?

POST: My family has 2 dogs, a 3 year old beagle (Dibs) and an 8 month old husky (Chief). Just for some background, Dibs is kind of a little shit. He doesn't listen unless you're holding a treat, very rarely, if ever, plays with anyone and spends most of his day asleep. Chief on the other hand has tons of energy. I take him for a run (at least 2 miles) every morning and he comes back and sleeps for a few hours, but then is up and ready to go play with anything that breathes. He's a very happy and loving dog, unlike Dibs who practically hides from people.

But the past few weeks, they've been fighting a lot more. Not like, play fighting, full on fighting. The first one started because someone put out one rawhide, and both dogs went after it. (I don't know who thought that would be a good idea, but that is beside the point.) Dibs wound up having a decently bad puncture wound in his ear and needed stitches.

About a week after, Chief snuck into the garbage can when no one was looking and grabbed a pizza crust. Dibs saw this and promptly attacked chief to get it. We were able to break it up right as it started so this one wasn't too big of a deal, though it could have been bad.

Then tonight, they were both in the living room when all of the sudden they started fighting again. It took a few minutes to break up, but neither of them got hurt, though a few of us got bit in the process.

My question is, how do we get them to stop fighting? If it happens one more time, I know we're going to have to get rid of a dog, and just because he's younger I know it'll be Chief. My mom is looking into a trainer type thing, but she said if it's too expensive then it's not worth it. I don't want to get rid of Chief, but I don't know how to get them to stop fighting. Has this happened to anyone else with multiple dogs? What did you do?

TL;DR:"," my 3yo beagle and 8mo husky have been fighting, one more and we're getting rid of the husky. How do I get them to stop?"
177,"SUBREDDIT: r/Dogtraining

TITLE: I have a guilt complex about leaving my dog alone. I'm looking for guidance on reasonable expectations.

POST: Louie is a [4.5-month-old Samoyed] and he's been such an incredible addition to my life. He's a very easy going puppy and honestly, [I'm really lucky](

Because he's such a great little fella, I feel terrible when I crate him in situations when I *""could""* be home. For example: I tell myself I'll study at home. What really happens is I get absolutely nothing done, partly because he barks for attention and partly because if he isn't barking, he's napping quietly and I'm probably trying to cuddle him.

I know I really need to set some reasonable expectations and resolve some of this guilt I'm feeling. I'm a high-achieving student, and I don't want my grades to suffer because I'm obsessed with my dog!

I know the reality of the situation is that he probably just sleeps the whole time. When I come home, sometimes he just snuggles up to me when I let him out and keeps sleeping. I guess I just need to hear from people (presumably more knowledgeable than me) that *this is okay* and completely normal and I actually don't need to cater to every one of Louie's desires all the time.

TL;DR:"," College student wants to know how many hours ~5 month old dog can stay in crate per day, potential to come home for lunch"
178,"SUBREDDIT: r/Dogtraining

TITLE: Am I on the right track with my Yorkie's barking?

POST: Maggie's about 7 years old.  She's been living at my parents' house for the past 6 years or so, and recently moved in with me after I settled in after moving for a job.  It's her first time moving, so she's understandably dealing with some anxiety.

However, I recently received a complaint about her barking while I'm gone and have been trying to work with her to keep her calm.  I found out from recording her that I can't leave the apartment open to her, she'll stand next to the door and bark on and off, which I can understand as being excessive.

If I keep her in the bedroom though, she maybe barks a little once or twice throughout the day, though the volume occasionally escalates briefly.  I make sure she has plenty of toys, gets an ""away only"" Kong, and water.  I initially bought her a spray collar, but plan on returning it.  Maggie's not entirely comfortable with the bedroom yet, but I'm working on getting her there.

Is this something I can consider satisfactory?  I don't want to completely train the ""bark"" out of her since I live on my own and count on her to keep an eye out for me.  How long should I give it before I realistically expect results from working with her?

TL;DR:"," Maggie is barking when I'm gone-- at what point can I consider her at an acceptable level that ideally isn't ""no barking"" and am I on the right track?"
179,"SUBREDDIT: r/Dogtraining

TITLE: New pup is terrified...of my old man pug.

POST: My SO and I are adopting a 8 month old Aussie/lab mix in a few weeks. She loves other dogs her size and is very sociable, but when we took our 6 y/o pug mix to see her she freaked out! She would act like she wanted to see him, but when Chico tried to sniff or kiss her she would scramble away and climb on a chair or human or hide behind us.

Chico has never harmed anyone and he really wanted to play with her. She is incredibly submissive, but I'm afraid that when she comes home to us in a few weeks he is going to end up getting hurt because he will try to play and invade her space.

What can I do to make her more comfortable around him? She loves both my SO and I, but she is just completely terrified of poor Chico. :-(

If it has any effect, she is not spayed yet, but will be shortly after we bring her home.

TL;DR:"," Submissive pup is terrified of docile, loving pug mix. What can I do to show her he just wants to love on her?"
180,"SUBREDDIT: r/Dogtraining

TITLE: Our 8 year old dog has started peeing in the apartment every night.

POST: I'm sorry if this isn't the sub for this type of issue so if there's a better place for this post please let me know. 

Our 8 year old Brussels Griffon, who is completely potty trained, has recently been peeing on the carpet in the middle of the night. He's done it a handful of times in the past, but we just figured he drank too much that day and couldn't hold it until morning. This past week or so though he's been doing it fairly regularly and I can't for the life of me figure out why. 

I figured I'd show you all a break down of a normal day for us and see if you all can spot an issue:

~7am - my wife and I wake up and get ready for work. 
~7:30am - my wife walks the dog. He always pees and usually poops

My wife and I go to work and I generally get home around 5:15pm

~7:15pm - we feed him his one meal he gets a day (for watching his weight) 

~10:00pm - I walk him again. He always pees and poops after he eats. He usually pees multiple times too since our apartment complex has lots of dogs that are always marking trees and such. 

After I walk him at night, we all go to bed.

Now at night we leave our bedroom door open to help with heat regulation and because the dog often gets up at some point to drink water. If we lock him in with us he scratches at the door causing us to lose sleep. 

We've tried locking him in with us and a water dish but he still scratches at the door and sometimes likes sleeping elsewhere in the apartment. 

I was thinking about leaving our door open for him, and just keep his water dish out of his reach for the night  but denying him water at night seems too cruel. 

If anyone here can help at all it would be severely wonderful as I'm tired of cleaning pee out of carpet.

TL;DR:", Potty trained dog won't stop peeing on carpet in the middle of the night even though we walk him before we sleep.
181,"SUBREDDIT: r/Dogtraining

TITLE: First Post - Any suggestions for helping a dog that  snaps when woken from sleep?

POST: Our pack includes a 3-yr old mixed breed lab/hound/(pit?) named Tails. She roams the house freely during the day and is SUPER sweet to everyone... except when you wake her up. The most extreme case was when my wife came in one morning to wake Tails up and send her outside for her morning potty break (we have a huge fenced in back yard, so we just send her out to do her business then let her back in when she's finished - no messes in the house, great dog). At any rate, the wife bent over Tails, and the dog just snapped and caught my wife on the nose. 

So, after the hospital visit for stitches, some soul searching, and a decision that we would try to figure out a remedy for this reaction (either through changing our behavior or through training Tails somehow). We have had almost no success. The other night, Tails is asleep not very near me on the couch. I set the laptop down near her not thinking about it, and she snapped at me (didn't catch me). She appears remorseful after the fact, realizes there's something not right and that we're not happy alphas. What would an alpha do to stop this reaction, if anything?

Really just want some advice on exercises we can safely do to help stem the aggression when Tails wakes up. We've NEVER experienced aggression from her except when she sleeps. I can remember this happening at least half a dozen times since the initial ""nose"" incident. Any advice?

TL;DR:"," Sleeping dog snaps, but is extremely friendly, loving, loyal, and not aggressive in any other way. Are there exercises that help to discourage this spontaneous aggression that we can be doing safely?"
182,"SUBREDDIT: r/Dogtraining

TITLE: Update on old dog teaching puppy bad toilet habits

POST: First I want to thank everyone who took the time to give advice - especially those of you who thought to yourselves, this seems obvious to me, but maybe it isn't to her. :)  

I have made three changes and boy have they made a huge difference. 1) I treat them both every time they go to the bathroom outside - pee or poop. sometimes I'll even set the treats on the counter before I let them out when I know they'll be reluctant. It has helped so much. The back yard anxiety/phobia is still there, but they are much more willing with some encouragement to go potty outside now. 2) I time their potty breaks carefully - a pee break first thing waking up, poop breaks about 10 minutes after each meal, a pee break when I get home from work and before bed along with various other breaks throughout the day. For the most part I was doing this before, but now I stay outside with them to make sure they do their business. 3) I walk those suckers every damn night after dinner - they are particularly reluctant to poop in the yard at night but love walks so we go on our 20-30 min poopie walk every night. I have developed a butthole prolapse score to predict the number of steps until pooping is unavoidable. I am a crazy person.

These changes have made us go from daily accidents to only one accident in about 3 weeks (when I waited a wee bit too long for breakfast poopie break). I no longer wait for them to tell me they need to go out but rather I tell them when they need to go out, LOL. I feel like a control freak but it's working and everyone's so much happier. I feel silly that I wasn't doing this before.

TL;DR:"," old dog with cushings was suddenly toileting in the house and teaching puppy it was ok, I started treating them for toileting outside and control freaking their ""poop"" schedule and it worked. "
183,"SUBREDDIT: r/Dogtraining

TITLE: Helping my SO with dog training

POST: My girlfriend and I got a Pembroke Corgi 3 weeks ago.  Shes 10 weeks old now.   The pup is every Corgi.  Shes smart, caring, and stubborn.  Ive been primary on taking care of things for the pup (Feed her, bring her outside in the middle of the night).   The dog has become my shadow and is learning commands, doing great on potty training, has no issues in the crate, ect.   Her personality is developing well and is only mildly aggressive but Im training that out of her.    

My problem is my girlfriend is trying very hard but the dog is winning the battle in most cases.  The dog is only having accidents with her (like going number 2 right on the floor in front of her after she brings her back inside),  chewing really hard on my girlfriend, and blatantly ignoring commands.   I can tell its really hurting my SO as she wants to help with raising this puppy as much as she can.   What can I do to help her?

TL;DR:", Corgi puppy is walking all over my girlfriend.  Want to correct this now before the dog thinks its the norm.
184,"SUBREDDIT: r/Dogtraining

TITLE: Peed in house after vacation

POST: So my corgi has only ever had one incident since adulthood and it was when my friend was crashing on my couch for a weekend, so I assume he may have been marking. However, he was about 1 then and he's almost 4 now. 

Here's what happened this week: my buddy was staying with him at my house while my wife, baby and I were out of town for a week. The day after we left, my friend left him at home for about 9 hours, which he isn't used to, and he peed on the guest bed, because he is in the guest room while we're out of the house, usually. It has a Butler door, so he can still see everything. The day we got back, yesterday, he was happy to see us and smelled all three of us. We packed up and went to eat and came home about an hour later, he was still fine. After we'd been home around two hours, he jumped off the couch by us and peed on a blanket on the floor. Didn't hike his leg or  anything  but I noticed he was acting strange and rooting in the blanket, then hid. 

Other details: the blanket was here the whole time, so didn't smell like anything different. There was a dog that lived at the air bnb we stayed at just the night before we came home. Our corgi is very anxious and actually scratched up the Butler door a few hours before we got home, and I believe I had let him out recently enough.

TL;DR:"," Does anyone have experience with dogs breaking housetraining after they've been out of town for a while, but the dog has been home that whole time, being house sit?"
185,"SUBREDDIT: r/Dogtraining

TITLE: Puppy is possessive over food. Help!

POST: My 11 week old mix puppy (was told he was mostly black mouth cur, but have been hearing he looks Pitt lately, plus who knows what else) becomes quite aggressive when it comes to food. 
He will eat our other dog's (10 y/o f shepherd mix - sweetest dog) food when fed at the same time. He will also steal treats out of her mouth (dingo bones and such). 
When you even try to pet him while he's enjoying a nice treat he will growl and snarl at you. On a few occasions he swallowed the remainder of his treat whole, for fear of me taking it from him. 
Today I tried cleaning up his vomit when he growled at me and scarfed it down. 

When he growls at me while eating a treat, I take the treat away and hold him in a submissive position, with his belly up. I make him give me a kiss before returning the treat to him. 
Today we went through that cycle about three times before he finished his treat in the corner, away from anyone. 

Any tips or tricks to calm him down? Is there a proper way to train a dog on this matter? 
His puppy training classes start in about 1.5 weeks, for what it's worth.

TL;DR:", puppy is possessive over food. He growls when anyone gets near his food. Also eats our older dog's food. How do I break him of this aggressiveness?
186,"SUBREDDIT: r/Dogtraining

TITLE: Puppy only pees when left alone in room.

POST: My boyfriend and I rescued a 5 month old puppy, Leela, this past Wednesday. At the AC&C, the adoption coordinator told us that she was already pad trained. The first day we took her home, she had no problem peeing at will on the pads whenever she needed to go. We praised her and gave her treats every time she did it.

However, on Thursday we left her alone in her crate for a few minutes and she pooped and peed in her crate. Since then, she's been peeing almost exclusively when she is nervous, excited, or left alone. We've established that she has separation anxiety, but the biggest issue is that we cannot get her to pee except when she's nervous or excited. 

We have tried putting her on a leash and walking her to her pad as soon as she wakes up, right after she eats, etc. but she will absolutely not pee unless someone unfamiliar comes into the room or she is left alone. We have taken her for long walks and she has successfully pooped outside, but no matter how long we stay out, she will not pee. 

By boyfriend and I are at a loss. Leela is an amazing puppy and we absolutely love her, however we are scared to go back to work on Monday because we are nervous that she will be drowning in her own pee by the time our friend comes to check on her mid day.

TL;DR:"," 5 month old puppy only pees when we are not present, refuses to pee outside even when we walk for a while. will hold urine in for a whole day at times. advice?"
187,"SUBREDDIT: r/Dogtraining

TITLE: Puppy class trainer is essentially forcing a prong collar to be part of our training.

POST: Hi guys, 

I need some advice regarding prong collars. I have a four month old aussie pup and we are a week into our puppy training class. The class is an hour long and the majority of it is sitting quietly with your dog on the left while waiting your turn to practice the command being taught. 

The purpose of this is to teach your pup to have an ""off switch"". Drover (my pup) does well for about twenty to thirty minutes in. Then he gets very restless. Biting, tugging at the leash, rolling around etc. He does amazing at his commands and the trainers have noted he is best in the class...except when it comes to sitting still, so they want me to use a prong collar. 

I don't want to do this! I've said no multiple times. When he is acting out I try to redirect him back to sitting and then give him a treat. It works, but it doesn't last long. 

They don't understand why I don't want to use what I consider negative reinforcement, and they aren't really letting up on the fact that my dog ""needs"" a prong collar. 

What are some ways I can work on his ""off switch"" without going down this path? I want him to improve and I need to show the trainers there is other ways a dog can be taught. 

Our next class is monday, please help!!

TL;DR:", need to train pup to sit still for long ish periods of time to avoid a prong collar being put on by class trainer.
188,"SUBREDDIT: r/Dogtraining

TITLE: Two month old puppy, I need help!

POST: Alright so I just got a puppy and have been trying to train him, the only problem is I don't have any treats to give him except his normal puppy food. I've tried carrots, cheese and peanut butter, but my aunt and uncle(who I live with) don't like me feeding him human food, so I really don't have anything I can give him that's going to make him go ""I should do this thing more often, I get good things when I do it"" because he's going to get the puppy food either way.

But I'm kind of broke and can't really afford to feed him really expensive treats, and real meat is out of the question because it's human food. What can I do that's going to make both my family and puppy happy?

TL;DR:"," I need some affordable options for non-human food dog treats for training. He's well taken care of otherwise, stop telling me to get rid of my dog."
189,"SUBREDDIT: r/Dogtraining

TITLE: Any recommendations for a leash a good, sturdy latch?

POST: Not sure if this is the right place, but I figure more people would have an idea here maybe?

So I have my corgi in a gentle leader cause he's quite a puller, and today on our walk something terrifying happened-- twice. I think his leash got a bit twisted in the gentle leader, and the leash just.. came unlatched. The first time it happened, no big deal, I realized, reached down, got him to stop and rehooked him.

The second time though, we were about to stop to wait for traffic so we could cross the street, and it came unlatched. My corgi, being the puller he is, felt the slack and decided to test it out a bit... then a bit further, then a bit further. I realized he was still walking and not attached to my leash almost immediately, but by then he was a few steps into the street. I panicked, lunged forward to grab him, he jumped cause he thought I was jumping at him, and he ran right out in traffic.

Luckily all the cars managed to come to a stop, but I was really certain that my dog was about to get hit by a car then and there. After that I attached the leash to his collar, took the gentle leader off for the remainder of the walk, and hurried home before my heart gave out.

So I'm thinking the leash I have is just too easy to get the latch unhooked on, so it got tangled and pushed down just enough for it to slip off. Obviously I want to prevent this from ever happening again, so I think a new leash is in order. Since I'm doubly paranoid now, I want to find one that maybe has a good, strong hook on it? One that isn't easily undone. The nearest petco/petsmart are 30 minutes away so I don't want to just head down there right this second, so I figured in the mean time I'd see if anyone has any good recommendations?

Preferably not leather leashes cause I do have one of those on hand, I'm hoping for something with reflectors maybe since it'll be getting dark out earlier soon.

TL;DR:"," leash came unhooked on a walk today, dog kept walking and almost got hit by a car. looking for a leash with a stronger/harder to open latch maybe?"
190,"SUBREDDIT: r/Dogtraining

TITLE: Dog park issues

POST: So I have a 1.5 year old rescued Australian Cattle Dog named Casper who is super energetic. I usually go to a local dog park 4x a week to keep his energy at home down. Last week, I took him and was playing fetch with him when another dog collided with him midair and he fell hard. He got up fine but just left the ball and walked straight to me and laid down at my feet. A few moments later another dog came to sniff him and Casper snapped at him, which is unusual. I decided to leash him, give him some treats and went home.  I went back to the park to days later and played some more fetch. He sniffed a few dogs and they did the same to him. Then one dog started following him and sniffing him a lot. I noticed my noticed my dog was getting a little tense so I called him back to me. The other dog followed close behind and then my dog snapped and began a full on fight with the other dog. Me and the other dog's owner pulled them apart. After we made sure our dogs were fine, we leashed our dogs and left the park. 

I haven't been to the dog park since, because I don't want my dog starting any fights especially because others like to take their puppies to try and socialize them, and I would hate for my dog to traumatize them by being aggressive.

My dog has always been curious of other dogs and wants to interact with them, but he never play wrestles or chases around dogs.  He's more interested in playing fetch with me, but he would never snap at dogs or begin fights with dogs. I wanted to know if anyone had advice about what I can do to address the issue. I would like to take him back to the park at some point because that was the main way I got his energy out, so that he's in a tolerable state at home (I say that with love). 

Also, if anyone thinks a behaviorist is the best solution, how do I go about finding a reputable one? Should I look for some sort of certification?

TL;DR:", my dog collided with another dog at the dog park. He's been acting aggressive ever since. What do I do? 
191,"SUBREDDIT: r/Dogtraining

TITLE: 1.5 year old dog suddenly wants to behave and follow instructions

POST: I have a year and a half year old Golder Retriever/Lab mix that has been brought down to not being allowed outside without a leash for the last year. I walk him and play with him, but its always on a leash. This was due to him wondering off and completely ignoring me when off leash. Final straw was staring at a car coming down the road and never even attempting to get out of the road. (driver stopped and he didn't get hit) He suddenly yesterday went all excited in the house and was brought outside to me as I was cutting down a tree. He simply wanted to see me. He sat by my feed hugged me with one leg and wanted to be petted. normal behavior for him as of late, but he doesn't normally need to come out and see me like that. So, I took a chance and removed the leash. I threw his toy  (rope toy) for about 30 minutes until he was panting hard and I knew it was break time. Never once did he even attempt to run off or leave my sight. Later that night I was interested and so I brought him out again and over to my neighbors house (no dogs, but 2 kids). Again, wanted to play and run around. Same outcome of not leaving my sight or running off to visit a neighbors dog. He was neutered about 6 months ago and that was done to hopefully stop him from visiting the lady dogs in the area. It had no immediate effects at that time, but it seems like he is interested now in behaving. Is this normal behavior for a dog to suddenly just have commands click after months of training and being leash bound? I just wanted to know if this is normal and will it continue? I am going to keep walking him on the leash, but I would like to keep having fun play times with him if he can be trusted to not run across the roads. Play time was the main reason I got him to begin with, so this is looking great to me! Any information or suggestions appreciated!

TL;DR:", Dog is suddenly listening outside after being leash-bound for 1 year. Is this real or is he just teasing me?
192,"SUBREDDIT: r/Dogtraining

TITLE: Hump Prevention

POST: Hello! I'm not sure where to put this. I'm just looking for a bit of advice.

I am the proud mommy of an (almost) six month old male lab mix. He's just over 36 pounds now. I have decided to leave him intact for the time being, but am deathly afraid of him developing annoying humping behaviors/marking/looking for mates.

He has not yet done any of these, as odd as that may sound. He seems completely naive to the concept. Supposedly he's supposed to be able to impregnate another dog by now, but I don't think he knows that. (And I've checked, he's perfectly normal physically.) He has never displayed any mounting or humping behaviors, even in play. He has recently grown fond of grabbing things with his front paws though, and I can see the gears turning in his head and know that it will come soon.

Basically, is it reasonable for me to think that I can maybe avoid the dog-park embarrassment of a hormonal boy dog, and if so, what techniques should I use? Sorry if this is incoherent, I'll probably edit it if I start getting responses.

TL;DR:", Is it reasonable for me to hope that I can keep my unaltered male puppy from humping things/dogs/people? Have any of you had any success doing so?
193,"SUBREDDIT: r/Dogtraining

TITLE: Puppy will not pee outside at night/morning.

POST: I have a 3 month old puppy. At night, she has been sleeping next to our golden doodle, and they wake up at about 5 am to play. They sleep on a pile of blankets next to the bed. 

The first few nights, there were no problems, and my puppy would either go through the doggie door, or wait for us to take her outside. 

I set my alarm for 4 am (we all go to bed at midnight) to take her out, and take her out every hour after, but she just will not go outside (mind you, she always goes outside during the day!). When I finally wake up at about 9 am to take her out yet again, she has peed in one or two places.

The boyfriend thinks we should do negative reinforcement, but I think that will make her afraid to go potty in front of us. I think the best decision will be to keep her in a crate at night instead of next to the bed (she stays in a crate when we leave as well). Is this the right decision? I will continue to let her out several times during the night.

If so, how do I get her to peacefully sleep in the crate? I feed her in there, give her treats and toys, and tell her ""good girl"" every time she goes in on her own. But she still cries when I lock the door.

TL;DR:", Puppy pees on her bed in the middle of the night/early morning despite given several opportunities to go outside. Crate her?
194,"SUBREDDIT: r/Dogtraining

TITLE: 9 year old rescue nips Boyfriend and 2 year old dog when they play with one another.

POST: So I adopted this dog about a year ago, and she doesn't really care for other dogs or men. But since then, just by desensitizing, she's trusting my boyfriend and she doesn't immediately hide from strange men. After a few tussles and careful supervision, the two dogs don't get into arguments anymore (he even lets her steal his food.)

But overall she came to me really good, no accidents in the house, sits real well (almost too well, I can't get her to stay standing,) knew her name, doesn't jump on furniture or people even when prompted to. 

I'm sure that whatever abuse she received in the past made her very cautious, she does NOT like playing of any sort. When I would try, she just runs in her cage, she doesn't like when people walk or move around her, she runs away or to her cage. So I wrote it off, basically. Then I moved in with my boyfriend and his much younger dog, and when they play together sometimes, especially when they go on for long enough, she'll nip him or the other dog, and sometimes bark (something she never does.) So, what gives? what's she thinking, why is she correcting their behavior, and how can I teach her that it's okay, nothing to be alarmed about?

TL;DR:"," 9 year old rescue coming from an abusive home is nipping/barking out of character when boyfriend and another dog play. Why is she doing it, and how to I correct the behavior?"
195,"SUBREDDIT: r/Dogtraining

TITLE: Puppy Leash/Harness Recommendations (and chewing)

POST: I recently brought home a puppy, who besides what might be too much biting and some leash troubles, is pretty damn cool.

I've been having a few leash problems, and was wondering if anyone had any suggestions.  When we walk he tends to try to be right in front of me, so I hold the leash out to the side a bit.  This worked great when he was little, but now that he's getting a bit bigger he's starting to pull quite a bit, but almost exclusively a strange diagonal pulling - either towards my feet or away towards the side of the sidewalk.  He has also JUST picked up nipping at my ankles if I'm wearing pants and nipping at my calves and trying to pull my shorts off if I'm wearing shorts.  Any tips on what kind of harness/leash to use to help ween him off that kind of pulling?  And any advice on curbing the biting?  Right now I've been stopping when he bites, with only marginal success.

He is also chewing on his leash whenever we walk, treating it like a game.  Any tips?  (The chewing is also a more general problem - any time at home he basically tries to bite my hand off, and no bite inhibition techniques have made any headway with him.)

TL;DR:"," Dog pulls leash diagonally constantly while walking, leash recommendations?  Techniques to get him to stop biting while walking and chewing his leash?"
196,"SUBREDDIT: r/Dogtraining

TITLE: How to get my dog to ignore other dogs

POST: I have a small rescue dog, he is 1 yo and has been with me for 6 months. He is dominant and has quite a character, but is a sweet guy. He shows no fear for anything and anyone, is really well adjusted, he is the playful and intelligent, high energy type of pup. Never been in a cage and has no terrible traumatizing past, just born on the streets and lived in temporarly homes till i met him.

At home he is golden and does everything he is told, outside he is ok and he listens as long as there are no strong distractions. 

When it comes to other dogs it's an issue. At the dog park he is often challenging toward other males (he never attacks first, but he approaches them with a hostile stance, sometime even growls).

That leads to brawls and he has already been bitten, even in a pretty serious manner, but nothing changed in his behavior. He is not better, nor worse (not more aggressive or scared. just the same).

On the street he always makes a big deal about other dogs, pulling the leash, barking and putting on the full show till i drag him away.

I tried the jolly routine most trainers talk about, but when my dog is excited he refuses food (even the delicious kind, yes), toys (squeaky ones too), everything. And he's not distracted or interested by silly voices, water on his face, stomping, clapping hands.

TL;DR:"," how do you get your dog to leave alone other dogs, during walks and in the dog park? Any little known trick?"
197,"SUBREDDIT: r/Dogtraining

TITLE: Dog Holds it When Outside, poops in his crate?

POST: Hi everyone, I've got a 6 month old puggle and he has been pooping in his crate because he refuses to go outside.  

Now, I have a theory but I'm not sure.  He always wants to play when he's outside.  Either that or eat random things off the ground (which I think may be giving him diarrhea).  I am really sick of cleaning dog crap out of the kennel because he wouldn't poop on our 10 minute walk before bed.   

If he gets scared, he stops trying to go.  If he sees a leaf, he stops trying to go.  If he is close to having to go, he'll sit down to push it back up into his butt so he can be outside for longer.

I really don't know what to do.  We take him out for an extended walk every day after work(20 minutes) where the focus is the walk, and then he goes out at 7a, 12p, and usually 10-11p.  I took him out at 11p and he wouldn't go, so brought him back in at 11:15, then took him out again at 11:45 and he wouldn't go, so I brought him back in at 12:15.

I'm really in need here.  My house seems like it's beginning to smell like dog crap 24/7!  Help!

TL;DR:"," Dog holds it when he's outside, plays instead.  Won't go, so I take him inside and he poops in his crate.  Help!"
198,"SUBREDDIT: r/Dogtraining

TITLE: Dog anticipates wakeup time

POST: My dog has started anticipating wake up time every day. I'm not sure whether she has figured out when our alarms go off, or we start stirring in our sleep in the morning, but she has taken to wagging her tail (loudly against things) and vocalising and prancing about every morning, before our alarms go off.

Normally, my answer to this would be to completely ignore her until she quieted down. Unfortunately, I need to get up and go to work, so I have little choice but to get up and reinforce her obnoxiousness. This has led her to start doing it slightly earlier every day, and it is making me crazy. I like my sleep!

Does anyone have any ideas as to how to curb this, other than being late for work all the time waiting for her to quiet down? My only thought is maybe to get up and close her out of the bedroom when she does it. But I anticipate she will just whine and be obnoxious outside the door.

TL;DR:"," Dog whines every morning before it is time to wake up. I have to get up for work, so it's being reinforced. How can I stop this?"
199,"SUBREDDIT: r/Dogtraining

TITLE: My puppy just went after my other dog because she ate some of his food..

POST: Alright, so today we picked up on of those rolling treat dispensers that has to be pushed around for the food to fall out. Our puppy, a 5 month old Pit Bull, was given his lunch in it and then his dinner. It was pretty much empty, and there was some food he missed on the floor. Our other dog, a 7 yr old Lab was in the room too, and had eaten some of the food on the floor. Well, the puppy saw her, and he kind of paused to stare at her and then went after her. Thankfully I was right next to them and pulled him away and the Lab went into her crate. I thought there was no more food left on the ground so I called her back, while holding onto the puppy's collar, to make sure she was ok, and she found one piece of food and ate it and the puppy went back after her. I was still holding him so he didn't really get to her, but it was pretty scary. I have never seen him do something like this. The dogs are separated when they eat, but that is mainly because the puppy will try to eat the other dogs food, and I hadn't really thought about him being protective of his food. From day one i've made sure he had some boundaries when eating, making him sit and wait, petting and touching him while he eats, and putting my hand in the food and just move it around. 

I know this means the other dogs probably cant be in the room until he is finished eating, but i'm worried he's going to start guarding his food around humans. What can I do about this? It really scared me to see him do this, and i'm afraid he's gonna get worse as he gets bigger. Please give me some advice, thanks.

TL;DR:"," My 5 month old Pit Bull pup went after my 7 yr old Lab when she ate some of his food off the floor, i'm worried about him starting to guard his food and would appreciate some advice."
200,"SUBREDDIT: r/Dogtraining

TITLE: Preventing dogs from running in the house?

POST: Hi everyone--

I have two GSD mixes and hardwood floors, which is a horrible combination. We keep their nails short, but when they go to run, they dig in their claws and it does't matter how short they are. They still scratch the floors. 

We're working with them waiting to be let out of their crates or through doors, but the problem is that when we do give them the ""OK"" to go, they dig in their claws and start running. Sometimes once they're verbally ""unleashed"" they'll also run through the house. 

We're trying to teach them a ""slow"" command, but we're not completely sure how to go about this. Should we put them on leashes after we say ""OK"" to make sure they don't immediately dig in/take off? Is there a different technique that we could try?  

They're both smart dogs and they generally learn things very quickly, we're just having trouble finding out what to specifically teach them to stop this behavior.

TL;DR:", How do I stop dogs from running through the house once they're given the OK command to come through doors or out of crates?
201,"SUBREDDIT: r/Dogtraining

TITLE: Roommates new dog is scared of me. Help me to become better friends.

POST: My roommate just got a dog, about 1.5 years old and a pound pup. He is so sweet to her and strangers but very wary around me. Normally I would be okay with this as I am not a very big dog person, however I have a job where I work from home and my roommate is gone all day at work, leaving me with him. At first he would howl while she was gone and it was heartbreaking. I want hime to feel comfortable in the apartment because he lives here too and I don't like that he sits in her room and pouts all day when he is welcome to explore the whole house. I have taken to leaving my door open and making sure he knows I am not threatening. Is there anyway I can show I am loving and non threatening?

TL;DR:", roommates dog is skiddish and won't come close to me. How do I show him I love him?
202,"SUBREDDIT: r/Dogtraining

TITLE: [Help] Crate training and preventing separation anxiety

POST: Hey everyone! My boyfriend and I will be bringing home our Bichon Frise puppy in early September, and I want to be sure that we're prepared, so I've been doing lots of research.

This post might be a bit disorganized because I have a lot of thoughts running through my head, but I appreciate any advice/help!

So, I'm terrified of separation anxiety in dogs. I had a Maltese who was very attached to me and would literally howl and bark non-stop whenever I left him, even for 15 seconds. We got him when he was 4-5 months, and I suspect he developed it because of the change in home plus the fact that his previous owners were always around so he was never taught to be alone. As a result, I really want to prevent SA in our new puppy from a young age.

My main question is regarding how people combine crate training + teaching puppy to be alone effectively. I get the concept: you toss treats around the crate, then in the crate, and work towards being able to close the door for a second, then increasing the time until puppy can be alone for 15 minutes, 30 minutes, an hour etc. My questions are:
1. Do you ever feed your dog in the crate as part of crate training/teaching to be alone? Would that interfere with potty training or help it? Should I be consistent and only feed him in his crate or is it okay to mix it up?
2. What about special treats? I've read that you should associate being alone in the crate with a really special treat like a Kong stuffed with peanut butter. Should I only associate being alone with his treat? Would feeding him in the crate + giving a treat confuse him?

Thanks in advance for the help!

TL;DR:", Want to prevent separation anxiety through crate training. Should I feed meals in the crate + give him his special treat or only associate being alone in crate with treat? Should I only feed meals in crate or can I mix it up?*
203,"SUBREDDIT: r/Dogtraining

TITLE: Behavior issues with my older dog and year old heeler

POST: I have a German shepherd, named Shadow, that I have had ever since I was a kid. She never received any training and since I was only 8 or 9 back then and had no idea about positive reinforcement I used to kick her to get her to stop jumping and whatnot. A year ago I got a puppy, Sleepy, and some of the stuff Shadow did I expected like growling to get Sleepy to stop jumping in her face and growling when Sleepy gets near her bowl. They were getting along pretty fine up until a month or so ago.

The issue I'm having now is Shadow is guarding both food bowls from Sleepy, its like she doesn't want her to eat. I have to stand by the bowl while Sleepy eats so Shadow doesn't interfere. I tried to spread both food bowls apart about 12 ft but shadow will always go to the bowl sleepy eats at and chases her away. Once I didn't do anything to see what Shadow would do and she ended up placing her mouth on Sleepy's head, I thought she was biting her it was pretty intense. Sleepy even tries to surrender, she lays on her side but Shadow doesn't care or something. Right now I've resorted to feeding them separate, putting Shadow in a closed off area of the yard. I'm worried its just making her jealous and worsening the problem though. In addition to this Sleepy doesn't let Shadow get near me. If I want to pet Shadow I can't because Sleepy jumps between us and Shadow goes away.

TL;DR:", Older german shepherd chases my 1yr old heeler away from both food bowls and sometimes 'attacks' her and my 1 yr old heeler won't let my german shepherd near me
204,"SUBREDDIT: r/Dogtraining

TITLE: Dog is turning Food Aggressive. Please help!

POST: My cairn terrier Luna is almost three years old and she is as sweet as sweet can be.  She gets along with almost all dogs and loves people. My two buddies just got new lab puppies and we have been trying to socialize them with my dog almost every week. However, yesterday my dog has done something she has never done before. While playing with one of the puppies nylabones, my friends puppy approached her wanting to play. My dog immediately snapped at her and and tried to bite her. We removed the nylabone and all other forms of food or treats and then they got along perfectly. 

Fast forward to today and my girlfriend's min-pin came over to play. Now the min-pin is three years older than Luna and they have been best friends since I got my dog. But today while at the par, I decided to give both of them some water. They ALWAYS share the same bowl, but my dog decided that she does not want to do that anymore. She attacked the min-pin and we separated them.  Once again, we removed the water bowl and food and they started playing like they always did. Once the food was put back down, the aggressiveness began to reappear.  Luna has never done this before and used to gladly share her water and food bowl with any dog who wanted it. I do not know what to do, I do not want my dog to turn aggressive over food. Any training tips so i can break her out of that habit?

Just FYI also: I feed her a cup of food a day once a day when I get home from work.

TL;DR:"," My dog of three years is beginning to turn food aggressive, even though she has never done so before. Need help!"
205,"SUBREDDIT: r/Dogtraining

TITLE: 2-YO Bernese getting non-aggressively territorial over pregnant lady(me)

POST: Just looking for a little management advice here. As in the title, our(spayed, female) 2-year-old Bernese Mountain Dog is getting a little territorial of me, especially in regards to my husband. She's not aggressive about it(no growling or aggressive posture etc), but she tries to push in between hubs and I or push him away if he and I hug or cuddle without her. I'm 28 weeks pregnant, but I'm also unemployed which means I'm home with her most of the time, so I'm not sure which or both are bringing out this behaviour. We do however, want to nip it in the bud, as I am not hers alone, and especially won't be once the baby is born. We've been checking out resources on prepping her for life with a baby, but this is something different. Any advice on getting her to respect my husband's claims on me?

TL;DR:"," Dog tries to keep me all to herself, tries to push her body between husband and I to separate him from me. Suggestions for how to curb this behaviour?"
206,"SUBREDDIT: r/Dogtraining

TITLE: Best time to spay rottweiler?

POST: My vet told me it's time we get it done, now specifically because the heavier she is the more the operation will cost; it will already cost me about $500 for the shots, her last vaccine and the actual operation. 

She is just about 20 weeks now, a rottweiler, and I'm a bit skeptical about doing this. I've read that rottweilers develop bone cancer and other severe problems if you spay them as early as possible. Out of all the dogs I've had, only one had a severe problem like this and I do not want her to die at a young age because of something like this ie preventable. The articles were tests that vets have conducted and they went into great detail, but then again so did the ""vaccinations cause autism"" tests.

TL;DR:"," Rottweiler, time to get spayed, I've read tests that say this specific breed develops severe problems if spayed to early, true or not?"
207,"SUBREDDIT: r/Dogtraining

TITLE: Adult Dog Ruining Sleep Schedule, Affecting Job Performance

POST: We have a 3 year old 8 lb miniature dachshund who is walked one mile every day in the morning (that is the only time our schedule will allow us to walk her)

     She consistently wakes up (and wakes us up) at 3:30 - 4:30 AM after going to sleep with us at around 10 PM.  When she wakes up, she is demanding food.  She scratches and nips at my feet and arms, and scratches on the wooden bookshelves specifically to make noise, although now when she makes these noises I try not to react to help extinguish that behavior.

     She goes to a doggy day care 5 days a week, so it is not like she doesn't run around and play all day.

     We used to feed her dinner around 5:30, but have gradually over the course of a month moved dinner up to 7:30 PM in the hopes that she will sleep for longer in the morning.  Should I move this up even further?

     This has been going on for six weeks, and my boyfriend, who has severe insomnia, works with heavy machinery, and his concentration is suffering.  I am afraid he will injure himself or his coworkers if we cannot solve this problem.  She never used to have this problem- even six weeks ago, she would wake up at 5:30-6:00.  Even if though this was 1.5 hours earlier than we need to wake up, this would be an acceptable disruption of sleep.

     What should we do?  She has severe, crate-soiling separation anxiety, and so all attempts to crate train her have failed (she will soil her crate after only ten minutes out of anxiety, even if we are in the house!)

     We are at the end of our rope sleep-deprivation wise, my fitbit says I am only averaging 6.5 hours a night when naturally I need more like 9-10, and for my boyfriend, he has been averaging 5 hours.  Thank you in advance for any help!

TL;DR:"," Dog wakes us up consistently at 3:30-4:30 AM asking for food, is negatively affecting job performance."
208,"SUBREDDIT: r/Dogtraining

TITLE: Relatively new rescue is bored and being destructive

POST: Hi,  Our dog Jack is a 2.5 yr old german shepherd mix.  We rescued him about 5 weeks ago.  He's a super sweet dog and is incredibly well behaved ""out of the box"".  His only real issue has been some recent chewing on the house (!) while my boyfriend and I are at work.  Up until this week, he's had free range of the laundry room (where his crate is) and large backyard via a dog door.

Last Monday, he chewed a little on the back door.  I chalked it up to the drastic change between our weekend and weekday routines and him not getting enough exercise on Sunday; we (him included) ran a lot of errands and had a dinner to go to so he didn't get his normal jog.  He was fine outside the rest of the week.  This Monday, it happened again, but he chewed on the door from the laundry room to the inside of the house as well as more on the back door.

Since we can't have him destroying the house, we put him in his crate with a nylabone for the day yesterday out of desperation.  He sounded pretty unhappy all day on the dog monitor app we have.  Today, we left him with a more delicious cow kneecap in the crate and things are going a little better, but this is clearly not sustainable.

I think the chewing is boredom related moreso than anxiety.  Would a chewing deterrent spray be helpful in this situation?  We plan to let him back into his full area once he seems to settle down a little in the crate.  Also, we're going to start leaving him for moderate periods (~1 hour) on the weekends to help maintain a more consistent routine for him.  Does this sound like a reasonable strategy?

TL;DR:"," Dog's chewing out of boredom, we put him in the crate, but we're desperate to let him back out.  What can we do to transition back to his full laundry room/yard privileges?"
209,"SUBREDDIT: r/Dogtraining

TITLE: My dog bit my husband...just for walking in the room angrily

POST: I'm shaken by what happened today.

So, I have a little dog. She's a 2-year-old 13-pound bichon-maltese-poodle-something. We adopted her from a rescue about 4 months ago and she's quite anxious & fearful--jumps at the slightest noise. We have to keep her away from kids completely because she will lunge and bark (which sucks). But other than that, she's never bit or even snapped at me or my husband before. She's a good girl.

Today, I was sitting with her on the bedroom floor. My husband happened to walk into the room quickly and purposefully, and the dog jumped up and started barking at him very aggressively. We were surprised--all he did was walk in.

So I guess this is where we made the mistake. We agreed, ""let's try to desensitize her to you walking into the room."" So we did it again--my husband walked into the room again quickly and purposefully had an aggressive air about him when he did it. This time the dog didn't really do anything. ""Good,"" we thought--she's getting used to it.

We did it a third time and this time she jumped up and barked like I've never heard her bark before, and she jumped up and BIT HIM on the thigh--a real bite--he has a bruise! We were completely shocked that she would bite her owner, just for walking into the room!

Now, in retrospect, we are thinking--maybe we were provoking her by repeating the action? But we've used desensitization before to help her with other fear issues--like with the vacuum and statues (yes, she was afraid of statues in the park).

I'm also shocked that she would BITE her owner!! She has a great relationship with my husband. He is a calm and even-mannered person. He has *never* hit her or even spoken to her angrily!

Should I be worried? Or is it ok since it was an unusual, particular behavior that provoked her do this? 

Also, I can't get a behavioral therapist. Can't afford it.

TL;DR:", My dog bit my husband for real when he (my husband) quickly walked into a room with a purposeful attitude.
210,"SUBREDDIT: r/Dogtraining

TITLE: Where should training go from here? (cat chasing)

POST: This is how I've trained since adopting her:

I baby gated off the upstairs and basement for the cats, since they spend the most time their anyways. I fed them at the top of the basement stairs so she could see them more regularly and not have it be a big, exciting surprise every time she saw a cat.

We've been working on basic commands and potty training. She's a very quick learner and eager to please. Once she had ""sit"" down, I'd stand back and let her go to the gates on her own. If she started barking or jumped at them, I clapped or made a noise and told her to sit. Rewarded with treat. Preemptively told her to sit before she barked or jumped, rewarded with treat. Now, if I walk into the same room as the babygate she will sit and look at me, even if the cats are there meowing. Awesome.

The problem is when the cats come over the babygate.

If she's sitting on the couch next to me or my husband, she's cool as a cucumber. Cats can walk right by her and she doesn't flinch. Other than that, she's on a leash, so if she barks or lunges, I can stop her and tell her to sit. 

My problem is I'm not sure what to do next to get past the leash. I don't think she's trying to bite the cats. Her body language isn't aggressive, but excited and playful. But, I don't really want to find out. I'm not sure how to proceed with training here. My goal is not to leave them unsupervised together, I don't think that's realistic, but I'd like to have my animals all hang out in the living room when I'm home without tension eventually.

TL;DR:", My dog is fine with my cats when on a leash or sitting next to me. How can I progress her training to allow them to share a room without restraint?
211,"SUBREDDIT: r/Dogtraining

TITLE: 5mo puppy barking in crate? I don't want to encourage it but he does it when it's time to come out for the morning?

POST: Basically, my 5mo pup has started barking when he wants to get out of his crate or he's not happy being in there. I really don't want to encourage this behavior as I can see it escalating if he thinks that gets him what he wants.

When he barks at night for bedtime, I ignore him and he'll eventually settle down, whine, then curl up to sleep. That's fine. But he continues to do it and I think that's because of the following.

In the morning I get up around 6:30am-6:45am to walk him, feed him, etc. He has a great internal clock (I joke with my friends that I no longer need an alarm clock cause I can always count on Apollo - my puppy - to wake me up), and he'll start barking a few minutes before it's time for him to come out. The problem is, he continues to bark, and I'm afraid I encourage it cause I let him out because that's when I need to tend to him in order to get to work on time (I don't have time to ignore him until he settles down). I've tried to wake up before he does to let him out, but as soon as he sees me getting out of bed, he immediately will start barking (sometimes whining) cause he knows I'm getting ready to go and he wants to be let out so I walk him and feed him.

Any tips??
I hope this makes sense.

Bascially,

TL;DR:"," He barks in the morning when I'm about to let him out of the crate, and I'm afraid that's encourage the bad barking behavior for whenever he's in the crate and wants out."
212,"SUBREDDIT: r/Dogtraining

TITLE: My dog won't go out in heavy rain--WTF am I gonna do with Irene promising at least tropical storm force?

POST: My dog hates being wet.  She hates water unless it's in her bowl or being poured into a hand for on-the-go drinking.  She hates pools and lakes and swimming holes.  That being said, long stretches of rainy weather are somewhat nightmarish.

She would rather hold it then spend the few minutes taking a quick bathroom trip.  Last summer, during a particularly bad storm--she held it for 24 hours!  With Hurricane Irene bearing down, and the promise of at least a *very* rainy couple of days, any recommendations for preventing this discomfort/potential injury or illness?

I've bought adult wee pads, although they don't appear to be scented to attract her.  I thought maybe placing one in a designated spot and taking her there on a ""find a spot"" (she knows the command for quick late-night runs outside) command might work, but I'm concerned that she either just won't use it, or doing so will ultimately confuse her excellent housetraining in the long run

TL;DR:", My extremely well housebroken adult dog won't go out in the rain and I fear she will be uncomfortable/make herself ill.  Recommendations for giving her an alternative during a hurricane?
213,"SUBREDDIT: r/Dogtraining

TITLE: Behavioral attention issue

POST: My pup, who is a 4.5 month old German Shepherd, is quite well behaved.. Especially for a puppy. I live on an acreage and I let him stay outside with free reign while I'm at work. When I get home I play with him outside for around 2 hours each day. After that I always give him a rinse in the shower (he always gets covered in dirt) and then we hang out inside and he sleeps with me. Anyways, this is a very minor issue but it kind of drives me crazy because I'm 95% sure he does it on purpose. My living room and kitchen are connected without any hallway or anything. I always keep his favorite toy inside (a squeaky ball) but he constantly pushes it under my cabinets/counter. They line my kitchen and are like 4 inches deep and 4 inches tall. I SWEAR he does this on purpose!! I pull the ball out and give it back to him and start to scold him a bit after he does it a few times in a row and eventually just keep the ball and put it away. Also, the space under the counter is big/small enough that it is difficult for him to get the ball out himself so he will paw/scratch/whine about it. He doesn't scratch hard enough that it leaves marks but I do really scold him when he starts to actually ""scratch."" 

It really doesn't cause any harm but eventually I'm sure he will start to visibly scuff my cupboards up especially when he becomes full grown. 

I really do think he does it specifically so I have to pull the ball out for him. He'll whine because the ball is stuck and then I grab it for him and within the next minute he sticks right back underneath. I know he's a smart dog too. I'm actually very impressed with his intelligence (he's my first German Shepherd.)

TL;DR:", My puppy intentionally gets his favorite toy stuck so I have to pull it out for him. How do I knock this behavior off?
214,"SUBREDDIT: r/Dogtraining

TITLE: Loud mouth beagle, any tips?

POST: I've got a 3 year old beagle, and she's a great dog.  But, as a beagle, she does tend to hit 11 on the volume knob.  It used to be more of a constant problem when she was home alone, but we got her a friend (min pin) which helped a ton.  The thing is, she still goes bonkers when we get home, or when she *thinks* we get home.  Top of her lungs howling.  Not really baying, more like she's being fed into a wood chipper.  I was worried for a bit that my neighbors might think I was beating her or something, but nothing has come of it.  However, when I got home today and Bailey started making noise, I heard my new neighbor yell at her.  I'd rather not have it become an issue, especially since this new guy is kind of a sketchy guy.  
A shock collar is out of the question.  Not necessarily because I'm against the idea (I am, though), but that I really doubt it would be effective.  She doesn't learn well from pain as a deterrent.  She does shut up *immediately* if I am the super soaker at her.  Worked for a couple days, then she just started standing farther away and making the noise.  
I've seen the citronella spray collars, but I don't know anyone who's tried one.  Thoughts on them, or other techniques to get her to tone it down?  Or is this pretty much how it's gonna be with a beagle?

TL;DR:"," Beagle is super loud when I get home, or when she *thinks* I get home.  Citronella spray collar, or other ideas?"
215,"SUBREDDIT: r/Dogtraining

TITLE: Please help me /r/Dogtraining! I'm shocked and appalled at my dog.

POST: I've read a few posts on here about introducing dogs/food aggression but none really fit what I need answered so I'll just jump right into what happened.

First off, I have an Australian Shepherd/Dingo mix named Taco, she is approx. 14 months old. My friends have a 3 year old female pitbull named Ally. Said friends have to get rid of Ally after having her for all 3 years of her doggy life (their daughter has autism and is also 3 yrs old) they simply feel that they cannot give her the time and attention that she deserves. Today, I brought Taco to meet Ally and everything was going well albeit the normal skepticism of 2 dogs meeting for the first time. Now I know you're all going to think awh man what an idiot but Allys food bowl was out (shouldn't of been, I know). Taco watched Ally eat a bit of her food then as soon as Ally was finished Taco decided she wanted a bite to eat aswell. Ally sat and watched Taco eat for about 30 seconds (she was totally layed back and cool about it) Ally then approached HER bowl to share/eat with Taco. They were cool for about 10 seconds and then Taco 360'd and attacked her. While breaking them up Taco bit my friend (accidentally) and drew blood all the while Ally was trying to retreat away from her. After that happened Ally ignored Taco (I feel like Taco was trying to apologize to her in a doggy way). I'm very upset and shocked at my dogs actions as she has been around many dogs and never ever ever showed food aggression or bit anyone. I really, really want to help my friends out and give this amazing pup Ally a loving home. I guess what I'm asking is if this sort of thing can be fixed and if so how can it be done?

TL;DR:"," Trying to give my friends dog a home, my dog is an ass who showed food aggression towards a dog who was willing to share her food with her."
216,"SUBREDDIT: r/Dogtraining

TITLE: My usually bold dog gets scared of the wind on her daily walks.

POST: Hi, using a throw away account here, but in need of some real help with this one before I stop eating breakfast in order to afford a dog trainer. I rescued a 9mo old pit mix last June, who at the time was of course a real city hell hound on the leash. She's progressed quite a lot, but we've graduated from the Easy Walk harness to the Gentle Leader and at first had great success with her finally walking at a nice steady heel...until autumn set in and the winds began to steadily pick up. Last summer I broke her of her freak out of the rain by standing calmly in it myself and playing fetch off-leash in a closed area she was familiar with. Eventually she decided that the rain was not in fact daggers falling from heaven and I was not their accomplice, and while she still doesn't like the rain, she's no longer likely to bolt, growl, gnash, and fling herself all over the sidewalk when she's had enough. But she does still go wind crazy. Whether or not there are leaves or garbage in it, if the wind picks up she is suddenly terrified. I try to remain calm and reassure her without rewarding her or to give her a command to bring her attention to me. Sometimes I just pick a spot for us to loiter at for a while so we can calmly stand/sit in the wind. Of course when she's playing fetch or at the dog park she can't be bothered to care about the winds, but while walking it happens at least once each time and she's decided that pulling like a sled dog against the gentle leader isn't so bad after all-creating two problems from one fear. Since she's not generally exhibiting any anxious behavior I'm not sure how to work on this problem. Any suggestions ya'll can provide would be fantastic. Thanks.

TL;DR:"," My usually bold and inquisitive city dog gets frightened and goes ape shit when a strong wind blows, hunkering down and running in circles while lunging and growling until it dies down again."
217,"SUBREDDIT: r/Dogtraining

TITLE: Help, family wants to get rid of our dog.

POST: We were given a husky mix and parents did not want him in the house. He has been an outside dog for the last 4 months. He has destroyed everything in the backyard. He's constantly digging holes, tearing up any cables he has access to and chewed and scratched the back door to pieces. Now my mom is super pissed at the dog and wants to get rid of him.

I don't think it's fair to the dog since he hasn't really been given a chance to learn how to be a good dog. He's outside all the time so he just constantly reinforces his bad habits. All of his flaws are failures on our part.

My plan is to convince them to bring him inside and train him to be a good dog.

1) How do I go about getting started removing his destructive behavior?

2) What kind of argument can I use to convince mom that he can be a good dog?

TL;DR:", Dog has been left outside to his own devices. Learned alot of destructive behavior and now Mom wants to get rid of him.
218,"SUBREDDIT: r/Dogtraining

TITLE: Screaming in Crate

POST: Hi everyone,

I've been browsing this subreddit for a couple months in anticipation of my new puppy (9 week old Brittany) and, so far, it has really helped me prepare for her.

I am, however, having a hard time with crate training. Here's the story.

Thursday - picked her up from the airport in her crate. She looked a little scared, but warmed up to me in minutes. We had a long day of meeting my roommates and their dogs (this went better than I expected) and after she passed out in her bed, I moved it to the crate and shut the door. I heard/saw her wake up a few times, but she mostly slept for almost 8 hours without a peep. I woke up and let her out before she made noise.  

Friday - I stayed home with her all day. Quick walks, playing in the back yard, naps, quick training sessions, eating, etc. I had to leave her crated alone for the first time later that night, so I did a test run while I got ready for work. She was in there for 15 minutes and she was absolutely SCREAMING the entire time. After I got out of the shower, I waited outside my door, hoping for a few seconds of silence so that I could praise her, but it never came. I alerted my roommates about what to expect when they got home. Later, they told me that they were unable to listen to it so they let her sleep with one roommate's mom (who is visiting) and she was quiet. After I got home from work, I placed her in her bed, but she wouldn't stop yelping until I let her on my bed. I caved for the night because my roommates work very early, but I want to work with her on crating today before I leave for work again. 

Basically my problem is not having a window of opportunity to praise her for silence. Ideas?

TL;DR:"," new puppy screaming bloody murder when I leave her in her crate, needing to acclimate her ASAP because of roommate's schedules."
219,"SUBREDDIT: r/Dogtraining

TITLE: Peeing inside unless I'm RIGHT beside the back door.

POST: So I've always rented apartments with my dog (He's 4 years old). And my dogs growing up used to lose their shit barking at anything/everything.

So since I've had my dog I've trained him that as soon as he barks, the game is over and I say ""no bark"" which has worked remarkably well, he's near silent except for whining/playful growls.

However my new apartment is a 3 story building. And unless I'm on the ground floor withing eyesight of him pawing at the door, he will just pee on the floor. 

If he were to bark/yip I'd at least hear him and come running down to let him out. 

So now I don't know what to do, I LIKE that he doesn't bark, but there is no other way I can hear him from so far away, and he doesn't even understand what Bark/Speak is. It is so ingrained in him I can see him getting worked up to bark (spent the last 2 hours trying to teach him) but the most he'll do is a stepped up intensified ""pant"" or let out the most frustrated little whimper. 

He only ever barks at my brother's house because their dog barks like a maniac at everything.

TL;DR:"," Unless I'm sitting in the same room as the patio door, He won't ask to go outside, doesn't know how to bark, pees everywhere. Is obviously ashamed when I come down and step in it"
220,"SUBREDDIT: r/Dogtraining

TITLE: My dog doesn't 'play' with other dogs. Is that a problem?

POST: Oliver is a 2 and a half year old Miniature Shetland Sheepdog. I work at a doggy daycare 6 days out of the week and he gets to come with me for free. Which is freaken sweet! He get's very excited when we pull into the parking lot and sees the other dogs barking. When we're in the room he runs after dogs, barks at dogs, attempts to 'herd' the dogs, plays mega fetch with the dogs but will not actually play with them. 

He's very shy meeting new people, doesn't really like the OMG YOU ARE SO ADORABLE approach but I feel rude telling people if you ignore him he might approach you. Anyway my friend came over with her 10 month old mini pit who was beggggggging Oliver to play with him and I tried to initiate with some fetch thinking thatll warm him up. Nope, took his toy and hid right under the desk. When the puppy came over to sniff at him he growled. I took him out from under the desk gave his toy to the pit and had him lay down next to him but now my friend/ boyfriend are telling me to look up methods to socialize him. Honestly I think he acts perfectly fine with other dogs, other then not playing with them. Is this just his personality like I suspect or am I keeping him from something that he could learn to really love by not going about it the right way?

TL;DR:", My dog doesn't like playing but otherwise gets along with other dogs just fine. Friends are making me feel like there is something wrong with him.
221,"SUBREDDIT: r/Dogtraining

TITLE: Please, I really need help correcting Buster's (2 year old adopted beagle) bad behavior.

POST: Buster is a 2 year old beagle that went through two families before being adopted by my elder sister. his last owner took terrible care of him, so much that his neighbors called the humane society (the owner had over 10 dogs, which is not legal where I live, 2 being the limit, or 3 with a special permit).

Anyways, my sister told me he has the bad habit of toppling over trash cans and rummaging for scraps. whenever he does that, her fiancé and her hit him pretty roughly. this week, they both have to leave town for a work conference and have to leave Buster in my parent's care. not even two hours have passed and he has already pulled on the garbage bag hard enough to topple the trash can (ours has a lid) and eat a good amount of trash.

my sister tells me to hit him but I can't bring myself to do this, I've always loved dogs and never hit one in my life. I completely disagree with her methods, but it's the first time I've had to deal with this behavior. how should I go about teaching him not to do this without hurting him? they had to leave for the week so that leaves me about seven days, hopefully that'll be enough.

please help Buster and I correct this bad behavior.

TL;DR:", sister's dog topples over trash can to eat scraps. she tells me to beat him but I disagree with her methods. please help me correct this bad behavior.
222,"SUBREDDIT: r/Dogtraining

TITLE: Excited dog growls at everyone we walk by, and she scares children!

POST: Roxy is an 11 month old 75lb Golden Retriever / Labrador Retriever mix.  We got her when she was about four months old.  She is the sweetest dog I've ever owned and *loves* people.  She's very gentle, but as a big and excitable dog, she often can be intense for some people.

She listens to commands very well and understands hand commands as well as verbal commands.  She knows sit, give paw, lie down, stay, eyes (to get her to make eye contact), and come.  When we have people over, she goes insane and is hard to settle down.  We have taught her that she will get no attention from people unless she sits and makes eye contact.  (If only our guests would follow our rules as well!)  It is getting better with time and training.  Whenever we go to visit family and take her, she is a complete angel.  She sits patiently and waits for my grandmother to pet her, she isn't aggressive, and she doesn't bark.

The real problem has been when we take her out on walks.  As the weather gets nicer, more people in my apartment complex are out and about.  The dog will growl as soon as she sees a person or other animal.  Most dog owners are understanding and still are willing to let their dogs check her out.  

I want to take her to obedience training, but it's kind of rough right now.  My wife works days and I'm with my 3 year old daughter, and I work nights after she gets home.  My daughter is in bed by 7, so evening trainings are out, and honestly, I don't think having my 3 year old around during obedience training is a great idea - feel free to correct me if I'm wrong.  I plan to take her to a dog park I just found out about in my area to try and socialize her more.
 
If you've stuck with my rambling up until now, thank you.

TL;DR:"," Dog growls at anyone and everyone she sees outside, but she's not aggressive in the least.  What's the best way to go about training her to calm down?"
223,"SUBREDDIT: r/Dogtraining

TITLE: Dog won't stop barking at people

POST: My boyfriend and I adopted our Chihuahua from Mexico October 2013 when he was two months now he is a year and half. He is such a sweet little guy when I come home he jumps on to my bed and showers me with kisses. Same with my boyfriend, my mom and his sister. He lives with me and my parents but visits my boyfriend at his house with me on the weekends. When he is walked, alone, or with my boyfriend's mom's dog, and his sister's rescue, he barks at everyone. Joggers, cyclists, and even people just walking by. He is so sweet but I can feel him tensing up and running when he sees people nearing me. I've tried to yell and I scold him with a firm ""bad boy I said no barking"". It's gotten to the point I have to tighten his leash before we pass anyone or even cross the street. I'm thankful he doesn't bite just barks. I don't know what to do to get him to relax. Also when we're at my boyfriend's house and someone comes in the house all the dogs bark but he doesn't let up. Especially if it's someone he doesn't know or hasn't seen in a while. What do i do?

TL;DR:", Chihuahua barks at everyone that enters the house or he sees when he walks with the exception of immediate family.
224,"SUBREDDIT: r/Dogtraining

TITLE: Need help with neighbor's dog

POST: Hi folks, I'm hoping that some of you who have some training experience can help me with this situation.

Our friendly neighbors got a German Shepherd puppy a while back.  We were very excited, as the people who lived there before had a dog who was BFF with our pooch.

This dog, however, has a very different temperament, very spooky, barks and growls at everything and everyone.  One of our early encounters with the dog involved our son playing in our fenced front yard; as the dog was being walked past, she attempted to come over the fence to get at my kid.  Not in a friendly ""hey let's play!"" way, but in a tail down, growling, ""I want to kill you"" way.

It was scary.

But the biggest issue is that the dog has access to a part of their yard that is right next to our front porch.  The fence there (which belongs to the neighbors) is only 3 feet high, so the dog is about half over it when she stands up.  Which of course she does, while barking ferociously, at everyone who comes to the door.  The mailman has skipped our house a few times because of this.  And she's scared a fair number of visitors to death.

I've managed to get her to the point where she at least no longer growls at me by feeding her treats, but obv this isn't an option for every single person who comes to the door.

Sorry, this is kinda

TL;DR:"," mostly just wondering if there is any way to convince this dog my porch, and those who inhabit, is not enemy territory."
225,"SUBREDDIT: r/Dogtraining

TITLE: Switching from kennel (which he hates) to crate?

POST: I adopted a 9 month old mix from a shelter last week and he has a few problems. He's got some abandonment fears and some big issues with being confined in a kennel.

He's not yet completely house broken, so at night or when we leave he has to be in the kennel. We let him out consistently throughout the night, but he REALLY hates the kennel. At bedtime, he will do his best to avoid the bedroom and the kennel. He doesn't go in willingly ever (which makes it hard to set commands to go in). We keep things in there for him (plushie, chew toy), but he doesn't really use those at all.

We also have a crate, where he eats and drinks. He goes in and out of this often, but we've never closed it. We need to make the crate a place he wants to go when we leave or go to bed.

How do we get rid of the kennel (which he hates) in favor of having him stay at night in the crate, which he seems comfortable in?

This is how I figure the process goes, but I honestly have no idea how to not have this turn into another problem just like the kennel:

1) Get him to go in the crate on command

2) Start closing crate for 1 minute

3) Start closing crate for 5 minutes

4) Start closing crate for 20 minutes

5) One hour

6) 2 hours

7) 4 hours (goal - time in between work and lunch)

How long should the transition be between steps?

TL;DR:"," Dog hates kennels and won't go in willingly. How can we not make the same problem for our crate, which he goes in and out freely to eat."
226,"SUBREDDIT: r/Dogtraining

TITLE: [Advice]My Jack Russell Terrier is obsessed with chasing lights?

POST: So I've had my JRT for about 2.5 years now and for the most part he is a great dog. It wasn't until a couple months ago my SO thought it would be fun to buy one of those laser pointers at the dollar store for cats and use it with my dog. Honestly at the time I didn't think anything of it. Anyway at first it was a fun, easy way to have him run off some energy but then he began seeing light reflections (like from glass doors) or anything similar and trying to chase it and start barking, it got a little annoying when he would just get in a stance to chase something at the back door and bark (I'm assuming trying to get it to come out). Since then we hid the laser light away because I'm not sure if I'm promoting bad behavior by letting him play with it or if its best to just avoid that whole thing?

TL;DR:"," since introducing my JRT to a laser light he goes a little crazy over light reflections, not sure if I'm promoting bad behavior?"
227,"SUBREDDIT: r/Dogtraining

TITLE: My dog screams, howls and cries every time we leave the house.

POST: We have a male Schnoodle and he's a little over a year now. From the time we got him as a pup, every time we left the house he's cried. We thought he would grow out of it and have tried everything - from treat puzzles to kongs filled with peanut butter to distract him during our escape. We don't make a big deal out of leaving, don't make eye contact and walk out the door. 

He will howl, cry at the highest pitch scream I've ever heard, and go into panic mode when I begin to head for the door. I've sat outside and this goes on for about 10 minutes. He also does this when my husband or I get out of the car to quickly run an errand (while the other one stays with him). 

We recently moved into a new house and the neighbours have said they can hear him through the walls in the morning (townhouse). I can also hear him in MY CAR through the front door. He's all of 10 pounds! 

It's probably not good for his health either to be getting this upset. Does he just have anxiety? Have we done something wrong? How do we stop this?

TL;DR:", MY dog has been crying every time we leave the house for the last year and a bit. How do we help him and why does he do it?
228,"SUBREDDIT: r/Dogtraining

TITLE: Need help with 1yr old rescue who urine marks.

POST: I found my small dog on the streets and took him in. (not neutered) I have thought I house trained him. He never really went the bathroom in the house, just urine marking.
However, he still urine marks in my house and other people's house. (I know house training and urine marking are not the same. I also know urine marking is more likely to happen in other people's homes. I also know urine marking is more common with non neutered animals.) 
My real question is, How do I teach my dog to stop urine marking in my house or others?
The big problem is, I don't have a yard, and he doesn't go potty when I stand still and don't walk him. When i walk him he never ""pees"" just a bunch of urine marks while i walk him. I want to just take him out to one spot and have that be his potty spot, or at least have him ""pee"" and not urine mark.
I have read everywhere that there really is nothign to do. I realize getting him fixed will help. But i am worried that won't work because he never pees, just marks.

TL;DR:"," My dog never goes pee when going to bathroom, he just urine marks everywhere when I walk him. How do i teach him to pee and not urine mark while walking, or in my house?"
229,"SUBREDDIT: r/Dogtraining

TITLE: Picking your brains on an older dog + cat introduction

POST: Hi dogtraining! I've been reading up on introducing dogs to cats and am preparing for it. I just adopted a 5-6 yo border collie who's got a sad story but is a true sweetie. He's staying with my SO while I'm finishing up an internship and then it's time for the Big Introduction. I live with two cats. My cat is an old fart, pretty straight forward, a huge jerk who stands up for himself and spends most of his time outside. The other is my roomie's cat who is very shy, likes to run away from what is scaring her, isn't very good with dogs and is strictly indoors. I live in a small apartment that is basically three rooms. A brief intro was made today during which the dog was pretty good, but growled at my roomie's cat who was growling and hissing at him and was very interested in them both, although not aggressive and didn't approach them. This evening while outside he showed great interest in a cat that was loose outside at my SO's apartment complex, with an avid attempt to approach it. I really want to set this dog up for success. From what I've gathered, the idea is to treat when calm and not leave them alone unattended until I'm positive that the dog is trustworthy. He's highly trainable, very food motivated, and obsessed with pleasing his people. I guess what I'm looking for here is assurance that it'll be OK and advice on how to deal with the first week or two in such a small place with two such very different cats.

TL;DR:", Adopted older border collie who hasn't had exposure to cats. His introduction wasn't 100%. Need assurance that I can do this and tips to ensure I don't get my roomie's cat killed.
230,"SUBREDDIT: r/Dogtraining

TITLE: Dog ""guarding"" rawhides. What to do, what to do.

POST: I'm a first time dog owner, and have only had her for nearly 2 weeks, so please bear with me :). Lorelei ""guards"" her rawhides. She doesn't growl or snarl or even hold it in her mouth, so I'm kind of at a loss as to where to start. Most of the advice I've seen on the internet as well as this sub is teaching her to leave it. 

So what does she actually do with them? She kind of keeps them right under her chin, and waves her head back and forth over it while staring at you looking very anxious that you'll take it. She constantly licks her lips and goes bug-eyed. What I've been trying to do is when I see her get like this - I pet her and love on her. She lets me touch the rawhides, and I give her treats when she does. 

The other day she barked once at the cats (freaking them out, as well as me) - so I took it away and haven't given her rawhides at home (she spends 8-9 hours at work with me every day, so she gets them there). Well today a coworker stopped by my office, and she started doing the head sway above her rawhide. 

She doesn't guard other toys, doesn't guard her food, doesn't guard the tiny rawhides - just the new big expensive one that we just got. Should I just keep taking them away? Should I keep treating her for letting me play with them? I should also note that she's a very non-food motivated dog, she'll only take treats about 3/4 of the time that they're offered.

TL;DR:"," Dog gets anxious when she's got an awesome rawhide and thinks people will take it, but doesn't get nasty - what gives?"
231,"SUBREDDIT: r/Dogtraining

TITLE: GSD/Rott mix exhibiting dominance in another dog's territory, trying to understand the situation

POST: So this week was the first week I brought my 2yr old GSD/Rott mix (Bailey) to work with me at a large plant nursery. She has spent a lot of time acclimating and testing her boundaries, but has generally been pretty great with keeping close and responding when called.  

However, today she did something that left me confused. Across the road from the nursery is a home with a friendly female Blue Heeler who often gets loose and runs around in the nursery, but was tied up on a rope in the front yard. While I was on my way to shut the gate to the nursery, Bailey casually trotted across the road towards the Heeler, but completely ignored her and proceeded to mark the yard not 4ft away from it. Bailey continued to ignore the Heeler and even went so far as to walk up the front steps of the house to nose around. All the while I am calling her to come back and even try to run in the other direction to implore Bailey to follow. When that didn't work, I just walked over to physically bring her back, and by this time the Heeler had had enough of this behavior and initiated a fight. While it wasn't an overwhelmingly intense fight, I did have to dump water on them to break them apart and commanded Bailey to ""go"" because she kept trying to come back at the Heeler.

Clearly my dog was being dominant (and asking for a tussle), and I believe that because she had become familiar with the nursery she saw that entire region as her space, including the unenclosed front yard of the Heeler's house (though she has never been there before). Even still, Bailey always sniffs/allows sniffing when she meets a new dog in any space, so I guess I'm just confused as to her motives for ignoring both the Heeler and myself on an unfamiliar property. 

I've been a bit frustrated for a while now with Bailey's leash aggression and also trying to dominate submissive dogs. She has been through training and things were going really well at the nursery until today. I guess an objective perspective might help me to understand something I might not be seeing.

TL;DR:"," My dog went over into another dog's front yard and ignored it and me, which resulted in a fight between the dogs and left me confused."
232,"SUBREDDIT: r/Dogtraining

TITLE: We Moved from the Country to the City unexpectedly, and my dogs are terrible on the lead, please help!

POST: Myself and my SO have always lived somewhere rural, and had no reason to think we'd ever not be, so we got two dogs, we have Max [1y 10mo GSD Male, Neutered] and Mollie [1y 6mo Border Collie, Female, Not neutered], due to reasons out of our control we now live somewhere extremely urban on the first floor. 

They're great dogs, extremely friendly, great inside the house etc, but because they've always been able to run free (they're great at recall, ball games etc) and some aspects of their new life are super challenging. 

I'll list the main problems here 

- They are AWFUL at walking on the lead, they pull constantly, we got Max a anti pull gentle leader face harness which works, but i don't feel like we're actually fixing his pulling problem, he gets very frustrated and whines when he can't pull. 

- Getting down the narrow, steep stairs on a joint lead is verging on dangerous because they just race down the stairs.

- When I get the leads out they go in to maximum overdrive, and it's exhausting to get their leads on, I can get them to sit nicely for about a second and it's chaos again. 

- On walks, they're used to people and are friendly but I think TOO friendly, they've only ever met people who love them and rural minded people who are super happy to meet and play with dogs as they usually have some of their own. (There is the same issue with other dogs, 0 aggression but they almost tear my arm off trying to get across roads which is super dangerous) 

I know this seems like a lot of issues but we're in it for the long haul, in sickness or in health with these guys. We've moved country TWICE already, with them, with passports (due to the above life situation, which I won't go in to but it's really rocked our boat out of nowhere). 

Also, like I say they're awesome dogs who know a lot of obedience and we love them like our children. We just need to get past this!

TL;DR:"," we have awesome dogs, but city life is very different to country life, I really need some help with a few problems to get us all adjusted. "
233,"SUBREDDIT: r/Dogtraining

TITLE: ""Skittish"" Aussie from the shelter is adapting well...except...

POST: We adopted a seven month old Australian Shepherd from the shelter about a week ago. They had her listed as ""PG-13 Skittish"", and I wouldn't call her all that skittish. She's very meek and submissive, though very eager to please and smart as a whip. Her submissive behavior isn't what is causing a problem though, since we're working on building her trust and confidence with us and she's taking right to it.

Random things scare her--not noises, but objects. These seem to change every day. She'll be terrified of something one day and fine with it the next. I suspect this is just because she's getting used to her new home and to us, so the little things, I'm not worried about. She'll get over her terror of the dog-poop-bag-trashcan, since she's constantly exposed to it.

The other day, it was pouring when it was time for our morning walk, so I broke out the umbrella. The sound of the rain on it terrified her briefly, but she got over that after I showed her that it was okay, and we went on our walk. When we came back, however, I went to close the umbrella. NOPE. She FLIPPED OUT and pulled out of her harness (I tightened it afterward), then ran out into the rain and lay in the grass, crawling to me on her belly with some serious reservations. Luckily, she doesn't run from me and so she waited for me to come pick her soaking wet ass up and carry her into the house.

I have a few questions. 

1.) Is this just a symptom of a fear stage? Is there anything I can do to help her along during this? 

2.) How can I get her not-afraid of the umbrella, which is huge and makes scary sounds?

Other than her random little fears and her occasional forrays into/near the litter boxes, she is the absolute perfect pup so far, and as her confidence grows, she gets even better! I want her to be confident on rainy walks, so how can I get her used to the umbrella without scarring her forever? We do clicker train.

TL;DR:", Aussie in a possible fear stage terrified of umbrellas. How can I work on this without making it a phobia?
234,"SUBREDDIT: r/Dogtraining

TITLE: I was ecstatic when I found out my 1.5 year old Alaskan Husky wasn't racist. What good stories do you have about *not* having to train your rescue?

POST: So I had the dog for about a week, this is when my husband was still in college at [Paul Smith's] The place is very cool, and the ""24 hour room"" allowed dogs (not officially). 

  Anyway we're both in there (room with tables and 10 computers connected to the library) and a light skinned hispanic kid on the basketball team walked in and sat at a computer. 

  Cue Jack Elvis The Wonderdog, who greets politely…then not so politely, then decides he likes the kid and lays at his feet. Whatever, he's being a good boy I turn back to help do research for baby boy. 

  Next thing I know most of the team is in a semicircle around Jackers cutting off all escape (he's half under a table backed up to a wall) none of them even saw him. 

  30 seconds later the lone whitey in the group jumps like 3 feet back (finally noticed Jackals) and says, ""Shit, man, did you get a dog!?"" and my dog's new friend (fast thinker as well as fast on the court) comes back with ""Yeah, just picked him up, he's a purebred kubilijubinovoo,(he made up a funny sounding name) champion sire, ""

  Now my dog finally notices, as everyone falls all over him at once and he sat there hamming it up, giving his, ""I like you"" howls (which sound like chewbacca yodels) And as usual everyone who met my special little snowflake fell right in love with him. 

  Now, none of this really occurred to me until after the fact (you know, cause I'm not racist so I just saw a group of people, and we had already had evidence that could handle 8 people petting him at once) , but I didn't know ANYTHING about his history or if there were darker sides to his temperament. It wasn't until later that it really dawned on me that the situation could have gone downhill fast. 

  Proud of my boy for living up to my moral standards, haha.

TL;DR:"," New dog is surrounded with no exits by a group which was the epitome of the American melting pot, and displays a wonderful disposition. Owner is happy. "
235,"SUBREDDIT: r/Dogtraining

TITLE: Dog too hyperactive for obedience school!

POST: Hi, this is my first ever post so bear with me if you can.

We've had a beautiful little 1.5yo staffy cross for a couple of months now. She's one of three dogs we have, and off-lead she immediately gets along with every dog she's had the chance to meet. She's extremely playful and affectionate, and I've never seen a dog wag her tail so frantically nor easily.

At home, we haven't seen any signs of aggression or fear in her. She doesn't seem to guard anything, to the extent where she would happily let you/the other dogs take food or toys out of her mouth. She also doesn't seem to get startled nor display any signs of discomfort. She sleeps soundly in the presence of anyone.

Now, the issue... She is extremely different on lead with strange dogs present. It's so bad that we had to pull her out of obedience school for being disruptive. She barks at a painfully high pitch with her butt in the air and runs around in circles at my feet the entire time. She doesn't listen to any commands, even with food rewards (she is not bad at commands back at home and usually loves food!) I can't get her to look at me at all. 

Additionally, when those dogs get too close, she tends to pounce on them or get overly excited, which doesn't always end well. She even almost got into a row with one of our other dogs while they were at obedience training, and they are usually the best of friends. 

I know its all very crazy and exciting to be around so many dogs, but we really don't know what to do to calm her down in that situation. Nothing seems to work. It's like she is a different dog altogether! I can't really figure out if she's doing it out of excitement, stress, or fear, but she never exhibits these intense behaviors normally. She rarely barks at home.

If there aren't strange dogs around, she will pull on her lead but only lightly. 

We would really love some advice, because she's a sweetheart but this is just embarrassing. I also don't want her to ever get into a sticky situation with a less than friendly dog due to her hyperactivity.

TL;DR:"," Dog overly excitable on lead around other dogs. Won't listen to us at all, so we can't take her to obedience class without causing a ruckus. Please help!"
236,"SUBREDDIT: r/Dogtraining

TITLE: [HELP] Reactive dog starting to nip at baby.

POST: My wife and I have a three-year-old yorkie-dachshund mix.  Two years ago, we discovered that she is a reactive dog.  We've been through many different types of training, but we've seen only slight success.  She's incredibly sweet around us and people she knows, but uncontrollable around unfamiliar dogs.  Unfamiliar people she can warm up to, but it takes time.  I digress though.

Our five-month-old son is just starting to discover our dog, and he's taking a liking to her.  Usually she's pretty chill around him, but now that he's kicking and using his hands more, we're getting very nervous.  Today we tried clicking and treating our dog as we introduced our son closer and closer to her.  She did a great job for a while, but then she nipped at him (no actual contact, thank goodness).  Granted, I may have put our son too close too soon, but it certainly scared us.  We immediately put a stop to it from there.

One day our son will start crawling, and ""unusual motions"" like that will definitely freak our dog out

TL;DR:", Reactive dog nipped at our five-month-old son today.  How can we acclimate her to him?
237,"SUBREDDIT: r/Dogtraining

TITLE: REACTIVE DOG PSA

POST: I just wanted to share my experience I have had with my dog.  I have had my lab since he was 8 weeks old and he is now about 1.5 years old.  I have spent lots of time training him and have even gotten him registered as a therapy dog.  About a couple of months ago he started to act a little different at home.  He started to become territorial and aggressive to new people who would come to my house.  He even tried to bite a lot of people.  It was sort of Jeckle/Hyde syndrome.  When he gets in these states its almost like he had ADD and wouldn't listen.  But once we calmed down a little bit he would snap out of it and be his normal happy self.    I took him to the vet and they said he was perfectly healthy. Since this was now outside my level of expertise I consulted some trainers who all said he is becoming an adult and this is just who he is now and if i was not willing to accept who he was i should put him down.   I refused to accept that.  In my mind there was no reason for this change in attitude.  So i brought him back to the vet and demanded they test his thyroid levels...

It was determined he had low thyroid levels and needs to be on thyroid medication.  Once i put him on this medication he  was his normal self and does not react to strangers coming to my house.  He is happy and not scared of strange things in the house.  I'm telling you my story because a lot of times people overlook that their dog might have a thyroid problem because they don't show the normal symptoms of lethargy, weight gain, or hair loss.  My story has a happy ending and I wanted people who are in a similar position to be aware of this.

TL;DR:", If your dog is reactive/aggresive all of the sudden PLEASE PLEASE get their thyroid levels checked before you deem them a lost cause.
238,"SUBREDDIT: r/Dogtraining

TITLE: Dog suddenly refusing to pee/poop while out

POST: We adopted this pup when he was 3 months old about 9 months ago. House-training was a bit of a struggle - he didn't seem to care about praise or treats. Ultimately we got him trained by bringing him on walks only after he went to the bathroom (in a designated area - we live in an apartment). This has been working great up until recently.

Now my dog refuses to go to the bathroom the first time I take him out. I say first time because if I drag him back inside, then back out maybe 10-15 minutes later, he will go just fine. He definitely has to go since this is after he has been holding it overnight or during the day, and he will always go if I take him out again shortly after. But I don't always have time to take him out two separate times in the morning before work, especially now that it's getting a lot colder outside and it takes me longer to bundle up each time.

I always bring him to a designated area to go to the bathroom, and we've been trying to teach him the command ""get busy"" for when he goes too, but he doesn't seem to get that. We've been saying ""get busy"" every time he starts to pee/poop for 9 months (and praising him after, which he doesn't seem interested in), but if I give him the command while we're outside he just seems to get anxious or doesn't care.

I don't want him to think he will always have multiple opportunities to go to the bathroom, or that he can hang out outside for an hour every time he has to go, but I also don't want him peeing inside by making him wait until the next designated time we take him out - either after we get home from work (which is way too long for holding his bladder after not going all night) or before we go to bed, which at least is only 4 hours later. HELP!

TL;DR:"," Dog was fine peeing outside for 9 months but is now refusing to do so, and he doesn't seem to understand the command to go when we tell him to."
239,"SUBREDDIT: r/Dogtraining

TITLE: I've got a 10m.old BullMastiff x with German Shepherd.. Walk training her seems impossible- any advice/ help would be fantastic.

POST: Like I said- I've got a 10 month old Bull Mastiff x with German Shepherd (although I believe she's got a little lab in her too)..

She is horrendous for pulling.

training I've been doing with her: if she pulls ahead I'd stop walking.. make her come back to me.. and we start walking all over again. 

She was catching on.. and eventually we were starting to make some minor, but decent ground. (Id reward her always.. and when she stayed by my side I'd repetitively say 'walk with me')

Also- when she was walking by my side.. I would always go in random directions- and she was really good for constantly looking up at me..

And I'd say about 2 weeks ago.. this technique just stopped working. 

She stopped looking up at me for her reward when we walked together... When she pulls ahead- she doesn't come to me when I call her back to me anymore (I have to lightly tug on the leash and then she will)

So now when me and her are out side.. basically the only thing she listens to is 'sit'.

She's about 70lbs right now.. and I have lots of time to dedicate to her training.. I just need to get her on track before she's literally dragging me down the street. 

I'd like to be able to do this training with a regular leash and collar.

Any advice would be just wonderful.

TL;DR:"," 70lb dog pulls when I take her outside, doesn't seem to listen to my commands except for 'sit' anymore either."
240,"SUBREDDIT: r/Dogtraining

TITLE: Year old house breaking problem

POST: I have a standard poodle a little over a year old and Im having some problems with her pooping and peeing inside still but the issue is pretty specific. I leave her in my sunroom during the day, it has a tile floor and it makes cleanup easy. If I leave her in her crate she makes it all day no problem,  if my GFs dog is there she makes it all day no problem. Ive recently tried to start letting her stay in the sunroom but not in her kennel and every time without fail shes pooped or peed inside. When she does I go back to leaving her in the kennel for a couple days and theres no problem.

TL;DR:", my 1 year old poodle has been able to go all day in her crate for months but still pottys inside when left outside her kennel all day in an enclosed area.
241,"SUBREDDIT: r/Dogtraining

TITLE: Need help.  My dog goes nuts when she sees people on walks and will not listen to me at all.

POST: So I have a 6 month old puppy that is a total butt when it comes to going on walks.  I'm clicker training her and she's slowly getting it, unless there is a person.  She loses her mind, she whines and jumps and pulls and wiggles.  I've tried clicking and treating when she sits when they are far away, but if they face her or come towards us she goes insane.  

It's embarrassing at this point.  She will not sit still, she will not listen to me at all, I use the highest value treats and she could care less.  At the vet she constantly wiggles and squirms to see people and will not settle.  When people come up to pet her she jumps, claws at their hands, wiggles, licks and is just obnoxious.  

I just moved to a new state with my husband, I do not have family or friends that could come over and help by being practice.  I've tried going to pet stores but she is constantly pulling and jumping to meet people.  I can't get her to do anything right, so I have nothing to click and treat.  

Please help me before I lose my mind.

TL;DR:", My puppy goes apeshit when she sees people and I've researched all the conventional clicker ways to treat it but they suggest using friends/family and I don't have any.  What can I do now.
242,"SUBREDDIT: r/Dogtraining

TITLE: How to react when catching puppy in the act of urinating/defecating outside designated area

POST: Hi guys,
Got a 11 week old French Bulldog puppy here, and am crate training him. He's usually very good about going on the pad (which we are using until we can take him outside of the apartment, with the parvo shots and all). 

He is usually quite good about going where he is supposed to, but some days, he begins to act up, and just go on the carpet, I guess to test us, or to try and get a treat out of us.

I know I am not supposed to discipline him if I just happen to find a secret surprise, and for the most part, I have been training him by being patient, consistent and rewarding positive behavior, while ignoring and halting the bad stuff.

But I'm curious, how should I react if I catch him doing the wrong thing, and see him doing it, but can't get to him in time?

Thanks!

TL;DR:", Puppy sometimes pee's where he isn't supposed to. How can I properly discipline him if I catch him in the act?
243,"SUBREDDIT: r/Dogtraining

TITLE: Advice needed: How to teach a 9yr old labrador not to pull

POST: Hello /r/dogtraining,

I come to you in the hopes of getting a bit of help. My neighbor is a very nice old lady who has a huge Labrador that is 9 years old (Viktor). That dog is her life and joy and her whole life is dedicated to make the dog happy, but the big drawback is that Viktor is too strong and too big for her, so it's impossible for her to take Viktor out for a walk.

There was someone who was in charged of that, but this person got a job in another town so now Viktor has to stay home all day. As you can imagine, Viktor goes all crazy and starts jumping all over the house. This is where I come in. I want to walk the dog, I want to help.

Problem: Viktor is HUGE, and very strong. The second I go out the door, he starts pulling me so hard, it's a wonder I haven't broken my wrists from just trying to keep standing.

Problem 2: Winter is coming. I haven't mastered the whole ""walking on ice"" thing. It's hard enough to keep myself from falling without a huge dog pulling at me. 

Unless I can find out how to teach Viktor to behave, I won't be able to walk him during the very long winter, and with nobody able to walk him, he will be put to sleep.

Your advice and ideas will be greatly appreciated.

TL;DR:"," Please give advice on how teach a huge 9 yr old Labrador to behave on a leash. Currently, he pulls with extra ninja force. Unless I teach him how to behave now, he will be put to sleep when the winter comes."
244,"SUBREDDIT: r/Dogtraining

TITLE: Know someone who keeps their two dogs crated for up to 20 hours at a time without a break. What can I do?

POST: *

TL;DR:"," Friend's roommate keeps dogs crated up for at least 12 hours on a regular basis, even when she's not working. Is this abuse and what can my friend do?"
245,"SUBREDDIT: r/Dogtraining

TITLE: Bad introductions

POST: I adopted a puppy about three months ago we named loki. I knew nothing about introducing dogs and did everything wrong. The first thing I remember was she came in and peed on Sadie (our first dog 3yrs) bed. She was sick so we coddled her, and she pushed around Sadie when she got better. 

Now I fear she is trying to become the leader, I've been training her since I got her. She knows all her basics, but on walks she tries to lead, she has never walked behind me and barely walks beside me on a good day. And now that she's older and bigger she overpowers Sadie in everything. If Sadie is walk-in ahead of her she will cut Sadie off or try to get in front of her, when I'm petting Sadie or calling her, she will sit in front of Sadie and sometimes sits on her. I push loki away and she pushes back. I ignore her and she whines. Its very frustrating because she is a big dog (boarder collie/pit) and Sadie is smaller (shih tzu/terrier), and especially on walks its gotten worse. Sadie ( who was never trained until I started about 6 months ago) is aggressive towards other dogs on the walk, which brings Loki into a frenzy. Which is bad because when Loki sees a dog she pulls and freaks out trying to greet them. Together its a shit show. I try to get them to sit and be calm, but its like the three stooges. I calm one down. The other gets up and freaks out. Any advice?

TL;DR:"," puppy wasn't properly introduced, overpowers smaller older dog, forces herself into affection. Doesn't walk nice. Fearing she's becoming dominant because she's not listening"
246,"SUBREDDIT: r/Dogtraining

TITLE: Question about crate training a puppy while at work?

POST: So I've tried looking for an answer to my question, but can't find one that addresses this problem specifically.  I'll also give the background first, and put my questions at the end to try and keep it organized and easy for you all to read.

I adopted a puppy last week, and he's probably about 9-weeks old now.  Right off the bat he's been a great dog.  He's rarely had accidents in the house, listens well, and is very smart and fun to be around.  I live in an apartment with one roommate, who loves this dog too.  I have a crate for him right now, and need to get him crate trained.  

The problem I have with that is when I leave for work, I have been putting him in his crate and my roommate says he barks non-stop.  When I am around, like at night, he doesn't whine or bark in it unless he's alone.  I think part of it is a little separation anxiety, and part is he isn't crate trained.  My roommate is wanting me to get a no-bark collar for the dog to try and stop him from barking when I'm gone, but I really don't want to do that.  My roommate is away for classes all day three days a week, but I am able to come home for lunch those days.  I can go home every day if I should. 

So here are my questions:

1) What should I be doing with the dog while I am at work?  I'm afraid putting him in his crate is going to make crate training harder.

2) What would be the best schedule for crate training the dog? If I work with him every night when I get home from work, will that be enough? Or do I need to be working with him all day like on a weekend?

Sorry for the very long post, and thank you for your help!

TL;DR:"," How can I get my dog crate trained, and trained to not bark, when I'm away at work? And what do I do with him before he's fully crate trained?"
247,"SUBREDDIT: r/Dogtraining

TITLE: Rough transition between my high prey-driven dog and my new cat. Callie forgets all her training (x-post from r/dogs)

POST: Hello doggit! I grew up with dogs at my dad's house and cats at my mom's house, but have never had both at once. I recently got a cat and obviously have no idea what I'm doing. Please help!

**Cat:** Unnamed, so we'll just call him ""Cat"". He is an almost-fully-grown kitten. As of right now, he hates dogs and is especially terrified of my big dog. 

**Dog:** Callie is a little over a year old, 55lbs, and extremely rambunctious. She just wants to play and doesn't realize how big she is or how rough she plays. She is normally very well behaved, but gets SUPER excited when she sees Cat, and all her training goes out the door. 

Normally I think I'd just let them work it out but I'm not entirely sure Callie won't kill him. Though her body language is playful for now, I worry prey drive could kick in.

I have a really small apartment and future plan for the kitty (once he's neutered and up to date on all his shots) to be a mostly outdoor cat, and to give him a cat door so he can come in and out freely. But right now he has to be an inside cat, so I just keep them totally separated with him in my bedroom and her in the living room. 

Yesterday I put Cat in an extra large dog crate and then let my dog sniff at him from the outside. At first he was terrified but then started to calm down once he realized she couldn't get to him. She obsessed for hours and wouldn't leave him alone, and whined and barked because she was so frustrated. I have also tried holding him while she sniffs, but she gets so excited she just wants to jump and completely forgets all her training. Then Cat starts clawing me. 

What should I do? Should I just continue what I'm doing and hope that Callie stops being so excited as time passes? Should I let the cat and Callie run around together while Callie is on a leash? Or have any other suggestions?

TL;DR:"," Got a cat who hates dogs, have a dog who is so excited by cats that she forgets all her training. How do I ensure they become friends with minimum stress (and without dog killing cat)?"
248,"SUBREDDIT: r/Dogtraining

TITLE: My two dogs playing...doesn't happen.

POST: Hey all. So I have a very, well, cosmetic (?) problem.

Here's the story. Over a year ago, I got an 8 month old terrier mix from an ex. He was a rescue. And he's a fantastic boy. But because of whatever happened to him in in past, he's always had severe separation anxiety. If I leave him alone, he destroys, pees, and poops everywhere. Even in his crate (Yeah, I have tried everything, don't even offer me advice for that). But he's fine if there's another animal in the house! So about 4 months ago I decided I would rescue another dog. It would keep my guy (Blue) calm when I was gone, and they could play together and it would be fantastic.

And it is fantastic. However, they don't play. Ever. My second rescue is a 4 year old german shepherd/doberman mix (huge sweetheart) and has a lot more energy than Blue, the terrier. Being mostly Jack Russell, Blue is somehow the laziest dog I've ever known.

So basically my problem is that I want them to run and play, but it's always Jack (the doberman) who tries to initiate play, and Blue who wags his tail, but just stands still. I've seen him play great with other dogs, but not Jack. Is this some sort of issue because they are in the same ""pack"" (Blue plays great with strange dogs after a few minutes), or is it because they both like to be chased, and they just can't figure out the dynamics?

I've never heard of any sort of training to get dogs to play together, I assumed it should happen naturally, but it's not. It's just Jack running and play-bowing trying to get chased, and Blue wagging his tail waiting for someone to chase him. I'd love for them to play with each and get more exercise and tire each other out.

So, any ideas?

TL;DR:"," I have two dogs, I got the second as a companion and play partner, but they don't play with each other. Can I train dogs to play with each other?"
249,"SUBREDDIT: r/Dogtraining

TITLE: Question regarding ex-foster dogs (x-post from r/dogs)

POST: I realise this is not exactly a training question, but I thought people familiar with dog behavior may have a better idea of an answer for me (if it does not fit in this subreddit's rules I apologise and please delete :) )

 I recently fostered a pair of dogs through a rescue group. I had them for around 14 months, but when we moved house we were forced to put them into a boarding kennel awaiting another foster home. This was very difficult for us, as you could imagine they were a part of our family for over a year. When I later contacted the rescue group to ask if I could come by regularly to exercise them etc. they told me that ex-owners or ex-carers visiting was bad for their mental well-being and that I would only cause them more anguish if I did (one of them was not handling being kenneled very well). They would not even let me drop off some of their old food when one stopped eating. I was wondering if anyone knew of any evidence supporting their theory? I'd obviously want the best for them, but I'd never heard of visiting making their situation worse... Any insight or similar situations would be greatly appreciated.

TL;DR:"," Fostered two dogs for a year, rescue group wont allow visits to their kennels as it will cause the dogs 'mental anguish'."
250,"SUBREDDIT: r/Dogtraining

TITLE: 10 month old puppy, house-warming in three weeks. Advice, ideas, how to best prep her?

POST: So, we have a 10 month old GSD pup. I am fairly well experienced in dog ownership and training.
   She has been pretty well socialised her entire life, recently had a very noisy barking phase which was almost entirely conquered by more socialising with people and other dogs plus an increase in training around distractions.
  
She gets taken to the local dog-beach frequently, two woodland/field walks per day plus lead manners/socialising daily. Twice a week she gets taken to the local pub(s), also to the nearest town (we are in a tiny welsh village so her exposure to stimuli is somewhat limited).  
We are currently working on her barking when the postman arrives, due to our location we have maybe a 2 hour window of when they -might- arrive. She alarm barks, we thank her, get her to 'down' & quiet for which she gets a treat. We are extending the period between 'quiet' and the treat day by day. 
  
I am slightly concerned about how to best prepare her for people in the house. We rarely have other people in the house as all our relatives live hundreds of miles away.  
Simple answer to my question would be to crate her out of sight, but her crate has always been in the kitchen.
  
  Our house has a weird layout, her crate is in the kitchen but the kitchen is first floor. It goes ground floor - guest/entertainment room, first floor - kitchen & living room, bedrooms & bathroom top floor. 
  I am looking for advice on how I can up her training in the next few weeks to get her to better cope with the upcoming situation.
  
  Obviously guests would be using the kitchen. Should I just put her crate in our bedroom and shut her away all evening?
  Should I try to introduce her to guests whilst on the lead?

TL;DR:"," not had many people visit the house since moving in with pup, having a housewarming soon. How to deal with pup possibly not being too happy?"
251,"SUBREDDIT: r/Dogtraining

TITLE: Help me end my dogs mouthing

POST: I use to think he only mouthed when he was excited and didn't know where to release that energy.  But today he has been especially bad with it and I don't know why.  When I tried to take him for his first walk we made it like half a block then he started jumping and grabbing my arm like it was a toy.  I tried the whole yelping and saying no, but he was too riled up and it made no difference.  A few hours later when he was calmer (just lying on a pillow) I took him for walk, we walked for 2.5 miles, got back to within two blocks of my house and the same behavior.  I tried yelping again, and tried to give him a chew toy so he wouldn't have to use my arm.  He had no intrest in the toy and he was impossible to get back in control.  What should I do?  I need to have control of my dog, and he is normally a good dog except for the rare occasion when this side comes out.  He is probably between 1 and 2, wieghs about 50 pounds and is some sort of shepard/lab/terrier/boxer mix.

TL;DR:", Dog is normally good but occasionally loses his shit gets super jumpy and pretends my arm is a toy...HELP
252,"SUBREDDIT: r/Dogtraining

TITLE: Super anxious and needy dog, help!

POST: We have a 1 year old mixed breed dog (they said he's a heeler mix, we think pitbull) that we got at a shelter when he was around 6 months. He was mostly trained at the time but very skittish, he would respond to commands right away but always looked sorry when he was doing it. You know that look, like he's done something wrong? 

Anyway we haven't had much success in getting him to chill out. He follows us everywhere, I'm not exaggerating he will follow me and my husband all over the house and will not stop until we either crate him or bring him outside. If I stand still anywhere he'll sit behind me and lick my hands. If I'm sweeping the floor he follows me with each step. If we sit down he'll sit on the floor and put his paw on you and look up sadly, and if you ignore him he just gets more anxious and repeatedly puts his paw up more aggressively. It hurts. He was doing it when I was kneeling down to tie my shoe and kept sticking his paw on my shoulder over and over and ended up clawing my face. It was an accident, but still. We have little kids, I can't have him high fiving their faces. 

Redirecting doesn't help, ignoring doesn't help. We give him tons of attention and he gets lots of exercise. I just don't know what to do, if we tell him 'no' he cowers and looks absolutely pitiful. He doesn't like treats, he'll pretend to eat them and then push them away, so they're not really motivating for him. Whoever trained him before he ended up at the shelter clearly did a number on him. Where do we even begin?

TL;DR:"," anxious dog, probably abused, follows us everywhere and paws at people for attention. He cowers if told 'no' and doesn't respond to training with treats."
253,"SUBREDDIT: r/Dogtraining

TITLE: 2.5 yr old Plott Hound rescue bit my son; I lost it and hit the dog; I feel terrible. What next?

POST: We adopted a 2.5 yr old Plott Hound in December. He's been very sweet with our two sons (12 and 8) the whole time. Tonight he was eating leftovers off the kitchen counter and when my 8 year old intervened he bit him on the hand. It didn't break the skin but there are teeth marks and red welts. When I ran into the kitchen my son was crying and when the dog made a move toward him I clouted the dog on the head. He's a 60 pound male and very muscular, but it apparently rang his bell. I feel so awful for hitting him but in the moment I felt I was defending my child. Is there any coming back from this or have I lost my dog's trust? Can I trust my hound around my kids anymore?     

We have been training the dog with treats and positive reinforcement. He's learned 'sit', and will even sit drooling at his food dish until we tell him 'eat'. He's never intentionally bitten a person before but he once accidentally nipped my nephew's finger who was playing tug 'o' war with his rope. He has shown to be VERY aggressive toward other dogs, and we recently had to return a puppy to the animal rescue because he would bite him any time the puppy came close. When kids jump on the trampoline or climb trees in the backyard he loses his freaking mind and tries to jump up and ""get"" them.    

We were already in the process of scheduling an evaluation with a trainer but things really escalated tonight. I don't know whether we need to just move past this, get rid of the dog, or something in between. 80% of the time he's very sweet but some of his behavior is not acceptable. Before tonight the whole family adored him and we want to be good owners and provide a good home for him. Any advice would be very appreciated.

TL;DR:", High anxiety 60 pound rescue hound bit my son and I hit the dog. Don't know where to go from here.
254,"SUBREDDIT: r/Dogtraining

TITLE: Extremely high value treats for an extremely picky dog! Really need help!

POST: Hi guys!

I know this question has been asked time and time again (I have read 10+ threads just so I won't be a nuisance asking something that has already been asked) but I really do need your help! 

To preface, my rescue pup is extremely picky. She gets homecooked food mixed with 1 nugget of Primal Freezedried Raw every meal and even then she's super fussy. We could give her some food she really loves and add carrots, and she *will* eat everything but the carrots. She even spits out food or blows them away when she doesn't like it. She's the ""eat to survive"" and not ""survive to eat"" dogs :P

I just learnt today that Zuke's, our go-to commercial treats have been bought over by Purina, and I guess the current few packets we have will be our last batch. I understand that they are still operating independently, but I'm just playing on the safer side. 

We also use liver brownies (Peace and Woof recipe) and our own dehydrated liver, heart, gizzard, jerky, but she only responds well enough for liver. Giving her too much liver causes her to have loose stools. She responds 70% of the time to homemade tuna/sardine/salmon fudge. We need ideas for really high value training treats preferably made in USA with no recalls or something that is homemade (we have a dehydrator and an oven). We will be going for obedience class soon so we need all the high value treats we can get! 

Also, we have tried the following that don't work:

1) peanut butter

2) cheese 

3) yogurt 

4) natural balance treats 

5) dehydrated jerky, fruits, gizzard and heart 

6) fruits and veges (sweet potato, banana, apple, carrots, green beans, and even the smelly king of fruits durian) 

7) applying a layer of fish sauce on treats (she just licked the fish sauce off and spit it out -.-)

TIA!

TL;DR:"," fussy dog, rejects dehydrated jerky, heart and gizzard, only likes liver. Need ideas for very very very high value treats."
255,"SUBREDDIT: r/Dogtraining

TITLE: Foster keeps getting returned!

POST: **Background**
I have been fostering dogs for almost a year. I work with a Golden Retriever rescue and usually only have a dog for 3-5 weeks before they are adopted. I adopted my dog (Charlie) from the rescue last April - he was foster #4. I'm currently on foster #10. Foster 10 is named Mr. Bear and he's a sweetheart. He's a golden mix (with what? I have no idea) and is 11 months old. Hyper, happy, cuddly, talkative, and a little high-strung. His owner died, which is why he came into the rescue.

**The Issue**
Mr. Bear has been with me for about 2 months. He's generally a very good dog. There are some things we are working on (jumping up when people enter the house and counter-surfing). He is sometimes alarmed by large men, especially if they are wearing hats, but gets over that fairly quickly if they get on his level and give him some space and time to acclimate. Otherwise he's perfectly friendly and has shown that he can master tricks and obedience very quickly.

He was adopted in mid-December by a young couple who have a 4 year old lab. Unfortunately they returned him after a 4-5 days because their lab was annoyed at Mr. Bear's playfulness and the dogs weren't getting along. Recently he was adopted by a middle aged couple (kids in college) and now, after 2 days, they also want to return him because they claim he is aggressive with the Mrs.

I'm kind of at the end of my rope. I'm feeling a little discouraged because I keep choosing the wrong families for him, even after we do in person meetings to determine if it's a suitable fit. And now he's supposedly displaying behavior that I have NEVER seen from him before! Not once has he ever growled, snapped, or tried to charge a person. Even with men he was afraid of - the most he would do was bark. I'm not sure what to do - should I ask that he be placed with a different foster? Is there a temperament test or evaluation (beyond what a typical rescue does) that should be performed? What the heck is going on with this dog???

TL;DR:", Foster dog has burned through his second adoptive home and is now supposedly displaying aggressive behavior. What should I do for this dog?
256,"SUBREDDIT: r/Dogtraining

TITLE: Our 3-year old pit mix seems to have a ""thing"" about white shepherd mixes.

POST: She's been very good with other dogs. She plays very well, doesn't snarl or tackle, or any other rough play. That is, until 2 weeks ago when a white shepherd mix named Pearl came to the dog park. Immediately, Pearl saw Opal as a worthy opponent and started wrestling with her. Pearl's play-style seemed to be pretty hardcore; snarling, growling, basically play fighting. I didn't like this at all and I wanted to break it up and take Opal home, but Pearl's owner said they were having fun and it was fine. So I stayed and they really did have fun. They wrestled for 10 minutes at a time, then took a water break, wrestled, then leaned on us for a minute, wrestled, etc. Eventually they were both sufficiently exhausted so we went home.      
So we went back to the dog park today and everything was normal. Opal was friendly as can be, running and chasing other dogs, no growling to be seen. But then after about 20 minutes of playing nice with all the shelties, cattle dogs, and labs, a white shepherd mix came. As soon as Opal saw him through the fence, she ran up (tail wagging) and growled. I called her to me so that he could come in without getting overwhelmed, but when the other dogs ran up to the gate, she went with them, and tackled him when he came in. I called her over to me and made her stand by me while he got a little more settled, but I actually had to hold her collar to keep her from chasing him. As soon as I let her go, she tackled him again. (this is all with a wagging tail but with some nasty-sounding growls.) The white dog was definitely not into it, so I decided we needed to leave.

TL;DR:"," A white dog picked a play-fight with my normally docile dog, and now she seems to think all white dogs want to play-fight.     "
257,"SUBREDDIT: r/Dogtraining

TITLE: It's my own fault, but I need help with unwelcome morning waeup

POST: So, my hound does really well with bedtime. Previously, I crated him at night, but because of some family medical issues, I've been keeping his crate at my parents' house for when I'm there every weekend. (It's too big for my car to carry the crate and dog back and forth every weekend.) Currently, I gate him in the kitchen at night and he goes to bed just fine. The problem is in the mornings. 

He wakes up every morning about 5:15 and whines/barks to get out of the kitchen and into the bed. There were a couple of times that I woke up that early and let him get in the bed while I read. Then a few more times on the weekend when I wanted to sleep in and got up and let him come snuggle in the bed until later in the morning. Most days, my alarm doesn't go off until 5:50, and I really don't want to get up earlier than that. 

I know that this is a problem of my own making by not being consistent, but I've tried waiting him out and not responding in any way when he whines/barks for 3 WEEKS NOW. Every morning, like clockwork, he starts begging. Pretty sure my neighbors hate me.

Any advice on getting him to stop this?

TL;DR:"," I let my dog in the bed a few times early morning, now he wakes me up every morning whining/barking to get in the bed."
258,"SUBREDDIT: r/Dogtraining

TITLE: Help With 8-yo Lab Around Other Dogs

POST: A bit of background: About a month ago, I adopted and eight year-old black Lab from a kill shelter who was going to be euthanized that day. Her adoption advertisement stated that she had ""tested well with other dogs."" Around other dogs at the shelter, she was fine, but understandably frightened. The dog had been abandoned in a backyard, has clearly had several litters of puppies, was not fixed, and had been in the shelter for a couple of months already. She is OVERALL fine with other dogs, and has greatly improved, but I do have to be careful. In particular, one dog unexpectedly rushed up to her while we were outside grilling. She didn't see this dog and latched onto it out of surprise. Both dogs were fine, and no blood was drawn (she has pretty poor teeth), but it was understandably alarming and embarrassing. She will growl at other dogs in specific circumstances where we are sitting stationary, but if she meets them while moving around outside on a walk she's fine. Apart from this, she is perfectly behaved, and great with my cats. She walks on a nice slack leash, is very obedient on and off the leash, knows all of her basic commands, is potty trained, no signs of separation anxiety, etc. What am I doing wrong? Is this just anxiety on her part, or is there something I could change in my behavior? Unfortunately, I don't have any close friends who own dogs that I would feel comfortable socializing her with.

TL;DR:"," Old dog is triggered by other certain dog situations, and has attempted to bite another dog. She also will growl at other dogs in certain circumstances. Help?"
259,"SUBREDDIT: r/Dogtraining

TITLE: Dog behavior after being attacked, what should I watch for?

POST: First, sorry if this is too long or has too much extra info. I will try to be succinct but still offer details.

About 7 months ago I adopted a little JRT mix (he was ~10 months at the time). In trying to socialize and train him it's become apparent he has an aggression towards (or fear?) of larger dogs. He plays fine with dogs his size but he will growl and lunge at bigger dogs (he's been on a leash for those times).  
I suspect he wasn't socialized very well as a young pup (or perhaps he was abused). It's something we've been working on and up to now have made some progress in desensitizing him to bigger dogs.

Monday, my neighbors less than nice Pitbull (~80lbs male) got through a fence and attacked my dog (~15 month 20lbs male JRT mix) while he was out for a walk in our yard on a leash (he is an escape artist; still working on a reliable come-when-called). It bit and flung him by his shoulder/chest. Cops/SPCA called, but they don't seem to be doing anything about it even though the Pitbull in question has a history of attacks (dogs and people) according to my other neighbors (I'm new to the neighborhood).  
After a visit to the vet and a day to recover the little guy can walk and jump again and seems to be back to normal. Thankfully there wasn't much physical damage.

Last night we went to PetSmart to see how he would do and he's back to lunging and growling at bigger dogs (all that work undone). Obviously it's a setback and we'll have to work on it all over again.  
What I'm concerned about is any further mental damage. I haven't noticed anything on the surface (other than the worsened big dog problem) but I want to know what if there are any signs I should watch out for. What behavioral problems can arise from this?

TL;DR:", A big dog bit my little dog and now his Napoleon complex is back. What other behavioral issues should I watch out for?
260,"SUBREDDIT: r/Dogtraining

TITLE: 1.5 year old Dachshund/Pomeranian mix randomly aggressive towards some people when out on walks.

POST: For some odd reason, my dog has been getting aggressive towards random people when we go on walks.

It seems completely out of character because when people come over, he loves to go over and meet them. SAme when we meet people outside my house, for the most part I guess until now. He loves other dogs. He loves kids. He's never been one to shy away from new friends.

But lately, when he's gone on walks he'll have start barking and growling at certain people when they come near/pass by. It's not even everyone he's acting like this towards, it's like a coin-toss whether he'll react poorly or not. And when he's acting like this, he's zoned in on that person that he is not registering commands that we've done 1000 times.

I'll usually try to either have him sit calm (never works) or start walking in a different direction because it's embarrassing and he doesn't seem to let up.

Suggestions on how to identify what the stressor is and/or handle situations where this happens? It's the seeming randomness that has me scratching my head. 

Thanks.

TL;DR:"," Dog that is normally great with new people/dogs seems to get aggressive/bark/growl at certain, seemingly random people on walks."
261,"SUBREDDIT: r/Dogtraining

TITLE: Re-potty training my old rescue?

POST: I have two rescued chihuahua mixes going on 4 years. They did not come from the same previous home but from the same shelter about 2 months apart, and they are great friends. One is an 8yo female pom/chi (spayed), and the other is a 5 yo rat terrier/chi (neutered). 

Both came with a host of behavioral problems that have slooowly gotten better (definitely still not where I would like them to be). The female was paper trained, which was a bear of a habit to break her of. Both are generally pretty vocal and anxious dogs, but very intelligent. 

My problem (for today) is the male. I'm absolutely at my wits end with housebreaking/re-housebreaking him. He is/was housebroken, but will go through phases where he decides it's ok to go in the house. This has been more and more frequent as he's matured. Both are crate trained and seem to like their crates, but he has decided it's ok to pee out the side of the crate, and so will do so. 

It's definitely a behavioral thing because it doesn't matter if I am gone for 5 minutes (ie a quick trip to the gas station) and he had just been outside, he will pee out the side of the crate. If I leave him loose, he pees on AND poops next to the door. 

Something has to be done though, because he obviously can't be with me 100% of the time, I have a job where I cannot bring him. I've resorted to diapering him, which he hates and doesn't fix anything. I've come to see if anyone has ANY ideas on how I can retrain this dog to only go outside. 

Obviously I know the default is keep him in a crate or on a leash next to me, but the sanctity of the crate has apparently been broken.  I have and use enzymatic cleaners. I praise and treat him heavily when he goes outside. He can't go to doggy daycare, he hates other dogs (besides my female chi). I really am at a loss :(

TL;DR:", My male chihuahua has separation anxiety (I assume) and is peeing out the side of his crate. How do I break this habit?
262,"SUBREDDIT: r/Dogtraining

TITLE: 3 month old puppy became very growly and aggressive while tired

POST: Cassie is a golden retriever, and we've had her since she was 8 weeks old. She's been sleeping in her crate at night since day one, but napping wherever in the house... Which is bad because she'll get up and go poo by the door without anyone noticing. To better house train her, two days ago we decided to put her in her crate when she's napping and randomly throughout the day. 

Unfortunately, a couple weeks ago she started getting aggressive if someone tries to pick her up while she's sleeping. We would do that if we were getting ready for bed and needed to take her outside before going in her kennel, but recently I've been trying to move her to her kennel during naps, and it hasn't gone very well. She's gradually getting more aggressive, to the point where today she drew blood through my jeans. 

When I approach her, I always start talking calmly, pet her side and her head, but then once I put my hand under her back to pick her up she growls, snarls, and snaps. I have to hold her mouth shut when I pick her, and she still sometimes gets her mouth out and bites me. My default reaction is to yell ""hey"" in a deep tone, but I'd rather not yell at her. Once I have her up she is fine and gives kisses. Ideally I could train her to follow directions when she's tired, but at the moment she won't even lift her head at directions, even when I have a treat. I'm also worried that she'll snap at one of my kids and hurt them badly, though I'm working on training THEM to not touch her when she's asleep (6 and 3, it's a slow process).

TL;DR:"," puppy has become aggressive when we try to move her when she's sleeping. Long term I want to train her to listen while she's tired, but I need a better short term solution. Also this is the cutie:"
263,"SUBREDDIT: r/Dogtraining

TITLE: I've acquired a new corgi and I need advice on socializing him with our old corgi

POST: Disclaimer: Please excuse the grammar. Also, I've been a lurker for 3+ years and this is my 3rd or so post.....so I apologize for any other errors.

New pup:

TL;DR:"," We have one old corgi and got a new corgi pup, and I want to know how to socialize them so they tolerate each other at the very least. "
264,"SUBREDDIT: r/Dogtraining

TITLE: How can you teach your dog to be careful on the road?

POST: Only 15 days and I'll be bringing our little girl home!

We live in a rural area with a small garden which immediately continues on into vineyards - we get foxes and other wild animals passing through the garden every night. So... plenty of space for the pup, but there's a catch: we can *not* close off our garden, due to a right of passage for our neighbour.

On the other side of the house, there's a long driveway leading up to the street, also through the vineyards. It'll take her some time to get there (I could even temporarily close off the access to it, though not by any means that would stop a determined puppy), and obviously we won't let her wander around on her own, but my biggest fear is her sneaking away to explore, ending up on the street and getting overrun by a car. 

While we will (again, obviously) try to prevent this in any way possible, I know from experience with my parents' dogs that no matter how careful you are; or how strong your fence is, some day, your dog is bound to make it out on his own... My parents' dogs jumped up onto the roof of their dog house once, and from there over a high sharp wooden fence more than a meter away from it (had they come up 30 centimetres short, they would have impaled themselves on it). Then, they ran off into the sunset... and under the wheels of an upcoming car.

Thankfully, the car had had the time to slow down, so no real damage was done, except for two very scared dogs under a bush. They wouldn't let anyone but my mother approach them, and then after a check-up at the vet, they slept for 2 days straight.

This experience is probably why I'm so worried about it... But how can I train my puppy to be careful, should she ever find herself on the road without me or my husband to keep her safe? I've seen other dogs get into harms' way, so I know instinct is not enough.

TL;DR:"," Sorry this got long and wasn't very to the point, I'm just wondering how I can teach her to be careful, and to recognise a road for what it is, no matter where she encounters one."
265,"SUBREDDIT: r/Dogtraining

TITLE: My dog (2yr female dachshund) immediately begins crying when I stop walking?

POST: So a little background:
My dog is an adopted 2 year old dachshund (weiner dog:P). Perfectly trained other than this one issue: Whenever we're out somewhere, she immediately starts crying when I stop moving for any amount of time (except before crossing streets). 
I've literally tried everything I know, nothing works. If I ignore the whining, she'll get louder and louder before starting to howl. Longest I could go was about 20 minutes while sitting on the grass in a park, she cried non stop. I correct her, she stops for about 5 seconds and starts again. I can repeat this process for hours and the behaviour will never stop.
She never whines under any other circumstances, ever. She's super well-behaved otherwise, loves being in her crate at night and when I'm at work (she actually cries at the door when she wants to go inside the crate - I never have to ask or show her to go into it). 
As far as I can tell, she has almost no separation anxiety. She'll cry for about 2-3 minutes at most and go to sleep when I leave the house.

TL;DR:"," My dog starts crying the moment I stop walking with her. If I stand still for any more than 10 seconds, she cries like crazy and doesn't ever stop."
266,"SUBREDDIT: r/Dogtraining

TITLE: Need help training my dog to come when off the leash.

POST: I have a ~4 year old Thai Ridgeback named Jack who is, in most respects, a wonderful dog. He is very intelligent and well behaved. He will come when called in a confined space and when on a leash, if the leash is dropped he will not move until its picked back up. 

HOWEVER I also have a 4 year old son who loves to open the doors whenever possible and hold it wide open allowing Mr. Jack to escape into freedom. 

He never roams very far but if you try to follow him its a game, even if I act like I ignore him he will get in a playful mood and run at me then run away. He will pay rough attention to me if I call him but the first step I take in his direction he bolts the other way.  If I have treats he will not take them from my hand or come even remotely close. Hes always out of reach and hes also phenomenally fast.   In a pinch I have resorted to using fire crackers to scare him home, he is terrified of loud noises so as soon as I set one off he heads straight home.  I don't like scaring him to control him and I'd also like to be able to have him off leash while hiking or biking without worry. 

I should note that I adopted him a little over a year ago and it definitely seems like this was a problem for his previous owners because he seems to like the ""chase"" more than much else that I can think of to overcome this training barrier. 

I've searched all over the internet and tried what I could and I'm at a loss. I've considered taking him to a dog park and letting him run but I'm worried that if something happens I won't be able to control him.  He's not usually very interested in random people or dogs, he'll have a sniff then be on his way but I can't control what other people or dogs do either!

TL;DR:", How do I train a dog to behave off leash that is not (overly) motivated by food or praise and is already well trained on a leash of any length.  
267,"SUBREDDIT: r/Dogtraining

TITLE: Need advice on roommate's dog

POST: So I have known my roommate for a long time, and he has brought over his dog when it was a puppy to my old place quite a few times. I recently moved into his place because of some financial situations (moving out would hurt not only me, but him). I've owned a few dogs in my lifetime, but all as a child. So, I'm not really too sure how to go about this. The issue at the moment is when I come home, or step out of my room, she will run towards me, and try to jump onto me. Constantly. So, with what little knowledge I have of dog training from when I was a child, I would tell her to sit. This seems to have worked for a few days. I come home, she runs at me and jumps once or twice, I tell her to sit, and she would sit. I would pet her. Seems all fine and dandy. Well now she has taken to barking at me after I pet her. I'm not the owner of the dog, and I'm just trying to make this an easy adjustment for the three of us. However, I am at a lost of what more I could do. I am fairly certain she just wants my attention, and that is fine. However, I don't want to sit there after I get home from work and pet her for hours (exaggeration). Of course my roommate is not oblivious to her behavior, and tries to get her attention when I come home. She does not seem to care at all. Any feedback will be appreciated, even if it is a direct attack on what I am doing.

TL;DR:"," roomie's dog would try to jump on me, and bark at me if I don't give her enough attention. No clue what to do about it. Moving out is not an option at the moment."
268,"SUBREDDIT: r/Dogtraining

TITLE: Training a dog to be MORE excited.

POST: My wife and I adopted a greyhound 4 months ago. She is a very shy and timid girl. We have noticed that she has gained a lot more confidence since we got her, but she is still really scared of most other people.

The problem that we're really dealing with is that she shows no excitement to anything, not treats, praise, walks, nothing. She just kinda goes with the flow. I can tell she likes the treat and occasionally enjoys walks, but she barely shows it. There have only been a handful of times where we have seen her wag her tail and it was only for a second.

Is there any way to help her seem to enjoy life, rather than just putting up with it?

TL;DR:"," Greyhound doesn't show any excitement (waging tail, hyperness, etc). How to help her be excited about life."
269,"SUBREDDIT: r/Dogtraining

TITLE: Play rapidly escalating into aggression

POST: Hi doggie experts, would really appreciate your advice.

We have a 13 month old basset-boxer rescue (have had him about 3 months).

For the first month or so that we had him, we would take him to the dog park regularly and he was fine with other dogs. He's pretty high energy and would sometimes play rough, but no scuffles.

In the past month to six weeks, he has started to get into scuffles, a lot. Generally what happens is he gets really riled up, starts running super fast around the dog park (seemingly to ""bait"" other dogs into chasing him), then if a dog gets really excited and chases/nips/barks at him, he will start ""playing"" with them increasingly roughly-- it's confusing to me, because he seems to still be playing, his tail wagging, etc., but he will suddenly start snapping/showing his teeth seamlessly while playing. If the other dog is also very excited, this can rapidly devolve into a fight. Never a full-on, blood-inducing type situation (he's never bitten/injured another dog), but they snap and snarl and tussle and I immediately separate them. Weirder yet, once they're separated they'll often go back to each other to ""play"" again event though it clearly crossed a line into dangerous territory.

If the other dog just runs and plays but doesn't bark/snap/play rough, things typically don't escalate and it's fine, but more often than not they do escalate. As I said, he's never hurt another dog, but I'm starting to feel like I can't take him to the dog park at all, as this sometimes scares other owners (and me!) and I have to watch him like a hawk to keep him from getting too excited. I don't really know what to do because he loves other dogs and is super energetic, but something about the dog park environment seems to make him get too overexcited.

The other weird thing is he didn't always do this, it seems to have started 4-6 weeks after we got him.

I may not be doing a great job of explaining this, so please feel free to ask for clarification. Is our dog aggressive, or is this normal?

TL;DR:"," Our dog seems to be baiting other dogs into chasing him, then starts playing rough with them and eventually snarling/snapping and they have to be separated."
270,"SUBREDDIT: r/Dogtraining

TITLE: Dog and Food Boundaries—Advice Needed

POST: I have a one year old labradoodle who is generally a well-behaved dog. He has a few rough spots but we are planning on starting professional training next month with him. 

However, one habit he has that really irritates me is an obsession with food—not his food, but **any** food that is in the house. If anyone in the house is eating something he hovers and sniffs and inches closer and closer waiting and hoping for something to drop. Sometimes, even when we don't have food he stares at us while we sit on the couch sniffing and staring as if he's analyzing us for any hint of food. If we're watching a movie and eating popcorn when we get up after the movie he'll spring to his feet and go over every inch of the couch looking for anything he can find. As you can imagine this gets old fairly quickly. 

He also has a habit of counter surfing. We can't leave anything on the counter without it being in danger. He never steals anything while we're present but if we step out of the kitchen for even a moment he'll make sure we're not in sight and help himself. 

I admit, we have given him the occasional handout in the past but I realize that this has instilled bad habits in him. However, I really want to start working on breaking these habits we've given him.

The dog food we buy him is of high-quality and we feed him the proper amount everyday.

I guess I'm wondering two things:

1.) How can I work with him so that he realizes that he is not entitled to human-food when a human is eating it? We have already established the rule of ""no-more-handouts"" but what can I do beyond that?

2.) How do I handle the counter surfing? He has been rewarded a lot in the past by counter surfing so he knows it pays off with little to no consequence. He's been caught before and reprimanded for it but I think this has just taught him to make sure he does it when he's sure we're not looking. How can I train him that it is never ok to get food from the counter—even if we're not looking.

Thanks for any tips!

TL;DR:", Our dog counter surfs and is constantly looking for handouts. How can we work these bad habits out of him?
271,"SUBREDDIT: r/Dogtraining

TITLE: Puppy doesn't eat a whole lot of dry food and girlfriend gives in when he holds out for very short period of time

POST: So here's the scoop... got a 3 month old Welsh Terrier and he seems to be a come and go type eater so food is usually available for when he wants it. I'm fairly alright with this as it is better than him gulping everything down then making himself sick but my girlfriend tends to freak out when he doesn't eat a whole bowl in the morning before she goes to work. Her solution is to break down and mix in a bunch of wet food so he'll eat but I'm concerned with him becoming expectant of the wet stuff all the time. My argument is that he'll eat when he's hungry yet she'll go off the handle about starving our dog. He seems perfectly fine otherwise in terms of energy and his output (poop/pee). Anyone able to give any input on this? Unfortunately I've never been able to really let him sit for more than a day to see if he'll gobble everything up the next day because the girlfriend breaks down when she finds out he hasn't all day. Any thoughts are appreciated.

TL;DR:", Trying to get puppy to eat only dry food but when he holds out for a day girlfriend panics and gives in. Is leaving him be until he goes to eat on his own the best option?
272,"SUBREDDIT: r/Dogtraining

TITLE: My new puppy pee when I pick her up

POST: How do I stop it?
And I've been trying to potty train her, but it's hard.
I think the breeder I got her from didn't socialize her well, because she's super timid and super shy. When potty training I take her out about every hour and praise her like mad while she's doing her thing.
But she still doesn't seem to get it. She's a Husky that's 8 weeks old. But referring to the title, whenever I try to pick her up she pees herself. I think she does it out of fear, but I'm not sure. It's get a little frustrating sometime when you need to take her out and she just pees on you xD

TL;DR:"," 8 week old husky girl pees whenever anyone picks her up, super fearful and shy. What should I do? Had her for about a week."
273,"SUBREDDIT: r/Dogtraining

TITLE: Young Dog, Lots of Energy

POST: Hello all, my wife and I are looking for ideas on how to handle our pup (shar pei  / lab mix). She is about a year old and has some obedience training (knows sit on her terms and is 95% house trained.

We have a wire crate that we tried to put her in while we were gone at first. She broke through and bent several bars. We tried leaving her out, and she did good for the most part. 2 weeks later she started chewing on shoes and other stuff left in her reach even though we left a lot of toys for her to chew and play with. 

We came home tonight after leaving her for 2 hours in the crate which was slid about 5 feet from where it was, the plastic bottom was cracked, and the blanket we had on most of the outside to cushion the wall was pulled in mostly, and the bottom of the crate is pulled in about 3-4 inches from where it should be.

TL;DR:"," dog goes crazy in crate, has broken out few times, and has almost broken crate. Can't leave out or she chews on things while we are gone."
274,"SUBREDDIT: r/Dogtraining

TITLE: How do I train my dog to not eat my ferret?

POST: Hi everyone.  I just brought home a baby ferret recently.  Also in our household are two dogs and three cats; I figured there might be some issues, but I honestly thought the cats would cause more of a problem.  Turns out the cats couldn't care less about that ferret.  The dogs, on the other hand...

My dog (a rat terrier/min pin mix) actually did really well.  I wouldn't trust the two alone together, but I'm comfortable with them interacting if I'm right there next to them.  My boyfriend's dog (a lab mix) isn't doing so well.  He looks at that ferret with that same look as when he's staring down our food when we eat.  He sits there and licks his lips and has lunged at her and tried to bite.  I'm a small girl and this dog weighs almost as much as I do.  When he really wants something and pushes, I can't stop him.  Right now I only have the two of them out at the same time if my boyfriend is right there, just in case he needs to stop the dog since I can't very easily.

I understand that it's going to take time and work, and we haven't been at this for long.  The problem is, I really have no idea where to start.  I don't need them to end up best friends or anything, I just want the dog be gentle.  I want him to know that his mouth is not allowed to be on that ferret, and I want him to lay down and be calm should the ferret come up to him (if the ferret is elsewhere in the room, he can jump around as much as he wants).  He's a big dog, and a rambunctious two year old; he gets rough while he's playing and I'm worried about him trampling her just in his excitement.

Thanks in advance for any advice you can give.

TL;DR:", I have a big ol' rowdy lab mix that gets too rough and tries to bite my new baby ferret.  How do I teach him to be gentle?
275,"SUBREDDIT: r/Dogtraining

TITLE: Puppy won't stop playing/chewing on other dog, as other dog encourages it to get puppy in trouble.

POST: We have a 4 month old puppy, mom was husky, dad we deduced is half lab the rest rottweiler/German Sheppard. Her name is Tesla. Tesla had made friends with a pair of Shiatsu's named Rolly and Jersey. Jersey is fine and puts Tesla in her place when she tries to play either too rough or he just doesn't want to. Rolly on the other hand is where the problem I'm having comes in. 

Rolly will entice Tesla to play and chew on him just to get her in trouble. Telsa has almost become obsessed with chewing on his neck and ears. Rolly doesn't fight back or tell her to stop but just whimpers almost in a fake manner now just to get us to split them up. When we do he runs right back to her to tempt her again.  Splitting them up we tell Tesla ""No, Drop it"" but she get fixated on what she's doing. So we have to force her to drop it, then have her sit and praise and treat for listening. She'll be good for a few minutes then resume the game with Rolly. 

Our big worry is that Tesla is going to be a large dog and don't want to risk injury to the littler dog. She already gets fairly rough and shakes and chews on Rolly's ears and neck. I don't want to encourage that behavior but know it's puppy play. 

Tesla usually gets two play sessions most days. One in the AM with the Shiatsu and one in the evening with 2 of her siblings and who think is her sire. So she gets play sessions with both dogs her size and smaller dogs to learn to play with all sizes.

TL;DR:", My puppy thinks another dog is her chew toy and will play endlessly chewing on him to a point of being rough or aggressive. The other dog encourages this behavior just to get my puppy in trouble and is too gentle to fight back.
276,"SUBREDDIT: r/Dogtraining

TITLE: Treating dog aggression, already have an idea of what to do just looking for extra tips

POST: Hi. So I was planning on taking my year old lab/collie mix to a dog park. I was going to have her stay around outside the park (nowhere near the actual dogs, just far enough to see them) so she could see the dogs but wouldn't be able to get to them since it's gated off.

Some extra info: She wasn't well socialized as a puppy. When I take her for walks and she notices someone or a dog across the street she tries to pull towards them. If someone is walking on the same side as me and is close enough she'll growl and bark. I also tried introducing her to my grandma's dog. In reaction she lunged towards the dog but didn't bark but her tail was stiff. From behind a screen door she barks and scratches at the dog.However if I have a friend come over and introduce her to said friend she'll be fine, she actually gets excited and wags her tail. 

I have also considered muzzling her but would rather not.

TL;DR:"," Dog does fine around people she knows, gets aggressive towards any dog she sees. Thinking of taking her around a dog park."
277,"SUBREDDIT: r/Dogtraining

TITLE: Should I dump my trainer? Aggression increasing.

POST: My girlfriend and I rescued a lab mix about 3 weeks ago.  She was noted as being both jumpy and mouthy by the rescue but other then that she was relatively well mannered. Quiet, friendly, and didn't pull too much on her harness that we started her on (one where the leash attaches to her back). Because of her issues we were required to agree to participate in training. 

The first thing that our trainer told us were that harnesses were one of the worst things that you can do to a dog, so we took it off and attached the harness to her collar.  She instantly began pulling.  The trainer recommended a pinch collar, and we had great success for the first 2 weeks.

On Sunday we had our second training class. Our pooch is excitable, and pulled towards/barked at other dogs in Petco.  Our trainer ""corrected"" her by yanking her pinch collar (hard enough that if a friend had done it I would have kicked him out of my house) and ""taught"" her what barking is. 

Since then, our dog has has been a bit more aggressive. She will randomly bark at us, will jump up on the couch to bite at me (harder then she ever did during play time before the incident). Our trainer told me to stick my fist down her throat when this sort of thing happens but that just made her more aggressive. I switched to correcting her by toughly commanding her sit and down, which she happily does. I don't have it in me to ""correct"" her by hurting her. 

I just ordered a freedom no pull harness after reading up a bit on them.  Are these generally safe?  Do they have any of their own inherent issues (such as trachea/thyroid/neck/spine issues that collars have?  Is my method of getting her to quiet down/stop mouthing likely to be effective?  Please help!

TL;DR:"," Trainer recommended pinch collar and ""corrects"" dog hard enough that it makes me uncomfortable. What are my best options?"
278,"SUBREDDIT: r/Dogtraining

TITLE: Puppy bedtime advice?

POST: Day 3 of having our new 8 week on mini schnauzer puppy and things are going really well.

She's already on her way to good potty training habits (poops outside like clock work, and has only peed in her potty area + outside as well), shes a good eater plus is starting to come when you call her and a beginners grasp at the sit command. (I know, she's crazy exceeding our expectations)

This is my general question though.  I've been placing her in her sleep pen area (we aren't crating, and decided to go with pen training) and she seems to settle after 30 seconds - 1 min of whining at about 9pm. The last 2 days she conks out immediately and wakes around 7-8 for a quick potty then breakfast and a bit of cuddle/play time. Then back to napping. 

Since this is ONLY day 3 though, I'm noticing that she didn't actually conk out at 9 tonight. She's just laying there calmly blinking and watching us do things and I'm VERY tempted to go in and take her for some more 1 on 1 time but don't want her to think bedtime is negotiable at this age. 

In total so far she's getting a good 2 hours of high activity a day (spread out), then 2-3 exploring/playing/cuddling. The rest of the time she occupies herself in her pen. She has never fallen asleep near us or in our arms so far. (we're trying to hammer in a schedule early on and independence)
I know I'm probably over thinking this but I wanted to make sure I'm going the right route with her. 

Do you think 9pm is too early? I've been reading that OVER tiring her is harmful to development + creates bad habits, but I don't want to neglect her unintentionally either if she's not passing out.  Obviously we're still figuring out how to communicate with each other.

Any advice?

TL;DR:", Set a hard bedtime schedule (even if she doesn't SEEM sleepy) or stretch it out as long as possible (see if she wanders to bed herself?)
279,"SUBREDDIT: r/Dogtraining

TITLE: Need help taming a once tamed Pit Bull!

POST: So Molly is my two year old put and when she was about four months old we were in a training class together.  The training was a huge success and she knew all the basic stuff and was ready for off leash training class.  Anyways since the class me and my girlfriend moved into a condo out of the condo and had a baby so I have not been able to focus what I want to on Molly.  She still knows the commands and everything I taught her but she chooses to not do them.  How can I start getting her back into the swing of things? Where would you start?

TL;DR:", got her training had baby no time to train finally find time she doesn't listen how do I get her In the swing of things
280,"SUBREDDIT: r/Dogtraining

TITLE: Fickle Eaters

POST: Summary at the end.
In the year that I have had my dog we have struggled to find food that doesn't give her chronic diarrhea and after 6 months of soupy morning walks we finally found one in Natural Balance Limited Ingredient (which has a whole bunch of different treats, wet, and dry foods). But since then, she has gone from eating it all right up (whether it was mixed with fun stuff or not) to sometimes not eating her meals for more than a day. She is a 65lb pit mix that gets 2 scoops of dry a day, treats during designated training sessions and occasionally a stuffed kong or wet food mixed with her dry when she has been really good.

Over the last 6 months getting her to eat right away without sweetening the pot has become impossible (which makes regulating her poop schedule harder), even if we make her earn it first. She will sniff, maybe take a tentative bite, and then abandon it. If you hand feed it to her, or make a game of it by flicking the pieces across the floor or playing catch with 1-4 pieces at a time she is all about it. We never did these things with her meals in the first six months so I don't think she would have come to expect it through experience (although she was 9 months when we adopted her and we have no history for her at all).

Another dog owner who has a full pit told us their dog is an inconsistent eater, too. I'm worried she is behaving like this because she doesn't like the brands dry food and unconvinced it's because she is inconsistent with her hunger. As far as exercise goes, mental and physical, she is spoiled for a dog with no yard of her own, so I don't think this is a lack of spent energy. I'd be very curious for other people's experiences.

TL;DR:", My almost 2 year old suddenly needs me to be involved in the entire feeding process in order to finish a meal in a timely fashion.
281,"SUBREDDIT: r/Dogtraining

TITLE: Over Hyper Dog Help

POST: I have a male black lab/setter mix rescued at 4 months old now 1 and a half years old. I got him in January 2014 and he got potty and crate trained. When it got warm out became and outside dog and I put him on a zip line. I would walk him 1-2 hours everyday around my large property off of a leash. After a month or two he started to constantly jump up and do hard play bites when ever I was outside with him. This is the main problem. I couldn't walk him any more because of that. After about 2 weeks I got a can of coins to shake at him when ever he jumped up at me and it worked but after a few months it stopped. Starting in the fall he was not being walked but was outside all day on the zip line. When it got cold I brought him inside and he stayed in his crate. He stays in his crate most of the day and I let him run around outside by himself for 30-60 minutes a day. Having him out of the crate requires your full attention and you can't do anything else there for he isn't out much. He chews on things and you have to constantly stop him. For a couple weeks I was able to watch tv with him on my bed wile he chewed on his bone but then he started to chew on me and my blanket.

I don't know what to do reddit please help.

TL;DR:", black lab jumps and does rough play biting wile outside with you and can't be out of crate in house with out 100% focused supervision because of chewing
282,"SUBREDDIT: r/Dogtraining

TITLE: Destructive dog when left

POST: My dog is 1 and a half, typically well behaved and would never think to destroy anything when I'm home. She's completely crate trained and will only cry while she's in there if she knows something really exciting is outside, like another dog or a new person. 

I don't crate her all the time. I have a baby gate to keep her in the kitchen when I need to leave her for longer periods of time so that she can have water, food, and more room. When I leave her in the kitchen I always give her a treat ball or something to keep her occupied as well as plenty of toys. 

However, she's been ignoring those toys and destroying anything and everything she can get to. 
She got into the garbage/recycling, so I've since locked that cabinet.
She then started to take things off the counter (including an entire home made pumpkin pie and a roll of paper towels). So I've moved things away from the counter.
She then moved on to taking things off of the fridge. 

Time is not a factor. She's done this after being left for only 30 min. 

She's completely fine in the evenings/night. When I'm asleep she has full reign of the apartment and hasn't destroyed anything.

I'm considering getting rid of the baby gate and just crating her instead. But I would like to get rid of the crate at some point and only use it when traveling. 

Will I ever be able to trust her? Is there a way to train her out of this destructive behavior?

TL;DR:"," when I leave my dog in the kitchen with toys and treats, she eats the treats then proceeds to destroy anything and everything she can get her paws on."
283,"SUBREDDIT: r/Dogtraining

TITLE: 2 very opposite dogs about to live together. PLEASE help with and tips/advice on training!

POST: I already own a dog, and have rescued another that will begin to live here in a couple of days. I'm pretty nervous about it because the dogs are very different, but we (my girlfriend and I) really want to make this work. 

About the dog we already have. He's a shih tzu mix that grew up with my girlfriend. He is 12 years old, but in good health. My girlfriend used to own a pug, and a couple years after he passed away, the shih tzu has been very reactive on the leash towards other dogs. It seems to mainly be big dogs. Also, he had very bad teeth and only has three remaining in the back, I think this makes him feel vulnerable. He doesn't really like little dogs either though, I think mainly because they're high energy. Other than this he is very well behaved. I'm just nervous introducing a new dog to the home because he is old and sometimes grumpy.

Now, about the dog we're rescuing. She's a pit bull that was used as a bait dog. The rescue she's from thinks she's around three years old. Many professionals told the rescue to put this dog down because of how aggressive she was with other dogs but is now being fostered with three. She gets along good with them now, but still seems fear aggressive towards others. The dogs she is being fostered with are two bigger lab mixes and a shih tzu mix, which gives us hope. 

The dogs have met once, briefly, and our shih tzu just growled and we sort of pulled the pit bull away. After the pit calmed down, our shih tzu more or less ignored him, but was still sort of taking cover behind my girlfriend to feel safe. 

The pit bull will be kenneled when we are away and they will be fed separately. We live in a small apartment though, and were looking for ways we could have these two dogs live in harmony. The pit bull has been in rescue for months and really needs a home. I will run with her everyday, but if you guys have any tips on breaking the tension or helping introduce these dogs in a better way, please let me know!!

Thanks.

TL;DR:", getting a young female pitbull former bait dog and already own a grumpy senior shih tzu mix. Please offer some advice!
284,"SUBREDDIT: r/Dogtraining

TITLE: 4 month old puppy begging for walks

POST: I have a 4 1/2 month old catahoula leopard dog.  He's, overall, a good puppy.  He has puppy tendencies and received hardly any training at all while his previous owner had him.  Overall, we're working on some things and he's been getting better in the few weeks we've had him.

One thing that has cropped up lately though that is causing a problem is him not being able to differentiate between going for a walk and going outside. His signal for having to go potty has been to go to the back door and if he doesn't get an answer there or we can't see him, to run to the front door and then we take him outside.  But now, he runs to the front door when he wants to go for a walk.  When you get up to grab his leash and put your shoes on, that's when he starts freaking out, jumping, barking, running to the front door, etc.  When you try to put his leash on him, he won't sit still and runs for the front door.  You take him outside and he won't even pee, he just turns around and comes back inside and then sits and waits for a treat for doing nothing.

He gets sufficient exercise for a 4 month old pup, so I know it isn't that he's restless all over again.  This all happens even after going on 45 minute, 1.5-2 mile walks.  I'm worried that it's going to get to the point where I can't tell whether or not he has to potty or he just wants to go for a walk.

Any advice here?  We've been training him just fine without clickers or anything special besides positive reinforcement with treats.  The only other issues we have with him is chasing the cat and begging for food, because the previous owners did nothing but feed him off of the table for as long as they had him and it's basically ruined him when it comes to begging at dinner time.

TL;DR:", Puppy's signal for begging for a walk is the same as his signal to go potty and it's causing confusion for both of us.
285,"SUBREDDIT: r/Dogtraining

TITLE: Please, please help me teach my dog not to pull.

POST: Please help me walk my (boyfriend's) dog.

I'm taking care of Boyfriend's dog for a few months while he is out of town. Dog is an energetic 2-year-old German shepard/Tibetan mastiff mix (we think). He's tall tall tall and about 80 pounds of muscle and fluff. Dog does not listen to me well. I blame this partially on the fact that I let him get away with murder the first few months I knew Boyfriend (like an aunt spoiling her niece, sort of). He also listens really well to males, but lady voices are just fairy dust that float above his head.

Boyfriend has let dog pull on the leash his entire life. I decided right away that I was going to make walking times fun for both of us and teach dog to not pull on the leash. I bought and Easy Walk harness 2 months ago when I got Dog. Every time he pulled (i.e. always) I'd stop and make him sit/look at me. When he did, I'd praise him and we'd keep going. I praise him when he walks nicely. 

He was doing pretty well until it got cold, and he got a burst of energy like a kid who's eaten the entire cookie jar.

Now, when I try to walk him, he pulls like crazy. I stop and make him sit. He does. I tell him he can go, and he immediately pulls. there is never a moment of nice walking - it's either sitting or pulling. 

We're both unhappy. I need to do something. Please help.

TL;DR:"," Dog pulls on the leash. I've tried to fix it, but I don't know what to do. Please help us."
286,"SUBREDDIT: r/Dogtraining

TITLE: About to have 10 to 15 people over and I have a dog that jumps on people when they enter the door, he is very overwhelming. What can I do to make this work?

POST: We're having a small party at my house with 10 to 15 guests, all adults. I have two dogs, an older chihuahua mix who is pretty tame, and a 16 month old lab/doxen mix who is sweet but can be very overbearing!! He jumps on people when they enter the door and will nip at people's shoes and jeans. We have been overdue for dog lessons, and will be registering him for puppy training at Petco soon.

What can I do when people come in the door so that Buddy (the lab) will not overpower them and make them uncomfortable? 

We have a crate and plenty of things to occupy his time with, I just want him to be able to socialize with the people at the party well without us just sticking him in the crate with a chew toy.

TL;DR:"," House party tonight at 6, we have a hyper lab-mix that overwhelms people when they enter, what do I do?"
287,"SUBREDDIT: r/Dogtraining

TITLE: 8 Month Old Lab Pup Won't Stop Shredding Crate Bedding

POST: I had purchased a nice memory foam bed in preparation for our puppy. Once she'd made good progress with house training, we introduced it to her crate so it would be softer for her at night than towels. She ripped a nice big hole in the side of it and made confetti of the foam shortly thereafter, so we threw it away and went back to towels, which she continued to dig at and rip with her teeth.

That was months ago. I just today tried introducing a new, more rug-like bed to her crate. I first supervised her with it this morning with the crate open, discouraging her when she dug and nipped at it and click-and-treat for sitting/laying on it nicely. That seemed to go well, so I crated her just long enough for me to take a shower. She'd ripped the edging off one side.

I just want her crate to be more comfortable for her, but of course she doesn't understand this... I don't want to leave the hard bottom of the crate bare, but I don't want to continue reinforcing the destructive behavior by giving her towels/beds.

I want her to eventually have a healthy relationship with soft things... What can we do about this?

TL;DR:"," Pup keeps destroying her bedding, but we don't want to leave her in a hard crate... Please help!"
288,"SUBREDDIT: r/Dogtraining

TITLE: Help with 1-year-old GSD and playgroup

POST: Hey guys! Hoping I might be able to get some suggestions on this. My husband and I have a wonderful, loving 1-year-old GSD. We've done a lot of training with her and she's extremely well behaved, but is still, you know, a rambunctious puppy. For most of her life, she's gone to a dog park playgroup 2x a week with a local shop we love (we're boarded her with them too, and she's done great).

Today I received the following note from them: ""We wanted to touch base about Shep in playgroup.  [X trainer] and [Y trainer] have both expressed concerns that she is becoming too intense, and we feel it is the best interest of the group to have her take a break.  She is not aggressive, but she often gets very focused on a certain dog and will be relentless in her pursuit of that dog.  It takes a lot of management to then keep her focus redirected, to the point that they can't give enough attention to the other dogs in the group.  We all love Shep and want to continue helping provide her with the exercise and stimulation that she needs.  We wanted to suggest going back to walks, and potentially having smaller group playtime in the back yard.  For now I will reschedule her playgroup days as walks starting next week, but please let us know your thoughts.""

I feel kind of... heartbroken, honestly. We've worked so hard with her and she's fantastic with us, as well as when we take her to the park ourselves. These playgroups have been phenomenal for her - she's great with both dogs and people because of it and is extremely friendly. I don't want to have to stop sending her, and I'm not sure what to do. Plus, both my husband and I work FT, so having her get exercise like this a few times a week has been so unbelievably helpful.

Do you guys have any suggestions for behavior like this? Should we try sending her to another daycare? Is there some type of training we can/should be doing to help offset this?

TL;DR:"," Non-aggressive GSD, has been told she needs to ""take a break"" from playgroup because she is ""too intense."" Looking for advice on alternatives/training."
289,"SUBREDDIT: r/Dogtraining

TITLE: Bath aggression?

POST: Hi,

So I've got an almost 2 year old corgi. He's always hated baths, but the last two times I've given him a bath things got a little concerning for me. He knows the word ``bath time'' and as soon as I said it he started growling at me. He has a very specific growl when he is very scared or annoyed with another dog and this wasn't it. It was more the growl he uses when playing, but he was not happy. No other signs of aggression like raised hair, ears back, rigid stance or anything like that. He definitely did not want me to pick him up though. 

His baths are not violent, horrible things (at least in my eyes). I usually fill the tub about two inches so I can splash a little underneath and run the shower. He will try to get out of the shower and move away from the running water. He often jumps up and grabs my arm with his front paws and sort of stands up as to get his front paws out of the water. He just looks so miserable when in the shower. What baffles me is that he loves swimming. At the dog park he just swims around for no reason. Even as a puppy, before he learned he could swim, he'd wade around in the shallows.

I try to change up how I bathe him so that maybe it's not so horrible. I've tried cold water, warm water, all bath no shower, all shower no bath, toys, treats, everything I can think of. 

While I don't think he'd ever bite me, I'm concerned because this is the first time he's shown any aggression towards anyone. He's a very gentle dog.

TL;DR:"," My dog has started showing aggression about bath time, never shown aggression before, I've tried lot's of different things in the bath with no luck."
290,"SUBREDDIT: r/Dogtraining

TITLE: Loose Leash Walking Advice for When Dog Sits and Doesn't want to Move Forward or budge?

POST: Hello all. 

I'm working with my pup to teach him proper leash manners. He's almost 10 weeks old, Golden Retriever. Some days he's pretty good, some days he's not so good - all to be expected. I've read a lot about training loose leash walking and most of it is geared towards a dog pulling. My pup, he pulls a lot. But also, just as often, we'll get walking and he'll just sit and not want to move. We've been working on the ""Let's Go!"" command, but just as often as he'll respond to it, he won't. I don't want to pull him - currently we are using a standard flat collar, but I'm wondering what techniques I should be using in this situation? We'll be walking along, with him slightly behind me and then he'll stop dead in his tracks and the leash is taut, with him a couple feet sitting behind me. Sometimes I can excite him enough with a ""Lets Go!"" and click/treat. And then he'll move forward a few feet, grab his treat and then sit down again. Or, he'll move forward a little bit and then pull again in basically the same direction. He'll do a similar thing towards the end of our walk when we are headed inside, there are always a few really good smells he loves around our little patio and he holds steady as we approach the door, not wanting to come in. 

Should I be using ""Come!"" ""Here!"" in these situations? How do I maintain and solidify the effectivenes of ""Lets Go!"". 
Now, when I let him off the leash, in a big open field. He'll dilly dally, but when I'm 10+ feet away and call him, he always comes darting towards me.

TL;DR:", looking for leash walking tips for when *I* become the puller and the dog doesn't want to budge or move forward. 
291,"SUBREDDIT: r/Dogtraining

TITLE: Dog picks up household items, shoes, etc parents keep baby gates throughout house now. HELP

POST: My 16 month old pug/spaniel mix is a very affectionate, sweet hearted dog that I've had since she was a 14 week old pup. She's very bright and has learned sit, lay down, drop it, shake, and walks well on a leash.  She gets about an hour or so of walking everyday with some sprints mixed in at the beach park (about 3.5 miles total).  My problem is, she gets gated off to either the upstairs hall/my room, or, if I'm downstairs, the living room. She ""cant"" hang aline with my mom or dad because she grabs things (esp. Tissues napkins or socks/shoes) and will eat them or chew them, respectively. She also is an opportunist food thief.  When with me, it's rarely an issue and even when we are all sitting together, she's generally good. I want to know any tips possible so she doesn't have to be confined and or can spend time alone with them while I'm home, or can roam around freely if we are all in different rooms.  She's plenty exercised as in addition to the walks we also use 3 different puzzle toys, play fetch on the house, and she gets bones to chew or her favorite plush to snuggle.  Ideas?  Commemts?  Thanks guys!!!

TL;DR:"," dog won't mind my parents, plays keep away and eats paper stuff.  Gets baby gated off to small (ish) areas. Need help. "
292,"SUBREDDIT: r/Dogtraining

TITLE: I'm in desperate need of help

POST: My dog is 2. We moved to a new apartment from my childhood home about a month ago. While in our old home, he would have accidents but they weren't all that often when I moved without him (long story not for this sub). I came for him once I moved about four  months later. He was a bad dog for my family during those four months. I brought him back and for the first few days he was good. Since then, he has been incredibly bad. I take him for walks, he refuses to go to the bathroom but instead waits for the first five minutes to pee and poop all over the kitchen. We've had a few good days in the past month, but nothing consistent. I don't know what to do anymore. Praising him for going outside doesn't work, and I can't tell at him for this hours later when I get home from work. He's been breaking into the garbage and eating things in there and making himself sick. I'm at my wits end. If I put him in his cage, which I hate doing but something needs to change, he barks extremely loud. If I'm home with him, he's a good dog, for the most part. I can't send him home, I don't want to rehome him, but I can't do this every day.

TL;DR:"," moved without my dog, he behaved badly for my family, moved again, got my dog, he's been untrainable for me."
293,"SUBREDDIT: r/Dogtraining

TITLE: Any tips on curbing serious fear/defensive aggression towards strangers?

POST: Hey r/dogtraining I'm dealing with a pretty bad issue with my 2yo 55lb Pit/Lab mix Casey and wondering if any of you has experienced the same problem.

A little background: When I adopted the dog (at about 1yo) I noticed he was playful and rowdy with other dogs, but very cautious and worried around people. He was very shy, but sweet with my girlfriend and I so I decided to adopt him. During the first 6-7mo I had him I tried to socialize him as much as possible by taking him to dog parks, friends BBQs, etc. He was also pretty easy to train commands like sit, down, stay, etc and tends to listen to me well. He was always shy and cautious around strangers, but it was never a problem until recently.

Now whenever we have strangers over to the house it's recently escalated to snapping, growling, barking, and nipping. This seems to happen mostly with movement (stranger walks forward, reaches/leans for something, or moves an object). Most recently, there was an incident where he nipped a guest fairly hard a drew a spot of blood. Needless to say after that, and the new behavior he's exhibiting, I don't allow him around strangers anymore unless he's on a leash and it's scary/embarrassing when we have people over to the house. He's also very unpredictable in that he's totally fine with some people (and generally ok with most strangers outside of his environment). He can go from wagging his tail to snapping within a split second. I think much of this could be related to him not being properly socialized with people during his first year as a puppy, or perhaps he's trying to protect us from strangers he deems as threats?

I'm having a professional trainer come over in a couple weeks to address the situation and in the meantime keeping him separated from strangers for safety concerns. I'm just wondering if any of you have experienced this - I've been reading a lot of stuff online, but everyone seems to have a different technique and this is a pretty complex behavioral issue that's a bit over my head.

TL;DR:", Casey is displaying what I think is fear/territorial aggression towards strangers. Problem is escalating to the point where he can't be around new people. Not sure how to proceed with fixing the issue.
294,"SUBREDDIT: r/Dogtraining

TITLE: Picking up bad habits from the neighbor's dog.

POST: I live in an urban part of my city. The way our yard is, it sits one yard to the right of our neighbor's yard. The neighbor's yard is to the right of the back of the neighbor around the corner, but on a different street's property. Hopefully that makes sense. The neighbors on the other street own at least 7 pit bulls. I don't know the exact number because they are constantly breeding them and always keep at least one of the puppies from each litter. The dogs are outside year round, never brought into the house no matter the weather or time of day. They have very little human contact. I think the ""owners"" are scumbags, but since my city's Animal Control and dog warden officer did very little when my neighbor's pit bull attacked my dogs and yet they continued to let it off leash to roam in our yard, I doubt they'd do anything about these dogs. Since the dogs are kept outside, you can hear them bark. And they bark at every little noise and movement. My GSD has picked up the habit of barking when they bark. I don't have a problem with him barking when people come to the door or someone is in our yard because it's a very intimidating bark, and makes me feel safer especially when I'm home alone. But now, with him barking with the other dogs, I'm never sure if it's a false alarm or something to be aware of. I try to tell him no when he does it or tell him ""it's ok'"" which is the signal that I've checked things out and he can relax and not be on guard. He stops when I tell him this, but it doesn't seem to prevent him from not starting once the other dogs do.

TL;DR:"," neighbors pack of dogs barking is setting my dog into high alert/protective barking mode including the middle of the night. How to get him to disregard nonsense dogs, while encouraging protective barking when actually needed?"
295,"SUBREDDIT: r/Dogtraining

TITLE: Will my dog ever be normal?

POST: I have a German Shepard male. He is a little over two years old. His distraction of shadows and reflections is ruining everything! When I just want to hang out with him, he is completely consumed by a shadow and will forget everything and just act retarded staring at shadows or trying to attack them. Same problem with flies, he just chases them and it takes up all his attention. It is very, very annoying and sad. I can walk him and all that stuff, but he is ALWAYS distracted by damn shadows or reflections of a watch or some shiny object. I can't emphasize how annoying this is as let me restate he is *totally consumed* by this stuff. No attention, no anything, just staring and fighting and chasing the damn shadows or flies or whatever. Honestly, I was really hoping it would be something he were to grow out of, but he's over 2 and it hasn't changed one bit. Can anyone please tell me how to fix this or if there is anything I can do? Please, this is really getting in the way of enjoying my dog. Thank you so much.

TL;DR:"," Dog is obsessed with shadows and it is ruining everything (no fun) as it totally consumes him and no attention on anything else. Hasn't grown out of it after 2 years, will he ever be ok? How?"
296,"SUBREDDIT: r/Dogtraining

TITLE: How do you go about controlling situations when they bark?

POST: Hi r/dogtraining!

My Ginja is a 9 month old Dogue de Bordeaux, now a big 40kg (88lb) puppy with a slightly scary face from afar.. So even though she is a sweet heart, her barking is now a little bit intimidating and it has happen in a few different situations which I felt unprepared for.

We go to our classes and are doing great when she is on ""training mode"" however when just hanging out, I find that something might trigger a barking vibe and it's hard to get her head out of it. 

Specificaly I'm thinking of a situation in a hotel lobby when I was paying for something and a person walked toward us from a dark corner, she clearly got startled and started barking but now the man was too scared to approach and calm her down, I calmly removed her from the situation which didn't feel right cause this way she isn't learning self control. Another time was after a walk, we were hanging out in the seats of a big dog park and she saw some of her dog friends playing far far away. Again she went into barking mode and people around us also looked uncomfortable... I waited for her to stop to go great the doggies, but all in the meantime there was a solid 5 minutes of pacing away from the excitement to calm down.

I feel like just waiting for these situations and act correctly when faced with them isn't enough. Do you have some specific training exercises you do ease them into ""stop barking"".

TL;DR:"," Unexpected trigers send her off into barking mode. How to practice for them? Specially uncomfortable because although sweet, she looks meanicing from far away. "
297,"SUBREDDIT: r/Dogtraining

TITLE: My dog gets nervous going into Doggie Daycare. Is it better to leave him home alone in his crate?

POST: I adopted my dog (45 lb pitbull, 1.5 years old, neutered) 3 months ago.  I've been bringing him to daycare for the past two weeks, and he's been doing great and seemed to like going there, but this week he didn't want to go into the building when we arrived.  He got somewhat low to the ground and shaky, and it took some time and attention to get him to enter.  The behaviorist at the daycare said he's been doing generally great once he gets inside, but he's seen him getting kinda snippy/growling at other dogs in close quarters when they gather around a gate to be let outside.  He thought my dog is lacking in confidence and recommended obedience or agility training to help with that.

The daycare has a lot of dogs in a few large indoor and outdoor spaces.  I can see the dogs on [webcams] and my dog looks like he's doing fine, but I'm afraid I'm torturing him by bringing him to DDC every day.  On the other hand, I thought maybe the socialization would be good for him, and healthier than sitting in a crate all day.   Do you think DDC is helping or hurting his confidence?  Should I stop bringing him there?

One last thing I should mention.  I've brought him to dog parks in the past and he does well 90% of the time, but sometimes he bullies smaller dogs(humping and dominating) and gets snippy/barky/defensive with bigger high energy dogs.

TL;DR:"," If my dog seems to lack confidence and dislike DDC, is that reason enough to stop bringing him there, or all the more reason to bring him?"
298,"SUBREDDIT: r/Dogtraining

TITLE: Dog Park Drama: My dog is defending his puppy friend, good or bad? Story inside.

POST: I brought my 10mo old male BC to the dog park today with his 5mo old friend.  The puppy is pretty small and was getting pushed around quite a bit by the big dogs, she is also quite fearful, and was yelping a lot.  At one point a 10mo old husky had her pinned and she was obviously in distress, although the husky didn't appear to be hurting her. Her owner went over, picked her up, and carried her around for a bit to calm her down.  The husky's owner called his dog but it was clear the dog didn't come when called (this continued to happen throughout our visit) but otherwise did nothing.

Once the puppy was put back down to play she stayed really close to us along with my dog. The husky continuously came to try to get close to the puppy, who was obviously afraid.  My border collie would get between them and push the husky away. I actually thought they were just normally playing for the first while, but then noticed that my dog wouldn't let the husky come between him and the puppy.  I called my dog to stay close to me, and he would come to my side and walk with me, but once the husky came back (every minute or so) he would go to defend his friend again.  The husky was never more than five metres from us.  There was no barking, no biting or any signs of aggression that I recognized, but I am a first time dog owner and still trying to learn.

The husky's owner came over to me and said ""you need to control your dog, he is constantly hounding mine"".  I called my dog, he came to me and I held him to give them a chance to walk their husky away.  I said that if he could get his husky to leave the puppy alone it wouldn't be a problem, he gave me a dirty look and dragged his husky away.  Now I know the husky wasn't the best-trained dog, but my question is, was my dog being too protective?

TL;DR:"," Husky was harassing my dog's puppy friend, my dog stood between husky and puppy, Husky owner got mad, was my dog doing something wrong? Is this behavior I should try to stop?"
299,"SUBREDDIT: r/Dogtraining

TITLE: Urgent - Need help with my boerboel jumping at the doorbell.

POST: My dog (2~ years old) has been attacking my front door every time a doorbell rings. I live with my parents and I have tried everything to get this dog to stop attacking other than getting a remote shock collar. She has been leaving scratches on the doors and windows (when she sees squirrels/birds outside) and I have been trying to break her of this habit. Now, however, it has gotten to the point where my father is threatening to take the dog to the pound. I don't want that, I love my dog. I need a way to break her of this habit, if it is a remote shock collar then so be it. I just need some advice.
My mother also let's the dog out every time she scratches a window, which just encourages the behavior. The dog isn't the friendliest with strangers and I would like to make her less protective if possible, but if not I can live with it.
Thank you reddit, I need your help.

TL;DR:", = my dog is jumping at the door when the doorbell rings and being overprotective around strangers. How do I stop this from occurring?
300,"SUBREDDIT: r/Dogtraining

TITLE: Need advice on how to help my dog handle himself around my roommates unfixed cat. (Possibly nsfw?)

POST: Background: Samwise is a 9 month old lab mix (we think with border collie maybe but we have no way to know.) He has grown up around friendly cats and generally behaves himself around them (no chasing etc.) My roommate adopted a cat a few months ago, it's been going fine.

Except that the small female cat is unfixed and as such her moods fluctuate wildly. My roommate is going to get the cat fixed, just hasn't gotten around to it. 

Some days she is indifferent towards him. Some days she will chase him and attack him, and some days, like today, she tries her best to seduce him. He does not understand what she is doing to my knowledge but gets very excited and starts pouncing around her (which she doesn't mind,) bringing her toys, and otherwise tries to initiate play. These things aren't a huge deal, but today his behavior changed. 

It began with some friendly grooming. He nibbled and licked her fur, no issue there. But this grooming has escalated to the point where he is putting his entire mouth around her neck/body. He is fairly large (50 pounds) with a large mouth and she is tiny. 

Basically I'm just looking for advice on what I should treat as acceptable behavior and what I should try to eliminate. I don't want him to hurt her, and he definitely doesn't want to hurt her either, but I can see it happening on accident if I don't correct this nibbling/biting. What makes it more difficult is that when she is in heat (like today) she will not discipline him herself (ie scratching.)

TL;DR:", My dog is getting molested by my roommate's cat every few weeks and has started nibbling/biting her when she is in heat/seeking his attention.
301,"SUBREDDIT: r/Dogtraining

TITLE: Training a 1.5yo male papillon mix troubles.

POST: I've been Fostering-to-Adopt this male, 1.5 yo Papillon mix and I'm having a hard time training him. 

BACKGROUND: I currently have a 14yo Chihuahua-Shepard mix that I trained by myself when I was like 12 and she is absolutely perfectly trained. She knows all the basic commands (Sit, down, stay, come, roll over, get down, drop it, go away). So, I know that I'm able to train correctly at least.

TRAINING METHOD: I use rewards (both of them like treats) and I guide my 1.5yo into a sit position, and apply a verbal command at the same time. When he does it, I reward with a treat. I worked on it for several days (Short training sessions once or twice a day) and throughout the day I will apply what he learned: tell him to sit before going outside, getting his meals etc. He'll do it only once in awhile, but gets really distracted or just ""decides"" not to do it. When he is stubborn, I will not open the door or put down the food bowl until he sits. I'm just hoping he'll get the hang of ""sit"" the more we work on it. Now, we're working on ""down"" and he will only do it if there's a treat in my hand. As soon as there's no treat, he will just look at me like he has no idea what ""down"" means. I will vary the rewards: sometimes he'll get a pet, sometimes he'll get a lick of the treat and sometimes he'll get the whole treat so he doesn't just expect food all the time.

Meanwhile, we're working on good potty habits and walking nicely on a leash (he loves chasing the rabbits in my neighborhood, though, and gets distracted/pulls). 

CONCLUSION: I am just feeling overwhelmed and not sure what else I can be doing. Maybe he's a different personality or just slower than my older dog? Any tips?

TL;DR:", My 1.5yo Papillon mix isn't picking up on training very quickly and sometimes won't do commands unless there's food. Tips?
302,"SUBREDDIT: r/Dogtraining

TITLE: Advice on working dog up to hanging out in the house alone?

POST: Hello /r/dogtraining I'm a recent college graduate, dog mom and soon-to-be working professional. While I don't start my full-time job until the first week of September, I'd like to be able to eventually leave my dog Leo (6 month old mini Australian Shepherd) alone at home during the day, without being crated. Does anyone have experience working up to a daily routine like this? I'm currently free all day until I start my job, which means I don't leave Leo as much as I probably should if I'm going to eventually leave him at home during a work day. I want to take advantage of my free time to set Leo up for success and make the transition as smooth as possible. 

Other things to note: I have doggy door access to my deck, with [grass outside] of it for him to potty on. Living in an apartment. He currently sleeps through the night (7-8 hours) and a majority of the day (5-6 more hours). I will be gone at work ~8 hours/day but have dog walking help from a neighbor. At this point Leo has only ever been left alone in his crate, never in a room or house to himself.

TL;DR:", Looking for suggestions/success stories on how to transition [Leo] from crate containment to free-roaming during work hours
303,"SUBREDDIT: r/Dogtraining

TITLE: Feeling inadequate, want my dog to get things faster!

POST: This morning I saw [this new kikopup video] where her 12-week-old collie is basically a genius already. I realise collies are insanely clever and that kikopup is an amazing trainer, but it made me feel pretty inadequate given that my 10-week-old sheltie can't even sit yet or respond to his name - he'll definitely be nowhere near Wish in two weeks.

This is my first time with a puppy by myself and my first time using clicker training, but I guess I thought my puppy would learn a bit faster. I got a sheltie specifically because they're smart and biddable, and I plan to do agility and obedience with him when he's older. But I'm starting to worry that he's not smart enough for that!

We do lots of short training sessions a day, and we are working on recall, sit, name, crate, leave it, and being calm while touching his feet, face, etc. He seems to know the commands to go in and out of his crate, but other than that I don't think he knows anything. Leave it is just not working at all, even though I'm following kikopup's tutorial. He just doesn't get it!

TL;DR:"," I guess I'm just looking for some tips on how to improve my training, or maybe reassurance that it's okay for a 10-week-old puppy to not know anything!"
304,"SUBREDDIT: r/Dogtraining

TITLE: Trouble reading body language of rescue dog.

POST: I adopted a gorgeous one year old female Wolfhound X Australian Cattle Dog from a rescue yesterday, she was roughly abused in her previous home which has lead her to be extremely timid and distrusting of people (no aggressive signs thankfully) and very small considering her breed (smaller end of cattle dog).

The rescue was not able to get her a foster home and only had her at the kennel a week or two so they have very little insight into her nature and personality, So i was wondering if you kind folks had any advice to assist her.

When I went to pick her up yesterday she was very timid and ran away and hid under a car, i had to carry her to our car to take her home, on the trip home she mostly slept (and farted). which was to be expected, being home she still shies away from us and cowers if we're near, we're okay with this taking a long time and already in one day she has made leaps and bounds of progress. she come to us with a lot of coaxing and time, but it's progress and will take time.

The main thing i am worried about is even though she is feeling comfortable with us to an extent already, walking into rooms with us and sleeping. I am having trouble telling if she actually likes petting, she wags her tail when we're near but stops when we pat her, then resumes wagging if we stop.

She also looks away, yawns and licks our hand during petting, she also doesn't make much of a move to engage the petting again.

I've heard this are typical signs that the dog isn't happy or enjoy themselves. which is understandable given her first year of life, but i'm wondering if we should keep petting her in hopes she'll realize in time we wont hurt her, or if it's better for her not to have that stress?

TL;DR:"," My new rescue dog was abused in her previous home and doesn't seem to like petting, should we keep showing her love, or would it be better for her to remove this source of stress?"
305,"SUBREDDIT: r/Dogtraining

TITLE: Having a problem with a Gentile leader one my 1 year old golden...

POST: I have a 14 months old male golden retriever he's truly a sweetie pie except for the fact that he pulls so hard on his leash. The gentle leader along with clicker training and lots of time spent on walks hes finally getting the whole walk on loose leash this device is amazing! 

Except for a new problem that has raised. Hes always hated it and often paws at it or stops and drags himself of the ground. Normally this isnt a problem as i just redirect him by continuing the walk. However lately he stops and paws at it so much or when i have him in ""down"" position when people walk by he just focuses on getting the thing off and has now successfully been able to remove it  1 time. This makes for even more difficult walks. How do I began to train him to stop pawing at it?!? its getting to the point we aren't able to walk for anymore as his paw gets all tangled and he is now jumping up to try and get it off.

TL;DR:"," Golden keeps pawing at gentile leader and was able to get it off once, now its very difficult to walk him how do i train this out?!?"
306,"SUBREDDIT: r/Dogtraining

TITLE: Found-On-Battlefield Rescue Ideas

POST: My partner and I just rescued a 2.5 - 3.5 yo F.O.B. dog from Afghanistan  (FOB means 'found on battlefield')  - she LOOKS to be half afghan hound)
Essentially, these dogs are born wild, or stray, and if found by our troops (Canuck, I mean!) they are occasionally brought into the compound, trained and cleaned, and used as companions for soldiers. 

Long story short, this lovely girl (possibly half-Afghan hound, but not sure) found her way to Canada, only a few hours away from me.  Everything matched up, and we brought her home last night. 

Only problem AT ALL, that we've been told to expect, and have already experienced, is that she LETS YOU KNOW when there is another dog around. Sometimes she will bark at people, but not often.  She get very loud, and very excited when she shes another dog of any kind, but we can't decide how to go about socializing her in a way that won't damage her accidentally. We have to keep in mind that she is from a completely different country, with VASTLY different views on animals (i.e.- using dogs to clear minefields!! ) and was born stray.  
I want to get her comfortable around other dogs, to the point where she can at very least ignore them, or, ideally, actually want to play. 
Other than this, she is completely amazing. She knows all her basic commands, sleeps in her kennel at night by choice, wants to snuggle with my cat (who does not approve) and is all in all incredibly behaved. 

I am not struggling with this behaviour yet, and I understand why she reacts this way, but before I start any training whatsoever, I want to contemplate as many options as I can, to choose the right one for her.  

Any thoughts? Ideas? Any other FOB rescuers out here?

TL;DR:", Just rescued a battlefield dog from overseas with an amazing personality and temperment. Want to explore every option to help her adapt and quit going nutso over other dogs.
307,"SUBREDDIT: r/Dogtraining

TITLE: Crate/Potty Training Basics, Help!

POST: I know this is one of the easiest things to train your dog, but am having trouble with my dog going potty. For one, I am not home a lot so I have decided to buy a crate to begin crate training... The case is with my puppy, everytime I let him out, he plays and plays. I leave him alone for an hour or so outside and he does not like to Pee outside. When I bring him back in his confined space, he pees there all the time. I lay out newspapers and all that just for accident, but I get an idea that he thinks he has to pee there. He will potty/go poop every now and then after feeding him. But in most cases when I take him outside and I tell him go potty, he just thinks its play time. How do I give him the idea that he has to go when i say go? I've tried catching him ""in the act"" and have done so a few times and taken him but he would be too fast and pees right then and there. So I'm getting a crate to try to train his bladder in hopes he can hold it inside and go when he has to outside. Any advice, suggestions to successful potty/crate training would be great.. Please note that I am not home often during the day because of work, and will eventually lead him to having the whole living room to himself/ his crate. I would like that he holds his bladder until I get home or he knows to pee on the newspaper if he has any accidents.

TL;DR:"," Dog has trouble peeing outside, pees only inside when brought in. Getting crate to train, any advice/suggestions?"
308,"SUBREDDIT: r/Dogtraining

TITLE: Weimaraner puppy pestering older shih tzu-poodle.

POST: It may seem like a newbie question but i recently got a very shy 14 week Weimaraner puppy. As expected, he has got quite the energy and loves to play with people. Although he is shy with other dogs (frightened, really) he has grown accustomed to my submissive 7 year old shit-poo. as you an imagine, he is quite a bit bigger and stronger than the poor little thing and even though it seems he means well, she does not like playing with him. Though he is not biting, he does have a mean right hook. if he goes too excited nipping may occur.

I felt as the problem would get resolved on its own. Either she would snap at him or start to play. But she just runs and cowers instead. Thinking shes playing, he will continue the act, and I feel bad.

So the question is, what should I do? Do I let them continue in hopes she deals with the situation? or should I intervene and give a firm ""no""? Any other suggestions?

TL;DR:", Larger submissive puppy playing roughly with a smaller submissive dog. Smaller dog does not deal with the situation; should i intervene?
309,"SUBREDDIT: r/Dogtraining

TITLE: Dog let's us know that he has to go potty, but I'm afraid he's just doing it whenever he wants to go outside.

POST: So basically as the title says. I have a 12 week old Corgi puppy living in an apartment. I have owned many dogs in my life, but he is probably the smartest and most stubborn of them all. For example, he was chewing on a chair leg (outside) and we said ""no"" and replaced it with a stick. He went back to the chair leg, we did the same thing. So then, being the cheeky little bastard he is, he took the stick, held it in the back of his mouth, and continued chewing on the chair. Now I'm probably anthromorphising a bit here, but I swear the expression on his face said ""check, mate!"".

He gets let out hourly during the day into a small courtyard where he can run around and go potty, and after he goes I'll normally let him hang out for a few minutes. After he eats (twice a day), I take him out for an hour or two to a bigger courtyard where he can run around and explore. My point is that it's not like he's starved for outside time, and as soon as he gets his last round of shots he'll be going on daily walks.

Being the smart little guy he is, Ziggy pretty quickly figured out that if he has to go potty, he can go sit by the door and bark, and me or my roomates will take him out. The problem is that he's started doing it ALL the time. Like, we'll have just come inside and he'll go bark by the door. 

My dilemma is that I don't want to ignore the behavior, but I also don't want to encourage it as a way for him to get unlimited outside time, if that makes any sense. 

What I've considered doing is when he barks, saying ""Okay, potty"" and then only taking him out long enough to do his business, and taking him out for more extended play at random times when he's not by the door? But I'm afraid this will result in him holding it so that he can stay outside longer. 

Any suggestions? Thanks!

TL;DR:"," My dog let's me know when he wants to go outside by barking at the door, but he's begun to use it as a ""I want to go outside and play"" as well. What do?"
310,"SUBREDDIT: r/Dogtraining

TITLE: Getting my dog accustomed to his new dog house

POST: Hey there,

I have a 2 1/2 year old German Shepard/Cattle Dog mix (At least that's what we were told).  We live in Southern California and it's started getting quite hot again.  We always keep his outdoor water bowl filled with fresh water, but recently we bought him a dog house to help provide more shade.  Just for reference he is already crate trained and absolutely loves his crate, so it's not an issue of confined spaces I don't think.

It's a good sized dog house, definitely big enough for him, but not too big.  We also bought him a new bed which we've placed in the dog house on top of a cooling pad to try and keep things from getting too hot.

We only got the dog house about 3 days ago, so it really hasn't been too long, but he hasn't really been using the house at all and I'm wondering if there are any strategies we could use to get him accustomed to his new dog house or if it's more just a matter of time and patience, and he'll start using it on his own time when he figured out that it's shady and comfortable in there.

Any advice/tips/strategies would be greatly appreciated.

Thanks!

TL;DR:", We got our dog a dog house to stay cool.  So far he's shown very little interest.  How can we acclimate him to it?
311,"SUBREDDIT: r/Dogtraining

TITLE: Older dog and cat not welcoming of the new puppy. What can we do?

POST: We recently ""adopted"" a six-week old, 4.5 lb. pitbull mix that mysteriously showed up cold and crying underneath our deck. We've taken her to the vet to get examined and de-wormed, and go back in a couple weeks to get her first round of vaccinations. We've had her for three days now and she's adjusting well. Crate training and potty training are going pretty smoothly, and she's getting lots of love and attention, and she's already almost up to 5 lbs. now.

We only have one problem. Our older dog and cat don't seem very welcoming of the new addition, and I'm worried it could grow into a bigger problem. We have a 7-year-old Corgi/Chihuahua mix (also recently adopted last August) who mostly likes to keep to himself and can be a bit growly when anybody enters his personal space. Naturally, puppies have no concept of personal space and that has resulted in quite a few growls. He won't let the new pup even anywhere near him most of the time, and she seems let down/distanced by it, and has even growled back at him a couple times (playfully or not, I don't know).

Meanwhile, our also-7-year-old cat who's usually completely docile and playful and has never showed any signs of aggression, ever, to anything, has shown a clear distaste for the puppy as well. For the first couple days, she hissed at her quite a few times, and mostly avoided confrontation. Last night, the puppy got a hiss and a scratch while just trying to sniff the cat. Naturally, puppy seemed a bit stunned and distanced by it.

Are these significant issues I should be trying to address somehow, or are they relatively minor conflicts that should work themselves out over time? My biggest concern is just that this pup might grow up to have a fear or aggression towards other animals, based on these experiences. Is there much we can do in a case like this?

TL;DR:"," Older cat and dog don't seem to like our new six week old puppy, and much growling/hissing and a scratch have ensued. What can we do to remedy the conflicts, if anything?"
312,"SUBREDDIT: r/Dogtraining

TITLE: Moving out with my dog for the first time, need advice.

POST: I have a 5 year old chihuahua pomeranian with slight anxiety and I am moving out of my parents house with her to an apartment building. I told them she was a very quiet dog (which she really is) and that she is well behaved (also correct)

However, she has never really been alone. My parents have a shitzu something that has always been with her, and aside from some vacations she has never been without him. How should I go about introducing this new environment that is also without him? She has anxiety when it comes to new people and other dogs but she has never been an anxious barker. I also dont want her to start that habit. I will have to leave her alone when I work but i usually work split shifts so shes never alone for more than 5 hours and i usually put her in her crate.

TL;DR:", Moving anxious chipom to a new apartment without another dog shes always been around. Tips and Advice on how to curb anxious habits or make her feel safe (and quiet) at home while im gone to work.
313,"SUBREDDIT: r/Dogtraining

TITLE: Our 1yr old Aussy cross is a bitch to other dogs, in more than a biological sense.

POST: [Rhu] born April 2013, is a wonderfully obedient and loyal Border Collie Aussy cross. She is easy to train and is very well behaved, except one thing, starting at about 10 months old.

We'd meet another dog while walking. She would wag her tail playfully and walk to meet the dog, seeming friendly. She would approach the dog face to face, still friendly. This was when it would go wrong. Often she would freeze for a couple seconds, nose to nose, staring the dog down. Then she'd go off at the dog without provocation, as if a switch had gone off. We'd pull her away snapping and snarling, which often provoked more aggression. By the time we were about 10 feet away she'd forget about it, walking along as if nothing had happened.

This, of course, confounded us. As experienced dog owners we'd never seen this before. The most puzzling part about it was both the suddenness of it and how she was so friendly to start. We could be throwing a ball in the park with other dogs not 30 feet away and she'd be fine with them (we don't do this anymore, just in case she changes her mind).

We bought a halty and a muzzle and are now very careful with her. We took her to a trainer, who conditioned her for dominance, showing us how to be alpha. No dice. We took her to another trainer who though it was fear, and tried to re-socialize her with some of his dog. Again no dice. At this point we really don't know what to do, it is manageable as is, but it would put us at ease if we could train her out of it. I realize there is probably very little I can glean from reddit that I wouldn't get from 2 professional trainers, but I though I'd give it a try.

To be clear; Rhu gets lots of exercise, including bike rides, runs, walks, hockey and balls (though the off leash activities have been somewhat limited since this new behavior arose). She never chews or riots in the house and loves people.

TL;DR:"," Dog (1 yr Aussy Border Collie) is super friendly with people, very obedient and trainable. Fine with other dogs until she gets face to face, then goes off. 2 trainers, no dice."
314,"SUBREDDIT: r/Dogtraining

TITLE: Worsening Separation Anxiety? Food/Toys Won't Distract

POST: I recently asked for ['Ideas to Tire My Dog Out Mentally and Physically Before Work'](

As it turns out, no amount of toys or exercise will get my dog to relax when we leave him, and I think it's a severe case of separation anxiety. 

I've read the other threads on this subreddit, but nothing we've tried has worked. It's been 3-4 weeks with virtually no improvement. We did start allowing him to roam free in the apartment (as opposed to confining him in our bedroom), and that has helped a little bit. He lies down quietly for up to 20 minutes at a time. 

We do exercises where we leave and come back for short intervals of time. We reward him with high value treats, but it's like he knows it's just a test. He WILL NOT EAT when we're not at home, so puzzle bowls and Kong Wobblers are ineffective.

Do we need to hire an at-home trainer? We've been taking him to doggie daycare for 2 days a week to mix up his schedule in addition to 3 days a week of a hired dog walker. We take him to a dog park to play with other dogs in the morning. Daily doggie daycare would cost us thousands of dollars per year, so we don't want (and can't really afford) to go this route.

He always barks when we leave. If it's in the afternoon, he might calm himself down and go to sleep for a little bit. If it's in the morning, he goes nuts. We get complaints from our downstairs neighbor. Sometimes he'll be quiet for 20-30 minutes, but not long enough for peace of mind. My girlfriend and I monitor him on Skype and watch him howl and bark as our blood pressure rises and rises.

TL;DR:"," We're totally desperate and feel like we've tried everything (not meds, not a bark collar, not a thunder shirt -- should we try?), but my dog's separation anxiety isn't getting better. Please help."
315,"SUBREDDIT: r/Dogtraining

TITLE: 3 year old family pet just started biting

POST: I just started having a serious problem with my dog and I am at my wits end. She is a beagle pittie mix weighing in at 55 lbs. So I already know my dog isn't the best behaved, she barks too much, jumps on people, and used to countersurf. Each of those issues we have taken steps to correct (spray collar, ""quiet"" command, down, etc) with pretty good success. My dog is really just a big softy, loves to cuddle, and lets my kid climb all over her and doesn't even flinch. I never thought she would have a biting problem.

About two weeks ago she was off leash in our shared yard with a couple of our other neighbors and their dogs. We had not had any problems with her being off leash in our yard, even with other dogs and people coming and going. Then she went and bit the neighbor. He recently moved in, and she hadn't been introduced to him yet. He was leaving and ""scared"" her by coming out of his front door and she bit him on the back of his leg before I could grab her. It left a bruise but did not break skin. I apologized and she has been on a leash ever since. 

Just the other day she was outside with my wife and son, as my wife was visiting with a couple female acquaintances. Everything seemed fine, my dog has met these people before so we were not especially worried. One of her friends got up, and before I could instruct my wife (she had the leash) my dog bit the back of her friend's leg. Again, I apologized, it was bruised but didn't break skin. 

She's never been like this before, and I'm worried and trying not to picture worst-case scenarios. I'm going to take her to the vet and rule out anything medically wrong with her, and we are looking into a trainer that has come highly recommended in cases of aggression. Any other suggestions or advice would be greatly appreciated!

TL;DR:"," 3 year old family dog has just bit two people. Had no prior problems with aggression. Aside from taking her to the vet and getting a trainer, is there anything else I can do?"
316,"SUBREDDIT: r/Dogtraining

TITLE: Dogs off leash

POST: Context: My girlfriend brought a 2 year old chow chow, named Yogi , from Ecuador to southern CA.  She got the dog while she was in the peace corps so Yogi was raised in a rural green environment with a nearby river and barely used a leash.  Now Yogi lives with me and my girlfriend in a townhouse in a very conservative and planned suburb.  Orange County has no forests nor rivers and the dog culture here is to keep the dog on a leash unless you're at a dog park.  

I've grown quite fond of Yogi so I walk him every morning.  He is very friendly towards other dogs, he doesn't bite unless defending himself, the only time he barks is when he hears someone at night outside the front door and it's usually just one to three woofs.  

I let Yogi off the leash at a local park every morning around 6:00am.  There is no one else in the park at that time.  Then I put him back on the leash and walk him home.

Today while walking yogi I let him off the leash on the way home and we came across another dog.  It was a young German Shepard on a leash.  Yogi ran up to the German Shepard, the German Shepard must have felt threatened because he attacked Yogi.  Luckily the owner of the German Shepard was in control of his pet and the German Shepard stopped attacking Yogi.  Yogi stayed in a submissive position about 2 feet away from the German Shepard allowing me one or two seconds to catch up to my dog and put the leash back on him.

I'm wondering if there is anyway that I can teach my dog not to run up to other dogs so quickly while off the leash.

Or if I should just give in and put my dog on a leash at all times.

TL;DR:", Does anyone have some advice on how to train a dog to be cautious when approaching other dogs off leash?  Or should I just give in a keep my dog on a leash at all times.
317,"SUBREDDIT: r/Dogtraining

TITLE: Dog has no problem pooping in her crate.

POST: Hello.  
So, my 4 m/o Siberian husky has no problem pooping in her crate when she is alone.  I keep her on a pretty consistent schedule in the morning where she always poops outside after breakfast with at least 40 mins of exercise.  When I leave for work, it will be no longer than an hour before my roommates wake up to find that she has pooped again in her crate and smeared it all over the place since I keep the area small.  

I'm pretty sure it is separation anxiety since it is usually coupled with lots of howling and I am trying to work on that.  She is not afraid of her crate since she will sleep in there all night with no commotion and will nap in there during the day.  She also gets all of her meals in there and I try to do as much training in there as possible.

I was under the impression that dogs, and especially huskies, do not like to mess up their sleeping/eating area unless it is their last resort and they can not hold it any longer.  My husky seems to have no hesitation to just go ahead and poop in there.  This happens about 80% of the time if she is alone for more than an hour and I am at my whit's end.  What else can I do to prevent this!?!  Any advice is appreciated.

TL;DR:", 4 m/o Husky will poop in crate 80% of the time if I am gone for more than an hour. Need advice!
318,"SUBREDDIT: r/Dogtraining

TITLE: Puppy Jealous when I pet other dogs.

POST: I have a 1 year old female Border Collie mix. I got her at 6 weeks old from a rescue shelter. Feral born on a reservation.

She is mostly fine with other dogs (plays a little rough and some dogs with snip back at her when they do not want to play, but she always wants to.) Lately, when other dogs are around and I start to pet them, she will run up to me, push herself between me and the other dog, and proceed to nip at them (neck, ears, jowls, etc).

Last night I was at a friends house with her and their two dogs. We were getting ready to go out for dinner, so we put the younger 2 into kennels (mine was one of those, always fine with the kennel), and the older one stays out. I went to pet him, and my puppy could see and she went ballistic. Barking, scratching, yelping, growling, everything you can imagine. Very frantic sounding but also angry almost. I stopped petting the other dog and about a minute later she calmed down again.

What can I do to help fix this behavior? Am I S.O.L.?

TL;DR:"," My puppy went nuts in her kennel when she saw me petting another dog, but stopped shortly after I stopped petting the other dog."
319,"SUBREDDIT: r/Dogtraining

TITLE: Please help, puppy won't stop biting at dryer.

POST: Hi sorry if this has been asked before but I can't find any info on it. Basically my 6 month old is a huge attention seeker. As far as she is concerned any attention is good attention even after being naughty, my main concern at the moment is she is biting and eating the dryer in the kitchen. I have tried sellotape - she eats it. It tried wetting the tape and putting pepper on it - she ate that. The worst part is she knows she is doing wrong because she bows her head when I point at it and ask ""what's this?!"" I've tried time outs, positive reinforcement for good behavior, but she is so stubborn and very sneaky as well I have never been able to catch her at it. What else can I do? are there any other house hold products that will repel a very inquisitive and attention seeking puppy.( to give you another idea, at the mother in laws she likes to eat stones, if I say no as she picks it up she looks at me as she picks it up, and then runs around like a nutter and the only thing that stop her is a muzzle, but as soon as it's off she starts again)

TL;DR:"," attention seeking puppy will misbehave for attention, but is trained she can sit, lie down, give a paw and wait and stay."
320,"SUBREDDIT: r/Dogtraining

TITLE: Help! Dog has become anxious and aggressive after recent move

POST: We have recently moved last week about ten minutes from our old two bedroom apartment to a much bigger four bedroom house with a yard. We thought our 11 month old Frenchie would be over the moon about the space and a whole yard just for him. However, he instead seems to be showing signs of anxiety, and aggression since our move.

He has been hyper vigilant in the house and will go ballistic over any noise. He doesn't seem to enjoy the yard much or is apprehensive about it. He is regressing a bit on walks, and has begun to try and chase cars again, a habit we thought we ended months ago.

The clincher today, was that we took him to his favorite dog park, where he generally was very well adjusted and loved all the dogs and people, and he became violently aggressive with one of the dogs. Thankfully the dog was a relaxed breed and a bad situation was avoided.

I am worried that this move has upset our pup so bad that he may never return to the well adjusted , social, dog loving guy he was.

TL;DR:"," dog has always been well adjusted and friendly. Since move he has been regressing, has been anxious and aggressive, resulting in him trying to attack a dog at the park. Need advice!"
321,"SUBREDDIT: r/Dogtraining

TITLE: Hiring kikopup vs a certified trainer?

POST: Hey guys,

I am looking into hiring a trainer/behaviorist for my brother's large dog. The dog mainly just has a bad temperament and can be difficult to handle because there are things he doesn't like, and if you were to push him he would probably bite. This extends from things like petting when he doesn't want to be pet, to taking care of wounds. He also has to be told to get in his crate in a certain way or he will hide under the table, where I am quite sure he would bite if we tried to pull him out. He's a very particular dog and there are things that he is very sensitive to, and we would like to learn the best way to handle this and reduce his sensitivity.

I live in San Diego and was very excited to learn Kikopup from youtube lives here as well, since the industry is not very well regulated. I emailed her and we talked back and forth, and she said it is a difficult issue but she can help us work on it. I asked whether she had any certifications, however, and she said no. She gave me a link with people in the area who are certified and have been vetted by person who made the list, so there are those as options, however since I have seen her work on youtube I feel decently comfortable with her.

Anyone have advice on who to hire? I feel as if her not being certified isn't a big deal, but I'd like second opinions.

TL;DR:"," Should I hire Kikopup to help with my finicky/aggressive dog even though she has no certifications, or hire someone certified?"
322,"SUBREDDIT: r/Dogtraining

TITLE: Dog keeps licking other dogs privates.

POST: Hey!

So real quick I adopted a un-neutered 3 year old Lab last year.  We lived on our own for a almost a year together than I moved back to my parents house although. They only live here during the summers and holidays. At first my parents Morkie didn't like my dog very much but towards the end of summer they were very good together so my parents asked as long as I'm living there can I take care of him. It's no big deal at all but about September or October my Lab started to always lick the Morkie's private area a lot. It's always like a few licks until I catch it and say no then he stops. He also at times gets infatuated where an area the Morkie has been laying and will smell it/ lick it after he has moved. I've googled it and everything I've seen is either a joke or doesn't say why so I can't address how to fix it.

TL;DR:", my dog lived with my parents dog for a few months weren't best Friends. A few months more go by and now he's always trying to lick his junk.
323,"SUBREDDIT: r/Dogtraining

TITLE: My dog snapped and aggressively barks at only one person

POST: I have an 1.5 year old Irish Water Spaniel (the breed tends to be wary of strangers and can be protective of their owners) but other than being shy at first, she's never snapped at anyone. It takes a couple visits for her to get comfortable with others, but once she does, your her new best friend. I just got a new roommate (friend from HS who's back in the area) and I've never seen my dog so aggressive. She looks at him and barks angrily while running forward. Later in the day, I had both of us sit on the ground and feed her favorite treat, she ate it, and the 3rd time once finished, he tried petting her under the chin, and she snapped hard at him. Again, I've never seen her act like this to anyone else. Is there anything I can do, or do some dogs just not like a person for some reason (smell, size, etc)?

TL;DR:", My 1.5 puppy is very aggressive to only one person (who I know has not done anything to her in the past). Not sure what to do.
324,"SUBREDDIT: r/Dogtraining

TITLE: Young dog afraid of having collar grabbed?

POST: Hiya,
The dog I'm going to be adopting, [Blue] is clearly not used to wearing a collar, therefore whenever I do reach for it he'll flip over and mouth me off. I work at the shelter he's at so it gives me some time to work with him before I finalize the adoption, so I'm also working on him with leash biting. My co-worker told me simply to grab his collar and sit him down when he starts leash biting and give him a stern 'No' and reward him when he calms down but typically whenever I reach for his collar or even his side he growls. I can't really tell if it's a 'warning' or a 'playful' growl and I don't want to misinterpret what he's telling me. I tried him in a harness to see if he's any better but after a few minutes he kept somersaulting until half the harness was in his mouth and i still couldn't reach for his collar or the harness without him growling. 

Normally I would keep at trying to reward him when he calms down but once he's outside he doesn't really show any interest in treats, unlike when he's inside he can't get enough of them. And what I'm mainly worried about it not necessarily him biting me, but if he manages to wiggle out of his collar at some point and I can't grab him without him flipping all over. 

If anyone has any advice on how to work with Blue on getting used to wearing a collar having it used, or a harness I'd really appreciate it. Or any really smelly treats that might get his attention better to reward him for good behavior.

TL;DR:"," Shelter dog doesn't like his collar grabbed and will flip and possibly will growl when i do so, not sure if playful or a warning. (growling typically accompanied with leash biting)"
325,"SUBREDDIT: r/Dogtraining

TITLE: Using the crate as a ""time out""?

POST: I posted earlier in the week, and my puppy's behavior has improved, but there is one thing that I've had a hard time researching.

My puppy is usually pretty easygoing, but sometimes (maybe about twice a day), she'll just snap and freak out, jumping up at us, barking, and biting. I haven't been able to figure out if there is a trigger for this, it seems like it comes out of nowhere usually. Originally we just turned our backs to her, but the act of jumping up and making contact with us was too rewarding. Now, we step over a baby gate but remain in sight, with our backs to her, and we only return when she's calmed down or directed her attention elsewhere.

Leaving the room will work for her smaller moments, but sometimes she just won't calm down and will target the next person in the room. Once they leave, she'll go after the next person, and it doesn't seem to end. 

For the past two days, I've been doing short ""time outs"" in her crate when she gets uncontrollable like this. Usually 30 seconds to a minute, and I make sure to wait until she isn't whining. She's usually calmer after these timeouts, BUT I sometimes see online that the crate should never be used for punishment, and that dogs should only associate it with good things. Other websites have said that's only the case for a puppy that is still going through crate training. At this point, she enjoys her crate and willingly goes in it for naps and for bedtime at night. Is it an issue if we keep using these short timeouts? If so, how else should we deal with this manic periods?

TL;DR:"," Puppy occasionally goes nuts, and seems to calm down after short (30 seconds-2 minutes) time outs in the crate. Found conflicting sources, should the crate never be used as punishment or is is it okay in moderation?"
326,"SUBREDDIT: r/Dogtraining

TITLE: Please Help! My mother has recently become ill and cannot take care of her dog. Now he is mine. The carpet is his toilet, he has severe separation anxiety, and throws up when he gets nervous. How do I help him cope with the move? (x-post /r/pets and /r/dogs)

POST: My mom has had Topher since he was a year old, he is part chihuahua / part mini dachshund, and has never been trained properly. Since her illness, my mom cannot take care of him and he was either going to me or the pound, probably to be put down. So my husband and I agreed to take him into our tiny apartment. Where, by the way, we already have a part border collie / part Australian Shepard. She's the exact opposite of Topher: house-trained, obedient, and very calm. Together, they have no problems at all with food or toys but Topher changing her. Yesterday, she peed in the house. She hasn't done that since she was 6 weeks old. We are getting complaints from our neighbors that he will bark, howl, and scream all day while my husband and I are at work. Please help us. We really don't want to send him to the pound or anything like that. This was an unexpected thing and we are not financially prepared to send him to a training day camp.

TL;DR:", Unexpectedly acquired a new dog. He is converting my other dog to his evil ways. How do I go Harry Potter on his Voldemort ass?
327,"SUBREDDIT: r/Dogtraining

TITLE: IS MY DOG UNSOCIABLE?? DOESNT UNDERSTAND SOCIAL CUES?

POST: I have Maltese shihtzu, and I frequent the dog park with him. He is not afraid of big dogs, or small dogs, or dog fights, heck, sometimes, he starts the fight (I think. The other dog is usually all up in his business and my dog snaps at the other dog. Sometimes the other dog goes away, sometimes not. Is this healthy?). 

Anyways. 
I find he almost never plays with another dog, or when he does, the other dog doesn't want to play but is 'scurrying' away with sometimes it's tail tucked. This commonly happens with females but males also. Earlier today, a male shihtzu wanted to play with my dog so bad the other dog was in a play bow and whining for him to play, following him everywhere. Why does my dog not play with him and or other dogs? I know my dog does a play bow when he wants to play as when he brings me a toy, he does a bow. does he not know how to play?

TL;DR:", dog doesnt play with other dogs even if the other dog wants to play. Healthy? What should I do? I sort of want him to play with other dogs in hopes he might improve his socializing. 
328,"SUBREDDIT: r/Dogtraining

TITLE: I just adopted a rescue dog and he is extremely well behaved around me, but as soon as I leave he goes crazy.

POST: The shelter dog I just adopted is very calm and obedient around me. He does everything I say and he never barks. He follows me everywhere. He is amazing on a leash and he even gets along with my cat. A friend of mine brought his boston terrier over and after introducing them slowly, they ended up playing together in the snow for almost an hour. I've had him for a week, and I've already thought him a few tricks.

The problem is, everytime I leave the house, he becomes destructive. I tried keeping him in the basement with his toys, but he was able to climb through or jump over every gate I used. He is an escape artist. I also left him by himself in the house a few times to try it out, but he destroyed tissue boxes, sponges, bags and curtains. Just me taking a shower is enough for him to go through a few garbage bins around the house. Today, he was able to get the fish food off the top shelf and he ate it all.

How can I make sure he stays calm and chews on his toys while I am gone? I feel like I am doing something wrong, or maybe he is scared.

He is a 3.5 years old lab mix and he is very small. The shelter told me that he was taken away from his owner along with two other dogs and two cats. They were tied up outside a house and they were rarely fed. Now, he makes me very happy and he loves to cuddle!

TL;DR:"," The dog is calm and cuddly when I am home, goes on a rampage as soon as I leave. Help?"
329,"SUBREDDIT: r/Dogtraining

TITLE: Advice with large, jumping dog? I have two weeks to work a miracle

POST: This is a bit of a weird situation, but I'm hoping that someone can offer a hand. Sorry in advance for the length of the post. Here's the scoop:

I'm at my parents-in-law's house, deep in the backwater woods of a country that is not the USA. Dogs in this country are mostly treated like working animals, and this dog is no exception. 

He's extremely big and well-built, and when he stands up and jumps (which is a lot!) he is as tall or taller than a grown human. 

All day, this dog is penned up in a little walkway that is maybe 6 feet wide by 30 feet long. Not very spacious. In the evenings, he has the run of the property, which is large. His main function is to guard the place and bark loudly to scare away any strangers. 

My father in law has taught him using Fear and The Stick. It is awful to watch. This dog fears being hit and yelled at, and is expected to know his place. There is no concept of a ""best friend"" or anything soft like that. 

But I love this dog! When we visit, I play with him and toss him around  and give him belly rubs and he's a complete sucker for love and attention. Which all makes sense to me. But he JUMPS. He jumps like crazy and really doesn't understand proper distance or care around, say, my children. 

Now my parents in law have left for 2 weeks and the whole house is ours. What I would love more than anything is, while the parents are gone, to help the dog mellow out. That is, to help the dog learn to be calm and not so psycho around humans, so that he can be out all the time, instead of spending his days in that pen. 

My feeling is that the pen causes the ""bad"" behavior, but I don't know if 2 weeks is long enough to test that theory. 

Any advice on how to get a good-natured, sorta prisoner working dog to behave better? Any advice on helping teach a dog not to jump would be most appreciated.

TL;DR:"," Working dog is mostly prisoner, and acts inappropriately. Owners are away for 2 weeks. I want to ""fix"" the dog's behavior so he can be freer and happier.*"
330,"SUBREDDIT: r/Dogtraining

TITLE: Shepherd Mix Suddenly Aggressive Towards Other Dogs and Strangers

POST: We have had this beautiful 8 or 9 month old German/Australian shepherd mix dog for about two months now and when we first got her she was great with people and dogs. The only thing she would do is get mad and throw a puppy temper tantrum if I didn't let her say hi. (She would bark, whine, jump all over.) So when she would act this way it would scare the other people except the few that were dog people and wanted to pet her anyway. 

I'm not sure what happened, but now she is just barking aggressively towards other dogs and people and won't listen to when I tell her to stop or sit. She will try lunging and jumping and it scares other people badly. 

I take her to petco every Thursday for pet training and she's fine with that dog. When I asked the trainer she just told me to put myself in front of the dog to act as a barrier or something and that did nothing.

TL;DR:", 8 or 9 month old Shepherd mix be acting crazy and aggressively to other people and other dogs. Need help to fix the problem.
331,"SUBREDDIT: r/Dogtraining

TITLE: My puppy doesn't want to be outside!

POST: We live in an apartment building downtown and I have a 12 week old lab mix who doesn't want to stay outside. I take her out, she goes potty and then immediately makes a break for the door back inside. I try to coax her to take a short walk with me but she won't budge, she tries to pull and pull on the leash and when that doesn't work she just sits down and sometimes even whines. We have had her for 4 days and originally she liked going on walks with us, now not so much. I should mention that if I pick her up and walk her out of view of the building and set her down she will walk no problem at all. I am worried we did something wrong in the first couple days that caused her to want to be inside all time as she really makes an effort to get back in. We have taken her to the dog park and out on long walks and she has been totally fine and completely full of energy, it's just when she is in sight of our building. Is this something we caused and what can I do to get her excited for a walk?

TL;DR:", My new puppy goes potty then immediately wants to go back inside. I want her to be excited about being outside.
332,"SUBREDDIT: r/Dogtraining

TITLE: Tips for Moving

POST: My 9-10 month old pup and I are moving in a couple weeks and I was wondering if anyone had any great tips.

Where we're at: Large 1st floor apt/duplex with my parents and sister and frequent visitors. There's a ton of space, hard wood floors, and she's never alone for too long. When she is alone she's in a very large bedroom with her bed, toys, food and potty pads. We also have a little front yard which is where she usually goes potty (often on the tail end of a walk).

Where we're headed: A small 1 BR apt with carpet (she's pretty well potty trained, but it makes me nervous) on the 2nd floor. If she has to be left alone, she'll be gated off in the tiled dining area & kitchen. 

Biggest concerns: She's potty trained, but every once in a while she has accidents (usually in the same place). She is also home alone more than I like to admit. She currently goes on potty pads in our bedroom, so I'm hoping potty pads in the dining area is just as well. 

I'm a little concerned about her energy and need for attention. She's already pretty attached to me, but gets lots of attention from my family. Eventually I'll be able to bring her with me to work (if she's well behaved), but in the meantime I want to make sure that her attention needs are filled. When I first started leaving her alone, she was chewing up everything in sight. With some good toys and the help of my family (less time alone), we've curbed this habit, dont' want it to come back.

TL;DR:"," Moving out of large house with family, nervous about carpet & dog getting lonely/bored/destructive. Tips appreciated."
333,"SUBREDDIT: r/Dogtraining

TITLE: [HELP] Dog eating/playing with poop when alone

POST: So I have a 1.5 year old Yorkie rescue and he had a severe case of separation anxiety.  We brought him to daycare for awhile when we worked for socialization and also to have someone watch him during the day.  We recently moved away from the daycare and close enough to my in-laws and dropped him off there M-F.  My father-in-law is retired so he could watch him but he's now in Nepal for about 3 months.  

Since we've had him, we trained him to use pee-pads but he loves going outside.  We use pee-pads so when we have our relatives watch him, they don't always have to take him out.  I know it's generally a no-no, but it's better than having him soil their apartments.

I've been able to train him on being alone without whining or barking by giving him plenty of exercise, feeding him (along with a calming aid) and leaving some kibble in a interactive feeder (  At the moment, I have not been able to find a dog walker in the area so he's been home alone for about 10 hours (I leave around 830am, my fiancee comes home by around 6pm).  

We have a camera and watch him and he's doing great and mostly sleeps.  Around 3pm, he poops on the pee pad and will leave it alone initially, but sometimes later on in the day, he will pick it up and play with it.  I think on one occasion, he ate some, but he generally just kind of chews on it.  We leave out an elk bone that he loves chewing when we are around, but he doesn't ever use it while we are out.  

Does anyone have any suggestions on how we can curb that and train him not to do that while we are away?

TL;DR:", Leave dog home alone for 9-10 hours and he eats/play with his poop.  Don't have a dog walker yet so looking for suggestions on how to correct the problem.
334,"SUBREDDIT: r/Dogtraining

TITLE: house training a stubborn pup

POST: I need advice. Our pup is 7 months old, we got him when he was 4 months. However, due to not being fully vaccinated and being sick when we first got him, we were told by our vet to keep him indoors until he was better and fully vaccinated. We live in a city with many dogs, so I can understand. Unfortunately, this led to him being only able to go on a potty pad. He only goes on the potty pad despite me hovering over him every minute after eating or drinking trying to take him out. He's on a strick feeding/drinking schedule. And I do watch him afterwards. As I'm typing this now, it's been almost 3 hours since I fed him and he drank and he still hasn't gone. He's napping at the moment but it's close to bedtime and I need him to go. There are times where as soon as we get back in, after yet another failed attempt, he bolts to his spot and just whizzes. We tried crate training... he pees in his crate. every. single. time. Everytime. Even though he would eat and drink in there too and all people can tell me is that ""oh dogs aren't supposed to eliminate where they eat and sleep."" Gee thanks. I've tried collecting his urine and marking spots outside for him to go. I've tried taking his soiled potty pad with us outside. I've tried those attractant sprays.  Can you all see why I need help? Any advice? Please don't steer me towards crate training again. I know people everywhere say it works, but read above. He pisses in it every time. We've gone through so many dog beds, pads, and blankets because of it. And despite eating and playing in there, he eliminates in his crate. Now that we have him in a penned off area, there are times that he drags his pee pad next to his bed and sleeps next to it. Like WTF. Please help.

TL;DR:"," need to transition my dog to eliminate outside rather than use potty pads, crate training and other methods don't work."
335,"SUBREDDIT: r/Dogtraining

TITLE: Worried about my dad's anger problems when potty training my puppy

POST: I just recently (about three weeks ago) got a 3 month old old jack russell/beagle puppy. He's the sweetest most well behaved dog I have ever met.

The only problem we're having is with potty training (which is to be expected.) I've been trying to use positive reinforcement (giving him a treat when he goes outside and not giving them to him inside) which is how I trained my Rat terrier but he doesn't seem to be taking to it.

I'm trying to be patient but my dad tends to get angry really easily and when the puppy goes inside he flips. He's determined shoving his nose in it and smacking him will work (apparently it worked with a different dog) but I know it won't.

I'm getting really worried he's going to end up seriously hurting the puppy after something that happened when we used to have a Pomeranian. 

My dad was always used to having bigger dogs and hit her hard without thinking when she went to the bathroom in the house. He ended up breaking her back or something and she had to be put down the next day. He felt terrible but it doesn't excuse it and he's obviously not learning from the experience.

 I completely adore him and really hate hearing him whimper when he gets hit. Not to mention every time he goes in the house I get blamed because I wasn't watching him for 5 seconds.

How do I talk to him about not hitting the puppy without him flipping on me or is there any way to train the puppy quickly to avoid the problem?

TL;DR:", puppy is having trouble potty training. I'm getting blamed and my dad is hitting the dog to train him. help?
336,"SUBREDDIT: r/Dogtraining

TITLE: Puppy seems to be disinterested and defiant when training commands she's already nailed.

POST: My pup is a little over 4 months old. I use clicker training. She has been super smart and easy to work with but the older she becomes she has been more defiant. Not in an aggressive way but just does not want to listen to me anymore.

All of a sudden she is laying down improperly, with her legs off to one side. She stands instead of sits from the down position. She whines in her cage. She used to go in her cage by herself but now she won't go in the cage unless she is being fed. Since she has gotten to the point that she can get up on the couches by herself and I think that is a problem as far as the cage goes. She does drop and leave things when I ask but if we are outside walking it doesn't stick. In fact, she doesn't even listen to my attention noises outside.

I'm sure some is my fault for lack of hardcore training but I do train her almost every night, even if only for 10-15 minutes. Throughout the day I repeat the commands. I have let her sleep with me a few times and we do nap on the couch. Again, I'm sure that's a part of the cage ordeal but I really enjoy laying with her.

Sit, down and stand are things we nailed early on. She even stays rather well and we are still working on that. We used to just be able to rock a bunch of the sit, down and stand routines but now she just loses interest.

TL;DR:", Guess I just am wondering if puppies go through an inattention phase or if I'm just doing it wrong or my treats are now boring her.
337,"SUBREDDIT: r/Dogtraining

TITLE: Is it ok to use a lead inside to help with mat training? Peeing on carpet.

POST: I have a 12 wk old puppy and also young children. If Puppy follows me onto carpet, he pees straight away.

TL;DR:", I restrain puppy with a lead when I'm not in the room to reinforce mat training and stop him peeing on the carpet. He doesn't mind. Is this ok or should I always be using the crate?
338,"SUBREDDIT: r/Dogtraining

TITLE: Potty training puppy while working from home

POST: I've read a lot about potty training a puppy, and I've successfully potty trained a puppy in the past using crate training without too much trouble.  However, I have a new puppy now (3 months old) and I work from home.  This is great because I get to spend a lot of time with the new pup and take plenty of walks, but I'm not sure the best way to set up a potty / crate schedule for her.

We are crate training her, but she doesn't get put in her crate extremely often.  She sleeps in the crate at night, gets all meals in the crate, and anytime my wife and I are both gone - but that isn't often since I work from home.

I know my current problem with potty training the puppy is that she has too much freedom - but how often / how long should I be crating her to aid in the potty training?  Or should I just try and take her outside more often (I already try to take her out pretty often, but she's having accidents in the house multiple times a day)?

TL;DR:", potty training 3 mo. old puppy while working from home.  Not sure the best way to put the pup on a potty schedule using crate training or other method
339,"SUBREDDIT: r/Dogtraining

TITLE: Need help house training my 7 months old cavapoo

POST: We adopted our dog (male poodle x prince charles spaniel) when he was 6 months old. We immediately started crate training him as he was not being clean in the house at first.

After 2-3 weeks, things were going well, he was almost always asking for the door to relieve himself outside.

However, recently, he started scratching the door very often, which makes it hard to know if he really wants to do his business or just wants attention. I still take him out most of the times he asks for the door. The problem is that he just wants to play outside most of the time and doesn't relieve himself. He often comes back inside and pees 5-30 minutes after being outside. He basically almost came back to when we got him, he pees/poops inside once a day at least which is really discouraging. Especially on the weekends when he usually stays outside of his crate in his confined room.

Additional info that could help you: I take him out in the morning and usually play with him afterwards (inside) before going to work, he stays in his crate until noon. We take him out at noon and he goes back in his crate until 5pm. I take him out then to relieve himself and later go for a 20-25 minutes walk in the evening. I play with him during 15 minutes during the evening. I then take him out one last time before he goes to sleep in his crate.

Is there anything that I'm doing obviously wrong? I'm quite unsure if we give him too much/not enough attention!

Thanks for your help!

TL;DR:", Dog was doing well at house training but reverted back to old habbit of pooping/peeing inside instead of outside
340,"SUBREDDIT: r/Dogtraining

TITLE: my dog peed on my bed...again

POST: So it happened again tonight, for about the 5th or 6th time. Shes a 50 lb boxer / lab mix, very playful, and is house trained. We leave her out during the day while we are at work and no accidents. I took her outside 30 minutes prior  to discovering her accident. 

The only thing my fiance and I can think of is she does this when she isnt getting a enough attention or that when we play with her later at night it gets her excited and she has to go. This has only seemed to happen when weve had a lot of guests over and dont spend as much time with her or whenever we play with her after dark. Any idea why she may be doing this?

TL;DR:", dog keeps peeing in my bed and i was wondering if anyone knows of some common reasons why this may happen so we can stop the habit.
341,"SUBREDDIT: r/Dogtraining

TITLE: House training help! (Dog refuses to go in front of us)

POST: We purchased a 4 1/2 month old Mini Australian Shepherd last week, and frustration is at an all time high.  This puppy refuses to go to the bathroom in front of anyone.  I take her out every half hour ALL day and she will not go.  She held her poop and pee for FORTY-EIGHT hours when we first got her.  I put her on the screened in balcony and she poops and pees immediately after I leave her alone for a minute.  I continue to take her outside when I see her circling like shes about to go, and she will hold it until I take her in and am not watching.  Today she pooped in her crate 30 seconds after I took her outside this morning.  I feed her on a schedule, and take her out every 30 min after that.  She is not a rescue and did not have a previous owner so she doesn't have any fear from a previous owner so I am lost.  Any suggestions?

TL;DR:", Puppy refuses to go potty in front of me and shits and pisses in crate or porch when not looking.
342,"SUBREDDIT: r/Dogtraining

TITLE: Trouble getting and holding puppy's attention during almost any situation

POST: I have a 9 week old Border Collie puppy and she is doing well with most training exercises. She seems to pick up on cues very quickly and has shown positive reactions to most of the training games and sessions we have had together.

Her one issue, and for me this is a huge one, is giving me her attention and keeping it on me. She is not particularly food motivated and also does not seem to be overly toy motivated. Her environment takes all of her attention, all the time. It doesn't matter where we are, inside, outside, empty room, full room. She just has trouble holding her attention on me.

I have tried many positive reinforcement methods and refuse to use punitive methods for this issue. I have been using clicker training with her and have tried using a cue to get eye contact and whatnot. I don't know how to describe the exact techniques I've used to build attention, but the techniques can easily be found online. I've tried all the basics.

Is her attention typical of just being a young puppy and I should just deal with it until she gets older (I've seen training videos where the puppies give good attention all over the place)? I know puppies have very short attention spans and are easily distracted. Anyway, that ended up being a bit more of a ramble than I thought!

TL;DR:"," My puppy doesn't give me her attention and is easily distracted and I've tried the basic training methods, I need advice."
343,"SUBREDDIT: r/Dogtraining

TITLE: my dog whines when I leave him alone and barks at sounds he hears outside our apartment.

POST: We adopted him from a shelter 8 month ago and he always had separation anxieties, so we crate trained him to be able to leave him alone without him destroying the whole house. He would bark at neighbors (in the same house) and in general if he hears people outside our room. When he sees someone in the building he barks at them but when they come closer he just sniffs and is not aggressive at all. That is the same with dogs outside. In addition to that he charges at squirrels and cats, but I am not sure if it's just to say ""hi"" or if he is being aggressive towards them.

We moved to a new apartment 3 days ago and now it is really important that he makes a good impression. We live in a huge building with many other tenants and he barks at them while we are in the apartment or in the hallway. I am not sure how to make him understand that he should not try to protect us (?!) in the building and that these people are no threat to us? (I guess that why he is barking at them) He does not have any problems with people outside...what can I do to keep him calm around people in the house? I started to give him treats as soon as I hear a noise outside our apartment so he connects sounds with something positive but I am not sure if this is the right approach. help :(

TL;DR:"," dog barks at other tenants and launches at them, barks when he hears something outside the apartment and charges at dogs/cats/squirrels outside and in, but is totally nice to people outside."
344,"SUBREDDIT: r/Dogtraining

TITLE: Very fearful rescue dog. Runs away at the sight of us

POST: Hi all, I'm really desperate for some help here.

We picked up our rescue dog Kenny from his carer today and as soon as he was off the leash in our back yard, he got super scared and runs away at the sight of us. When we met him the first time, he was fine with me but wouldn't go near my husband then when we picked him up today he was jumping up on both of us and really affectionate. He was also really good on the car ride home, just really chilled out. As soon as he got to our house and after he had a sniff around, I let him off the leash so he could explore and do his thing. He came up to me once or twice when I called him, but now he runs away at the sight of us. and won't let us near him. We tried tempting him with food and his ball, but he's not interested. Something in his brain just switched from ""These people give me pats"" to ""RUN AWAY!"" in about 5 minutes while we were just sitting in the yard watching him run around and wee on everything. We've tried calling his carer but the calls keep going right to voice mail so we've gotten nothing from her yet. I did some Googling and we tried approaching him with food quietly and averting our eyes and I even tried just sitting on the ground quietly looking away with food and he just stared at me the whole time. My husband is just on the phone now with our regular vet getting advice as well.

A bit of background on Kenny: He's a 3 year old Border Collie x Husky. His carer said she believes he's from a home where the father of the family used pretty severe positive punishment.

TL;DR:"," 3 year old border collie x husky went from really friendly to terrified in about 5 minutes of being brought home. Hasn't been aggressive, but runs at the sight of my husband and I."
345,"SUBREDDIT: r/Dogtraining

TITLE: Help! Crate training... again.

POST: My border collie/ lab mix Seamus is now almost 11 months old. We have had him since he was about 4 months old. Crate training him was SUPER easy. So easy that we really didn't have to do anything to train him. He loved his crate and we didn't have a problem until this past month. When we moved out of our 1 bedroom apartment into a 3 bedroom duplex. In the one bedroom we had his crate in the corner of the living room because it was the only way we could have it in there (we got a HUGE crate not knowing how big he would get).
 When we first moved in we had him in the spare bedroom because we were still trying to get things organized. We knew he would probably be stressed from all the moving around so we expected some difficulties. He may be spent 3 days in that room. Since then he has had 3 weeks back in his crate which is in the living room. Every night is a struggle. There has been less whining when he first goes in at the start of the night, but he has been waking up in the middle of the night/early morning and barking. He does not stop barking. Just constant. It's usually somewhere between 2-4 AM. We tried just letting him bark till he tires himself out, but that just doesn't work at that hour. We don't want to let him out because we feel like that is reinforcing bad behavior. We usually go out and give him a ""No Barking"" command, and he might stop or he might not. Any other tips?

TL;DR:", Pup was great in the crate before move. Now a total cry baby at 4 AM. How to make it stop.
346,"SUBREDDIT: r/Dogtraining

TITLE: My dog has some really bad habits, and I don't know where to start.

POST: I have a 14 month old female Sheppard/ cattle dog mix. She was a stray and only been with me for 3 months. She's really high energy and when she is left at home even for an hour or two she will chew anything she can find at her head level.

I thought I had broken the habit but recently she has upped it to starting to chew our furniture and rugs. and she's getting into every single corner of the house and will chew anything and climbs onto the counters knocking everything down onto the floor.

We rarely catch her doing any of this because it only happens when she is alone in the house. I quite sure she has some separation anxiety but I also have no idea how to begin fixing that either.

TL;DR:"," Dog chews anything she can get her hands on, even furniture. Suspected separation anxiety and no clue where to start to fix all this."
347,"SUBREDDIT: r/Dogtraining

TITLE: House training a cognitively delayed dog

POST: So.. I have a beagle who we believe is just turning 3 (he was a rescue).  With lots of work and behavioral training, we've gotten his epilepsy and food aggression under control.  However, there is still a major issue... he pees everywhere.  Doesn't matter how many times I take him out, or how many walks we go on.  He comes inside and pees, doesn't even try to hold it.  We tried crate training him with a lot of success, but he still pees and poops in there too.  We know there was some abuse in his past which seems to have resulted in some neurological deficits.  For the first time in two years though, he received a clean bill of health :) 

The peeing issue is becoming a huge problem.  I have to steam clean my carpets several times per week.  Using urine erasing enzymes doesn't seem to work either.  I'm really losing hope... anyone who has any tips on dealing with this problem, especially with a special needs dog would be amazing!!!!

Thanks for reading!

TL;DR:"," I have a dog that is neurological problems that pees everywhere, regardless of being taken out and using urine deterants."
348,"SUBREDDIT: r/Dogtraining

TITLE: 2.5-year-old terrier mix loses his shit when motorcycles/scooters go by

POST: My 2-1/2 yo. westie mix generally behaves very well out at the park. BUT! Our big issue: any time a loud bike/scooter passes close to us, he either (a) lunges very hard (if leashed), or, (b) chases it for a little while if unleashed (and he's crazy-fast and gets a good distance before returning). For some reason, it's specifically cycles/bikes AND loud motors together (i.e., zero reaction to quiet bicycles or loud cars... just the combination of the cycle and sound??). 

A few issues I have:

- In ANY other context ""stay"" and ""come"" work just fine, but he just sees red around scooters/bikes. And I can't always see/hear them coming and react quickly enough (or, I should say, am not nearly as quick as he is, he's Speedy Gonzales).

- I live in Turkey, and even at the park motorbikes zip through all the time, we can't go anywhere 100% bike-free. I'd hate to never be able to unleash him while out -- we're in an apartment, and he's super energetic and needs the play and running. 

I try to go at off-peak hours but we still run into them too often, and I'm terrified that he'll get hurt one day accidentally. I can't think of any way to ""acclimate"" him to them, per se... is there anything I can do here training-wise?

TL;DR:", Dog is otherwise well-behaved but freaks out when motorcycles go by; can't really change our situation and am wondering how to train the behavior away.
349,"SUBREDDIT: r/Dogtraining

TITLE: My dog is displaying threatening behaviour towards my partner- help?!

POST: My partner (26M) and I (25F) adopted a 2 1/2 year old Beagle X Fox Hound a bit over a month ago. We don't know anything about his previous owner, but he was quite jumpy at loud noises when we first got him, very tentative about coming inside and there are a few signs he may have been hit (for example: Partner tried to measure him with a measuring tape-so we could order his kennel- and he flinched and ran away; he also whimpered and pressed against our legs when someone with a claw for picking up rubbish came too close). He didn't have even basic training such as sitting or responding to his name. He also tends to toilet in private so may have been previously shamed? He is a beautiful, loving dog though in most respects and is very placid about things such as having his tail pulled or his jowls flapped (part of the child testing they do at the rescue).

I have been on summer holidays so have been around a lot more than my partner. As such, despite initially favouring my partner our dog now prefers me. A few times partner has come home to us both napping on the couch and dog has shifted to be closer to me and growled at partner when partner tries to pat him. We have made a big effort to greet each other enthusiastically before paying attention to dog to try and combat this. Partner tonight was in the study while I cooked dinner in the kitchen and dog watched me with the food. When partner came over and held out his hand for dog to come to him, dog did and sniffed his hand nicely. Partner then went with both hands to pat dog's face (we know this can be construed as aggressive, but dog enjoys this normally from people he knows). Dog then barked aggressively and snarled, appearing to be very close to attacking partner. This only lasted about 3 seconds but has shocked us both a lot. We both used our loud, firm voices to say ""NO!"", and I put dog outside and we ignored him until after we had eaten dinner. We would appreciate any help anyone is able to provide, please! He hasn't been aggressive towards any strangers or any other dogs (other than occasional mild growls when the other dogs overstep boundaries).

TL;DR:", our rescue dog appears to be protective of me (especially when food is involved?) and his behaviour is escalating towards my partner.
350,"SUBREDDIT: r/Dogtraining

TITLE: Hi there, I have a 19 month old unknown breed dog.He has some behavior problems.

POST: For now i would just like to combat this issue; My dog 'K' will OPEN the door to the backyard at his own will (It can be opened by flicking the automatic lock) Which he must have done by accident but now has realized he can do it when he wants. 

I try to correct him, when he enters the house like this i tell him ""No"" and ""Out"" in a stern manner,yet he still does this almost daily and multiple times a day,i have tried taking his food/toys away from him and i have also tried 'tapping' his nose.

How do i stop and prevent him doing this? I know i can fully lock the door,but it seems whenver i forget,he will open it. Nothing i can come up with can stop him as i'm not always there to 100% supervise him.

TL;DR:", How do i convey to my dog that it is NOT okay to open the patio door and enter the house as he wishes.
351,"SUBREDDIT: r/Dogtraining

TITLE: My dog is a douche bag. I'm worried for it's own life. Please help

POST: I have a Chihuahua and Wiener dog mix that has a huge mistrust of strangers. I understand its in their genes, and I can deal with it barking at people that come over, because he only does it up until he gets a good smell of them, and then he is their best friend minutes later.

My biggest concern is his reaction to children. Small people just seem to freak him out for an unknown reason. He does not get used to them at all. He eventually stops barking, but he is extremely timid, and if he finds himself next to a child, he whines like he's dying or goes into another barking fit.

On top of all of that, if he is outside, and even hears a kid, or sees one, he goes into a maniac style freak out mode. He will freaking charge a kid, thankfully he's never bite a kid yet, but we are not entirely sure if he will or wont. I personally don't think he will, because he's gotten right to the heels of a couple and only barks.

We've had him in close proximity to kids before for extended periods of time, and as long as me or my fiancee are in view, he'll be alright after a while. But the moment one of us are out of view, or he crosses a corner and finds a kid there, he goes back into maniac mode.

Is there anything that can be done? or is this dog doomed to being on a leash or inside a fenced in area? Because other then that, the dog is wonderful about sticking right next to you, or being in the immediate area. I'd like to be able to let him run around the house when I'm working outside, but I just don't know what to do about this dog's random phobia.

TL;DR:"," Dog freaks out around kids and charges as if he'll bite, but never does. I'm worried he'll freak out on the wrong kid, or actually bite one and get animal control called on him."
352,"SUBREDDIT: r/Dogtraining

TITLE: Thinking of adopting a cat but already have Pit Terrier.

POST: Some background first. Last year a couple of my friends found a stray Pit Terrier that had wandered into their neighbor's yard. So as any 5 college guys would do they decided to keep the dog (his name is Snoop). It's an awesome dog, friendly energetic but not too aggressive. Here is what I'm worried about. One of my friends (now my roommate) had a pet parakeet. Snoop was fucking obsessed with the bird from the time it came into the house and wanted to get it any way he could. One day I'm not entirely sure how but Snoop manage to catch the bird and he fucking ate it. I understood it as animal instinct and wasn't too worried about it,  but I was thinking of adopting a cat and my only worry is that Snoop and the cat won't get along or Snoop will fucking kill the cat. So what do you guys think? Would it be safe for me to bring a cat into the house?

TL;DR:", Already have a Pit Terrier that has killed a pet Parakeet before.Want to adopt a cat but afraid that my Pit Terrier will not get along with the cat. Thoughts?
353,"SUBREDDIT: r/Dogtraining

TITLE: I have no idea how to progress

POST: I posted here a few months ago, asking for help with some minor stuff. Sid made quite a bit of progress, and he really was making huge strides.

But recently, my mother passed unexpectedly, and now all of family life has gone to hell. Me and my brothers would never be able to afford the house we live in now without all three of us working. My little brother needs to focus on school though, so they are looking for a new apartment for two, while I moved in with my boyfriend and his roommate (we had talked about me moving in before, it just happened much sooner than ever anticipated).

I tried to bring Sid fir the first few days, but apparently he barked the entire day I was gone at the funeral home. The landlord called and asked us to remove him, since we had not paid the pet deposit. I sent him off to stay with my cousin, who is a dog groomer who is rather good with dogs. She is going to properly crate train him for me (my brothers never kept with my training and with the first yip would let him out) but I don't know if that will solve the issue.

Further more, I can't have him in the apartment until August when he turns a year old, and a single complaint from the neighbors can have him booted. And, with me, my SO, and my roommate being full time college students, how do we handle him needing to go out during the day? I've read about indoor grass patches, but how well do they actually work? How do you train them to use it?

Then there's the issue of whether my dear pup will remember me once I can have him every day again. I'll be visiting him, but what if the little scamp likes it better being there? Especially since it will have another dog, a kid (he really loves kids, it's weird but good), and a cat.

I got him when I thought life was relatively stable, so I was not expecting this kind of upset and huge change. If at all possible, I want to keep him with me when i can, he's my little guy. But I know it may just be selfish to have him if I can't take proper care of him.

TL;DR:"," Dog separation anxiety, neighbors complain, he gets kicked out, sent him to family til August. Will he remember/how to fix the separation anxiety/indoor grass patches-recommended?"
354,"SUBREDDIT: r/Dogtraining

TITLE: Fearful GSD and I'm not sure how to know which advice to take

POST: My rescue GSD came from what was described to us as a ""dog hoarding"" situation. She is wonderful with us but nervous around other people and dogs, especially when they approach her (vs her approaching them in her own time.) She has been to a professional trainer, who recommended training commands to build her confidence (sit, down, stay, come, etc.) We have done that but no real change. 

I have read infinite websites and books but they all conflict! I see on the posting guidelines for this sub that you guys do not believe in the dominance theory. But that is what our trainer taught us! And he was highly certified. I'm not saying he was right or wrong, only that I have no idea who to believe. I've also read a Cesar Millan book, and again, I'm not saying he is right or wrong - I know that some people here also do not agree with him. (Please understand I am not advocating any of this, I am only saying that there are many theories available which is confusing and overwhelming.)

TL;DR:"," I would like to be the best dog owner that I can be and help my GSD overcome her fears. I'm unsure how to do this and how to decide which method is best. Advice, please?"
355,"SUBREDDIT: r/Dogtraining

TITLE: Dog is literally scared of everything!

POST: I just found this subreddit/am new to reddit!  Hoping for some kind advice for my two year old soft coated wheaten terrier who has developed a fear of, well, *everything*.  Namely:

* noise (talking traffic, bags blowing, stomping/scuffing feet while walking, things falling).  Strangely, everything but thunder!
* going for walks (which I assume has to do with the noise).  It's like she experiences a sensory overload and goes into full-fledged panic attack/avoidance.  Sometimes she will even refuse to go out into our backyard for a pee.
* people talking in loud voices (if my boyfriend and I are even having a loud discussion she will either sit and shake, or hide under my bed).
* children.

There is an entire list of other issues but these seem to be the ones that concern me the most, considering they affect her everyday life.  She started out alright, but as she gets older, she is getting worse (save for being outside, as we have moved to the quieter suburbs but she gets spooked often).  

We have had her since she was a puppy; unfortunately she did come from a pet store/puppy mill so i'm not sure whether that has anything to do with her nature or not.  We did the bulk of her training while we were living in an apartment in the city so she has had *plenty* of exposure to noise and hectic surroundings.  It's not like she's in an abusive household, so the fear of loud voices is strange to me.  She's always been around children but has always shied away from them.  Her preferred method of dealing with her panic is to flee; I truly don't believe she would ever become fear aggressive.  

Ideas?  We have tried high-reward treats but she is not food motivated at all.  We have tried reassurance, and have been told to knock it off because it will confuse her.  We have tried to limit exposure, and over-expose her...neither works.  I just worry that the more things we try, the more confused she gets.

TL;DR:"," Dog is afraid of everything, I am worried and at wit's end because she's such a loveable girl that I want to share her with everyone!"
356,"SUBREDDIT: r/Dogtraining

TITLE: Working with our reactive(?) dog. Just hoping for some success stories and encouragement.

POST: We've had our pitbull/boxer mix for about four years now. She's approximately five years old. She's was very good for the first two, two and half years that we had her. Sweet to every dog she met, played nicely with all of them.

Within the first six months that we had her my parent's older cocker spaniel attacked our dog while she was sleeping during a visit to my parents' house, bit my dog, then myself and my dad when we tried to intervene. I was afraid that she would be traumatised by this, but she was still good with other dogs at this point.

Two-ish years ago one of my cousin's dogs charge her (not sure why) and they got into a pretty bad fight. Both dogs came away bleeding. After that was when she started having issues. If we met a dog on our walks that was quiet and ignored her, she was fine. But dogs that would bark or lunge at her would set her whining and pulling.

She escaped our backyard once when the gate was left open by accident, and she got into a fight with another off leash dog. We didn't see this happen, so we don't know what happened. Again, both dogs were bleeding. The neighbor's dog needed stitches (which we paid for). At this point I was deeply upset. Now we always double check the gate before she goes out. Kept her away from other dogs as much as possible when we weren't sure of them. We started looking for a trainer. 

We've been working with the trainer for about a month now, and there has been some small improvements. She's much better on walks than she had been before. No more pulling on the leash, which is nice. She still gets upset when we walk past angry dogs, but not as much as before.

Anyway, I guess I'm just hoping someone could give me some encouragement, share their success stories. I love this dog so much, and I don't want anything else to happen that would result in another dog getting hurt, my dog getting hurt, us having to get rid of her, or put her down. It would break my heart.

TL;DR:"," Dog has become dog aggressive over time. Been in several fights, some she started, some she didn't. Working with training, hoping for encouragement. Thanks."
357,"SUBREDDIT: r/Dogtraining

TITLE: Older dog with food aggression.

POST: Gunner (6 year old lab) is a really good calm dog most of the time. Except when its time for him to eat.

Rewind about 2 years, when I moved into my parents place until I finished college he had never showed any signs of food aggression.  We moved in there and all of a sudden he was very growly about his food.  I figured it was because they had a dog in the house and Gunner was the dominate one of the two.  I worked with him then and couldn't get him to curb his attitude.

Fast forward a year.  I had to move to Louisiana for a job, and wasn't able to take Gunner with me, so he said at my parents place.  Didn't really get worked with as far as the food aggression goes.  His bowl was out in the garage and he would just eat away from the other dog.  

Now that I'm back and we have our own place he is still showing these growly signs.  I've been working with him on it and it seems to not be going anywhere.  Also I've come to find out he HATES other dogs other than my parents dog.  

Its one thing to keep him away from other dogs, thats fine, however tonight I walked passed him as he was eating dinner and he turned around and snapped.    I will not have that.  Period.  

So any help or suggestions would be great!!

TL;DR:"," Older dog acquired a food aggression about two years ago, along with a hate of other dogs.  Need help breaking him of all bad habits."
358,"SUBREDDIT: r/Dogtraining

TITLE: Looking for easy activities to engage a herding dog

POST: About 4 months ago, we adopted an ACD mix. She's almost two years old; I'd describe her as medium-high energy, but not hyperactive. We keep her just exercised enough that she's not annoying, but she's an absolutely wonderful dog and companion when she's truly *tired.* 

Her typical daily activities include a couple 30 minute walks, playtime in the backyard, mental games, training, and dog park on the weekends. When we go to the dog park, her absolute favorite thing to do is try to convince some other dogs to play chase. She'll pretend to fetch balls or toys if that will engage another dog, but really she just wants to run in a circle, whether she is chasing or being chased. 

There have been a couple of times that we've gone to the dog park during off-hours, so it's just been her and another friendly dog. When she has the open space, she really goes into ""herding"" mode with her body crouched, stalking, and even the ""stare,"" before chasing after the dog (it's totally friendly, they play bow at the beginning, and there's a lot of breaks and trades). This is when she's at her absolute happiest. She could do this for hours, and it exhausts her.

Are there any activities that we can try at home to fulfill her herding instinct? We play fetch/tug with balls and ropes, and she'll oblige, but she seems to get bored of them really quickly. She seems less interested in retrieving and more interested in chasing. 

A couple limitations: 
*We live in the surburbs, so there aren't a lot of opportunities for practice with livestock
*Our backyard is medium-sized, but not large enough that she can run at full breakaway speed 
*We've looked into agility and flyball, but her obedience isn't solid enough for off-leash commands.
-We're also limiting active play with humans, since she can get mouthy/bitey when she's excited

TL;DR:", 2 y/o cattle dog doesn't have any cattle to herd. What are some easy ways to put her to work? 
359,"SUBREDDIT: r/Dogtraining

TITLE: [Discussion] How do you know how when your dog's brain is fried / how do you decide how long and often to train?

POST: I have recently cranked up the training I've been doing with my dog. She's a pain to walk and I want to clean up that behavior, I recently moved to a new place and want to train some specific behaviors for the new place, and I want to get her GCC cert sometime. So, lots of new things for her to learn! 

I want to train her without over training, confusing, or exhausting her. 

I've noticed that after a training session, especially one involving a new or newish behavior, she tends to flop out and go into a deep sleep. I suspect this is an important part of the learning process and try to leave her alone when this happens. On the flip side, she's a smart dog and if training is too repetitive and easy she gets restive and starts looking for shortcuts and loopholes (like doing the first half of a behavior rather than the whole thing).

Each dog probably has their own optimal training schedule that balances hard enough to be interesting with easy enough to not be overwhelming. I struggle with figuring out this balance for my dog--how do you guys figure it out for yours?

ETA/

TL;DR:"," I know everyone just has to learn their dog by trial and error, I'm just looking to share stories and general ideas."
360,"SUBREDDIT: r/Dogtraining

TITLE: New owner of a 7 month old Pitbull, just want to run a thought by others

POST: I'm 5 days in and totally hooked on keeping the little guy. So I've gotten quite serious about training. Had PTO to burn this week so he's been my main focus.

He's got what I assume are the usual issues. Biting, pulling, not dropping things, etc.

Had some success this evening and plan to keep the momentum going bright and early tomorrow but I want to hear any potential criticism before the behavior becomes standard.

Using a clicker I've taken the 'Benevolent God' approach. Ensuring I maintain Pack Leader authority but using treats liberally with all manner of behaviors that I want to reinforce. 

Finally dropped the toy we were tugging at? Click and a treat. Got on your bed? Click and a treat. Walked for half a block without tugging or stopping? Click and treat.

In our time together today I've started to see behaviors that appeared frozen in his psyche, begin to drip and melt away.

My biggest complaint has been that on walks, after awhile of attempting to correct his tugging, he would begin going after my pant legs and the leash. It has been quite trying to have a session of walk training interrupted by him going into attack mode. 

Currently, the only negative I can conjure up is overeating. Anyone more experienced have a thought?

TL;DR:", My hope would be that in training and walks if he is *constantly* rewarded with treats for the good behavior that he'll simply lose interest in the bad behavior. Is this logic sound?
361,"SUBREDDIT: r/Dogtraining

TITLE: Dog Greeting Manners and Socializing?

POST: I've got a bit of a conundrum. I'm trying to work at teaching my dog proper manners in greeting other dogs. I'm fine with working with my dog.  I do my best to only allow my dog to move forward if the leash is loose and having my dog focus on me, rinse and repeat until a calm greeting. My pup's ultimate reward is meeting other dog's.  It's other people and their dogs have 0 concept of this though and it has led to some dangerous situations. 

An example I can think of is there's a huge beautiful Newf in town. He's about 200lbs. His owners walk him on a choke collar (can't change other people's useless ideals there) which has 0 effect on him. If my dog and him see each other the Newf will drag his owner into traffic and across the street just to say hello. 

So my issue is staying consistent in my training. I can cross a street for most smaller dogs to stay consistent but with these larger dogs I have 0 consistency and give in for the other dog and its owner's safety. 

There is a secondary issue of if I never let my pup greet these other dogs due to their lack of training my pup wouldn't be socialized. I've introduced my pup to everyone and everything possible thus far. How doe it effect socialization if I stop all greetings (aside from preventing the dangerous situations as exampled above) until I get the calm manners I'm looking for?

TL;DR:", How do you cope with others that haven't trained their dogs  while trying to train manners whilst maintaining socialization in your own dog?
