,prompt,completion
0,"SUBREDDIT: r/GetMotivated

TITLE: Anyone else feel a lack of clear direction? How does /getmotivated choose?

POST: Okay, physical fitness and diet are excellent! No argument, these are wonderful things to strive for. 

The problem that I have been experiencing is this: my brain is constantly switching between dreams, and each one feels as genuine and real as the other. I don't have 10 lifetimes to try them all, especially since I believe in the virtues of passion and mastery and focus. All these videos and quotes promote a simple (and excellent) message of doing what you love and working insanely hard at it.

Perhaps it's because of the constant exposure to new information and ideas (TED Talks, twitter, etc.) and inspirational videos from a wide variety of people, but I keep beating myself up trying to figure out what to focus on and it's starting to drive me crazy.

* Teach
* Learn to code.
* Promote childhood learning of programming.
* Learning Japanese
* Hone my skills at drawing.
* Getting in shape. Learning a martial art.
* Make video games that push forward the medium.
* Improving education in the deep south where I grew up.
* Become and animator or storyboard artist for Pixar.
* Get involved in technology that helps humanity.

to name a few...

Can anyone else relate to this? Passion and motivation are not the issue for me, it's the feeling of an enormous amount of different options, and so I keep running through this loop of thought:

* I don't want to spend my life sitting at a computer, I want to use my body and encourage others to use their bodies and form real human connections.

* Physical fitness only effects me, and technology and sociology is where it's at for helping the world.

TL;DR:"," I'm frustrated with wanting to commit my life to something, but having to choose between a life at a computer screen or a life of physical activity."
1,"SUBREDDIT: r/GetMotivated

TITLE: Finding the Energy...

POST: I always think that I'm pretty motivated myself. These are the things currently on my plate:
-grad school (4.0 gpa in Secondary English Education)
-two jobs (full time program assistant, part-time tutor for an adult with CP)
-raising my 14 yr old brother (granted permanent custody)

My friends are in awe of my schedule and my adherence to it. The only thing is that when it comes to more leisurely pursuits, like reading, writing, playing guitar, or taking up a new hobby, I feel too spent in terms of energy to be creative or to experiment with anything. I have entered a slump in finding new music, something I used to enjoy, I keep saying I need to get to these projects that involve fixing my bike up to tour around the state, starting a garden, and get into woodworking. But every day I'm being pulled by something enough to where I'm ready to fall asleep, or I feel like I need to reward myself and relax.

TL;DR:"," Already motivated to work hard, need motivation and energy to be creative and experiment to find new hobbies and learn new things."
2,"SUBREDDIT: r/GetMotivated

TITLE: My New Project

POST: I've been reading this subreddit for some time now, looking at all of the motivated wolves ready to kick some ass and take some names.  I hope every single one of them succeeds, but I can't help but wonder if they will really accomplish what they set out to do.  We've all been here: so motivated from an awesome speech, movie, quote, book, etc. but, we lose sight of the goal and slack off until another motivational reddit post fires up our hearts again.  What I see here is a vicious cycle of highs and lows.  I'm starting a new ""project"" to see if I can successfully get out of this cycle of, let's face it, procrastination and shame.

Moments ago, I created a reddit account, so I can let all of you wolves know that there is someone trying to find the secret.  I'm on no motivational ""high,"" I'm simply level-headed at the moment.  Any informational/motivational books, videos, etc. that I come across that help me reach this goal I will share.

My plan is to create a journal and log my achievements, my failures (and how I got through them), and my emotions at all of the times.  I don't know if everyone does this, and I hope this isn't a cliche that every new wolf decides that they'll do.  I'm not successful in almost any way right now: with girls, money, college, band, friends, leadership, family, and many more.  I want to be successful, and I want to show how (hopefully) a successful person did what he did.  I will not stop.  I will not quit.  I will not leave out details (aside from names and personal information).  IF it works, this will be how an ""every day normal guy"" found his own way to success.

I'll probably post the project on a blog once I've written enough, unless there's some tool on reddit that I don't know about.  The finished product can take months or years to really notice improvement, and it might not ever end.  I'm new to reddit so be understanding.

TL;DR:"," I'm going to work as hard as a I can at everything that I do, document it, and see if I can become successful.  If I do, all of my resources will be **yours**."
3,"SUBREDDIT: r/GetMotivated

TITLE: A Get Motivated story, and a gift to the community

POST: A year ago, I was a miserable Finance major, and I hated what I was doing. I really dreaded getting a full time job in Finance, and didn't get along with other people in my major. I did around 25 interviews, and didn't get offered a second interview once. I had always liked computers, but never really considered it a career. But after reading about the job market and the type of work you can do in software development, I started learning programming on the side and considered switching majors.

The guys over at /r/learnprogramming were very helpful, and this subreddit was a good source of motivation. Now, I'm finally getting decent with Java and C, I've made a few simple websites, and I'm in the process of developing an app for Android. I changed my major officially to Computer Science BS last semester, and I have an internship this coming summer as a Software Engineer at a Fortune 500 company.

And finally, with the exception of class projects and small practice exercises I've done, I'm happy to say that I've shipped my first piece of software. It's a Chrome extension called Simple Blocker:

As the name suggests, it is a simple website blocker that lets you block any number of sites to help you concentrate. You can turn on ""Enhanced Blocking"" mode if you like, which will make the app harder to remove, and password protect it. It also has a sleep timer, so you can force yourself to study for an hour or so, then reward yourself with a break. And of course, it's free. 

I thought that it would be well received in this subreddit, since a lot of people have academic or professional goals which require hours of work grinding away on a computer. Hopefully, this app can help some people concentrate and achieve their goals :)

TL;DR:"," Was a miserable Finance major a year ago, now I am doing what I love with computers, and have a great internship lined up this summer as a Software Dev. [I also made an app for you guys]("
4,"SUBREDDIT: r/GetMotivated

TITLE: [Text] Do you like Top Gear?

POST: Basics: I am a 27 year old overweight guy. About two years ago I lost about 60 pounds of weight by using this analogy that I have written below. I have, however, re-gained about half of this over the past 1.5 years, and I am starting again today.

Firstly, for all intents and purposes, let us assume that cars are sentient and are capable of growth and evolution (or the opposite).

I am one of those cars. I am a somewhat beat up 8 year old Škoda with a diesel engine. I have missed quite a few services and some of my parts are starting to wear out. Also, I am starting to resemble a mini-van from some angles.

I need time to warm up in the morning and my engine backfires often, because my owner usually fuels me with some low-grade limp-wristed cheap diesel that´s probably meant for a different climate.

I can go fast for a while if I am really being caned, but my engine tends to overheat and some body parts go to shit after a long run on high revs. I usually have to cool down for a while after something intense. Sometimes for days, even!

But I have a dream. I want to become something else. Something better. 

I want to become an Aston Martin Vanquish. I want to be fueled by the best fuel available so I can put out as many horsepower as needed. I want to wake up with a roar!

Now, I know that cars cannot change, no matter what fuel you put into it or how you treat it, but we can. I can.

TL;DR:", picture an old Škoda looking in the mirror and seeing the new Aston Martin Vanquish in the reflection.
5,"SUBREDDIT: r/GetMotivated

TITLE: Passion-->Money-->Wife-->Happiness?

POST: I am totally rudderless. I fucked my grades at Tulane but managed to get a B.S. in Mathematics.  I am 30, finishing a Masters in Finance at a local college (DePaul) only because I didn't know what else to do and I am running through my savings. I don't know how to sell myself to employers so I haven't had a job in 3 years and my skills have atrophied. I was an actuary for 6 months and sucked at it so I got laid off. 

Facebook friends are successful lawyers and dentists, and I don't know if I should maybe go to law school. If I get an A- average, maybe I can get into a good school here. Never had a gf, don't have any friends, and therapists don't help me get over my depression I have had since I was 13.

TL;DR:", How do I find out what to do if I'm too depressed and unfocused to find it? Time is running out and no woman is going to want me if I don't do something.
6,"SUBREDDIT: r/GetMotivated

TITLE: I just rode 50 miles on my bike!

POST: So yesterday I decided to change my life. Break out of the circle of  laziness. Since it was nice and sunny here in Seattle I went out with my cousin on Burke Gillman trail(27 mi). We started pretty easily because its fairly straight. Now the furthest we have ever been is to Kenmore from Seattle(14 mi). This time we kept pushing and pushing and pushing. We past Kenmore, Bothell, Woodnville, Redmond (where we had lunch break at an Indian restaurant.) We decided to finish the whole [circle] After lunch is the hardest part, we  had to get back on I-90 to go back to Seattle. Luckily we found a nice half mile down hill and wide empty road. Once on I-90 trail there were some up hills but not much, we started taking more breaks and I actually walked my bike up one time too. We finally made it. I left home at 9:15 am and got back at 5:30 pm. My ass and legs and triceps are sore. But that's just an sign of my achievement.

TL;DR:"," I biked 50 miles in 7 hours(8 with breaks), passed through six cities and my triceps, legs and ass are pretty sore. Thanks for all the motivation!"
7,"SUBREDDIT: r/GetMotivated

TITLE: [Discussion] Lacking motivation for martial arts training alone

POST: *A little big of background:* did karate as a kid (5-8 years old approx), TWD at around 12y/o but quit before yellow belt (belts fees, I didnt even learn how to kick properly...). Got back into TWD last year up until September-ish when I had to focus on studies so I stopped as soon as I got my green belt.   
    

First off Id like to say that my issue is nothing tragic, I just want to hear others opinions  
   

*Why Im here:* honestly, I feel down because I love Taekwondo however I can only practice alone. A family friend is a TWD trainer and she got me to my green belt and Im very grateful for her however I find training alone can get really dull sometimes. I really love competition and the bonds that are made in group sports. There are no tournaments nearby either so that is not an option. Tried talking a few friends into taekwondo but they didnt last a few months.    
   

Im out of ideas? Im defenitely going back to taekwondo, its just irritating me that I get a little 'bored' by myself sometimes (I mean, I don't mind being alone most of the time but for TWD I would love some competition and such..). If anyone has any advice to share Id be glad!

TL;DR:"," I love taekwondo but have to train alone with instructor (no other option), gets dull because I also love competition (and interacting with different humans?). I would like to know if you have any advice."
8,"SUBREDDIT: r/GetMotivated

TITLE: Anybody with a good heart and basic photo-shop skills fancy helping me out with a quick backdrop?

POST: Hey guys, 

so I've made some pretty good progress over the past few months; and a lot of it is down to you guys and the positive force for awesomeness that you all are. But now I want to step it up and have a decent resolution that i can readily picture in my head. So i decided to quickly write it out- all high and mighty- and then set it as a desktop photo.

Except, I forgot I'm using a Chromebook, and it's some really weird os and I don't know if it's even possible to create a custom wallpaper, and whether or not you can only get downloaded backdrops from the internet. 

Bummer. Anyway, I was going to quickly ask if anyone new of a way over on r/chromebooks, but then I thought it might be cool if some fellow get-motivated redditor fancied just smacking into on a backdrop instead. Do what you like with it, put it over a generic piece of inspiration, just have it as a scrawl in the corner, have it as a taylor-swift/hitler quote template, whatever. Just something fun, if you're bored for a minute or two. And I swear I'll set it.

Here's the resolution: Warning, it's pretty gay, but It's all true.

""I, Jack, on the 1st January at 21:44, 2014, hereby resolve to:

Make the effort to let more new people become new friends, and make more of an effort to keep in touch with my friends of old.
To spend my time well, and use it helping myself turn into the perfect version of me; a version I know I can become.
To eat well, sleep often, workout regularly, write incessantly, and be consciously aware of those traits to admonish and those to  accept; until those worth accepting become my unintentioned habits""

TL;DR:"," It's cool if no-one picks up on this, it was kind of nice just to write it all out."
9,"SUBREDDIT: r/GetMotivated

TITLE: We got our first client today. We did it by creating new problems for ourselves.

POST: Since October of last year, my partner and I started to create, from scratch, nothing but our skills sets and hunger, a service that costs customers $1000 per location per month.  The potential of the business is huge.  All that being said, the progress languished until recently when my partner heard ""Create new problems for yourself to solve, and you'll see progress.""  That proved to be very true.  We were doing things in what seemed like a logical order, but logic and progress do not necessarily go hand in hand.

My partner started reaching out to potential customers last week despite the fact that our platform tools are not finished.  The term for this is usually ""vaporware"" - you sell something that doesn't exist yet.  Sound familiar?  Are you familiar with the Microsoft story of selling DOS to IBM?  

The point is, we would have sat on our asses if we hadn't taken the leap.  Stasis is our enemy, and it is your enemy too.  Avoid stasis at all costs, even if it means doing something that seems risky.  The truth is, we are problem solvers, and adapters.  That is the core of what an entrepreneur is, and once this is understood, you will no longer hesitate to create.  I hope this helps/motivated someone out there. :)

TL;DR:"," Stasis is your enemy.  Trust in your ability to solve problems, and go create some to solve to get closer to your goals"
10,"SUBREDDIT: r/GetMotivated

TITLE: Oppositional thoughts

POST: These are thoughts which compete... They may be your own competing priorities, they may be memes competing for attention, they may be breakfast competing with the gym.

 Eliminate them.

The quickest way to create oppositional thoughts is to check your email or todo list (or facebook/reddit if you're still there) when you first wake up. The clean state of a fresh mind is something to be valued. It will get cluttered through the day, you don't have to worry about manually filling it with conflicted thoughts and internal conflict. Put a reminder on your wall to go for that run... do that workout... Let this be your thought.

The quickest way to maintain competing thoughts is to check memes. Unfocused media like (most of) Reddit, the TV, facebook, the news etc are scattering and scrambling your thoughts.

This may be familiar to you:
You know what they call someone without oppositional thoughts? Focused.
And someone wrought by oppositional thoughts, internal conflict and indecision? Procrastinator.

TL;DR:"," When it comes to your mind, you get out what you put in. Focused content yeilds focused action. Scattered, oppositional content yeilds scattered oppositional action."
11,"SUBREDDIT: r/GetMotivated

TITLE: Hey /r/GetMotivated, I posted my side project iDoneThis here in February, and now we've gone from a stupid idea to 500,000 entries made -- Thank You!

POST: Hey guys -- I wanted to say ""thanks"", and write about the power of putting something out there and improving it incrementally!

I've built a bunch of web projects, but none that got more than a handful of users.  I'd lose interest pretty quick.

iDoneThis started out as an email from my friend Rodrigo and the title of the email was literally, ""stupid idea"".  The idea was a site that'd email you every day and ask what you did, and you could just reply to make an entry.  We built it over a weekend and got a few hundred users on Hacker News.

They gave us some solid feedback and encouragement, and so we made a few improvements in our free time.  We used as inspiration the idea that we'd post it here on reddit next in February.  

February came around, and we procrastinated, but by the end of the month, we had something to post with a few improvements.  We posted here and /r/productivity.  

You guys gave us great feedback and encouragement.  We saw that people really loved what we were doing, and we were actually helping people get more done.

We quit what we were doing, went full time, and haven't looked back.  We were able to raise a small round, and now we're up to 500,000 entries made by our users!  It's been an incredible journey.

It's year-end, so I just wanted to come back and say ""Thank you"".

TL;DR:"," got motivation to improve side project from encouragement on reddit, built it into a quasi-legit startup and have helped people get 500,000+ things done."
12,"SUBREDDIT: r/GetMotivated

TITLE: Deeply Personal Motivational Snippit

POST: Figure if this isn't as substantial as other motivational snippets it will simply get down voted out of your pages, but there's something I've stumbled across that really got to me. 

I'm a college student at the moment, and admit I'm one of those people whose frequently trying to improve myself as much as possible in terms of personal goals, well beyond comfort, ignoring arguments of ""relax"", ""give yourself a night"", so on and so forth. Coupled with this is the quiet but resolute admission that I don't want children, it doesn't align with my life goals and I have no desire for it; and my desire in a romantic partner is someone who is utterly impressive. Intellectually, emotionally beautiful to me. Not just a decent friend I want to ****.

I'm in the habit of keeping a stack of post-it's on me at all times and a thought occurred. **""Would I pick me?""** 

If I was the most impressive woman I could imagine who was also similar to me, would I pick me? If it was between me and people like me who had accomplished more of their own goals, worked harder, worked smarter, would I pick me? ... I'm a bit of a romantic in my head, it struck a cord, perhaps it's a good question for all of us to ask.

TL;DR:", Would you pick you? (If you were in the head of the most impressive man/woman you could imagine). 
13,"SUBREDDIT: r/GetMotivated

TITLE: Standoff With A Dog

POST: EDIT: I also hurt my back yesterday. I suspect it was from when I was slow-jogging backwards and went ass-first into the edge of a parked car. Meh.

TL;DR:"," Dog tried to attack me, now i feel like a pussy, and im using this feeling of vulnerability to fuel me even more. "
14,"SUBREDDIT: r/GetMotivated

TITLE: My persistence and hard work has finally paid off.

POST: To keep a long story short, I have been running for class president since fourth grade, I am now a senior. Since fourth grade, I have never won once, and in high school, even though I had amazing campaigns, I always lost to the football player, but every year I got closer and closer. This year was different though, I was ready to throw in the towel, and just give up, but I thought ""What the hell, i'll run one last time."" After a month of handing out candy, making posters, and getting to know my class, I finally won. The best part? I ran against 4 different people this race, all very ""popular."" Now my child-hood dream has been achieved. All of those years of work and persistence, and I finally get to be class president, let alone the president of my senior year! It may seem silly to some, but to me, it's one of the most important things I have accomplished in my life.

TL;DR:"," Have run for class president since 4th grade, never won, but finally won this year, beat the football players, and get to be senior class president"
15,"SUBREDDIT: r/GetMotivated

TITLE: How Do I Get Motivated When I'm Already in Decent Shape?

POST: I've been trying for 4 or 5 years to get motivated and keep going to the gym. I've have three week stints two or three times where I ran most days and was able to do 20-25 minute 3-mile runs. 

Currently, I'm not in bad shape - I'm 23, 5'9"", and between 165 and 175 lbs depending on the week. Could probably run for 20 min on speed 7 or 8 mph right now if I wanted to, but I'd definitely feel it the next day.

Also, I smoke occasionally, and I know that's not good. That's mostly the reason I feel like I should work out or at least run regularly. I've tried vapes, and I think when the time is right, I'll switch back over and hopefully quit, or at least keep it more occasional..

I give myself good nutrition by drinking a great green vege health drink a lot, but also eat mostly crap otherwise, (ramen, cheeseburgers, subs, etc). 

So to summarize, I eat decently, I'm not fat, I'm in decent shape, but don't have the healthiest lifestyle. That's my motivation to go to the gym, but honestly, that just isn't enough, and haven't found anything yet to keep me going.

I do well on a schedule and have tried going with buddies, but I usually back out or am too busy. I know I need to make a regular time in my schedule to get it done, but I have trouble seeing the point of going through the trouble and using up time I could be doing things, (or nothing). 

This is especially true because there's no reason I know of that I actually need to be in better shape. 

How can I get myself motivated, when I really don't care, and by normal standards, I'm pretty healthy?

TL;DR:"," Details above relevant, but I'm in a shape I'm pretty happy with, but don't know how to get motivated to get in better shape or if I even need to."
16,"SUBREDDIT: r/GetMotivated

TITLE: [discussion] need motivation please help

POST: Well 3 years ago my friends ditched me 
Because I tried to warn them from a bad friend 
I became depressed started working out because I was fat 
I lost weight..felt better than before ..then I started lifting
By then I knew what I wanna do in my life and forgot bout past 
Then I got injuries and after 2 years of visting doctors they finally 
Diagnosed me with fibromyalgia ..
I graduated high school 5 months ago and skipped first term because I couldn't decide what I wanna do in my life 
And my cousin who I thought he was a close friend came to visit me from another country, it turned out he was jealous of me since we were young and he bullied me while I though we were friends .. What happend is :I have rlly bad hypochondria about every illness ..and at that time I was anxious about one mental illness and I told him about cuz I trusted him and he started making fun of me  and three days later he left and sent me a message ""ur a psycho u need to go to a doctor ""I told my family and they told me he's parents told us he have some problem .. Well it hurted me 

So today I don't know where I'm going in college and hate my self every time I see someone fit I tell my self ""it could've been me"" 
And hate how i look and I can't lift weights anymore and my family prob wish they have a better kid than me and I play videos games all day and barley hangout with my friends

TL;DR:"," I got injuries I can't workout lost my dream of bodybuilding don't know what to major in college, have bad anxiety , spend all day fapping and playing video games "
17,"SUBREDDIT: r/GetMotivated

TITLE: [story/question] How to avoid burn out when my ""fun"" overlaps with or becomes my ""work""?

POST: After jumping through majors at a large university (Japanese, Chinese, Art and Business, Art and Education) I decided to take an opportunity and transfer schools. Thanks to the environment I am in and the support of amazing professors, I feel a new driving force in my life. I am making an independent interdisciplinary major in computer science and photography. Photography has been a passion of mine since high school. For two years I was on the brink of going down the ""pro"" path. Now, after discovering computer science, I finally feel a way to directly work with two things that I love. **sidenote**: I just wanted to say that sometime to find what you love, you need to take a chance. I had a VERY comfortable and happy life at my old school but I wouldn't give up the stress and uncertainty of my new life for anything. 

The crunch is that I am racing to complete school on time (with a year and a half left). My parents (I am already amazed at their support of my education) can not afford any more so more time in school is NOT an option. I go to a school where 16 credits is average and plenty challenging for me. To help me to graduate on time, I decided to take an additional class (20 credits). It may not seem like a lot to people but this means that I am in class most days straight from 9 - 4 with an hour break in between. I have found that generally I am not doing as well in classes because I am constantly forced to prioritize between them. 

On top of that, I'm starting to get really exhausted. When I am not in class talking about photographs or code, I am taking photographs, researching photographers, writing code/working on a computer science project or playing video games. Writing code and taking photographs used to be my leisure activity and now intellectually learning and thinking about them are my ""work"". I LOVE it but it's exhausting. 

My other goals for ""fun"" are learning how to use blender3D, learning Processing, etc.... It's outside of my classwork but still relates to art and programming. 

What do I do?

TL;DR:"," Photography and programming used to be my hobbies. The majority of my yearly/current goals still relate to them but now they are also my ""work"". How do I not burn out?"
18,"SUBREDDIT: r/GetMotivated

TITLE: How do I stay motivated?

POST: In November of 2012, my mom left me and her last words to me were ""Make me proud"". It's my senior year of high school. I just came back from my internship in San Fran this summer, I have 2 AP courses, I'm a TA, an school internship, college applications and a job as a junior web dev in which I get to work from home. 

I'm finding it incredibly hard to be motivated through all of this. I know it might sound like I have ""senioritis"" but the truth is I don't even know. Trying to juggle everything has left me incredibly unmotivated. Instead of thinking about the good things that come out of something, all I can do is think about the bad. What if I don't get into this college? What if I fail this test I have tomorrow? 

Everytime I feel like giving up, I hear my mom's voice and I hear her say ""Make me proud"". My mom gave me everything. She made me into the person I am today. Up until now, it's been all the motivation I've needed but it's getting harder to stay on task. I only think about the negatives. I know before I succeed I must fail. After numerous failures and I succeed will I know what success truly is. 

Lately, I've just been having a ""fuck it, I don't care"" attitude towards things. Homework is due tomorrow? Fuck it. I don't care and I won't do it. I don't like being unmotivated and not productive at all. The rush and feeling I get from being productive and motivated is something I want to feel everyday. 

I was just wondering if someone can help me out. If there's a way I can stay on point and not fuck up.

TL;DR:", I'm slowly becoming unmotivated and I hate it. I'm looking to do something about it so I can stay motivated and finish things through.
19,"SUBREDDIT: r/GetMotivated

TITLE: Every step I take is a gift

POST: I didn't really know where to put this but wanted to share; this is what gets me out of bed each morning and gets me through most everything in life.

Dr K and Dr W - I owe my life (or mostly - my legs) to these two men. 
Some background, i was born with a coarctation in my descending aorta (basically a narrowing of the main artey from the heart taking blood to the legs) 

This was spotted in a check up at 3 years old as a murmur by my GP (Dr K) and i ended up having surgery age 3 - a balloon angioplasty for anyone interested just google it (performed by Dr W).

Without that surgery i would have had complications and would have been unable to walk by the time I was 16.

I'm 18 years old in 3 weeks time and I have led a perfectly normal life (I couldn't play rugby but i was never into it anyways)

The only problem i have now is slightly high blood pressure which is easily controlled by drugs and doesnt affect me at all. I've even run several 9 mile fun runs!

Now every day I walk perfectly fine, but I wouldnt say normally, because I know every step i take is a gift, a gift from modern medicine and from the men who identified the problem and treated me.

Thanks for reading and I hope you all find a way to put a spring in every step you take.

TL;DR:"," Heart problem, wouldnt be able to walk by 16, almost 18 now, do fun runs, walk every day - cheers doc."
20,"SUBREDDIT: r/GetMotivated

TITLE: [Discussion] Looking for resources. I utterly lack whatever it is that drives intrinsic motivation. I need constant (healthy) external motivators -- Help!

POST: I've done the 'hard work.' I've been through counseling, I've upped my self-awareness, I've traced unhealthy patterns in my family that I wish to break, I've surrounded myself with good people, I've found a meaningful career and a great life partner.

But I'm still lacking that *fire/passion/engine/drive,* or whatever you want to call it, to motivate and rouse myself out of apathy to accomplish and enjoy what I know I can. It almost feels like some part of my psyche wasn't fully developed. 

Getting out of bed in the morning is still very hard. Creating my own opportunities are still very hard. Dreaming big is still very hard. Whatever the internal *thing* is that compels motivation, I don't seem to have it... or I can't access it.

The good news is this: I am compelled by external things. I'm a great problem solver. I'm intuitive, insightful, empathetic. I'm a great responder to circumstances. So it stands to reason that I'm stimulated/motivated by awesome things in the world around me. Art, music, literature, speeches, sermons, conversations... these get me moving. Especially when I'm reminded of the truth: that I'm valuable, I have great things to offer, etc. etc.  

If I was a car, I would have a working gas pedal, but a faulty ignition. I can't start it myself, but if given a good push, I can ramp up the acceleration. 

I hope this is making some kind of sense to somebody.

So now I'm trying to put a gameplan together for each day. What resources can I use to start my days so that I can dream big and live life the way I know I'm capable of? What's a good system/structure to accomplish this?

TL;DR:", I utterly lack internal motivation on my own. External reminders help me motivate. Looking for a consistent structure to stay motivated.
21,"SUBREDDIT: r/GetMotivated

TITLE: [Text] Looking to get motivated? Start by being clean.

POST: I had an epiphany while folding laundry today. I saw that my dresser was a mess; my clothes were all just strewn about in the drawers, and it looked atrocious. I decided to take everything out and stow away the clothes I don't wear. I refolded everything and organized the drawers. A thought came to me that hard work and motivation stem from everyday things. It's easy to be dirty; it's not so easy to be clean. If you start by not taking the easy route on things like cleanliness and organization, it will be that much easier to not take the easy way in other pursuits. Just thought I'd share this with anyone who is willing to listen.

TL;DR:"," Don't take the easy way out on simple things (like cleanliness), and you'll be less likely to take the easy way out on larger pursuits."
22,"SUBREDDIT: r/GetMotivated

TITLE: [Story] I challenged myself to meet a goal every day for 365 days. It's been one year since then.

POST: I've loved storytelling and writing as long as I can remember.  When graduation from school meant I didn't have to write anymore, for years I succumbed to the siren call of TV and video games and comic books (not that there's anything wrong with any of those - I still consume plenty of each).

~

How to fix it?  Challenge myself.  In April 2014 **I decided to write one short story every day for 365 consecutive days**.  So that it was a reachable goal, I put another restriction on it:  **each story had to be exactly 365 words long**.

~

It was not easy, and to be honest, I didn't always meet my goal.  But if I missed a day, I made up for it by writing two stories the next day.  I was determined, so I fought to make time for it.  I wrote stories on my computer, in my phone, on notebook paper, and even across a driver's license form while I was waiting at the DMV.

I couldn't have done it without the support of the people close to me, even though my SO probably was irritated with the amount of times I had to say, ""Hold on.  I gotta write a story.""

~

If you're interested in reading flash fiction that covers every genre from horror to romance to sci-fi to cute animal stories, **over a hundred stories are available for free at [365times365.com]  (Sure, I'd love to publish them and make some money someday, but for now, it's all just for the love of the game.)

~

I realize this isn't the typical sort of weight-loss/get-a-job motivational story that this subreddit is used to, but it took a lot for me to keep going, and I thought maybe you could see something of your struggle - whatever that may be - in mine.

TL;DR:"," I wrote 365 short stories in 365 days. If I can meet my goals for a year, you can, too."
23,"SUBREDDIT: r/GetMotivated

TITLE: [Story]Introvert + Mosh Pit...Not a good mix.

POST: First, a bit about myself - I'm a uni student who struggles with social interaction and hates big groups. I would much rather sit at home playing games, watching Youtube, or playing sport over any kind of social activity. I do enjoy my music, and have been to one concert in my life, which was a Foo Fighters concert. I loved it. I was sitting at the very back row of the seats, but it was the greatest, no-one around me, could just enjoy the music and the live performance without having to worry about people bothering me. Today I have a another concert, my second concert. However, this concert is only mosh pit - I'm really not looking forward to it...I've been dreading this day for a good week or two... To add more salt to injury, I have two assignments due today, one of which will definitely get done by tonight, but the other - I'm planning on submitting late and accepting the 5% late penalty (I mean, 5% to probably get an extra 10 or 15%, who wouldn't?). I've never submitted anything late in my life, so this feels super wrong and weird, but I'm committed. BUT, because of these, I need to take my laptop into uni today, and I have no way of getting my bag to a safe place before the concert, so I'm super stressed as to what to do with it... I don't want to take my big-ass laptop in my bag into a moshpit, I can't imagine it'ld turn out very well...

Oh well, today is going to be an interesting day... Best of luck to me.

Any suggestions to help me through the day? <3

TL;DR:", I'm an introvert going to a mosh pit potentially with a big laptop in my back pack. I can't see this ending well.
24,"SUBREDDIT: r/GetMotivated

TITLE: [Question] How Do I Start?

POST: I'm currently sitting here eating breakfast of cold pizza.  Cold pizza that my now ex girlfriend was ""kind enough"" to bring me when she was out having dinner with a guy that I found out she cheated on me with.  Our relationship was a long one and out of the 3 serious (longer than 6 months) relationships I've had this is the first girl I could see myself with for the rest of my life.  Since I found out she cheated on me I've been finding she's been lying about a lot of very important things up to and including her 4 year college degree.  She's also moved on and is now dating someone else, different from the one she cheated on me with.

I've always been a positive person and even very sad events didn't keep me down for long but because I truely thought she was the one, I've lost a lot of my direction and am having trouble getting back on my feet.  My self confidence is at an all time low. I'm 6' 212 pounds and while I've never had them, I've always wanted 6 pack abs.  I figure now is the time to do this and it will really help me to get my confidence back, I just need a little boost and some direction.  Can you help?

TL;DR:"," love of my life cheated, self confidence all time low, want 6 pk abs, need a point in the right direction"
25,"SUBREDDIT: r/GetMotivated

TITLE: But I don't want to do /anything/...

POST: I spent a lot of my life doing nothing. My reason for this, other than being lazy, is because I really felt no purpose. I looked at life, saw none of us is granted some grand quest, there is no ""right"" path in life (in my humble opinion) and all paths are equal. 

I also have a history of depression (+more). So even when I forced positive change in my life, I still felt icky inside. Why bother exercising, or learning a new language, or xyz when I still feel so very terrible inside every single day?

But there have been a few, rare moments in my life where something just felt right. I just knew what I had to do. Or, I knew what I loved. I have had passions. I bet you have, too. If you haven't, you do but you haven't found them yet. Or you might need medical treatment to help you be able to see them through the fog. My most recent passions have been discovered at 24 and 26, and most in the past year. So don't give up, brother/sister/sibling.

TL;DR:", Today I read [this] comment by another redditor about passion and motivation. I also read [this] detailed plan on how to get from the bottom of a rut to the peak of a self-created motivational mountain. 
26,"SUBREDDIT: r/GetMotivated

TITLE: [Question] How to be tough?

POST: Hello wolfs!

I hope that I ask in a correct subreddit. What I found out from observing highly motivated people around me, those who motivates themself just because they want more from their lifes, or those whose life is pretty (sorry, I couldn't find a better word to describe it) fucked up, that they are tough.

I mean, they are capable to handle more, they are physically? or mentally prepared to fight against odds, not to worry and get something from life.

I have to confess that I have a pretty fucked up life too. I'm doing my best to motivate myself, I blocked almost every single website that I used to procrastinate with. If I am on reddit, in 95% of time is this subreddit. I started working out, took additional courses, but at the end of the day I'm just shit scared of life and not capable to take serious action to fix those things that really need to be fixed. And I'm afraid that I'm not capable to be tough, because all my life from my childhood I was just 'mentally weak'.

I am curious what are your experience with being tough my dear wolfs? Especially those of you, who had some serious problems with your life? Did you learn to be tough, or you were just born with that?

TL;DR:"," So how to be tough? Or is that something that you can't learn, and you either born with it or not and should prepare yourself for failure in life?"
27,"SUBREDDIT: r/GetMotivated

TITLE: [Story] The start of a long but happy journey...

POST: Started at 290lbs. Now down to 269lbs. It's not the target but it's a start and honestly I haven't put in much effort. 

The biggest issue I had when, starting to diet or starting to lose weight, is the idea that it's a 24/7 job, and ""I don't have the effort for that"".

It hasn't been that bad, a few frustrating moments at the dinner table, wanting another plate, but my family and friends have been amazing. They will stop me and even have to argue with me about it, but give it 20 minutes and I'm feeling full and happy I didn't have another helping of dinner. 

I'm a gamer and a big guy anyway, I'm never going to be below 200lbs and that's fine by me. I don't want to be that small anyway. Haha. But the only way I've lost weight is exercising while gaming I bought an exercise bike and have been cycling 5km to 15km a day while playing games. You don't even notice it after a while, it's great. 

People around me are noticing the changes in me. ""You look thinner"" ""I didn't recognise you"" ""you look much better!"", and that feels good. 

My clothes are starting to be too big and it feels great and strange that I now need to buy new clothes. This is the main reason for this post. 

Sorry for the format, I was never any good at essays at school. 

But the motivation part is here...

Listen Big Guy, exercise isn't too hard and find a way to do it while you are relaxing and it will not effect you. The feeling you get when that top is too big and people are complimenting you and noticing you. It's well worth it. I was forever saying, that's you, I can't do that, I haven't got the drive or commitment. But decide today to make a change. You won't regret it. 

If you have ANY questions, please feel free to ask. Thanks!

TL;DR:", Lost 20LBs. Feel amazing. Little effort. Clothes are starting to be too big. Everton can do it. 
28,"SUBREDDIT: r/GetMotivated

TITLE: DBL - Don't be lazy

POST: I have a little thing I do. It used to be that everytime I thought about doing something this little voice in my head would always think 'ugh thats so hard' or 'man that's a lot of work' I was always putting things off and never accomplishing the things I wanted to do. 

About a month ago I embraced a new motto - DBL - Don't be lazy. Now everytime the little voice in my head says 'man that seems like a lot of work' I say back - DBL. No matter what it is as soon as I catch myself saying that I know I'm on the verge of being lazy so I drop whatever I'm doing and tackle whatever it is that made me think 'ugh that's a lot of work'. I just fucking do it. Then afterwards I feel like I've accomplished something. 

I've exercised every day, kept my house clean, gone to the far grocery store for cheaper groceries, flossing every day, on a day to day basis I find myself doing more and more stuff that I wouldn't have done out of laziness before. 

So next time you think something is too hard or too much work, just tell yourself DBL and do it anyways.

TL;DR:"," Whenever the voice in your head tells you something is too much work, tell it DONT BE LAZY, then just do it."
29,"SUBREDDIT: r/GetMotivated

TITLE: Motivating people to live a more meaningful life.

POST: I'd like to hear more motivational speeches about learning to be kind, I want to see more Tumblr wallpapers motivating us to enjoy life in the present moment, and I'd love to see people post here more about how they're trying to give more to charity or trying to spend more time understanding the struggles of other people. 

I kind of wonder what it takes to get people to make a real change to their personal morality and outlook. So much of the energy in motivational speeches or books is targeted at the most shallow things like getting rich, getting laid, or getting in shape. I'm not saying these things are bad, because for some people getting rich means getting out of crippling debt, getting laid means having the first meaningful relationship of their life, and getting in shape means not dying at 30. But for many of us (especially those living in the Western world) these things just aren't that important. We're healthier than humans have ever been in the history, we have more chances at relationships than ever before, and were fucking loaded. (If you're anything but destitute and you live in the U.S. you are richer than not only most of the world, but than any historical figure you can think of.)

I get the sense that often what people are seeking in getting rich or in shape is deeper than any of these things can bring. While there's nothing inherently wrong with seeking these things, they are not a honey pot of happiness or well-being. There are a myriad ways of finding meaning and purpose and countless others of transcending selfishness and ego. Changing oneself psychologically, from within, is so much harder than spending time at the gym or saving for a house. How can we motivate people to be more philosophical, more moral?

TL;DR:"," Changing oneself psychologically, from within, is so much harder than spending time at the gym or saving for a house. How can we motivate people to be more philosophical, more moral?"
30,"SUBREDDIT: r/GetMotivated

TITLE: [Text] ""Remember, you're the average of the 5 people you spend the most time with""

POST: this is something I saw in here

There's a lot of good advice in this article, but this particular comment resonated with me. All of my lifestyle choices so far were strongly influenced by the people I was around with at the time. I know this is obvious for most, and even I knew about the influence thing before I read this but I didn't REALLY understand what it meant until now.

Thinking back on the past decade, I was most motivated when I was surrounded by super motivated people (I went to a ritzy high school) who had a lot of plans to do cool shit (career decisions, travel plans, etc). Fast forward: I dropped out of college (partied too hard, whoops) and after that I was just living on my own without any real plans to do anything. I did not bother to keep in touch with those who inspired me before. I was living paycheck to paycheck.

Then I started hanging out with my parents more. They eventually asked me if I wanted to move back in and I did. My parents are SUPER motivated about their careers and being around that energy has helped me a lot (spending time with them was something I did not appreciate much when I was younger). Since living with them I've gone back to school and gotten mostly A's and B's, surrounded myself with other motivated people, became savvy with money (shout out to Bao Yu and r/personalfinance), learned to utilize my time better... I just feel productive now, and that makes me feel good about myself. I actually have plans now and things I want to do with my life.

TL;DR:", Was young and clueless. Grew up and surrounded myself with motivated ppl. Life is good now. GG pound sign coolstorybro
31,"SUBREDDIT: r/GetMotivated

TITLE: Finally made the decision to quit my job!

POST: I have been in a lot of distress for a while now and I think I have boiled it down to it being my job. I had this thought yesterday if my Head, Heart and Feet aren't aligned then I shouldn't be doing it anymore. 

I work in IT with bad management. I have worked for 3.5 years got the job at a young age and capped out for a while on my pay scale (work for the gov).  I made my primary motivation money and I gave up freedom of time. Time is the most precious commodity! I am a stuck 8-5 slave and that gives me no freedom to do the things I want. I have done a lot of deconstruction of my life and got down to the bare necessities and still feel uncomfortable. I decided I am going to dump my 401k and go back to school to do something I am passionate about teaching. 

I want to start a maker movement in my area and go to school in the process. As soon as I decided that was my decision a peace came over me. I know it is the right decision even though everyone is telling me not to. Great benefits, job for life. Fuck That! My sanity comes first and I am not a 8-5 type of person and I have this underlying feeling that it will work out!

TL;DR:"," Quitting job that is making me crazy, making a total career change and sticking with my gut against what others think!"
32,"SUBREDDIT: r/GetMotivated

TITLE: A quick thank you to this subreddit and an update on my progress.

POST: A very sincere thank you from the bottom of my heart, wolves.

I started law school this year and fucked up really badly on my first semester's exams. I was totally confused on how to write well and despite my best efforts, I bombed miserably on them. My professors told me that I had done well memorizing the rules, but I was difficult to understand in my application of the rule to the facts presented in the exams and in my explanations behind my conclusions. 

This semester I've done TONS and TONS of writing on my own, consulting various sources from the school and online to build and eventually polish my technique. I started doing practice exams and I got better and better, little bit by little bit as I was going along. I would keep coming back here to remind myself that I wasn't stupid, I just needed to be pointed into the right direction, and that I shouldn't give up on myself if I think that I could really be great at what I do.

Eventually I got to where I am today - I am VERY comfortable with writing for law school exams now. I have gotten good as spotting issues, pre-writing my answer, and formatting the tests in a way that are easy for professors to understand, yet I can still provide the complex depth that I need to really explain my answers. My professors understand me better (they've helped by looking over my practice work) and I feel much better knowing that I know how to communicate well.

TL;DR:", My exam writing sucked before but now it's good thanks to the motivation from this subreddit and good old fashioned hard work.
33,"SUBREDDIT: r/GetMotivated

TITLE: [Discussion] Finding motivation/setting new goals during major life changes, need advice

POST: After a few difficult years, I'm about to achieve a few major goals and reach a new level of stability. I'm having trouble handling it. To this point, pride, fear or desperation were the number one motivators for me and now that the tiniest thing won't throw me into disarray, I'm not quite sure what to do with myself. 

I've been stalling on my side projects, I can't read more than a paragraph, can't work out or sleep through the night. I'm doing OK at work because the fear of getting fired and having to start at square one again is still there, but I want to do more at the office too. I haven't really hung out or gone out in months and I blame work but its BS. Medically, I'm perfectly healthy but I feel sluggish and ""off"". 

Basically, I need to find positive, constructive internal and external motivators for the first time. I'm so used to being in panic mode that I can't come up with anything and I'm completely out of whack. Any feedback would be great.

TL;DR:"," after years of negative motivators, need to find positive reinforcement and new goals, since life is no longer a shit show."
34,"SUBREDDIT: r/GetMotivated

TITLE: Narrow vision sees more clearly

POST: I've been experimenting with a concept from the book The Renaissance Soul by Margaret Lobenstine referred to as ""guideposts.""

The basic idea is that a person chooses guideposts (generally 3-5) to guide actions, goals, and life overall.  This helps with the idea of spreading oneself too thin.  I know I always try to achieve too much, which eventually results in becoming overwhelmed and not achieving much at all.  Lobenstine uses the example of the customer in an ice cream shop.  You are allowed to pick four favors of ice cream.  In this way, you won't get bored of one flavor.  Next time the customer is in the shop, he may choose different favors, or the same if he chooses.

At first, I got frustrated because I simply couldn't narrow down everything I wanted to do into four guideposts (the recommended amount): between baking, cooking, running, lifting, golf, learning French, learning asl, meditation, yoga, and so on.  For some reason, it took me a while to realize that I can simply change my guideposts around as frequently as I like, so I've been choosing four different ones every day.  For example, today I chose to focus on my thesis project, lifting, studying for exams, and cooking.  Tomorrow, they will be similar but different.

I didn't include my job because it doesn't really agree with my life goals, and my energy could be better spent focusing on other things.  I don't know how effective this will be for everyone, but it's a great concept.

TL;DR:"," focusing on only four aspects of life, or ""guideposts,"" each day. Easier to focus on and complete things."
35,"SUBREDDIT: r/GetMotivated

TITLE: That moose moment.

POST: Two years ago I was driving home, just after sunset, with my three kids in the backseat of my car. Driving through a wooded section of road I had seen several deer standing beside the road and was keeping any eye out for them. They were easy to spot because of the tan color. Coming around a turn I saw a huge mass suddenly appear in front of my headlights. It was a huge moose with a full rack. What I remember from that point was like a slide show with associated thoughts. 

Slide 1 Moose running in front car and trying to turn around. My thought process, Oh Crap that's a moose!

Slide 2 Hitting brakes. My thoughts included the realization that I am going to hit this moose, quickly remembering that I have seen on mythbusters what happens when a car hits a moose.

Slide 3 Hitting the moose in the back legs it sits down on the hood of car and rolls towards me. This is the moment I remember thinking, ""so this is how I die, I never would have guessed' and remember praying that my body would stop the moose before it hit my kids in the back seat.

Slide 4 Moose hits windshield and fills my view. No my life did not flash before my eyes, but I do remember thinking or feeling that I was ok with what I had done with my life, no regrets.

Slide 5 The windshield is cracked but held together and the moose has rolled up on to the roof. At that point my only thought was ""huh"", because I did not expect to still be alive or at least not have a moose in my lap.

Later on when I was having the windshield replaced I was told that the original windshield had been installed wrong and the only thing holding it in was the weight of the glass and air pressure.

The biggest thing I learned from the moose, is that at any moment our lives can come to an end. You may not have tomorrow, the only time you are guaranteed is the moment you have now. Everyone should have a moose moment it will really change your perception of things.

TL;DR:", Live and plan for the future but don't count on tomorrow.  Not all Moose vs Cars are like on mythbusters and [Death Therapy is a thing.](
36,"SUBREDDIT: r/GetMotivated

TITLE: [Discussion] Cultivating your 'mission' in life

POST: I've been reading **Die Empty** by Henry Todd and I'm currently working through the following questions:

*""Make a list of 5 people you admire. Are there any qualities that intimidate you? Make a list of these qualities, and consider any overlap between them. Do you notice any patterns? If so, how would you begin to cultivate those qualities into your own life?""*

Through this work I've realised that the number one quality that I envy in others is clarity. Every once in a while I'll meet someone who is so certain about what they are doing that it's infectious. They have a context for their life and what they do that is just so powerful it's not wonder they get done the things they do. That's where I want to be!

I'd like to get the community's opinion. What are effective ways of finding that thing in life that is going to drive you; your mission, your cause? Sure, I know of things that are important to me and are definite places I'm going to start looking, but as it stands there is nothing that screams at me to lead the charge.

TL;DR:"," How have/would you go about finding your purpose in life? If it's not something that comes and finds you, how do you find it?"
37,"SUBREDDIT: r/GetMotivated

TITLE: [Text] 19M wasted teenage years. Turning 20 next month and want to change.

POST: So my work life is good. I've got a good job with good opportunities. 

My social life, however, is non-existent. I get home from work and sit at my laptop browsing rubbish. I don't go out over the weekend either.

I've had a long thing about what I might enjoy that would get me out the house. The only two things I could think of were joining a gliding club (I love flying but can't afford a full on licence) and rock climbing (could get me fitter). 

But I just can't be bothered to go and try these things. It just feels like so much effort and I might not enjoy them. Plus I live with my parents and they'd probably need medical attention if I announced I was going to go out at the weekend.

At some point (probably on my 21st birthday) I'd like to take a road trip with some friends. But first I need to find friends to do this, and joining a club is the only way I can think of doing it, but I just can't get the motivation to join a club. It's a huge change in my life, going right out of my comfort zone, to join a club as I never usually do this sort of thing.

Does anyone have any advice, or how I can get myself started? ('Just do it' is easier said than done!)

TL;DR:"," Want to improve my life by joining a club to gain some friends, but it's so far out of my comfort zone I'm struggling."
38,"SUBREDDIT: r/GetMotivated

TITLE: My girlfriend was told she 'couldn't' do the ToughMudder

POST: My girlfriend called me tonight and told me how last night she told her coworkers (all young to 40 year old women at a small clothing store) about how she was signing up for the ToughMudder.  Here is a link to the site so I don't have to explain too much for those of you who are not familiar:   
It's basically a long ass, very difficult, obstacle course.  
 Anyways, she told them last night and today her manager told her about how when the manager and other employees went out to dinner the night before, they talked about how she wouldn't be able to do it and that she should not even attempt it.  They ridiculed her and this type of behavior from these women is not out of the ordinary from other stories my girlfriend has told me.  She told me this upset her and made her second guess whether she should do it or not...
 This upset me.  Basically, I gave her multiple reason to dismiss their opinions and to respectfully tell them to go fuck themselves.  
 These women, who have never attempted this event nor any difficult race for that matter, are perfect examples of people who truly have never challenged themselves to do something far outside of there comfort zone.  They are examples of people who hate the fact that someone else is challenging themselves and believes they can do something that is out of the ordinary.  I have run into many people like this and a reoccurring theme I see with them is the pleasure they seek is not in the work or effort they put into something but the pleasure they will have from the party and the drinking they will do when the work week is over.  
 I am sharing this story as a warning to others that when they are confronted with beings of this nature that at least mentally, they should tell them to fuck off with their opinions, because they have no value and they distract you from your goals because they don't want you to achieve them, because they never believed they could either.

TL;DR:", Girlfriend was told by coworkers she couldn't and shouldn't do ToughMudder. I told her to tell them to go fuck themselves.  Beware of these losers in your own lives.
39,"SUBREDDIT: r/GetMotivated

TITLE: [Discussion] Feelings that give motivation

POST: Hey /r/GetMotivated,

I've been subscribed here for quite a while, and recently, I've actually turned things around for me. I won't go into specifics (although I'm sure there are some to be found in my history), but I truly cannot thank you all enough for being a supportive community and getting me off my ass.

One of the things I wanted to accomplish was daily journaling. I've been doing well, and it has lead me to a lot of introspection, which I would like to share with you and hear your responses about.

My primary motivators are others' doubt and self-guilt. At first glance, this seems unhealthy. Is it? 

I feel like my family constantly doubts and belittles me, even if they don't intend to, I can read it in the language and tone they use. I want to be successful (and improve in my various habits) to prove them all wrong, not to make them proud. I want to shove my degree in my uncle's face and say, ""This is a lot better than your fucking art history degree. It only took me a year longer than you."" Is that so terrible? I want to make my grandmother proud, of course, but she is probably the only one that I feel positively towards. 

Should I just let go of the bad feeling and work towards my goal in a positive way? I feel like this sort of negative focus could lead me down the wrong path but at the same time, it's very effective.

I feel a lot of self-guilt when I'm lazy and that motivates me a lot. If I feel guilty about sitting on my ass, I'm much more likely to go and do a few exercises, pick up the stuff on my floor, or even just journal a bit. If I allow myself to be content with my laziness (even if it's just for a break), I'm very likely to not get remotivated until the next day when I think about how lazy I was the previous day.

TL;DR:", Others' doubt and my own guilt are my two primary motivators. Is that unhealthy? Does anyone have suggestions on how to turn these emotions into positive ones?
40,"SUBREDDIT: r/GetMotivated

TITLE: Never give up the hunt!

POST: Finally breaking my lurking status to post in this sub. (even if it scares me, because the internet is a scary place sometimes.)

I went to college right after losing my mother, not giving myself proper time to grieve. I took an internship and kept going to school full time. I graduated about three years ago, and I couldn't find a job. It felt hopeless, and I was finally starting to feel the pain of losing my mom full force because the only other thing distracting me was the depression of not finding work. I had to get a job somewhere, so I started a lot of horrible jobs like door to door sales, Target, and a shady mall kiosk where the boss forced me work while I was violently ill. I at least had some freelance work to keep me going, but sometimes I wouldn't get paid, and or screwed out of getting paid. I was so miserable. Thankfully after a year and a half I found somewhere else. It wasn't the bad work, but it just wasn't for me and the pay was nothing livable. I kept up with my side work, trying to get better. After years of applying to what felt like a billion jobs, I finally had an interview somewhere I really wanted to work. I'd had other jobs I got my hopes up on just to be let down. I thought they were just okay with my work and found someone better after the interview, in my mind they were dodging my phone calls, when in fact they were just busy. I really wanted to give up on everything, the job, my career, ect. I told a friend about the interview and how they said they would call and he told me to call them again right now. When I finally got a hold of one of the people in a confusing conversation they were asking me when I was starting. Turns out I got the job. I started last week at a dream job. It may not be the dream job, but it is absolutely a start. I have good hours, and something I can live off of. I learned that day to never give up, everything just takes time. :) Thank you guys for helping me stay motivated! Don't ever give up!

TL;DR:"," I graduated college, got stuck in shit jobs like target, door to door and mall kiosks. started dream job in field last week."
41,"SUBREDDIT: r/GetMotivated

TITLE: [video] The Science of Depression - Yet another reason to start doing anything.

POST: After the video, you might ask, how does any of this motivates me to do anything?

Its simple, when you live passively your brain (neurons) actually work but passivity doesn't *Actually* promote neurogenesis(growth of brain) that is because you dont force your brain to work harder.

Here is how nature works. As long as you survive, no change is needed. Your body prefers to do minimum effort. This is why we like starchy carbs - even though they are harmful(according to scientific results of course). They are the easiest way for our body to absorb carbohydrates - aka energy with minimum effort.

Same goes for the brain. If it just survives and isnt forced into anything, then it wont change and it might even exhibit atrophy.

TL;DR:"," Do anything, read a book, begin a sport, anything that doesnt make you passive, it *Actually* helps resolve depression."
42,"SUBREDDIT: r/GetMotivated

TITLE: I don't know what I'm skilled at.  If anything.

POST: I'm 23, and jobless.  I have an associates degree in multimedia, a bachelors degree in game design, and I'm currently attending an MBA program solely to defer my loans.

I feel like I have no ""hard skills"".  I'm trying desperately to start a game development company, but I can't program, and I can't do art.  Despite my schooling.

It would seem I have plenty of softskills, but I've found that those don't help if you want to do something interesting with your life.

I can't even get a good job because all I really know how to do is think about things and write, and such.

I have this sneaking suspicion that I do actually have hard skills, but that I don't know what they are.  That maybe by lack of self-confidence in this area is somehow masking my ability accurately determine my worth.

TL;DR:"," I feel like I suck at everything and have no skills, and I need help determining whether that's true or not.****"
43,"SUBREDDIT: r/GetMotivated

TITLE: Is being motivated causing you to alienate others?

POST: I'm a software developer and work for a small company.  I share an office with a project manager and have done so for a couple of years.  Things were fine at first when he was a database administrator, but now that he's a PM, he's become a distraction (phone meetings that he sometimes has on speaker, complaining to me about his project and the people on it, etc.).

I've become quite busy recently because we one a new project, so I've been keeping to myself and doing some heads down coding and work.  Our office is pretty social in general, especially all the women here. However, I just don't want to have any part of it most of the time and just want to get my work done.  Obviously as a developer I need some quiet time to think and that rarely happens.  Now my office mate is getting upset because I'm not socializing with him as much and just ignoring his complaints about his project.  He doesn't put his calls on speaker anymore since I asked him not to.  He's also started keeping to himself more since I've been ignoring him while he talks to me.

I have over 140 changes and feature requests for this software and he thinks that's funny because it sucks for me.  I don't think it's funny, I just want to get it done, and our customer doesn't have any sense of humor about it.  He even tried joking with the customer by telling them that I have a look of panic on my face, but I didn't.  I told the customer that he was kidding and that I'm comfortable doing the work.

I like the guy most of the time and I don't mind socializing sometimes (we go out to lunch twice per week), but when it comes to my work I just want to get it done.  Last week I told him that I often ignore him when he's talking and he said ""yeah, I know you're an asshole, you've always been one in the office"".  That was bullshit because I just know when to be serious and not fool around all day like many in the office do.  I'm the only developer on staff right now so there's a lot of pressure on me.

TL;DR:"," Motivated to be serious about my work and do it, while others in the office would rather I socialize with them."
44,"SUBREDDIT: r/GetMotivated

TITLE: School Motivation Help?

POST: So, second semester begins in school. I'm all hyped for it because I know I can do better than last semester, and work my ass off for the first 3 weeks. Then I miss 2 days because I had to go out of state for Family stuff (not a funeral or anything), and that's where I start my lazy. I didn't do any of the make up homework or anything, I just sit around on my ass on Youtube and Facebook. 

First marking period ends, I have a B,B,D and A (Spanish we have a long term sub and barely do anything, World History 2, I had high enough test & project grades to get by, Biology, half-assed my work and started getting F's lowerd my grade from an A to a D, and Band, you just show up and get an A)

I don't see this and think ""Hey, well, I guess you can get around by doing nothing"" NO. I know that if I keep on doing this, I'll fail at least biology like I did Geometry (I'm a sophomore in high school by the way) and that would be a veryveryvery bad thing to do, considering I want to major in music and go to JMU, And I think you need a gpa of at least 3.5 to get in.

So, Wolves, What can help me get motivated with my schoolwork again?

(

TL;DR:"," I got unmotivated in my schoolwork and it's/will be, fucking up my grades, how do I get motivated in it again?)"
45,"SUBREDDIT: r/GetMotivated

TITLE: My productivity jump start - 4 weeks of waking up at 4.45am, 4 days a week, aided by modafinil.

POST: I'm an over-worked med student who's taken on so much in order to help me land a decent job next year that I barely have time for anything else. The past few weeks in particular I've been so busy with work that I've barely had the time to pursue my usual hobbies and personal projects that are essential for my personal growth. When I have had free time I'm either far too tired from the work-overload or I have to squeeze in various mandatory commitments to other people. So as a bit of an experiment, I decided I'd keep a 4 week diary of my progress using modafinil 4 mornings a week and waking up at 4.45, having slept at around midnight. 

I've just done the first week and it went brilliantly. Waking up at first was hard but the silence at that time of day(or night?) really helps, I got so much done and when it came to studying later on that evening I felt as focused as I would be after a really good night's sleep. 

For anyone who's interested in the all the details, you can check them out here:  but I will update this page with my progress if people are interested. 

What interests me though is the fact that my various projects involve lots of different cognitive faculties, so it will be great to test all of these out with modafinil because I suspect some of them may be less well compensated for than others after insufficient sleep. But I shall see!

TL;DR:"," 4 days a week for 4 weeks, I'm sleeping only 4.5 hours and getting lots of work done before the day is started and it's going awesome so far!"
46,"SUBREDDIT: r/GetMotivated

TITLE: Not sure if motivating or just plain stupid...

POST: So I'll share whit you something I just did and decided to post it here instead of 4chan (yes, this is how awkward I think what I just did is...)

I just had some pancakes for dinner and I felt stuffed. I usually don't eat dinner, especially not sweet stuff but hey, who can say no to mommas pancakes.

Suddenly one of my mum's friends dropped by to pick up some stuff she borrowed her. She was carrying heavy grocery bags and even though she doesn't live far away my mum insisted I give her a ride home. So of course I did.

Here's where it gets interesting: We have to drive by our local park and I saw a few dudes chilling there with some female friends. Now I usually carry glasses, and wasn't really paying attention, because, you know, driving, but I was pretty sure one of those girls was the one I really really like. So when I came back home I knew I had to check out if she really was there, but because I wasn't good friends with those guys I couldn't approach them directly. Only one logical thing to do here.

There is a road that goes behind my house, through the fields, through some woods, over a small hill and ends up on the other side of that park. So I put on my shoes, took my dog, his leash and ran 4 four frikkin miles (6-7 kilometers) just to check out if my crush was in the park. I believed I would appear cool, random and woo her with my golden retriever. She. Wasn't. There.

TL;DR:", Saw people in park chillin and thought my crush was with them. Ran 4 miles through some wildlife terrain with my dog to check out. She wasn't.
47,"SUBREDDIT: r/GetMotivated

TITLE: Running: The gateway to motivation

POST: It has been said several times in GetMotivated, but I'd like to say it again.

Running can help you motivate yourself to do new things, or get better at things you already do. Most people don't get out to go exercise, and running can be the start of that.

By running, you are motivating yourself to *do something new*. While you are running, you're motivating yourself to *keep going*. Feeling tired? Keep going! You're motivating yourself to *improve*.

You can apply the motivation you learn from getting yourself to run to other things too. 

See someone cute that you want to talk to? *Talk to them*, you're doing something new. Already talking to said person? *Keep talking to them*, you're improving your relationship.

Think you might be interested in a new hobby? *Try it*, you're doing something new. Enjoying your new hobby? *Keep participating in the hobby*, you're going to improve your skills in it. Feel like you're reaching a plateu in your skill level? Try new things in it... you'll improve more.

TL;DR:"," By motivating yourself to run, you're learning motivational skills that you can apply elsewhere in your life to improve on whatever you want to improve."
48,"SUBREDDIT: r/GetMotivated

TITLE: What in the actual fuck.

POST: My life has literally done a complete turn from what was planned. I didn't make good enough grades this past semester and can't be re-admitted in the fall, I lost my girlfriend and the only thing I was looking forward to (life guarding this summer) I can't do because I missed a drug test to get employed by the city. So now I can't go to school have to look for a new job way to late and lost a very good friend I thought I could always rely on. I know this is nothing in comparison to some of the posts on here but for me this is leaving me with a lot of uncertainties I thought I would have locked down. And I had a bit of problem deciding which subreddit I was going to post this in, either make me feel better or offmychest, but then as I was writing the beginning I thought fuck it. Fuck it all. I can do so much more than what I had planned what I was planning on doing would give me zero challenges and leave me at the same place I was last year which is not the point in this short blink of a life. I have nothing left to hold me back right now no ties no worries nothing at all I should be freaking out but I feel like a huge weight has been lifted. Do I miss my girlfriend and best friend sure I do. But there's nothing that says I won't or can't find another one someone just as good or better. This is my fucking life and I'm going to make it my fucking world. Everything got torn down I tried so hard to build up trying to please everyone else. Now I get to rebuild it my way however the hell I want it I refuse to let this drag out another day. I don't know where I'm going yet or how I'm getting there but I'm going. I've already failed one way what else is left for me to be scared of? This turned out way longer than I was expecting so if you're still reading, to sum it all up, fuck this shit. Try and stop me.

TL;DR:", lost almost everything I tried so hard to keep. Don't give two shits I can do whatever I want and I'm not backing down.
49,"SUBREDDIT: r/GetMotivated

TITLE: I can't relate to people anymore. Help, Wolves!

POST: Hey Wolves,

I need your help. I have been spending the last 3 years of my life stuck in a rut. It sounds pathetic, but it started 3 years ago when my first -- and to date, only -- girlfriend broke up with me in a rather heartless way.

Since then, I lost all interest in developing relationships with people. I haven't been able to develop a solid group of friends for years. I know many people but only superficially, when we happen to be at the same event. But I am rarely invited to integrate into any social circle. This may be my fault; increasingly, I am unable to empathize with people during conversation. I don't feel like people are worth talking to or that they think I am worth talking to. I feel almost *alien*. I feel like people only talk to me when they need something from me, or when it is in their interest to be associated with me.

Recently, I have become even more jaded and alienated after two of my friends shocked me. I casually mentioned something about having sex in conversation and they both jumped out of their seats and said ""WHAT?? I can't believe you're not a virgin. you look like you are"".  Okay, I'm pretty geeky but not overtly. I am well-groomed and dress stylishly. I *am* a bespectacled CS major so maybe that's the giveaway. But how many people had been assuming these things about me simply based on my appearance? Is this the state of humanity, that I'm immediately judged and dismissed as a certain type of person even by people I've known for years? Do I even stand a chance at overcoming this without modifying who I am to appease others?

I guess what depresses me is that I don't have any relationship in my life that fulfills me, into which I can invest time knowing that it will enrich my life. At each milestone in my life (college, getting a job, etc) I have been hoping that suddenly things will click into place and everything will be better. Sadly, the years have whiled away with little improvement. I feel like a pariah and have lost faith in people.

TL;DR:"," I have no faith in people, so I can't have any relationships. Or perhaps vice versa. I would like to change that."
50,"SUBREDDIT: r/GetMotivated

TITLE: Feeling a little burnt out from school. Any advice?

POST: First, I'm really sorry if this is the wrong place -- please direct me elsewhere if this is inappropriate.

About me: I'm a junior at a pretty tough university. I've always been a good student (through nerdiness, not work ethic). I did pretty well my first couple years in college, though I got more and more tired of it over time. However, I had an extremely rough course-load last semester that entirely sapped my energy. I made it through with lower-than-usual grades (sub-3.0), but given the rigor I was happy.

This semester, I just don't have it in me anymore. I'm doing just as poorly in my courses as I was last semester despite consciously taking a lighter schedule to allow for mental recovery. In fact, I may be doing worse -- I went from previously putting in 20+ hours per week for just one course to now not even turning in all my work. I get faint bursts of energy but they dissipate all too rapidly and are a longshot from my previous studying stints.

Has anyone overcome a similar situation? I just feel burnt out. I don't want to be in school anymore but given my personal life goals I need to stick it out.

TL;DR:", Great college student + courses way too hard for me last semester = supremely lazy this semester. I want to be who I was last year again.
51,"SUBREDDIT: r/GetMotivated

TITLE: [Text] What life's all about: A Rant.

POST: Hello, motivated redditors!

You may know me as the obnoxious, ""spiritual"" redditor who was adamant that love or freedom or survival was the ""meaning"" or ""answer"" of life.

I've since realized that any type of ""meaning"" is bullshit, and an excuse.

I used to fear death. Until I was told that fearing something inevitable is pointless. Life is temporary. Therefore,  we must use every moment, every goddamn second of life in the way we want to. 

You live life for YOU. Ultimately, YOU are at the core of everything you do. Do what YOU want.

Don't question life. Just LIVE life. Imagine you did know life's meaning. Then what? 

Don't bullshit yourself. We can only know what we know. We know that life is temporary, and that if we work for something we can achieve it. Work for what YOU want.

Losing the war is inevitable. But that doesn't mean you can't win the battles.

I hope that my lesson has also taught all of you. Go do what YOU want, Reddit.

TL;DR:"," You live your life for you. Do what you want. Work to get what you want. Win life's battles. Don't question life, live life."
52,"SUBREDDIT: r/GetMotivated

TITLE: Need some motivation/advice on getting my life back on track. Any ideas?

POST: Here's the skinny:

I'm a 22-year-old full time student who works two jobs(one of which I really enjoy and the other, a complete drag). About a year ago I was fit, healthy, motivated, happy, etc, but somewhere it all went downhill. Since then I've gained weight, lost motivation in school, and can't seem to get out of this rut. 

Every few weeks I tend to get really motivated, eat properly, go to the gym, and focus on making my life what I want it to be. But then after about a week I lose all hope and sink down into some sort of depression in which I eat poorly, don't exercise, and generally can't get myself to get out of bed.

I have dreams and aspirations, but I can't figure out how I'm going to get from point A to point B. I guess the thought of failure or fear of letting loved ones down overwhelms me and kicks the shit out of me. You would think the thought of failure would motivate me to do the things I aim to do, but it doesn't. I suppose I feel that I won't ever succeed and fulfill my dreams, so I just don't try anymore. 

I don't know what to do. I know that I need to do something, else I'll never amount to anything. What can I do to stay motivated and happy, and get my life back on track?

TL;DR:"," I need some help getting out of an eternal rut. How do I get motivated to pursue my dreams and aspirations? How do I motivate myself to get healthy and happy, and stay that way?"
53,"SUBREDDIT: r/GetMotivated

TITLE: [Story] A motivating email reply from a popular figure.

POST: Back in 2009, I was struggling in the gym to get rid of that belly and build more muscle. That's about when I saw an autobiography at the local bookstore, and plus it had the writer's workout routine in the back few pages. It was Arnold Schwarzenegger's 'The Education of a bodybuilder' an old book that he had written during the early days of his career. I could strangely relate to his struggle when he came to the states and he would describe sculpting the body like clay, also the part about how he prevailed over the harsh competition at age sixteen really did motivate me. But I won't ramble on about the book, I decided to follow the routine given in the back pages.        

It may sound delusional, but I wanted to contact the man himself to let him know that I was into his old workout programme and had questions. He was Governor of California at the time and his email id was available at the website.     

I wrote to him thinking it would be sidelined as another fanmail. But I did get a response, and that motivated me to go train harder than ever.      

After digging into gmail archives, took screenshots posted [here] and [here] The whole thing wouldn't come within my Nexus 5 screen.     

You're free to think its fabricated, or that someone else was pretending while replying, but that reply was significant for me and definitely motivated me for a very long time.

TL;DR:"," Had been following Arnold Schwarzenegger's workout routine from his younger days, so I decided to write to him in 2009. Got a motivating reply and have posted the screenshot to it above."
54,"SUBREDDIT: r/GetMotivated

TITLE: Thanks for that pushy push.

POST: So about three years ago I weighed 450 pounds.  I was at the heaviest I had ever been in my life.  I was unhappy, but got through it by abusing a lot of substances.  This is a picture from around that time. 

Something clicked though and even though I kept abusing substances I lost about 150 pounds over the course of a year.  There wasn't any science to this amount of weight-loss, I just stopped eating as much...and munching out.  It felt amazing I finally took hold of something in my life and I was starting to reach a place I had always wanted to be.  This is me in that time frame. 

What happened next was the hardest thing for me I hit a plateau that I couldn't break.  For the next two years I fluctuated from about 310-300 pounds.  I tried tons of diets.  I was a vegetarian for almost a year and a vegan for a few months.  Nothing worked.  I even saw a psychologist who specialized in obesity and taught me many exercises to use in daily life to help me lose the weight.  Nothing worked though.  Then I found Reddit.  I started browsing the subreddits and two that I became in love with were Lose-It and GetMotivated.  I've lurked here forever, or so it feels.  I made an account just to subscribe to these subreddits.  With all of the posts I saw from these subreddits I became extremely motivated and decided to jump back on the wagon and try to lose the weight again.  Through the use of strict calorie diet I finally did what I thought was impossible.  I broke my plateau.  I now weigh 275 pounds and can fit an extra-large t-shirt for the first time since middle school.  I also have quit everything, but drinking now and again.  All I can say is thank you to all the people who take the time to share their stories and motivational pieces on LoseIt and Getmotivated. Thank you.  Also a shout out to my younger brother who was an inspiration. Here is my latest picture with the before from about December.

TL;DR:"," Weighed 450 pounds three years ago, lost 150 on my own and then I hit a plateau for two years.  LoseIt and Getmotivated helped me break my plateau"
55,"SUBREDDIT: r/GetMotivated

TITLE: Would-be artist's motivation from a would-be/soon to be artist.

POST: So, I've just recently discovered this subreddit. Maybe two weeks ago, give or take a few days... Anyway...
In the past seven days, I've achieved more than I think I've achieved in the whole of January, and most of February.
I've always wanted to try my hand at drawing, I wanted, and still do want, to be good at art.
Except I never took art in school.
I am constantly amazed at the ability of better artists... My friends, and other prominent artists on the Internet.

""Well, they had an advantage over me: they started when they were much younger, so they've had more time to practice. I could never hope to reach that level of skill in my lifetime.""

I used to think this. Then I realised that that's fucking wrong. I know of, and have seen, artists of great skill who begun drawing and creating when they were many years older than me. And no, the differences between my age and your age are not a factor in this argument, so shut your gorram mouths, all you pessimists.

Those artists just started small, they kept at it, and *worked* their way to the top, because that's the *only* way to the top. I wanted to create amazing tapestries from the start. I ended up practically smearing shit on paper.

Now, I've started drawing small things... I use references and tutorials, and I draw things even if it's not something I particularly want to draw, just because it's easy, and it's **practice**.

I think there was a quote on here earlier to the effect of ""All great artists start small."" Those who would aspire to become an artist, or anything along those lines, would probably do well to adopt that line as a personal creed, or something.

TL;DR:"," Best subreddit ever. If you want to draw, go draw. If you can't, draw small and don't lose faith in yourself, you gorram pansy... yadda yadda."
56,"SUBREDDIT: r/GetMotivated

TITLE: Be your own source of motivation / inspiration

POST: Hello GM,

Been seeing a lot of ""Help, I'm losing motivation!"" threads recently and thought I would share with you some hopefully motivational thoughts.

I'm a very motivated and driven person even though I really shouldn't be I'm working hard to completely change my life and I'm in period of suck, but that's not important. What's important is how I stay positive and motivated to not stop not matter how many set backs I have.

If you are losing motivation it usually is because you have plateaued, are doing the same thing you know you can do or are not getting results. This can be mentally or physically, doing the same thing over and over is boring, what you have to do every now and again is really go out and test yourself.

Exercise is an easy one, just. fucking. push yourself! I was in a slump a few days ago wasn't gonna go for a run but I got angry, I got pumped up, I told myself **""No! I'm going to fucking do this!""** and ran double the distance for shits and giggles felt fucking **proud** of myself.

Same with mental tasks, have you ever tried to build something you've never been able to before? Rebuild an engine, build a website, learn how to weld, work on memory techniques. Surprise yourself and level up, then you start to become curious about how much you can *actually* achieve.

TL;DR:"," So when you start to lose motivation get pumped up, watch some videos of your heroes, listen to your favourite songs and go out and make yourself fucking proud."
57,"SUBREDDIT: r/GetMotivated

TITLE: [Discussion] How to motivate your partner when they have no self esteem?

POST: My partner (late 20s) has always had awful self esteem, he genuinely seems to believe he's worthless, unattractive and useless.

In reality he's good looking, smart and a general pleasure to be around. 

I've always been pretty well motivated as a person, have a decent career and am starting to build up some side income too. As a result, I earn a fair bit more than he does.

He's not far off from depression because he'll ""never be as good as me"" and ""may as well just give up trying"". I've been encouraging him to do little side projects outside work so that he does feel more valuable and he does well at them but then gives up before seeing success. 

I've no idea how to help him here. I seem torn between:

1. Not pushing him to do anything outside work, just letting him relax and try to be happy with what he does have (he'd consider this to be him failing).
2. My current plan of gently prodding and encouraging him, which results in him not trying enough to see much success
3. Taking control and saying ""look, you need to do X Y Z if you want plan X to succeed and I'll nag you until it happens"". Which may lead to success with the downside of him hating me!

TL;DR:"," Well-motivated people of Reddit, what have you done when your partner feels crap and needs motivating without causing a rift between you?"
58,"SUBREDDIT: r/GetMotivated

TITLE: Here is my trick for getting up right away instead of hitting snooze 10 times.

POST: So I'm a night worker, and though I always set my alarm for 10am so I can get up and accomplish shit, I have been snoozing for alarmingly long amounts of time. I can spend up to two entire hours of the morning hitting the snooze button, not sleeping and not getting a thing done either.

So I decided to listen to some music during my first snooze. I keep the laptop beside the bed, open it up as soon as my alarm goes off the first time, and put on a really upbeat song. My favourite for this is [Into Action - Tim Armstrong] it's upbeat, motivational and dancey. It gets my toes wiggling, I start to do a little butt-jive, and before the song is halfway over I am up and dancing around in my pajamas. It's actually retarded how much music can affect my mood and energy levels, but I finally figured out how to use that to my benefit! Maybe it will work for you too.

TL;DR:", Try putting on a song that makes you want to dance in the morning while you snooze to get you up and moving.
59,"SUBREDDIT: r/GetMotivated

TITLE: People dont change overnight?

POST: This is the story of my recent motivation. Let me start with a little backstory.

I (24/m) have been unmotivated for many years. I constantly talked about doing things, but I never followed through. I have settled into a lull in the past year since I got my own place and haven't been feeling particularly motivated or depressed about about my sloth. I have had a very erratic sleep schedule due to heavy sleep and general gray attitude.

About a month ago I went to sleep feeling normal with no particular plans for the next day, which was my day off. Normally I would spend the entire day in my house, sitting and playing games with my roommate. I had a strange (strange) lucid dream. I won't get into details, it will suffice to say it had to do with neither motivation nor depression. I woke up that morning and just started getting shit done in my life. Shit that desperately needed doing, much of which I had been putting off for months or years. I spent that entire day this way, and then the next and the one after. I felt better than I had in years and was thinking positively and exercising for the first time in a year. I was also sleeping routinely and waking up, naturally and on-time, with energy.

Since then I have only had a couple of bad days and even those didnt touch the level of laziness I had before. It has been a month unlike any other and I have been feeling very little depression. I learned from my new self and started imposing those values into myself as a person (i.e. positive thinking, less complaining). Its incredibly thrilling for me and is a total change. I do understand that It will be hard to maintain over a longer period of time, but I am thinking in a genuinely positive way about it and I am finding my new pace easier to continue with each passing day.

Anyone have a similar experience, comments or a possible explanation for my sudden transformation I would like to hear about it.

(

TL;DR:"," I went to sleep a month ago and, for no reason at all, woke up motivated and energetic. I have remained motivated and energetic ever since)"
60,"SUBREDDIT: r/GetMotivated

TITLE: Nearly hit my new years resolution.. Backflip twist on the floor!

POST: Hey Wolves,

After posting this here:
[Old post](

I've nearly hit my target! Landed my first one yesterday, stumbled like a motherfucker but I beat the fear!

[landed the bastard plus fuck ups](
(I'm the guy in the white shorts)

I severely injured myself doing this 6 months ago (check old post for details) and now I'm going for it again harder and better than before. Thanks for all your tips and tricks really pushing me harder than before, I'm gonna have this move before new years! 

I hope this might inspire some people as I'm just a regular guy who thought, ""Fuck it I'm gonna learn gymnastics!"" If I can do this after being a fat nerd most of my life you can do anything.

TL;DR:"," Landed my first backflip with a twist, still got a long way to go  thanks for all the motivation"
61,"SUBREDDIT: r/GetMotivated

TITLE: [Discussion] Confident people only! (SRS QUESTION)

POST: Confidence is said to be the ability to keep the promises one keeps to himself. My question is what if the said task you set for yourself on the journey towards your goal becomes impossible/invalid?  For example, lets say you have a goal and one of the task requires you to set an appointment, what if you fail to do this by something completley outside of your control, such as the staff not accepting your type of insurance?

If success is a step by step process, realizing that there is even a .000001% chance I cannot complete a task or follow through on what I say (though impossible) makes me feel less confident because if I cant be sure I cant follow through on a simple task,how can I be confident in my ability to a accomplish a goal or even keep a simple habit such as exercising when I know I could have a valid excuse for not doing so?

TL;DR:", what us the criteria for excusing yourself from a task because it is impossible/ invalid anymore (without losing your integrity/confidence/ability to do what you say your going to do?)
62,"SUBREDDIT: r/GetMotivated

TITLE: Just finished my first Century Ride! TL;DR at bottom

POST: This afternoon I finished my first, of what I know will be many, Century Rides (100 km) on my bike. /r/GetMotivated had given me a lot of inspiration yesterday after work, which is one of the reasons I pushed myself when I went out today.

My [ride] was originally planned to be 70-75 km, however I was feeling good and decided to challenge myself to see if I could complete the Century Ride.

Some backstory: In November of 2012 I suffered a concussion, the 4th of my life, which caused me to completely shut down any physical exercise. Difficult because of my place on the varsity rowing team.

Since being cleared in April to return to sports I haven't had a lot of opportunity to get in exercise because of my summer job. I maybe had put in 200-250km total over about 3.5 months on my bike. My longest ride in the summer to date had been [60km] on Thursday (August 8th). Not all my rides are on that list, but everything else was around 20-30km each ride. 

One thing I reflected on after coming home was that you can do some amazing things when you challenge your mind and body at the same time. The hardest challenge is telling your mind ""No I can do more"" and pushing through fatigue.

I had set a goal of riding a century by the time I go back to school in two weeks. Looks like I underestimated myself because I set that goal yesterday (August 9) and completed it well ahead of schedule (August 10). 

Make goals and write them down, vocalize them, share them with other people but follow through don't just dream about them.

TL;DR:"," Completed first 100km bike ride 13 days ahead of my set goal of doing it within 14 days from yesterday August 9th. Challenge yourself but specifically your mind, it will quit before your body."
63,"SUBREDDIT: r/GetMotivated

TITLE: Do you have a problem with skipping workouts?  My new app called RunningClub helps you keep yourself honest.

POST: Call it a shameless plug if you will, but I truly believe this can be helpful to the r/GetMotivated community.  

I use the term ""my new app"" losely, as I was merely a second/third/fourth opinion and sort of ""consultant"" during the development.  I receive zero money from this app (which is free, anyways.)  I just want to get it into as many hands as possible because I am a frequent user myself and I know that it helps me show up for runs that I would have otherwise skipped.

To describe it in a nutshell, RunningClub is a digital version of a real life running club.  It functions much like a social network in the you have a personal profile, can connect with friends and can invite said friends to an ""activity"" that you create.  Of course, you can also join existing activities.  

Once you're in the activity, you can let the app run in the background while you workout.  It will log your distance and time in real-time, much like the GPS in your car.  The difference is that you and the other ""racers"" are all depicted on the screen as different colored dots.  This way you can watch as you pass and/or get passed by others.  Your iPhone will vibrate to let you know when such a thing happens, which can be a gentle nudge to make you push harder during a long run. 

That's the gist of it.  Obviously, I know enough about the app to answer any questions you may have.  I didn't see anything in the sidebar against sharing resources like this, but if I'm unknowingly breaking a rule, please alert a mod to remove this.  Also, this will be crossposted to other relevant subreddits just one time.  I'm not here to spam, but I am here to share a valuable resource with certain subcommunities.

Thanks in advance to anyone who downloads, shares, likes, follows, reviews in the app store, or otherwise supports this project I've been involved in.  The appropriate links are as follows...

[Facebook](

[Twitter](

[App Store](

TL;DR:"," RunningClub is a GPS-based running application that allows you to meet friends (or strangers) from anywhere in the country to run, walk or bike in real-time"
64,"SUBREDDIT: r/GetMotivated

TITLE: [Text] I don't know how to feel about my life.

POST: Im dont really post on here so sorry if this turns out really poorly written or formatted. 

I use to be a very social person, and my goal was to be as popular as i could be. I went around collecting friends willy nilly as i thought it could be used as a means to make me happy. Eventually this all changed as i was going into my first year of highschool. All of a sudden I no longer had any desire to socialize. I started to build up a mass of social anxiety and the amount of friends and people i communicated with was rapidly diminishing. Its not that I am depressed or that i am hate all the people I use to talk to, but its that I wasnt happy doing it. Now however i feel quite lonely as i have diminshed my friend count to around 5. My life just feels so dull, and like everyday is a perpetuating cycle of nothing. Im not sure if this is bad or not because I was pretty miserable before living the life of a socialite. Also i have really weird self esteem issues and a pretty big inferiority complex. Never the less I dont know if i should just go for it and try to social stuff( like tell my ex who is the one real relationship I have ever had that i still have deep feelings for her even though we are just friends) or if I should just be content with not being depressed and live one a continum of emotionless daily life. Sorry for rambaling but

TL;DR:"," use to be social, now im not. I feel lonely but dont know if its better to be lonely(and longing for a relationship) or be social and feel uncomfortable and miserable."
65,"SUBREDDIT: r/GetMotivated

TITLE: Extreme quitting, or how I'm going to take my life back.

POST: My life is pretty good. At 33; I have a good job, a place to live, a beautiful wife, and a loving family. It wasn't always this way, but after 20 years of lessons learned, close calls, and excruciating sorrow and pain... it is.

But... but but but, there's a ""but"". One doesn't go through life without collecting some baggage. I'm here to lose the baggage.

Things I am quitting cold turkey Monday at 12:00AM. ""Quit ALL the things!"":

* Drinking - I drink myself drunk daily because of... fuck excuses. It's humiliating for me and I haven't had an sober day since 2007. Fuck this shit, I quit.
* Smoking - WTF why do I smoke 20 cigarettes a day. I smoke because I smoke because I smoke. ClickBOOM; I quit.
* Processed non-whole foods - Cognitive dissonance defined, putting that tripe in your mouth and pretending it's good for you. I'm looking at you trans-fatty acids.
* Inactivity - Sloth. One of the cardinal offenses. I'm not going to sit down for more than an hour, no matter what. Humans were not meant to sit and stare at computer screens. Fortunately, this won't be a problem at work. It's just at home that I need to make this change.

TL;DR:"," Fuck it, I quit. Let's hit the wall at full speed and see if we're stronger than the wall."
66,"SUBREDDIT: r/GetMotivated

TITLE: too many hobbies, not enough motivation...

POST: I have about seven hobbies that I cycle through every few weeks. I'll see something that inspires me to frantically focus on one, do it consistently for a week or two, then move on to the next one as I get bored and frustrated. My focus had been to get GOOD at the thing I was doing, and as a result of my constant switching, I'm just proficient at most of them. I know to keep myself motivated, I need to focus on enjoying them, which I try to as well, but my focus wavers. 
I really love all of these hobbies, but I feel like 7-ish (and counting, I'm interested in almost everything; surfing to painting to writing to knitting, everything sounds fun) is too many to really focus my attention a sufficient amount to any. 
Right now, here's my list:

* skateboarding/longboarding
* reading
* baking/cooking
* martial arts
* drawing
* snowboarding
* playing bass

I love all of them, but I feel like I can't continue attempting to do all of them without becoming stuck in a quagmire of mediocrity. How can I narrow this list down?/ Any advice for a guy like me?
thanks!

TL;DR:"," I have too many hobbies to juggle and I can't divide my time between them, and as a result I cycle through them every few days/weeks, never becoming more than proficient at them. help?"
67,"SUBREDDIT: r/GetMotivated

TITLE: Ok Motivateit, I want to try something.

POST: OK here's my plan,

So basically, I've had a bad case of the flu for the past week, and in doing so, have done no exercise, I'm a very fit 21 year old male, I rock climb a lot and my general motto on fitness is to be as fit as humanely possible for the activities I do.

What I want to try for this week is the following:

I will be training every day, give me hard out ridiculous challenges to complete. Think of some ridiculous work out or circuit and I'll write down all the ones I feel are not insane and do them this week to get back into the swing of things. Rest days will be me in the climbing gym, most likely Tuesday and Thursday. 

I don't know if this will work, depends how many people want to get behind it.

TL;DR:", Give me the most intense exercise or circuit you can think of. I'm very fit and have had a week off.
68,"SUBREDDIT: r/GetMotivated

TITLE: Running 5k like a boss

POST: Hey GM,

Thought you might like this,

Basically woke up on 8am Saturday morning pretty much fucked after training 4.5 hours on Friday and was contemplating not going to a 5k run me and my flat mate had been participating in. I was about to go back to bed when my flat mate told me to not be a little bitch and that we were gonna do it anyway!

So I got changed and we set off at 8:50 and had to run to the park to get to the start line on time, (it starts at 9:00 on the button) we got there and saw people running the opposite direction.... FUCK! So we ran like mad man to the start line then ran to catch the pack up after getting there over a minute late.

Now me and my flat mate are ultra competitive and we have been chasing these guys around the 5k for weeks and never beat them so we ran. like. fuck. We caught up and started to overtake people, slowly working our way up to pack until the last 1k we fucking caught up with the guys we used to race against. I thought I was gonna die, I saw them speed up and I sprinted with everything I had but sadly they stayed ahead of me again... but fuck me after running an additional 2.5k to get there I finished 16 out of 74 in 21 min (including the late start) so next time they're fucked!

You can push yourself a lot further than you think you can wolves never stop pushing you get stronger everyday, mentally and physically!

TL;DR:"," Ran 2.5k to a 5k race, got there late still did it overtaking most of the pack and caught up to my rivals after a massive handicap. Next time we do it they're going down!"
69,"SUBREDDIT: r/GetMotivated

TITLE: Anxiety and productivity issues, any advice?

POST: I apologize if this is the wrong subreddit for this, but I've been struggling with my productivity my whole life and just realized that anxiety and chronic worrying is having a serious impact on my life.

I work a day job part, take care of our home and animals, and am working on developing my own business.

My fiance and I just had a long and emotional conversation, where I was telling him how stressed out I was about everything going on and I need a period of time without any new projects in my new business where I can focus on the back-end work.  Each time a new project comes along, it just piles on top of the last and I have no foundation for organization, and it keeps snowballing.

He pointed out that I do have the time and just worry too much about everything.  I take everything personally, I keep making excuses, but in reality, I think too much and get scared, and retreat.  I try to relax, and doing mindless activities helps temporarily but I can never get back on track.  And then I realize I got nothing new accomplished and it gets worse and worse.  I think about all the things I need to do that I haven't yet and panic.

I have tried meditation and simply can't shut my brain off.  Exercise works, but I have projects to work on and feel like I don't have the time.  I think for hours and hours and it leads nowhere.  I'm sure many of you are here because of this very same issue.  How do you deal with it?  Are there natural supplements that help?  Does therapy really do anything?  Also, could birth control play a role in any of this?  I haven't always been this way, only the past year or two.

TL;DR:", I've created a world of anxiety by thinking too much about everything all the time and it's getting in the way of life.  How do you stop?
70,"SUBREDDIT: r/GetMotivated

TITLE: Looking for some motivation help. How can I stay motivated near the end?

POST: I belong to a Tae Kwon Do dojang that I love. It is a more traditional practice of this Korean martial art. Not only do we learn sparring, kicking, and punching techniques, but we learn discipline, self defense, poom sae, and other techniques often lost when the art is Americanized. I love it.

I am very close to black belt, two belts away. Theoretically it should be about another year of training before I reach this belt. As expected, training sessions are getting longer and tougher. But I'm starting to feel overwhelmed by it.

I end up training about 15 hours per week for Tae Kwon Do. On top of my full time job, part time job, and part time grad school, I am left physically and mentally exhausted. This past week I was unable to train due to illness, and while I missed the dojang and exercise, being able to sleep and relax was a huge relief.

I need to stay motivated for the next year so I can earn my black belt. Do you have any good advice or motivation techniques?

TL;DR:"," Two belts away from black belt but 15 hours of training a week wipes me out. Losing motivation, need some advice"
71,"SUBREDDIT: r/GetMotivated

TITLE: Compulsive Reddit Commenting - If if feels good, do it?

POST: Hey Wolves!

So, I have a confession to make - I'm procrastinating something right now. Yes, yes, I know, this post itself is going against the spirit of /r/getmotivated, but hear me out. Is it such a problem that I've been surfing a ton of reddit, if it leads to a positive habit? 

Long story short, I got home from work, was absolutely exhausted, did a little cleaning, but never progressed to the programming I wanted to accomplish. However, instead of watching a movie/dicking around facebook/playing games for the past hour, I made my rounds on my favorite subreddits, and contributed some long and (IMO) well fleshed out comments. And, you wanna know what, *it feels good*.

So many wolves resolved to writing more in the new year, whether that's a journal, blog, novel, or something else. I think I may make comments my format: your opinion is hitting a much larger audience, you do not have to determine the topic yourself (something which I know can be a killer for many aspiring writers), and you can still reread everything you write!

Wolves, have I stumbled upon a joy of reddit that should be embraced, or am I getting lulled into a trap of procrastination?

TL;DR:"," I spent a lot of time tonight commenting. Commenting is fun and surprisingly fulfilling. Can commenting be as productive as time spent writing in other formats, or should I continue to restrict my Reddit time?"
72,"SUBREDDIT: r/GetMotivated

TITLE: Guys I need help again.

POST: Severel weeks ago I posted about an issue I was having with a girl 

Link: 

I told myself ""I'm not going to give up"" and on Monday (11/21/2011) we were hanging out and I said ""The most painful thing you can do is take a man out of the hunt"" (in regards to finding a mate, in a primal sense that is) and she agreed and was like ""I just didn't know what to say, I'm just not ready to be in a relationship with anyone right now"" and later in the evening she says she wish I had some condoms left...mixed signals is the message I'm trying to get across. Lo and behold shes dating this chick now. So....it really fucking hurts, being played like this, I...I just need a hand, you guys helped me out last time and I thought things were going to be better and they were for a bit...I just need a hand.

TL;DR:", bitch said she wasn't ready for a relationship two days later shes dating some chick. Need motivation to keep from feeling like shit.
73,"SUBREDDIT: r/GetMotivated

TITLE: [question] Need to rediscover motivation towards school

POST: Hey,
Not sure if this is the right place (sorry if it's not). I'm currently finishing my last semester of college, I'll be graduating in June. I went directly into post-secondary after High School 6 years ago. 

I've always been a procrastinator finishing assignments right before they are due. But this last year I have been doing it much more. I feel lethargic towards school work, and I really don't want to spend my time doing it. I'd rather work/socialize/game/watch movies/clean anything to avoid doing my homework. 

I'm curious to know if anyone has experienced a similar feeling and has any advice? I currently have a paper to write that was due Sunday (I'll be losing part marks for handing it in late) and I could care less yet it's worth a lot.

TL;DR:"," I have lost all motivation towards school assignments in my last semester. I feel like I should care, but I don't. Looking for tips?"
74,"SUBREDDIT: r/GetMotivated

TITLE: I just wanted to share the story of my motivation

POST: So I recently had an extremely acrimonious breakup, and this girl wants to try and stay in contact with me despite all of the awful stuff that happened, and that she has said about me.  Going into the new year I was depressed, unmotivated, and was considering leaving the area that I moved to (in order to be with her with) my tail in between my legs.  I still had residual feelings for her and I was stuck believing I was the worthless sap of a man she (most likely) still believes that I am.

Almost like magic on Jan 1, 2012 I woke up with a new lease on life.  I realized that I was living the labels that she set for me.  Her false impression of the kind of man I am was becoming a reality.  I could either stay where I was and continue to live in the hole I had dug myself, or I could work to be the kind of person that deep down inside I knew I was.  

Once I saw this choice, the path became obvious.  Get out there and meet the women that my city has to offer.  Hit the gym hard, and get back into BJJ and Muay Thai, become the beer expert I want to be.  Stop sitting at home with video games and porn every night.  Reach out to the friends I had marginalized or dropped to the wayside to please a woman.  Start giving to my social circle and reap the dividends that a positive attitude and personality can offer.

I turned 29 yesterday, I am on the doorstep to 30.  I have never felt more positive energy coming from myself at any other point in my life.  The workouts I do make me feel as strong and powerful as I was in my early 20's.  I sweat the lost opportunities and what ifs of my 20's less, if at all.  I feel a physical strength and a mental wisdom I never thought possible.

TL;DR:"," Don't let them decide the kind of person you are going to be.  Build the life you want, one activity at a time"
75,"SUBREDDIT: r/GetMotivated

TITLE: [strategy] If you want to avoid getting lazy about a routine, join a club for it! Hear me out...

POST: I'm still in school, and I've been wanting to get in better shape and all that stuff. I joined the gym, but I dropped it for two reasons. The first reason was because I kept coming up with excuses to not go. the second reason... I'll mention it in a second.

I joined my cross country team for two reasons. I want to look good for highschool, get into our honors society, and do something with my time. I also wanted to get into better shape. This has worked a lot better for me because I know that I'm expected to go to practice and things every day. I know that I have to make time and I can't be lazy and just skip a day.

 Personally, I hate being late for school or something. I hate missing a day. If I'm sick, I'll still go unless I'm throwing up my intestines or something. joining the team has forced me to make it to every practice. It feels a lot easier to keep getting in shape because I know that I have to go at a certain time and I can't loosely decide when to go run or something. I reccomend that you guys do the same.

TL;DR:"," Join a club or community that has regular, set dates and events that you go to. Fit your schedule around those appointments, training sessions, or something else."
76,"SUBREDDIT: r/GetMotivated

TITLE: After surgery leaving me in pain and hard of breathing, I finally GotMotivated

POST: A few days short of two weeks ago, I had surgery to remove a polyp from my sinuses and have my turbinates (responsible for mucus production) shaved down. They said I'll be in pain for a good 2 weeks, and I'll ne able to do whatever I want in 3 weeks, but that if I feel up to working out or doing physical activity at any time during that past 3 days, I wouldn't be doing damage to the stitches or anything like that.

It hurt like hell, I was on hydrocodene + acetaminophen for the pain, and I felt like doing nothing but comfort food and sleep.

Today, I decided that instead of Redditing and going to bed at 2 AM, I'd finally get up and exercise. I popped some tylenol, used my nasal sprays, 

And got out and biked for 10 miles. Then I did that scientific 7 minute workout all the way through. This is the first time I've worked out in a year.

I am a slightly overweight 19 year old male, and for the first time in a year, I feel great about myself. And it's thanks to this Sub.

TL;DR:"," Surgery hurts, recovery hurts worse, but I fought through the pain and worked out for the first time in a year :D"
77,"SUBREDDIT: r/GetMotivated

TITLE: How I Stopped My Day from Turning Into a Cesspit of Laziness

POST: Ever wake up feeling like the coming day is going to be a disaster? Maybe you had a weird dream, or the previous day kicked your ass, whatever. 

We've all been there. 

I was there this morning.

Two hours into my day, and I hadn't even started on what I had set out to do. The death spiral of laziness, procrastination, and overwhelm had begun. That little voice whispered in my ear 'just another 15 on reddit, then you can read a book, then ...' 

Then courage wolf bit me in the ass. I realized I was being a bitch and I needed to get back on the train. However, that realization is rarely enough to reverse the spiral. 

People get bit on the ass all the time, but it's not enough to make them do anything besides get a band-aid. 

What did I do? 

I picked the easiest possible thing I could complete within 15 minutes, turned off the internet, stopped worrying about all the other crap I had to do, and finished that one thing. 

Bam! That's a win. Suddenly my mindset had changed. (Maybe ths day won't be a complete disaster!)

I started on the next thing. Win! And on. Another win! Now my daily to-do is 80% complete, and I can count this as a day (almost) full of win.

TL;DR:"," When you're stuck, avert the death spiral by doing one easy thing. Score an easy win and go from there."
78,"SUBREDDIT: r/GetMotivated

TITLE: [Text] Pull motivation? Can't find article/text.

POST: Hi,

I'm sorry if this is not the right sub but it seems like it would be.

Just over a year ago this time I joined the gym (something new for me at 25) I end up going 5 days a week for several months until an injury stopped me from going. I went back in to a slump and haven't worked out since because of it. 

Getting to the point is everyone says don't over do it bla bla. But I had read somewhere on here a article or person posting about pulling motivation. I remember the feeling of needing to go GYM to look better. Was thinking and feeling the results of post-workout vs going which changed my LIFE. However, forgot about it after my injury and a month ago went back to the gym 1 session haven't been back. I can't remember the technique or what I did that caused that huge transformation.

Key point I remember was:
- I was looking at myself in mirror and seeing the result of where I wanted to get rather than what I had

I know this is very little information to go on but if someone remembers please link me to the post.

THANKS!

TL;DR:", Read an article/txt post a year or so ago that motivated me to go GYM(or whatever you wanted to do) 5x a week by picturing the results over the current situation
79,"SUBREDDIT: r/GetMotivated

TITLE: Took my first steps yesterday, Continuing today.

POST: I have an irrational fear of swimming.  It could be a phobia it could be just a fear.  But it's a fear of swimming in water deeper than where I can comfortably touch the bottom of the body of water.  The fear comes from a few places:

1.  I've had loads more of negative experiences in the water than positive ones.

2.  I never learned how to properly swim.

So you combine the two, and I'm essentially having a panic attack any time I get in deeper waters.

Well yesterday, reddit, I went to the pool with my SO.  I took my first steps into learning how to swim.  It was mostly gaining the confidence and being okay to step into deeper waters.  But I treaded water for about a minute, had a panic attack and left.  

Unfortunately, I tried and failed.  But that doesn't mean I didn't make progress.  

Today I'm going back to the pool with a friend and I'm going to increase my confidence and I'm going to have a damn great time.  He's going to help me learn some of the more specific techniques about floating and treading water.

TL;DR:"," Don't know how to swim, have fear of swimming/pools.  Went to a pool yesterday, got a bit comfortable, failed and got scared.  Going back today to get better."
80,"SUBREDDIT: r/GetMotivated

TITLE: What I learned from babysitting

POST: So my sibling has a baby and I was asked to spend the afternoon helping to look after him.  Some things I noticed....

The baby can't walk or crawl yet.  Mom and Dad have been holding him up by his arms and getting him into understanding how to use his legs in oppositional movement.  The baby can't talk, obviously.  Mom and Dad (and every adult around) constantly talk to him though - reading baby books, just having conversations to expose the baby to the sound of English.

It was really exhausting to help out today.  Since the baby can't walk or crawl, he's usually carried and he cries when he is tired, hungry, dirty.  So, I asked my sister when the baby will become more...functional.  She said crawling takes around 7-10 months, walking is 1 year, talking is about 2 years (first word is around 1 year though), and potty training is 2 years.  Holy shit, that's a long time to deal with this droolly thing.

It takes a long, long time for humans to develop even basic motor skills and under the constant care, education, and monitoring by multiple adult professionals (aka Mom and Dad).  I beat myself up for not mastering something after a few hours!!

Also, the baby can't do anything but damned if he doesn't try.  His face turns red and he kind of does this weird worm like roll to move because his limbs aren't strong enough to hold himself up yet.  Babies try and try and try for months and YEARS.  We've all been babies  but we've have taken for granted our own basic skills.  Sure, walking, talking, eating, pooping are basic but we had to develop and train to do those things.  

So

TL;DR:"," when facing something new or challenging, remind yourself that you're a baby in that world and don't be so hard on yourself."
81,"SUBREDDIT: r/GetMotivated

TITLE: How do you stay motivated on a daily basis?

POST: I've been following this sub for quite some time now, almost more then a year. I can recite numerous motivational quotes. I know how I want to be, how ever many variations of that there are. I know I can be motivated to do what I need to do. The problem is, I forget. I wake up in the morning, with a little bit of the motivation I had from the night before, and spend the day building it back up. I'm all talk and no play. 

This was supposed to be my easiest semester yet, I say that every time. Next calendar year was going to be big for me, and now I'm terrified that it's all going to fall through because of my laziness at the beginning of this semester. I joke that I'm going to spend 5+ years in college because I transferred. But, honestly, I'm scared shitless of it, and I don't know why. It will come to an end and I have my two paths lined up pretty well right now, or am beginning to get them in place. 

I tell myself everyday that today is going to be the last day that I'm lazy, every week I say I'm not going to miss a class. I look at motivational pictures, posters, and videos and none of it lasts.

TL;DR:", What are your best tricks to getting yourself motivated from the time you wake up to the time you go to sleep and all of the downtime in between? I can't seem to get it to work.
82,"SUBREDDIT: r/GetMotivated

TITLE: Today I kicked anxiety's ass big time

POST: Hey wolves!

I'm 18 and I've been struggling with bulimia, depression and crippling anxiety attacks for about 5 years now.

Today after 4 hours of cramming calculus for my A-Level exams in a little more than 2 weeks I couldn't focus anymore and anxiety took over. I felt like I could never ever master that gigantic workload in front of me. I felt emotionally imprisoned and extremely threatened by the possibility of failure. 

I considered going into the kitchen and binging on anything I could find (and throw it up afterwards) just to make the emotional madness stop. 

I decided not to. I got out my acrylic paint, paintbrushes and paper and started to release my feelings by painting while listing to music.
After finishing my third picture I felt better. But I was still very nervous and had tons of excess energy. It was wonderfully sunny outside.

So I put on my workout clothes and went on a 10k run. I loved it. With every minute more and more anxiety dissolved and when I hit a runner's high after 8 or so kms everything I felt was relief and happiness. 

This might seem mundane to some, but for me it's a huge success and since you guys have motivated me a lot I wanted to share. I won't let my body ever again become victim of my emotions.
I might even do some more calculus now.

TL;DR:"," Had anxiety attack, decided not to binge/purge, painted and went on 10k run instead. Ended up extremely relieved and happy."
83,"SUBREDDIT: r/GetMotivated

TITLE: I used to think that unique situations made me stronger.  Apparently, I was wrong.

POST: So, here's the short version.  

34, in a serious relationship and recently moved to her home town from mine.  I had a nice job at home, made about $12/hour before tips and was moving up in the field (cooking).  I didn't ""love"" my job, but I knew what it afforded me so I kept with it for a couple years.  

Now, I'm in a town where there's way too much unemployment.  The area isn't terrible, but anything decent is spaced far enough apart to be a nuisance.  For the record, I got in an accident when I was young and I've never gotten a drivers' license.  Yep, that's one of the big problems.  

The other problem, or at least I feel it is, is that I'm largely only happy when I'm doing things that are artistic.  I love art, but, it's what people do as a hobby it seems, because doing it for a career means being broke virtually all the time.  (this was actually the advice I got about being an artist from friends and family).

So here I am.  I have an interview at a gas station because we live with her parents for now and I was willing to take anything so long as we could hurry up and find an apartment.  I'm still plugging away at my artwork...but I have no real direction at all.  I'm 34 fucking years old, I really can't keep starting over, and leaving a potential career-building job to work at a gas station for, I'm sure, minimum wage is demoralizing.

TL;DR:"," I have to start over, I have no clue how to get into the field I *actually* want to be in, and I'm stuck in an area where I just don't think anyone can find opportunities.  "
84,"SUBREDDIT: r/GetMotivated

TITLE: Are you motivated but don't know where to start, or what to do?

POST: I often find myself motivated to learn many things and do many things, but without knowledge and a clearly laid out plan, I have no direction so I spin my wheels in one place and don't move forward.  For example, recently I am motivated to start some online services (I'm a developer).  So I decided that I want to learn about certain technologies that will help me.  Which technology you ask?  Good question.  At work I use ASP.NET so I would like to learn more about that (MVC, LINQ, Web API) but at the same time I see all the cool stuff that people are building with HTML5, CSS3, Node, Knockout, jQuery, etc. so I want to learn that too.  Also, there are some free courses online that I joined, one is about how to launch a startup and product/service the right way, so I'm also going through that.

So as you can see, I'm pretty much all over the place right now.  There's an abundance of information that I want to gain, but it's not yet structured.  I'm motivated to do it all, but lose motivation when I think about the massive pile of knowledge that I have to gain and the hopeless feeling it brings.  Plus the fact that I recently broke up with someone so those flashbacks come back to haunt me.  On top of that, I'm trying to be more social, so I joined some meetup.com groups and try to get out of the house more.

I keep saying that I need to sit down and draw out a plan, but maybe I just don't know how.  The library has that book [""Getting Things Done""] so I was going to get that (one of thing to read out of the 5 books I already have to go through).

TL;DR:"," You're motivated to do a lot of stuff, how do you structure it and get started in the most efficient and productive way?"
85,"SUBREDDIT: r/GetMotivated

TITLE: DAE ever sometimes use anger as a motivator?

POST: A friend of mine who I'd say I respect quite a bit has teased me before in the past about my body (e.g. calling me a ""negative B cup"" when I'm a 36D, and things similar to that).  I've also seen him post from pages that feature girls that are what the media would consider ""hot"" - big breasts, big butt, small waist, and so on.

This is a friend whose opinions I used to really take into consideration, and while it would make sense to just ignore him, I'm a little hurt that a friend could say those things, especially in front of a whole group of people, like he has done before.  I'm doing this for my health, but I'm also eating better and exercising in hopes of showing him that he can't bring me down for good.  Is this healthy?  I also work out to feel less tired, I want to become better at running, and because my BMI is in the overweight range.

TL;DR:"," Friend teased me about my body, and I wanna prove the haters wrong by getting awesomely fit.  Want to make sure this isn't the crazy talking."
86,"SUBREDDIT: r/GetMotivated

TITLE: Finding my dream job...

POST: Hello wolves,

Lately at work I haven't felt very motivated to much else than what is required of me. My personal life is great, I have lost weight, picked up some meaningful hobbies I enjoy and have started doing things I wouldn't normally do, thanks to you wolves! 

Work on the other hand feels like a brick wall, just feels like all I do is busy work. I loved the job when I first started since I constantly felt challenged and the thrill of working somewhere new. I do a good job and I know if I work hard enough I can get promoted, but I just don't have the drive to.

I guess what it is, is that I've been thinking of what I WANT to do for a job, but everytime I start thinking only a few things pop into my head with no clear direction. 

I think of what I would like to do and what I am good at, but nothing really forms all I come up with is this: it would be cool to have a job that has traveling, I'm good with Technology (nothing specific just give me something and I can pick it up fairly quickly), and I like helping people. That's it, right now I am at a 9-5 support job taking calls all day for a software company's clients, answering questions and fixing issues, was cool at first, but now it's just blah...

TL;DR:"," I want to find a job that I want, but I don't have a clear direction right now to go out and find it... (if that makes sense.)"
87,"SUBREDDIT: r/GetMotivated

TITLE: The ""If money were no object"" theory is bulls**t

POST: I'm a long time lurker of this subreddit and first off I would just like to say thank you for all the inspiration people here have provided. I went from 250 lbs to 180lbs in 6 months and this place helped keep me going.

I'm a 23 yr old business analyst that makes great money sitting around doing copy and pasting in excel and surfing the internet. I'm very aware how lucky I am to have this job and know a ton of people that would kill to be in my position, and yet I've found with the job security and money I am greatly unfulfilled. This led me to question what type of career would really make me happy and the age old question of ""what would I do if money were no object?""

But the truth is that question is bullshit. If you had enough money to live comfortably and choose whatever you desired then sure you'd probably find something you really liked to do or cared about. But finding what you love to do and what you have a passion for is harder than that. If you can find something that drives you no matter what money or lifestyle it brings, thats what will truly bring you happiness. Im still trying to find my passion but the question I'm trying to answer is ""If you had absolutely nothing, no home, no friends, no family, no income whatsoever, what would be worth doing that would still make you happy? what could you do every single day that even if you had nothing, would make you feel fulfilled?"" If you can answer that, you've found your calling.

TL;DR:", Try and find what you truly love by finding something that would fulfill you if you had nothing and no one appreciated it but you
88,"SUBREDDIT: r/GetMotivated

TITLE: Need help motivating my band to sell merch and albums on tour this summer.

POST: I'm going on tour with my band this summer for 2 months. We've been touring the US for about 3 years now and have managed to do okay. However, this summer our drives are long and our payment every night is a little short of what we need to get to the next venue. Our drives are 6 hours or about 150 bucks worth of gas and we get 100 bucks a night. We have to pass our per diems every day to band members to eat which ends up being 30 dollars or 5 bucks a person.

So anyways, we're putting out a new album, which we're touring to promote and I need to motivate my band to push that album and walk around and sell it to every kid at every show, so that we can afford to make our next drive, which as the tour manager, it is my job to see that we do. We've been pretty good at hustling when we try, but the past few years have gotten so burnt out on pushing the same album. A lot of times people will do it, but sometimes some of the guys in the band will just kind of say ""fuck off"" and go sit at the bar and drink, or try to get laid, or sleep or whatever. Sometimes they get cocky and don't care. 

So I need a way to motivate them and call them out if they do this to get them to want to make some money each night and convince them that they should be doing this rather than sitting at the bar or sticking their dick in girls.

TL;DR:"," How to motivate my band to hustle merch and albums at every show, every night instead of blowing it off and drinking."
89,"SUBREDDIT: r/GetMotivated

TITLE: How do you GetMotivated when you've screwed yourself over so badly?

POST: long story made short: been unemployed for over a year, getting a bit depressed but I had been holding out with temp jobs and internships. two months ago, I really fucked up and got convicted of a DUI. right now I'm taking a break from working/interning to study for the GREs, but I'm feeling really down - about how badly I fucked up getting a DUI, how badly I let my family/friends down, and my own feelings about being a gigantic hypocrite (I usually am the one to take the keys away from people when they've been drinking, so me getting a DUI shook my own self-confidence)

so basically where I'm at: unemployed, broke, living with parents, now have a criminal record, and overweight... studying for the GREs and working out is only doing so much for my self-confidence right now. I don't know how to motivate myself to get out of this hole. employment seems ridiculously far off at this point.

TL;DR:", how do I get past the feeling of screwing up so badly and knowing that 100% of it was my own damn fault?
90,"SUBREDDIT: r/GetMotivated

TITLE: 1 year ago I posted here saying I was building a social network to help improve mental health, a safe and creative environment where people can connect, share, and heal together. Just last month I finally debuted the site!

POST: [Here] is my original post, 1 year ago.

So, everybody, I have finally turned my long awaited dream in to a reality. Working on the site by myself was a struggle, but it is now up and running! Now, all it needs is awesome people like you to share yourselves with the community. My hopes for [[REAL_TALK]] is to support a community of **healing**, **therapeutic insight**, and **positivity**. So that somebody has a place to go to when all they want to do is give up.

I invite anyone to participate. You have your own personal blog, community forums, and profile. I have made my profile anonymous on the site so I feel safe saying anything and everything I want. It's a great opportunity to vent, to express yourself creatively, and to share any insight (professional and personal) you may have in your journey to heal. 

If you have any questions or feedback I would love to hear it!

[Here] is my site.

TL;DR:"," Dream came true: made a new social network where you can share yourself anonymously, express yourself creatively, and connect with a positive healing community!"
91,"SUBREDDIT: r/GetMotivated

TITLE: My Motivational Goal - the time is now.

POST: I told myself that I would spend last summer bettering myself; instead, I spent it ""partying."" And what do I have to show for it? Absolutely nothing. Well, I'm a freshman in college now, and starting next Friday we have a month off of school; I will have zero coursework, and most of my friends will be far away. Therefore, I **am** going to improve myself. I want to make an open PROMISE to myself and to you fellow wolves that I will do this - and I don't make promises lightly.

I have made up a ""Winter break schedule"" inspired by **Benjamin Franklin's** daily schedule [ Please - I welcome all suggestions. I want suggestions on activities, habits, sites, things to study, things to do. Everything! I am also taking a week off of ALL electronics during the break, so I'd like to have some ideas of what to do during that time.

TL;DR:"," I WANT TO IMPROVE MYSELF THIS WINTER BREAK, AND I AM PROMISING TO DO SO. Suggestions welcome."
92,"SUBREDDIT: r/GetMotivated

TITLE: [Text] Since appreciation is so rare nowadays...

POST: So I need to give a bit of background to make understandable why the following pic is of such high motivational impact for me. Hopefully noone suggests a better subreddit since I honestly put a bit of thought into where to go with this. Oh yeah and since I ended up with a sick wall of text for just a tiny piece of motivation: Maybe someone won't get mad?

Just recently I quit my first job, I only worked in the company for about 1,5 years. There are like 200 employees and I worked in the technical department with ca. 30 people in it. I happened to follow some advice from HIMYM and got to be *the guy with the sour candy box on his desk*. They are eating alot of candy in that department and since we had all other kinds of candy covered, and I like sour stuff, it was the obvious choice for me. Turns out the stuff is super popular and I quickly realize it will be quite some effort to keep the supply going, never mind the money consumption. One day I wander into my office just to find a self-made money box on my desk to make people donate. So that finances got fixed. And tbh the whole idea worked out great with some of the co-workers being really much into this kind of candy and quite some time talking to them and breaking the ice really well. Not that I have trouble getting along with people, yet I wanted to stand out a bit and seemed to succeed at that. 

I left the company under super good terms just because I got an offer I could not refuse. Today, like 2 weeks after, a former co-worker who is also a friend of mine sent me [this picture.](
Explanation: The box says ""OPs best"" and has a picture of OP on it. It's exactly the sour candy I introduced. And apparently it is on the desk of the guy with insane consumption (seeing him 5-6 times around a day was really no big deal). So that's what I call credit for tiny things! Made my day...

TL;DR:"," Former co-worker is giving me credit for a type of candy I introduced to the department, showing that even tiny things can end up with surprising amounts of appreciation. [picture]("
93,"SUBREDDIT: r/GetMotivated

TITLE: [TEXT] I have a very weird motivational problem, when I begin studying the Swedish language, I think of my father and grandfather and get really anxious.

POST: Hello. I am studying Swedish, and I am considering going to work there this summer, for which I need a better language knowledge. The thing is, every time I open the book, watch a film, listen to a song, or write in Swedish, the the thought of the two of the only people I usually speak in Swedish with appears in my mind, my father and my grandfather. They are very nice people, both Swedish, but I get anxiety if I think about them too much, because I am at a point in my life in which I am very confused (19 years old in 21 days and still living with my parents) but they keep asking me constantly what am I doing with my life and what I am going to do, getting me further into confusion, together with the feeling that they are judging and comparing me constantly, for lots of years already. I get my Swedish learning material and then become so anxious and thoughtful of my father and my grandfather that I can not study in tranquility.

TL;DR:"," When I study Swedish, I am reminded of my father and my grandfather, and not being in the healthiest of relationships, I get too anxious and stop studying right there."
94,"SUBREDDIT: r/GetMotivated

TITLE: I don't know what else to do. I need advice

POST: Hey guys,

 I hope this isn't too long winded I just didn't know where to go or what to say to anyone. I just can't seem to get my shit together. I'm what you would consider to be the epitome of fat suburban nerd. I just turned 25 a few days ago and I'm a full time student at community college. I'm studying business administration on what was supposed to be a transfer program but now I'm not sure.. I have a shitty GPA. I also lost my job a bout 2 weeks ago. Not to give you a long sob story and stuff but just a little back story. 

My parents separated when I was young and I had no contact with my father. My mother also started becoming sick when I was about 5. By the time I was 10 I was helping her more on a daily basis than a normal child, and by the time I was 15 she was basically bed-ridden. She died of lupus when I was 16. I was alone with her when she died and that damaged me in ways that I didn't realize for several years Through most of this time my own education was placed on the back burner, my only concern was to take care of her. This also took away most of what would've been a normal childhood. I barely made it through high school and I often joke that I was a benefactor of ""no child left behind"" but I know that I never academically deserved to graduate.

My problem now is one that I've been facing for the better part of a decade, I just can't grow up. I have responsibilities as we all do. I just can't seem to get anything accomplished. I want to be a better person than I am, I just don't know where to start. I have an amazing girlfriend who is incredibly patient with me but I'm currently staying at her place and I'm afraid of becoming a financial/emotional burden to her. I have no focus academically and I'm quickly running out of funds. I really want to get my shit together but it have no clue where to start.

TL;DR:", I'm an underachieving 25y/o fatass that wants to sort his life out but I have no clue where to start
95,"SUBREDDIT: r/GetMotivated

TITLE: Young adult male. Completely lost. Help.

POST: Hi guys. Throwaway here. 

I don't know where to begin, so let me just tell you about myself.

I'm 19 years old. I am a sophomore at one of the most prestigious schools in the world. I am currently studying EECS.

...And I'm currently failing half of my classes.

I can't seem to motivate myself to work, and I have no idea why. I don't know whether I lack discipline, or school simply isn't my passion. I don't have a passion in life. I have no idea what I'm passionate about.

Everything interests me, and nothing interests me. 

Maybe it's because I've spent most of my life thinking about going to college, but having no idea what I was going to do when I got there. I still have no idea what to do, and I have no idea what I want to do as an adult.

TL;DR:"," Sorry about the rant. I'm a young adult male that is lost. I want goals and purpose in my life, but I don't know specifically what I want. Help."
96,"SUBREDDIT: r/GetMotivated

TITLE: I have trouble waking up in the morning and it is causing me to waste a lot of the day.

POST: I typically can sleep for 10 hours before I am comfortable getting out of bed. I feel well-rested after this point, and if I wake up earlier than this I have absolutely no difficulty falling asleep.

This annoys me because, although I enjoy sleep, I absolutely do not feel like I am seizing the day. I'm not very energized by the morning and do most of my studying comfortably at nighttime. But I would definitely rather wake up around 930-10 and lounging during the morning while still staying up until 2am.

I have no problem getting up on days where I have to, even if it's 6am for some necessary errand or meeting. But when it comes to days where I don't need to wake up, I can sleep for quite awhile.

I work late on Fridays just so I can get some money, work that might not end until sunrise on Saturday or later, along with 3hr, 3am shifts through the week, so a set sleep/wake schedule isn't very possible.

TL;DR:", I need to learn how to wake up after 6-8hrs of sleep (with alarm) regardless of when I fall asleep. How do I just get out of bed?
97,"SUBREDDIT: r/GetMotivated

TITLE: Looking for some help

POST: In the space of 6 months last year I managed to lose roughly 25kg's and reach my initial goal weight. Once I hit my goal weight I re-evaluated and decided I'd liked to lose roughly 8-10 more Kg's. My big mistake was I decided to reward myself for all my hard work by allowing myself a break over Christmas/New year where all I had to do was maintain my weight. Now I have been doing that fine and am still sitting at 68 kg's but with less than 10kg left to go I just can't seem to get myself back into gear! I keep starting and then caving by either sleeping in instead of excercising, or allowing myself to eat crappy food. I don't know why but I am just really struggling to find the kickstart/get up and go to lose these last 8-10 kg. Would love some advice if people have been in similar situations, I know these last few kg's are always the hardest to budge, and I have ideas for how to do it, I just can't seem to stick to them.

TL;DR:"," Lost 25kg, reached initial goal. Re-evaluated want to lose 10 more, took break, lost all motivation, need help to get back on track ."
98,"SUBREDDIT: r/GetMotivated

TITLE: Need some help guys...

POST: In the recent weeks that have passed, I thought that maybe my condition was beginning to improve, but now I'm not so sure. I'll sum up the best I can about myself and lifelong struggle with procrastination.

Here's the skinny:
Throughout my life I've always been a fun loving guy, who struggled with doing anything largely productive. This has been evident even from a very early age (I'm talking, kindergarten years.) I can remember the first time this was really a problem. The teacher was telling my parents that I had a huge problem with concentration. Well, this would continue all the way up through today. I'd be able to get things done, but with much slower progress because of my extreme lack of concentration. I was diagnosed with ADD and we started medication around grade 2 or 3. From then on it had become a little easier with the help of my parents to stay on track. In recent weeks, I thought maybe this isn't a condition, maybe it's just me being lazy. Maybe if I just push myself a little harder to get things done, I won't have a problem. Well, I tried to do just that and... lets just say that the results were less than promising. I took my meds today and had an immensely noticeable difference. This should probably have me feeling productive as hell, but instead it has left me feeling ashamed that I can't do this on my own. I understand that this is why I am on these medications, but I just want to feel like I can do things on my own. Understood if nobody wants to read about me wallowing in self-pity, but I just wanted to know if anybody has had similar feelings and how they deal with it.

TL;DR:"," Have bad ADD all my life, want to know if I'll ever be able to be productive without help of meds. Also want to know how you deal with it if you have these problems."
99,"SUBREDDIT: r/GetMotivated

TITLE: [Discussion] Some things about self-awareness and responsibility I've been working through; and a few realizations I've come across - what have you learned?

POST: **What are some realizations or lessons you went through in your journey to helping dig yourself out of negative behaviors and thought patterns?**

First, I've been learning how to recognize and take reponsibility for my own actions, thoughts and behaviors.

I grew up in a family that avoided conflict and discussing almost anything that could cause tension, and I believe I developed a lots of destructive defense mechanisms and habits throughout that experience.

During the last year I became depressed and stressed in my job and home life. This caused me to revert to many coping mechanisms, including reactionary behaviors, rumination, blaming and projecting.

Unfortunately, I'm very good at putting on a perfect show at work and in public, but at home around my husband I became lazy and emotionally unstable. I have been working hard to fix this so our relationship is not as strained as it has become over the last year.

My main tasks are:
- Stop taking others' actions personally
- Learn to avoid the need for perfection
- Avoid rumination, which is a negative cycle and improves nothing; it is non solution-based
- Learn to be honest with yourself, and then others. It will draw light and understanding into your daily life and communication.

Things I have learned:
- Thoughts are the seeds of action, and thus one must be just as responsible for thoughts as actions...thought is where it all begins

- Reflect daily on your interactions and find things that went well, and those that can be improved upon

- Expectations breed disappointment; instead there are opportunities, which are less disappointing

- When somebody needs to clarify a misunderstanding, that is not an attack on character or imperfections, it is simply clearing up confusion

TL;DR:"," What lessons helped you understand how to actively change yourself for the better? For me, it begins with thought patterns and ends with honest communication."
100,"SUBREDDIT: r/GetMotivated

TITLE: [Story] Finally crawling up from a downward spiral just over a year old

POST: The fall of 2011 was my first semester away from home; I was in school across the country. I knew two other people from the get-go: my girlfriend and her friend. After three years, I was dumped and fell into my first rut. It wasn't until wintertime that I finally started to get back into my groove. I owe my recovery to my amazing friends. However, about a week after my birthday, I got the life-changing call: my ex-girlfriend was pregnant and she claimed that I was the father. Instantly my mood dropped. I was depressed yet again. How was I supposed to support a child while going to school? 

After some time and thought, I decided that the best long-term choice would be to work as much as I can while going to school. My friends were there to support me, but not for long, as I decided to go to school in my home state so I can be as involved as possible. Once summer came, I took up a job to build up some padding for whenever the baby would come.

He was born several months ago, and it is one of my happiest days so far. My depression did not really fade, as I was in yet another school wherein I would be forced to make new friends and adapt to the whole environment here. Incidentally, my son's mother is withholding him from he until I get a job (which I have been fervently searching for since I transferred here). 

Flash-forward to today, it's spring semester and things are finally picking up. I've restarted my exercise regimen, I'm building some quality friendships, and I just generally feel good lately. I haven't seen my son in about a month, and I'm still jobless. But I've come to realize that there are some things that aren't worth the negative sentiments, especially when those things are out of your control. I've learned that for me, motivation ought to be the normal state of thought. In fact, the only thing that held me back from getting motivated was demotivating myself.

That's my story, wolves. It feels good to finally lay it bare, and I hope that maybe something can be taken away from it.

TL;DR:"," The three keys to motivation is limiting self-demotivation, accepting fault for things in your realm of control, and surrounding  yourself with friends and family who play some positive role in your life."
101,"SUBREDDIT: r/GetMotivated

TITLE: I'm someone who drinks every night by default, and I wanted to share something.

POST: Today is my 31st day sober, and it's easy.

I consider myself somewhat of an alcoholic, but not a particularly hardcore case. Some guys slam half a 5th of Jack every night. If I did that in one night I'd probably die. I'm more of a 2-6 beers type. Sometimes even just 1. Average about 3 a night. Anyway, it affects my life and I definitely get too engrossed in alcohol.

I have quit a few times throughout the past. But here's the thing.. I just love getting drunk. I don't like being a lush, but I love getting drunk.

So my plan is to spend the first 3 months of every year sober. Just to take time away from it, reevaluate my goals, put extra attention on other things.. Exercise more than usual.. Maybe even brew a batch of wine or beer to crack out in the spring (a hobby i've had interest in starting).

Putting a time limit on quitting makes it easy for me. ""I don't have to say goodbye forever, I just have to hit the goal of [x amount of time]."" If I try to quit ""forever"" I can't do it. I've tried Allen Carr's book (and quit for 18 months actually... More on this to anyone who's interested). Actually that book is what helps me stay sober for any amount of time I decide to.

But the point is deciding, and putting my attention elsewhere. If I think about alcohol it's torture. If I think about practicing drums or getting better at my job, I get excited about that.

TL;DR:"," I can plan a time frame to go sober, keep my attention off alcohol, and it's easy. Keeps me out of the deep end. And you can too!"
102,"SUBREDDIT: r/GetMotivated

TITLE: [Question] Failing at life while fighting two ""personalities"" within myself. How do I make the successful side win?

POST: It's easy to come to this subreddit and read motivational things and feel empowered or inspired. But none ever really ""stick"" for me. 

I've been lurking pretty hard on this thread hoping to get motivated and get my ass back on the road to success...

 But I keep falling back to the same point in my life. I have no motivation to change my situation. My ambition seems to come in very small spurts, but once I go to sleep and wake up the next day, its as if that motivation is gone again, and I have fell back to having to start again(that may be an exaggeration, but the point is, it happens in a very short time). I'm pretty sure my life falls completely into the line of ""Take one step forward, two steps back"".

The worst part about this is I do see myself fully capable of being able to succeed far beyond any expectations of others, and what I am currently doing. 

I guess my ambition is mostly like this. I am fighting two very conflicting personalities within myself. One side, I want to do everything possible to be amazing, interesting and overall, just win at life. While my other side fights to stay the same, in mediocrity and being unsatisfied with life as a whole...

So I guess my real question is.... How do I make motivation and ambition stick? How do I stay in a constant state of mind of wanting more for myself, or rather, How do you do it? 

I am in desperate need to jump out of this hell I've created for myself, so any tips, ideas or working methods would be great!

TL;DR:"," I can get motivated in spurts, but nothing seems to last that long, and I fall straight back on my ass. How do you keep yourself motivated when part of you is okay with mediocrity?"
103,"SUBREDDIT: r/GetMotivated

TITLE: Shower Experiment

POST: You probably take morning showers every once in a while, if not everyday. This shower probably takes about 15-20 minutes on the hottest temperature that doesn't inflict pain, and why not, it feels fucking gooood. After that, it's easy to sit right down and waste a few hours on reddit, video games, what have you. You're already so comfortable. 

Well try this, after your morning shower, set out to complete a task like completing an assignment, organizing the house, running, whatever! Of course it's manageable, but time yourself and remember your attitude towards said task. Now this is where it gets fun; Do the same thing the next day, set up a task similar in terms of length and difficulty as the day before, but at the end of your morning shower turn that knob to the ""arctic blast"" setting and endure it for at least 5 seconds. Let it drench your head and feel run down the rest of your body, turn around and let it touch every inch of you. At this point, you start to giggle uncontrollably and you get slapped into reality. You're so full of energy that, not only will you fly through your task, but you've gotten moving and it's hard to let the day slow you down at that point.

Of course this isn't something you need to do everyday in order to succeed, this is something I tried a few times that opened up my eyes to this analogy. The hot shower that feels so right is you staying in your comfort zone. The balls-tighteningly cold shower really shows you what CAN be accomplished if you can bother yourself to step outside that comfort zone for 5 seconds. This is just a small-scale example, but everyone should step into life's metaphorical cold shower in order to grow as people.

TL;DR:"," If you have the balls to take a step outside your comfort zone you can do anything. Seriously, just try this once."
104,"SUBREDDIT: r/GetMotivated

TITLE: Thank you. Down 5 lbs in 2 weeks.

POST: It might not seem like much, but I have never been one to get up and go work out. I am 25, have a wife and two kids, and a two weeks ago I stepped on a scale... 245 lbs. ""When did that happen?"". I look up ideal weight:height ratios and discover I'm at least 65 lbs over-weight.

Around the same time I found this sub-reddit. Your stories and posts have helped motivate me to get up and do something about my health. I signed up for the YMCA, am limiting myself to 2140 calories/day, and am working with a trainer to lose 65 lbs in 42 weeks. So anyway, thanks all.

TL;DR:"," 65 lbs over-weight, r/getmotivated helped me get my fat-ass to the gym, down 5 lbs in 2 weeks."
105,"SUBREDDIT: r/GetMotivated

TITLE: Wolves, I just lost $1,500 of investments on Forex Trading and feel very demotivated/defeated. How do you motivate oneself after a losing streak and continue fighting?

POST: I'm a beginner in forex trading, and some how someone I trusted got me into this foreign exchange gig. At first I was very good at it then after some time continually lost my money. I'm only a beginner and I've been doing this for four months now, and in that span of time I win little and lose big. This continuous loss has gotten me in despair not because of the idea of losing money (as money should be treated as something immaterial - para-Kiyosake), but perhaps because of the idea that I'm damned in the rat-race. 

Anyone who've done forex with the same experience? How did you cope and did you ever escape the slump? Did you keep on investing? What was your motivation despite the chunk of money you've lost? Any picker-upper is greatly appreciated

I may have to point out that I live in a developing country so $1,500 is a 5 month salary here. I don't even want to convert it.

TL;DR:"," Lost 5-month salary worth of investments to foreign exchange and feels defeated on the feeling of staying long in the ratrace. Wolfes, I'd love to receive your remotivation :)"
106,"SUBREDDIT: r/GetMotivated

TITLE: How do I actually start going to the gym?! [Discussion]

POST: About a month ago I purchased a $60 gym membership with the thought in mind that actually buying one would motivate me to go... stupid mistake. In that month-long period I've been to the gym a total of 3 times - I pretty much wasted $60 and now I have realized that I am completely mistaken as to what motivates me to exercise. I'm a first year university student, so exercise is pretty scarce other than those 3 trips to the gym and an occasional 5k run.

The thing is, I really want to go the gym!!! I'm juggling homework, class, music, relaxation, a social life, and I'm trying to get a reasonable amount of sleep. That means when I have free time, the last thing that I want to do is go workout, but with that being said I'm pretty skinny and I want to improve my body and gain muscle, I just need to find the right inspiration to do so. I've considered just buying weights for home use and doing callisthenics, which has worked for me in the past, but I do have a budget and a set of weights is more expensive than a gym membership.

What I'm asking of you, motivated Redditors, is literally any inspiration, 'fitspo', motivation that has worked for you that you can share with me to help me on my journey to a muscular figure. Any suggestions are greatly appreciated, and thank you in advance!

TL;DR:"," I'm a pretty skinny guy who can't find motivation/make time to go to the gym, hence this post asking for any suggestions and words of wisdom to help me get there."
107,"SUBREDDIT: r/GetMotivated

TITLE: Forced to withdraw from college program for 2 semesters.

POST: So I'm 19 and for most of my life it seems that the only thing practical that I was good at was computers. So naturally that's what I decided to go into, I wasn't a very good student but I figured when I go to college I could finally be doing what I was good at it and what I really wanted to do.

College comes along and it turns out I'm not so good at computers after all, I mean I can do a lot of things that my teachers couldn't do but none of what I knew was appliable what so ever in a college enviorment, so you can imagine what that did to my confidence, the only fun class was hardware 101 and Unix Linux 101 because I knew everything.

Long story short I get put on academic probation first semester and I never got myself out, earlier today I get a notice that I'm blocked from registering for another semester till September 2012. 

So I'm feeling pretty useless right about now not knowing what the hell I want to do with myself and what I'm going to do for the rest of this year. I'll probably be forced to get some minimum wage job that I hate but that's life I guess.

Anything you guys think I can do to get myself back on my feet? If I had money I'd travel but that's not going to happen.

TL;DR:"," computer teachers and everyone in high school told me i'd make it in the industry arrive in college and it turns out nothing i know is appliable, big hit to confidence and not sure what to do now*"
108,"SUBREDDIT: r/GetMotivated

TITLE: Thank You and Goodbye.

POST: I have been on Reddit on one account or another for just about 2 years. During those years I learned many interesting things, laughed more than I'd care to admit and honestly had a good time on this site (especially on /r/GetMotivated). 

However, I think that the cost has begun to outweigh the benefit, not only on Reddit but on other websites as well such as Youtube and Netflix, so I've have decided to quit completely. No more Reddit, No more Youtube, No more Netflix, No more Steam.

So this is it. Thank you all for creating such a wonderful, inviting community which I was able to enjoy. Feel free to join in and delete your account with me. I will check back on this thread tomorrow, and then I'm done for good.

TL;DR:", It was fun. I've wasted too much time and it's time for me to leave. Feel free to come too.
109,"SUBREDDIT: r/GetMotivated

TITLE: About to pull my head out of my ass.

POST: Hi r/GetMotivated,
I am new to the sub, but I am really enjoying the posts so please keep them coming!

I came to a realization today that is about to change my life. I have been worried lately about stressful things going on in my life, and I have found myself wishing for more hours in the day. Well, I have found them. I have spent too much time browsing the web, playing video games, and doing mindless shit. Enough is enough.

Here is what happened. I was talking to my girlfriend (fiancee actually) today, when I realized that she is worried about many things that I could easily take care of to help out our situation. I don't like it when she is stressed out and worried about doing things all of the time. I realized that I am NOT pulling my weight in my relationship and doing things to help her out. I have been procrastinating doing some of the wedding plans and also searching for an apartment. (We will move into an apartment together after the honeymoon.) I do not want her to feel like she has to be the one to plan everything, while I sit back and wait until the last moment to make every decision.

Cool story, bro.

Well, let me get to the point. The point is that everybody wants to have more hours in the day to get things done. Right? The time is right in front of you. **Take about 5 seconds to think about the responsibilities in your life, and ask yourself if you are fulfilling those responsibilities**. In my case, I have to pull my weight and help my future wife plan a wedding and move into an apartment. Both of us work and go to school, and I can't expect her to do it all.

My alarm is set to wake me up early, and I am hitting the gym with a buddy. I don't work tomorrow, so I have a whole day to cross things off of my To-Do list.  I will report back tomorrow night on how things went.

TL;DR:"," I realized today that my laziness is affecting my quality of life and the people I love, and I'm going to do something about it."
110,"SUBREDDIT: r/GetMotivated

TITLE: Are you going to be the bug or the windshield today?

POST: Yea I borrowed that from a tweet I just saw, but I found it relevant. 

I'll make this quick:

After starting a new job with a 1 hour commute each way I basically stopped working out. I'd throw in a run or a bike ride here and there, but nothing consistent. After reading this sub for the past month and realizing that my life isn't going to turn itself around, you guys finally lit a fire under my ass to get up and do something about it. 

I had been down on my lack of exercise because I kept convincing myself that ""tomorrow I'll have the time"" or ""tomorrow I won't be as tired."" A bunch of bullshit my subconscious kept feeding me. It slowly ate away at my confidence and mental health. Well not anymore. I finally had enough of the excuses and told it to go fuck itself.

Despite a small stress fracture in my foot, I'm using the my elliptical and bike to get my cardio back in tip-top shape until I can start running again and I'm starting a new lifting regime so I don't have to spend hours in a gym after a long day at work. I'm cutting back on my calorie intake and currently putting together a diet plan (nothing crazy) in order to lose some of the lazy fat that I've gained over the past 8 months by sitting on my bum all day.

What I've found in the short 2 day span of intense workouts is a new found energy throughout the day. Before, I'd hit the 2:30 wall and crash, now I power through it in anticipation of what awaits me when I get home.

TL;DR:", It's day 3 of the newly turned chapter in my life and I couldn't be any more excited about what's in store for me down the road.
111,"SUBREDDIT: r/GetMotivated

TITLE: Aside from physical motivation...

POST: What inspires you /r/Getmotivated? I'm really lacking inspiration and short term goals right now. Aside from getting a job (which is pending) I don't have any short term goals to work towards. Wake up, go to school, come home, reddit/vidya, eat, sleep, that cycle. 

Getting started is the hard part. I don't know what I want. Long term I have goals, but as of right now I have 0 short term. 

I used to love drawing, I'd have 2 art classes a day, then come home and draw, stay up late drawing and repeat the process. Now that just seems behind me. I took a long break from the art world and it's rough even trying to get back in.

I'd like to cut World of Warcraft back to just raid nights, but I find myself coming home and doing meaningless things on it. I'm intimidated to start something new. 

I just feel desensitized, I drive to school and back every day and it's the same route every day, nothing new to see. Also, not very social. Don't need an SO (and can't afford it as of now).

TL;DR:"," I'm tired of riding shotgun, I want to take the wheel. But the road is long and rough and I'm not sure how I'd even start."
112,"SUBREDDIT: r/GetMotivated

TITLE: I can't fucking take it anymore.

POST: I'm so lost and I've just been ignoring it thinking shit will get better by itself. I've come to the resolution that it won't unless I get off my lazy ass and DO something about it. So I come to you [/r/getmotivated](/r/getmotivated) for the guidance that I seek.

I'm in Canada, so all throughout high school (grade 9-12) I barely studied for tests or did homework. I started off getting high 70% then it just kept getting worse up to the point in Grade 11 where I started failing courses and I did fail. In Grade 12 I hit rock bottom and failed an entire semester which totally fucked me over. Right now I'm doing a fifth year of high school so I can get all my credits and graduate.

My parents want me to go to university as do I, but I know for a fact that I can't with my current marks. Minimum for university is 70%. I WANT to study and do good but I always find myself playing games or going on forums while on the computer. Someone help me fix my life. My mid-term report card comes in three weeks and I want to improve as much as I can in time for that. I have a test tomorrow in Calculus so I'm going to try and do a bit of studying for that tonight. I also want to get a part-time job but I've been so lazy that I haven't even applied anywhere yet (when I apply I know 100% someone will hire me) and I started going to the gym then stopped and I'm sitting at 210lbs with 20+ bf %. 

Someone help me fix my life please.

TL;DR:"," I'm 18 years old. Doing a fifth year of high school, never studied or did homework. Want to improve marks for university and get my life on track."
113,"SUBREDDIT: r/GetMotivated

TITLE: getting over her

POST: i look at my ex's profiles and stuff from time to time. maybe once every month or two. i was with her for 2 years. she was my first girlfriend. but over time things started to decay. we were doing a long distance relationship and we were pretty good at it. but i was an arrogant asshole who would always say that i needed someone smarter then her. i needed an intelectual. i should have kept that thought in my head. she went off to college and things got bad. we would fight and i just couldn't handle her problems anymore so i distanced myself. we would only fight then we broke up. many bad things were said. i check her twitter a day or two and see ""IM ENGADGED, LIKE LEGIT"". apparently her ""friend"" proposed to her. she obviously had him on the side but i dont know for how long. my heart sunk deep into the pits of my stomach as i read that. i called and texted her terribly nasty things. my heart was torn out and thrown into a fire. that was 7 months ago. it still hurts. i can't just forget 2 years of my life. this was real love. not fake teen love. i seriously considered marring her a few times. i just cant seem to get back up on that horse. i can't think about a relationship without her lingering in the back of my mind.

TL;DR:", my long distance girlfriend of 2 years dumped me in october and i found out she got engaged 2 days later on twitter to some guy she said was her friend. i still cant get over it.
114,"SUBREDDIT: r/GetMotivated

TITLE: Pomodoro and work logs on a Mac [productivity porn]

POST: I've always had trouble with focusing, procrastination, and general productivity.  The [Pomodoro Technique] has been incredibly helpful for me, and is worth a discussion on its own.  

I've recently come up with a system that generates nightly logs all of my work for the day.  It grabs completed pomodoros and completed OmniFocus tasks, and pushes them to a nicely formatted text document.  

Much like documenting eating habits and workout regimens for fitness, documenting work logs has been hugely beneficial.  Having a record of how you spend your time has been especially motivating.  (Also, you can't lie to yourself about how much or little you're actually accomplishing.)

This particular solution won't work for most folks, but maybe you can come up with something similar to incorporate into your workflow.  

How it works: [Pomodoro] has a setting to output all completed pomodoros as events in iCal (nice in its own right).  I tweaked the applescript in [this thread] to scrape those events, as well as completed Omnifocus tasks into a text document.  I created a new calendar in iCal (that I keep hidden) with a recurring event at 11:00 every night, and set the event alarm to run the script. 

[Grab the script here]  You'll have to change the path to your text document and the Calendar name to scrape from, if it isn't ""Pomodoros"".

TL;DR:", The Pomodoro Technique rocks.  Journaling and record keeping are important for both motivating yourself and keeping yourself accountable.  Automation is excellent.
115,"SUBREDDIT: r/GetMotivated

TITLE: Finally a yellow belt in Judo! Don't ever give up!

POST: Hey wolves! As the title suggests, I became a Judo yellow belt today. I had spent my time as a white belt for over 2 years due to interruption from school and generally being unmotivated, but I was able to step up and train hard constantly in order to get promoted! It feels great especially after trying so hard recently.

But why share this here instead or r/martialarts or r/judo? Because I feel without having a constant supply of support from this community I don't think I would have opened my mind to the possibilities of taking the initiative to train. I wanna say thank you all, for doing what you do and sharing your lives and support to those who come to this sub and need help.

TL;DR:"," thanks all, I just wanted to share how r/getmotivated has helped me get my ass in gear and train hard with all the great stuff here!"
116,"SUBREDDIT: r/GetMotivated

TITLE: My greatest display of wolf-dom yet.

POST: This is my first post to this subreddit, mainly because I never had anything to post about before. My major, physics, at the university I attend requires that I take an intro to computer science class, which I begrudgingly signed up for this semester, knowing full well that I am horrible at computer science. The class has some projects, but the majority of points (500 out of 700) come from three exams. I did alright on the first exam (which was on Matlab for what it's worth) and ended up with and 74%, worse than I would have liked but still OK. Then the second exam rolls around (Unix and C) and I figure, hey, this material wasn't so bad, I should do alright with minimal studying. Skip to a week later when I get my 56% back, bringing my overall grade in the class down to D-level. I knew that the final would make or break my grade, so I committed to studying for at least an hour (but typically more) every night starting about a week and half before the final. Just got my grade back tonight, and I got 100%, bringing my grade, plus the added weight from the projects, up to 650/700, the very minimum cut off for an A for the course. I let out a war cry in my room right as I saw the score, definitely proud of my self-motivation on this one. I feel like I'm well on my way to wolf success in the future and felt like sharing it.

TL;DR:"," Hard subject for me, C on the first exam, F on the second, aced the final and got an A by 1 point, WOOF."
117,"SUBREDDIT: r/GetMotivated

TITLE: Someone kick my ass, please

POST: So here's the deal. I'm currently in my 6th year of university, taking the last few courses I need so I can graduate and gtfo this bitch. Philo is going really well, I've already passed. Chem's not going amazingly well; I'm at about a 50, which I'll take at this point. I just need to do well on the final and I'll be okay. The real beast is stats.

So far in stats I've failed both the midterms. My only hope of graduating is to get a 90 or higher on the final. My average in that class currently stands at 22%. There's no reason this isn't feasible if I (as Arnie would put it) work my butt off. Now it's probably mostly to do with getting my midterm back today and haven't had a meal since breakfast, but regardless I feel burnt out and dangerously apathetic. I'm tired of this game and I'm so close to the end. I just need a push.

TL;DR:", I need to ace my stats final in 2 weeks if I'm to graduate. Looking for some words of encouragement that are more helpful than [this](
118,"SUBREDDIT: r/GetMotivated

TITLE: Impressed the doctors with my low heart rate thanks to my new healthy lifestyle. Thank you r/GetMotivated for keeping me on course!

POST: In May of 2011 I decided it was time to start losing weight. Due to multiple knee surgeries when I was younger I had developed a very lethargic lifestyle and needed to makes some changes. So I subscribed to this sub and started running 3 times a week. I started small and with a goal of a 10 min mile. Slowly over the past year+ I have been adding to my running time and now run 7 miles in an hour 3 times a week and have begun adding push ups and sit ups to my workout routine (up to 70 push ups a day and 100 sit  ups). I gradually in this time went from 185+ to now a range of 135-140. During this time many people have kept me motivated with their compliments about my change in appearance and overall health, but the biggest motivator has been this sub. 
Yesterday I had to have a surgical procedure and every nurse and doctor asked me about my heart rate. It turns out my new resting rate is around 48 beats per minute when the average is 70. Once again, thank you /r/GetMotivated  for helping me keep up my new lifestyle. Remember, we are not on diets or weight loss plans, we are starting new healthier lives.

TL;DR:"," Lost 50 lbs, reduced my heart rate, and gained a new healthy life thanks to /r/Loseit and /r/GetMotivated"
119,"SUBREDDIT: r/GetMotivated

TITLE: [Text] Accidental tool for Motivation: Death Letters/Last Will

POST: Hey guys/gals. So stick with me here. I accidentally discovered a tool for motivation/checking your situation today. It won't really help get you out of bed or to work on time, but it can help you on your inter-personal fix-yo-shit before it's too late front.

I'm likely going to be taking a high risk job this summer and have started prepping for it, notably getting my affairs in order. Now everyone should have a Last Will regardless, but due to the nature of the beast I also started writing out individual ""death letters"" to close friends and family.  Obviously to be distributed in case I end up taking the river down to the sea. 

Wouldn't you know it, they all turned into apology letters halfway through. Sorry I wasn't a better son/brother/friend/xyz etc. This surprised me, but fortunately I still have time to right those wrongs and now the *motivation* for doing so. Your goal is to be able to write a letter without any regrets or apologies. You don't even have to physically write one, just think about what one might say. That should give you a good indication if you need to make some changes while you still can. It's a bit more salient for me, since I might be literally under the gun...but the clock is running on everyone and you never know!

TL;DR:"," Figure out what your last messages to family/friends/cat might be, if they turn out to be full of ""I'm sorry"" then use that as fuel to fix-yo-shit pronto. "
120,"SUBREDDIT: r/GetMotivated

TITLE: Thank you, Wolves.  And Goodbye.

POST: Let me just start by saying thank you.  I joined Reddit six months ago and GetMotivated about two.  I was deeply depressed when I started browsing reddit to avoid thinking about the fact that my parents were planning to divorce, my father was horribly sick with ulcerative colitis,, and the pain of a somewhat long distance relationship with my girlfriend.  My situation was definitely not the worst, but it was horrible for me.  But enough of that.

Since I joined get motivated I set myself a few small goals to start.  I started with brushing my teeth every day and soon found myself exercising on a more regular basis, now 5 times a week.  Hell, I biked 6 miles yesterday which was an amazing achievement for me.  I've come to terms with my parents divorce, got myself transferred to a new, better college where I'm not only happier but more successful and getting better grades.  I'm seeing a therapist weekly and getting my first ever full time job this summer.  

A lot of this was born of necessity but I don't think I could have done it if I didn't come here for inspiration.  Seeing your successes, the way you challenge yourselves to be better people...it made me want to be better too.  I know I didn't post here, but I read, I viewed, and I upvoted here all the time and I can't thank you enough.

Its finals time at my school now, I just did a fantastic job on my first one and am ready to go for the next.  I think its time I set myself a very difficult goal.  Quitting reddit.  Not all of it to start, that might be too quick.  I will still leave myself /r/GetMotivated  and /r/investing because I find those help me learn and better myself in my times of need.

I'm taking on more than I ever thought I could.  Hell, I was doing more than I thought I ever would just last month.  I'm proud of myself for once.  You guys helped me get that, and for that I can thank you enough.

TL;DR:"," You guys all serve as an amazing example to the world around you.  Thanks to you, I am becoming a better person.  Thank you."
121,"SUBREDDIT: r/GetMotivated

TITLE: [Discussion] I have a goal, but cannot seem to get off my butt. Please read and give me advice if you can.

POST: To preface this, I am ending my freshmen year at college and did pretty well. I have several offers to travel this Summer, which means that I *probably* won't look for a job (but this isn't the issue), which leaves me with a lot of empty time this Summer (not the issue either, this is actually helpful).

Anyway, I am earning a degree in computer science (focused in C++) and am a huge fan of computer software, hardware, and all technology in general. About three weeks ago, I decided that I wanted to start learning app development for iOS as a hobby and bought a Mac Mini. I have quite a few plausible ideas that I could do after a ton of learning. I think about it all the time, I find it pretty entertaining, and it could help resumes after school.

So here's the issue. Instead of going through the online classes on my Mac, I always end up spending my time on my desktop computer where it has about 40 games, and 400gb of shows and movies. I will come home, and then play Battlefield while watching TV for hours on end. I tell myself ""I'll just finish this episode and then switch to my Mac."", then just start another episode afterwards. I actually broke a controller today and hoped that it would force me to stop playing games. I ended up playing with my keyboard and mouse instead. I end up wasting my entire day somehow; over and over and over. And I know that I'm wasting time *AS* I waste it! What really is messing with me is the fact that I **really really DO want work on the app development! I literally look forward to it, but I cannot, for some reason, ever actually do it.**

How do I combat this? Do I delete the games and shows on my desktop? Is that extreme? Going back to this Summer, I'm hoping that all the extra time will let me focus on learning and working more, but I know that if this trend continues I will just waste it on some online game and TV. HELP!

TL;DR:"," I have a hobby that I look forward to, but get sidetracked so easily. I know I'm wasting time AS I waste it, and I don't do anything about it."
122,"SUBREDDIT: r/GetMotivated

TITLE: 1 year of Reddit has changed everything. This a thank you to GetMotivated.

POST: I don't think anyone remembers me. I made a post I don't remember how long ago, but I was broken and very different. I wanted to kill myself and I was always hiding. When I made that post, all of you helped me get my life on track, and all of your advice really pulled me together. I thank you all. I figured out what I wanted in life, and how to live. Thank you guys. I am now the happiest I have ever been in my entire life. I would like to help any of you who are having doubts, or worries, or need any advice. I want to help YOU now, so please ask anything!

TL;DR:"," GetMotivated changed my life, and I thank you all very much. I want to help you know so please ask any questions!"
123,"SUBREDDIT: r/GetMotivated

TITLE: [Discussion] My response to the ""a lot of mother fuckers to prove wrong""

POST: I remember when i had a version of that picture tapped on my mirror so everyday when I woke up i remembered why I would go to the gym, why I would eat right, why I would do the things to make me the best fighter I could be. I wanted to prove everyone wrong. Everyone that said it couldn't be done, that dropping out of school to chase a dream was a mistake. That's all I wanted.  

Fast forward a years and a lot of blood sweat and tears later, and I have realized something. Giving the haters a second thought was a waste of time and energy. The real people who should motivate you are people who always had your back. Don't worry about proving people wrong. Prove yourself right. Prove your mom right who said you could do anything you set your mind to. The people at the gym who always had your back. Even this sub. We know you can do it.

TL;DR:"," Don't late the anger flow through you that's how the dark side wins. Do it for those who always knew you could, including you."
124,"SUBREDDIT: r/GetMotivated

TITLE: Accidentally discovered a new way of motivating myself today

POST: I'm sleeping like crap and one of the things my doctor suggested was to start exercising a few times every week. So I've been running up and down campus. I accidentally discovered a way to keep myself motivated. I ran out of the deodorant I like so I had to resort to another stick I bought a few months ago that I never used because I never liked the smell of. It's one of those Old Spice ""extreme sports"" ones. In fact, the name of it is ""Pure Sport"" (here I thought ""sport"" smelled like sweaty gym socks and showers which is an improvement over the incredibly chemically offensive...whatever this scent is based off of). 

So I used it to run with today and noticed that when I slowed down...I could smell that smell and it was stronger because I was sweating to the point where I could taste the scent. So I ran faster to outrun to odor of this horrible, horrible deodorant.

TL;DR:", Get a stick of offensive deodorant and wear it before you run. You'll want to run faster just to not smell it anymore.
125,"SUBREDDIT: r/GetMotivated

TITLE: A wounded vet gave me his secret to life and told me to share

POST: So I was in the gym yesterday and in the mirror I see this guy lifting behind me. He wasn't lifting anything above average, but what was unbelievable about him was that he was doing it with only one arm. It was nuts! A dumbbell in one hand and a plate on the other. Needless to say, I was impressed. When I finally mustered up the courage, I walked up to him and started conversing. I learned that he was a vet who injured while serving abroad. We all have our obstacles so I politely asked him what pushes him to work past his. He basically told me that it's important to be overly proud of yourself no matter what the accomplishment and to build up your patience through that. Patience will get you to your end goal, but giving yourself those pats on the back throughout your journey is what will hold you over through all the little bumps that you will encounter. And in the words of those immortal Rob Schneider characters he dropped me a, ""You can do it!"" and we then proceeded to kill the rest of our workouts.

TL;DR:", A wounded vet was lifting in the gym and told me that the key to accomplishing is to build up your patience through A LOT of small praising. 
126,"SUBREDDIT: r/GetMotivated

TITLE: I proved my ex-girlfriend wrong today, and I feel like a real pimp.

POST: Yesterday, my ex and I were hanging out in a cafe and I explained to her that today -- my TaeKwonDo final -- I was going to do something special for board-breaking. It wasn't anything incredibly difficult, just something that I thought would get a rise from the class. I told her, ""I'm going to do a Hadouken on my last break."" She told me that it was impossible because I would hit my fingertips on the board before anything else, and the board would not break.

I decided that, because life is short, I was going to do it anyway. When I got up in class today, I did some pretty basic stuff. Elbow strike, ax-kick, and then I finished it off with the coup de grâce: the Hadouken. First try, right through the board, complete with obligatory ""HA-DOU-KEN"" shout. I got a rise out of the class, and people were still coming up to me after telling me how great that was.

TL;DR:", Did a Hadouken during my TaeKwonDo final and proved my ex wrong in the process. I feel like a winner.
127,"SUBREDDIT: r/GetMotivated

TITLE: [Discussion] Looking for feedback: Extrinsic Motivation Plan

POST: Hey, /r/GetMotivated!

I'm connecting with ya'll today to get feedback on a plan that I've been trying to put together for motivating myself to complete projects, and defeating my long battle against procrastination and stagnation. I've seen some success with it thus far, but I'm open to ideas, or potential pitfalls that may arise...

I'm a computer guy, and something I've wanted to do for a while is ***finally*** build my own desktop rig. It's hard for me to justify dropping several hundred dollars to build a computer at once (nor is my wallet ready for that), so I've been trying to leverage this as motivator into getting other things done.

I'm buying the computer progressively in parts. This means that after I complete a specific project, I will move on to the next computer component and purchase it for my rig. So far, I've purchased two pieces, first was an [**EVGA GeForce GTX 980**] for completing my last graduation requirements that were delaying my diploma, and second was an [**NZXT H440**] for updating my portfolio that I was putting off for several months. 

I have the components sitting in my office in plain sight as a constant reminder of what I've accomplished, and how much further I'm trying to go.

That's it! That's the system I've put into place currently. It's far from perfect, and I'm open to whatever feedback you may have. Maybe it could even help someone else that may be getting a little stuck with some progress.

Thanks for reading!

TL;DR:", I bought [this] and [this] as rewards for completing projects to motivate me to get things done. Looking for feedback!
128,"SUBREDDIT: r/GetMotivated

TITLE: Thank You

POST: I've been reading to this subreddit for about a month now.  In that month I've managed to lose 15 pounds, start the Couch to 5k program, and asked out the girl that I've been pining after since January (which I did today).  Unfortunately, she was not single like I had thought, but the fact that I managed to man up and ask her is a reward in itself.

Had this been last year, or even two months ago, I would currently be starting a crippling cycle of self-hatred and defeat that would last anywhere from a month to 6 months.  Instead, I will not allow this to bring me down.  I'll take this weekend to reflect on my mistakes (as well of the triumph of actually asking), then use the lessons I've learned to better myself.  And it's all thanks to you guys.

TL;DR:"," I manned up, asked a girl out, got beat to the punch, and won't let it bring me down."
129,"SUBREDDIT: r/GetMotivated

TITLE: Today i moved a step forward in becoming more assertive

POST: I will admit before i start this story being assertive and not being confrontational has always been a big weakness of mine that being said today i moved a big step in not being afraid of confrontation

Ok story time. On Wednesday a young girl recently died of brain cancer. Most of the school was grieving. except for one lovely  neckbeard who decided to blurt out this lovely statement for the entire class to hear

Why should i give a shit that she died? I never knew her! I would also like to state that she had just died a few hours ago and many of the people  in the class were friends with her. So i thought about it and decided to say something to him. The thing is a year ago that kind of confrontation would have been impossible for me. And the kid  is not really anything scary but its still a huge step.

To finish the story i was trying to explain why he offended so many pepole when a girl jumps in with how woud  you feel if it was your mother that died. Of course he really dint care so she told him that she hoped he would end up in hell.
it was a good day

TL;DR:", neckbeard was being a jerk about cancer. Had my first big conformation and became more assertive in the processes. feelings were hurt
130,"SUBREDDIT: r/GetMotivated

TITLE: [Tool] Habitica, an app that makes your tasks and habits into a game!

POST: [Habitica.com]  
By doing your tasks you get experience and gold that will help your character in game. It is encouraging you to do more tasks in hope to level up and to buy the newest equipment so you can fight bigger monsters in the quests. I guess it would be easy to cheat, making up tasks and to check off things you haven't done, but if you're serious in trying to improve yourself, then this app is pretty good at encouraging you to do more.  
There's also a social aspect to the game which helps you stay on things! it works for all aspects of your life, school or work, chores at home, wanting to improve your health. You set your own tasks so it fits perfectly with what you want to improve in. This can all be done in your web browser, or you can download the iOS/android app to always have the game with you. *The apps are not able to fully replace all the different things the web browser can do, but is helpful when on the go.*  
I've been using Habitica now for over 2 weeks, and it has helped and motivated me a lot to get into better habits and to get stuff done.

TL;DR:"," an app for your browser and phone that turns your daily tasks, habits and to-do list into experience that will make you a stronger character in the RPG."
131,"SUBREDDIT: r/GetMotivated

TITLE: It's time to become the person I want to be!

POST: Today marks the first day of my goal of never using tobacco again. I'm using this day as a jump start for multiple life-changes that I am bent on making now. Before a pretty awful knee injury (torn acl, mcl, meniscus, shattered knee cap & shinbone, etc.) in my senior year of high school, I was a varsity cross country runner and varsity goalkeeper (soccer) for my school. When I got to college though all the work I'd put into my body and mind slowly went to shit. My fitness slipped, my grades slipped, I smoked way too much pot, and generally did nothing productive.

Not anymore! Here are my goals and plans to get to where I think I should be in life:
1. No more tobacco ever, including Hookah (I love Hookah and all of my roommates smoke it, that'll be the toughest part...)
2. Get my body back in half-marathon shape like it was before my injury by the end of this year, and then get it into full-marathon shape by early next spring
3. Complete my first century bike-ride by the end of 2012
4. Finish all 5 online classes I'm taking with 4.0's and get my grades out of the shitter. I'm a rising junior on a 5-year double major plan (hopefully) so I still have time to salvage my gpa if I kill it in my classes from now on.

If you feel like making some links purple, [this] is the bike I got recently after busting ass at my minimum wage shit-hole of a job (I'm not bitter) that will be a major tool for my goals.

You guys have been amazing at helping me get my plans together for giving myself a kick in the ass. I've loved seeing the success stories and positive support that is ever-prevalent on this subreddit. It's amazing what human beings can do when they set their mind on something. Time to become a wolf!

TL;DR:"," Stopping tobacco, starting fitness, salvaging grades, ready to milk the utter of life for all the milk it can provide. Also everyone on this subreddit is awesome."
132,"SUBREDDIT: r/GetMotivated

TITLE: [Discussion] How do you add new or neglected priorities to a routine that already feels full?

POST: Essentially, I am hoping this conversation will reflect some ideas this community has to work new or neglected priorities into a schedule that already feels full.

I am a doctoral student, about to finish my first year. I have a husband and two dogs at home. While I've never had any problem being motivated in school, my home and social life lack.

Now I am trying to work on my home life to enhance my health and marriage, but I'm having a lot of trouble increasing the amount of work I'm already doing. I know the time is there, I'm only going to school and working a 10 hour per week job, but for some reason I can't find the same motivation to work on my home life as I do school. Any tips on how to find the motivation to work these things into my schedule? Does anyone else have experience with finding it easier to work a job than work at home?

TL;DR:"," School and work are easier to focus on than my home life, what can I do to be motivated to work more home responsibilities into my routine, and how can I go about doing it? Thanks!"
133,"SUBREDDIT: r/GetMotivated

TITLE: So I watch and read pretty much every post on /r/getmotivated, so I decided to try something last night and don't know if it worked, what do you think? [Warning: may sound weird!]

POST: Last week after going through post after post on here I ran across a random video where some guy talked about treating life as an experiment.  
  
My life so far has sucked, I won't get into details but I've been depressed and feeling down for a LONG time. After watching the video I decided that I was going to do just that, I stopped caring and pretended life was an experiment. I was afraid at first that I'd stop caring, but since I love science and seeing how things work, I decided to treat life like a big science experiment.  
  
Yesterday I woke up and threw away my to-do list and all my motivational stuff that barely worked for me. After I woke up I just looked around my room like an alien and said ""today is an experiment"" and I asked myself what sorts of things I want to see. I wanted to lose weight, so I went for a jog OUTSIDE (now this is nothing to most people but I have severe social anxiety and never did this), but it felt different, I just ran and even when I heard some people murmuring something that in 99% of cases I'd have stopped, thought about, and went home, I instead treated them like characters in a video game that had no effect on me. Also, I made a dating profile (I'm over 20 and never been on a date), and decided to message 20 people because I just stopped giving a fuck. So far it's worked, I hope it stays that way.

TL;DR:"," I treated life like an experiment and things so far have worked out. Do you guys think this might be a bad idea where one could possibly stop caring about goals in general, or is it somewhat of an interesting outlook?"
134,"SUBREDDIT: r/GetMotivated

TITLE: Book/Reading Suggestions For Someone Trying to Find Their Passion? [Discussion]

POST: I've been working a corporate desk job for the last 4 years and am burnt the hell out. I'm in project management for a company and industry I don't really care about. I see so many people who are doing things that are personally meaningful to them and making money/supporting themselves doing that.

I'm not looking to suddenly find some undiscovered passion and make tons of money from it (although that would be nice), I'd merely settle for finding something I enjoy and that has at least some personal meaning to me and I can also make a living doing it.

So the first step for me is to further explore myself and figure out what I want to do. My hobbies are backpacking/hiking, fly-fishing, sports, music, and reading/writing. At this point, I'd love to find something in the outdoor industry, as I'm most passionate about that, but I'm willing to entertain anything and everything, so long as I enjoy it and/or find it meaningful.

What are some books or reading materials that can get me started down the path of finding a new, more meaningful career? Book suggestions or general advice welcome.

TL;DR:", Realizing that I'm wasting my youthful years on work that has no meaning to me and I want to change that. Looking for book suggestions and/or advice on how to go about finding out what is most meaningful to me.
135,"SUBREDDIT: r/GetMotivated

TITLE: How do you handle hubris?

POST: I think, the other side of being motivated is keeping that motivation once youve been actually motivated and have done great things. I, for one (with all honesty) after having done a great amount of quality work, I would slump in a very lazy spell, with the reasoning of ""i deserve this, i've done a great deal of the tasks."" These spells would take longer than usual resulting to me not doing much task. 

Along the way, I would develop resentment to my superiors for giving me tasks unbecoming of my capabilities and would also pass it late.

I've pin-pointed just recently that this is an issue, since it appears to be cyclic. So my current solution, albeit puny, is to post post-its all over my workspace to ""BE HUMBLE. YOU ARE STILL PAID"" which would then always remind me of my starter status. I was just wondering, if any of you wolves go through this, and how you cope with it. I'm a 25 yr old software developer who hacks like a mofo.

TL;DR:", I am initially a very motivated worker; once I've hacked like crazy I get cocky and not do much tasks; the lazy slump lengthens and affects my work. How do you cope?
136,"SUBREDDIT: r/GetMotivated

TITLE: Trying to get motivated, looking for advice!

POST: So for a few years now, I've been wanting (needing) to lose weight, be healthy, change my life, etc. The problem is, that I can't seem to find a reason good enough to keep me going and motivated, or to even begin trying again. It's stupid, I know.

Here's a little info/ background: Age:19 Height:5'1"" Weight: 150lbs Background: Fought/ still fighting a couple health issues (severe migraines, GERD, acid reflux, delayed gastric emptying, the idea of fibromyalgia came up too). Constantly stressed either with school or trying to find a summer job/ internship, and I'm constantly fatigued (no matter what I do sleep wise, nothing helps).

I'm 100% sure that getting to a more healthy weight and doing something with myself will make me feel tons better in probably every aspect of my life: confidence, become outgoing, be able to worry about/ concentrate on what I need to get done, etc. But with all these issues and a wicked fantastic boyfriend, one would think I'd have some motivation/ inspiration to get me started/ keep me going. Like, I'm starting to think I need to be humiliated or forced into this somehow, but that might not be a good idea in reality.

Basically I'm looking for any help/ advice/ ideas that might help me with anything. I want to change my life, so bad, but I can't get myself to do it for whatever stupid reason and I've been trying for a few years now. :/

TL;DR:"," have what would seem like enough reason to give me some kind of motivation/ inspiration, but can't get myself to attempt this lifestyle change (again)."
137,"SUBREDDIT: r/GetMotivated

TITLE: Small rant, I wonder, do you feel the same?

POST: A bit about me, I am currently on deployment in the Navy, can't say where I am or why, but with enough thought on current events, I am sure you can guess.  This moment struck me today while I was in one of my spaces working, I felt a need to write it out.

I realized something today.  For me, it has never been IF I achieve my goals, it has just been about WHEN.  Today someone I work with said, ""I hope I become a millionaire one day so I don't have to deal with bullshit like this.""  Without even thinking, I opened my mouth and said ""Not with an attitude like that you won't.""  I think I may have been a bit hard, I explained what I meant afterwards, but still, it made me think.  There is no sense waiting and hoping to become something more than you are now.  Start now, today.  Hopes and dreams are part of a poor man's game.  Hard work, sweat, and sacrifice are part of the rich man's reality.  Take this in whatever context you want, it doesn't change.  Whether your goal is money, love, family, or something else this rings true.  Maybe I am blessed by knowing that I am already on my way to becoming something great rather than saying, ""one day I will be great"".  Maybe I have a false sense of grandeur.  Only time will tell I guess.

TL;DR:", I had a epic moment of motivation brought on by what I am doing right now in the world.  Felt like sharing my thoughts.
138,"SUBREDDIT: r/GetMotivated

TITLE: I have a friend who is struggling with addiction & other problems - help me inspire him! [More inside]

POST: He made some mistakes when he was younger, went to prison for 7 years. While he was there, he got his GED, became fluent and taught spanish as well as other classes to his inmates, then got accepted into the *neuroscience* program at a reputable school, and is an effing *genius*. This guy can crunch numbers, has the memory of an elephant, is fit as a fiddle, and all around has the potential to cure cancer, beat Wall Street, and win a few triathlons on the side. Only problem: he has an addictive personality; it used to be drugs, then gambling, and he's struggling now with living in sort of a crappy situation where he's in school, but socially out-of-the-loop because he was locked away through his formative years. If he can just kick the gambling habit, and fight through the rest of schooling, I know he can make it. He goes to plenty of support groups and whatnot, but I figured y'all might have some good stuff to get him motivated, little links and anecdotes and whatnot about important people who have struggled with addiction and went on to do great things.

TL;DR:"," Point me to people you admire who have overcome addiction to go on and do great things, so I can help inspire my buddy"
139,"SUBREDDIT: r/GetMotivated

TITLE: [Discussion] I have anger issues.

POST: Whenever I am having a conversation with someone,especially a story, I get so excited to talk about it. But for the people that is listening to my story, especially my mother, either don't even bother listening to me and when she does she doesn't understand what I'm talking about. So I explain to her more and more and she doesn't understand so eventually, I get a little annoyed that we can't communicate. My mom and I start this argument of not communicating very well and I start yelling at her of how she doesn't listen to me. Soon my mother gives me this lecture that I always have a habit of yelling when something doesn't go under how I want things to be, I don't learn and how stupid I am and sooner or later, I break down into tears and yell at her to shut the fuck up, break the plate that was close to me and attempted to slap her. I don't know how to control my anger when people like my mother pisses me off. Apparently I can control my anger in public so far, but when it comes to my parents, it becomes a mayhem. I don't know if I have something that is relating to mental issues but I don't have to courage to go under therapy nor counselling.

TL;DR:", I clearly have anger issues according to my mother that calls me stupid for that and I don't know how to resolve it without going to counselling and therapy
140,"SUBREDDIT: r/GetMotivated

TITLE: So, I have recently been in a slump, until now! :)

POST: So, as the title says I have been in a bit of a slump with regard to my working out. Well, more honestly, I have completely stopped my running. I used to run every other day. mostly 5ks and some 10ks when I was good, but then I went back to college and fell into a slump. I stopped running, ate everything in site because food was readily available, did a bunch of drinking (it's college duh haha) and ate take out food regularly. Then 10 months later, without much surprise, I  realized I gained 25 pounds and lost all of my conditioning. Then for the past 8 days I have been eating better and counting calories, but have also been making excuses for why I haven't been pickin up the slack and getting my butt in gear with the running...

But the slump stopped today! I walked 1.5 miles to the local high school track, stretched, ran 2400 meters in 12:05 (not at all good compared to my former numbers for both distance and pace, but still not bad nonetheless) then stretched again, and walked back another 1.5 miles. 

And that brings me to the end of this little babble fest, I invite everyone on this board to tackle something that they have been putting off recently! because you CAN do it! now go!

TL;DR:"," Went back to college, stopped running, ate and drank a bunch and got fat. Came back, snapped out of it and started running and eating right again!"
141,"SUBREDDIT: r/GetMotivated

TITLE: [Meta] Is the goal here to get motivated, or to somehow prove that the post is not motivational?

POST: Some backstory for me : The last few months I needed a bit of motivation. My father passed from cancer. My mom has tried to commit twice now, once before and once after his death. My aunt died a week after my father. I needed something.

So I found my way here, and I see all these posts that offer tidbits for how to get back on track. Some helped, some didn't. Some were absurd and some were flat out funny.

But even if I found something to be ineffective in motivating me doesn't mean that I went to the comments section to explain why the post was shit and why the advice was bad. 

It seems like every post here has a top comment which at best is pedantic and at worst completely dismisses the advice. Why? All advice works. Not all advice works for everyone. If you are depressed, do you really feel the need to go onto the comments and explain why one persons viewpoint of depression is completely wrong and the advice is shit.

If someone links a quote saying to ""Live life like there is no tomorrow"", does there really need to be an explanation that if we all followed this advice then we'd probably be broke and/or screwed? 

I just don't know why some of you are here. I am thankful for everything that has lit a fire under my ass to try, but I just shake my head at what I see sometimes.

TL;DR:"," If you are on a sub reddit that is dedicated to getting people motivated, and you spend more time complaining about the posts than taking their advice then you are probably doing it wrong."
142,"SUBREDDIT: r/GetMotivated

TITLE: Question: How do I feel PSYCHED about the work required for long term goals?

POST: How does one feel psyched about long term goals?  I am motivated about having certain goals REALIZED in my life - but how does one get motivated about DOING THE ACTUAL WORK that these long term goals require?

Example - you want to be extremely fit, but how do you translate the keenness for the outcome into day-to-day desire to exercise?

Example - you want to have a successful business, but how do you translate that keenness for the outcome into day-to-day desire to sit and do the required work day after day after day?

I mean - how can I feel an intense level of emotion for doing the work required when the payoff is extremely far into the future?  And how do I feel a sense of accomplishment about the day-to-day progress when the goal hasn't actually been reached?

What role does reward play in your motivation strategy?  How often and with what do I reward myself?  Especially since any reward is not really bringing me forwards towards my goal...

Your thoughts?  Appreciated.

TL;DR:", How do you transition from a keenness for the realization of long term goals to a high level of emotional engagement with miniscule day-to-day progress?
143,"SUBREDDIT: r/GetMotivated

TITLE: Use your sexual frustrations to make yourself awesome.

POST: Being a guy, this is mostly directed at guys. But Im sure it could apply to the race from venus as well.

Everyone has been there. That one random girl they can't stop thinking about. You creep her facebook and think about why you may be insufficient in their eyes.

Or maybe not. maybe you don't have a particular person in thought, but just the hope to be wanted by the opposite sex. 

It can get frustrating. Use that.

Don't get dumb and think you will really get that one girl if you change yourself. its a matter of harnessing the motivation for sex and love our bodies give us and focusing it on making your mind and body stronger.

Start reading. read books you wouldn't usually read. be smarter, be better. use the motivation of catching someone's heart to get your nose in a book.

Work out. you will stick out more if you look good. sad but true. girls want that. you want them. work out, and think about being better while you do it. use the motivation your mind provides.

Overall, lust can be a son of a bitch. being perfectly honest, it can drive a man crazy in his own head for no reason other than catching the eye of a beautiful girl one day. our bodies are geared towards procreation, and while its silly to say we should work out and read etc just to get laid, you should simply use the motivation lust provides to get these things done.

TL;DR:"," you like girl, you want her bad, use that want to make yourself awesome instead of sitting and creeping her facebook page."
144,"SUBREDDIT: r/GetMotivated

TITLE: [Discussion] Need help to motivate my future BIL

POST: Future brother in law is 32 years old and has very little motivation in life. He lives in his parents basement and has a dead end job making barely over minimum wage. He has some bad habits (drinking, smoking, and weed). He also does not have any formal education aside from a high school diploma over 10 years ago. He does not have a driver's license either, and not even a driver's permit.

Since I've known him I have offered to help him get a job with the companies I've worked for making more money than he is making now. He always makes excuses. He always talks about getting his learner's permit but never takes the test. When ever I bring it up he say's he will study for the test when he has time. But again, it is another excuse. In fact, I sent him a link to a website which has basically the same questions that would appear on the learner's permit exam, but he has not even opened the link.

His parent's have given up on him and basically do not even bother. He basically comes upstairs to eat dinner, and then goes back in the basement. His work is pretty cyclical too, so sometimes (like over the holidays) there will be periods of weeks where he does not work and is home all day doing nothing. His parents have offered to pay his schooling or a trade. His dad works for the city and could get him a decent paying union job pretty easily, but he has no motivation to apply.

His younger brother got married and moved out last year. Now his sister and I just got a place so I think he is getting even more depressed and less motivated. He came over to our place for the first time this weekend with his parents and he was pretty quiet the whole time.

He is a nice guy and I want him to do better for himself. His parents are nearing retirement age as well so I'd like for him to be more self sufficient. Any advice or thoughts?

TL;DR:"," 32 year old future BIL is very lazy. Bad job, no driver's permit, lives in parents basement. Keeps making excuses. How to help?"
145,"SUBREDDIT: r/GetMotivated

TITLE: Need some life advice.

POST: I'm a 20 year old guy who just moved 4 hours from his home for college. The college I go to is really small, pretty much just one building. I thought it would be a good school because they specialize in medicine and pharmacy, and I'm interested in a medical profession. I've been really bummed out this semester though. I've been here for 2 and a half months and haven't made a single friend at my school. I live off campus with one of my best friends from high school, about a 15 minute walk from my school. I'm in class 12 hours a week, and when I'm done with class I just go home and dick around playing video games and surfing the internet.

What can I do to be more productive with my life? How can I go about making friends? My school is really small, has no sports teams, and the clubs are really lame. There's no parties on campus. I'm gonna be in this city for 6 years at this school and I really want to make the best of it. Would getting a job help? If so, what's a job I could get that would be good for making friends?

Another big issue is that I've never been in a relationship or had sex before. I have no idea how to go about attracting girls. I'm a decent looking guy, I dress pretty good, shave, shower, all that. I guess I'm just really shy and don't have a lot of confidence. How can I improve this?

Sorry for all the random thoughts, didn't really know how to organize them. AMA if you need to. Thanks for reading.

TL;DR:", Need motivation to stop playing video games/spending time on the computer so I can make friends and party and fuck girls.
146,"SUBREDDIT: r/GetMotivated

TITLE: [Discussion]How can I turn my current unemployment into the best thing that's ever happened to me?

POST: So I was fired from my job two months ago and while job hunting sucks ass and involves a lot of waiting and trial and error, I'm not super sad that I don't work for my asshole ex-boss anymore. But you know, still sucks a bunch having to deal with all that shit.

Lately, this whole process is pretty much grinding on my nerves. I have to watch every penny, I struggle with having nothing to do and nowhere to go. But after almost two months, today I thought to myself: Maybe I can turn this into the most important time of my life. Besides jobhunting, there is currently not much I have to do these days. Instead of being depressed and worried about my future, I failed to see that right now I can do so much more for myself to achieve something bigger soon.

What can I do for myself now that I have basically all the free time in the world without having to spend a lot of money? I plan on going to the gym and the library much more. What could be a better use of free time than getting in shape and educating myself, right?

Is there any advice you can give me to motivate myself to use this difficult time in my life in my favor instead of falling into depression and worries like I did in the last weeks?

TL;DR:"," Jobhunting wears me down, want to use my free time for awesomeness instead of worries and depression."
147,"SUBREDDIT: r/GetMotivated

TITLE: From fail to win and back to fail, my story inside.

POST: I had been living off of tutoring people in English for 3 years, my life was going nowhere and I was certain to never make it in life. After sending out CV's to numerous job boards, and asking friends for references, I was surprised to be offered an interview via a social networking service. I took up the invitation and appeared (well dressed) for an interview. The interview lasted only about 10 minutes. Even though I had had professional experience (at least 12 months in a graphic design role) I was offered an internship (that paid $158 per month!). Seeing no other options I decided to grab this ""opportunity"". I spent 3 months working my ass off creating flash animations, banners, and whatever other junk an ad campaign requires. Against all odds, I ended up being hired and given the tidy sum of $790 a month (for full-time work).I spent the next 6 months working at times intensivley at other times not at all do to a lack of work. On a Friday morning, my boss (just 6 years my senior) and head of the entire department) told me that he had to force my resignation. I was given a month to find a new job, and to make matters even better, he told me that my last 3 weeks would be off-site so that I'd be able to look for my next gig. So that was a few days ago, and now I'm sending out CV's contacting friends, and updating my Linkedin profile. The problem is I start worrying about how similar this feels to my initial job search which lasted from June 2009 until I found this job. I'm trying to stay positive, but I'm worried that with the current economic environment and my lack of a powerful portfolio I'm just going to end up going back to some day-to-day job to make ends meet. 

What should I do?

TL;DR:"," Finished an expensive college of design, moved to a foreign country, taught English for 3 years while looking for work, finally found a job in my field, got forced to resign after working just 9 months."
148,"SUBREDDIT: r/GetMotivated

TITLE: How to break out of an ""automatic"" time-wasting routine?

POST: Ok, here's the deal. I need to be more productive and do all the good stuff I need to do- mainly studies and work at this point in time.

I am pretty lazy, but I can get over that, this isn't the problem here, my biggest problem is the environment (my apartment basically), which automatically seems to put me in this ""auto-mode"" of wasting most of the time in useless activities such as playing games, watching movies, surfing the web way too much, etc, because I've done it soo much that it's such a deep routine, it almost seems like I automatically 1)wake up 2)turn on PC 3)waste the day. When I actually get myself to do some work, it's very hard to keep the focus.

When I am somewhere else, I don't get this pressure of going into the no stress, relaxing ""automode"" (it's hard to perfectly explain why I call this automode, but perhaps it's because sometimes feels like I'm not even really thinking consciously about what I should do when I waste like 10 hours day after day), chilling and wasting time on PC, and actually can do whatever needs to be done, and it's pretty easy.

Has anyone experienced something similar?

Should I try to break this (if so, how?), or should I try to find some cool places and actually change the environment for studying at first, like going to a park for reading, or staying in university library for studies, etc? I am currently leaning towards this ""just gtfo your apartment, good things will follow"" solution, and going to try to implement this as much as I can in a week when I go back to university.

TL;DR:"," What can you do when the problem isn't as much laziness, but more your regular environment dragging you into this super unproductive routine you've had for a long time?"
149,"SUBREDDIT: r/GetMotivated

TITLE: Attitude problem: I got my shit together.  Now my friend's total crapulence is nauseating.

POST: In the past few months, I've gone from being unemployed and/or just barely making ends meet to having a full-time job plus a lucrative side gig.

I'm no longer oriented to the ""world"" of hanging out, drinking, smoking and bullshitting.  I'm trying to retain a sense of appreciation and, if I can, respect for a particular friend that I've had great times with... while drinking, smoking and bullshitting.

But now that I've changed my scene, I'm disgusted and revolted by his life of playing Red Alert for 3-6 hours a day, 7 days a week, for the past 3 years, while he waits for someone to give him a job (he doesn't seek one), buying beer and cigarettes with the money he gets from his parents (saying its for rent and electricity), stolen cable and borrowed wi-fi from his neighbor who he never pays (even that was the original agreement).  He's weirdly lucky enough to have found a landlord that hasn't evicted him, even though he's probably $2000 behind in rent.

I want to respect him for his friendly nature and ease of 'hangoutness'.  He gets along great with absolutely anybody.  He's super fun to party with and is well-spoken enough to sound impressive.

But  know how he actually lives: utter sloth and crapulence. His ""ego"" -- the person he thinks he is and presents to others -- is completely the opposite of the grown man (way over 30) who refuses to find or hold job to provide for himself.

I find myself angry, disgusted and revolted by how seriously he expects to be taken, despite his refusal to take responsibility for the most basic things of adult-man life.

TL;DR:", Please tell me your stories on how you dealt with the change of how you see your friends when *you* get *your* shit together.
150,"SUBREDDIT: r/GetMotivated

TITLE: FUCK FEAR.

POST: Standing, staring blankly into space in my bitterly cold darkened room, I realized that the overriding philosophy that I adhere to is fear. It isn't the need to maximize my self interest or do unto other as they would unto you or even just to have fun or be happy. It is fear plain and simple, that permeates almost every decision of my life. Like a terminal cancer, it invades and takes over from my core being. The decision to lie at every opportunity about my social life because I fear people feeling sorry for me, the decision to delay doing work because I am scared that I'm not going to do it properly, the decision not to pay my bills even though i am flush with cash because i fear it will hurt and on and on it goes. I even go through ""hobby phases"" when I focus on particular topics or activities exclusively for days or weeks at a time because it blocks out thinking about any of the things I fear. 

Today, when I was standing idly in my darkened room was the first time I realized the role fear has played in my life. By most external measures, people perceive me as a success. But I know myself. I know I will not live up to my potential, so long as fear is around. I know I can make a positive difference to this world.

Today is the day I say fuck you to fear. You have done nothing for me. No more am I going to let you dominate every aspect of my being. I will fight you with action. I will fight you with interaction. I will fight you with my freedom to choose my actions. With every decision I make, I will repel your influence. Every small victory I have, will never cure my insatiable desire to see you evaporate into an air of meaninglessness. Prepare to die motherfucker. GAME ON.

TL;DR:"," had epiphany, realized fear dominates my life. Decided to attack it by head on by choosing to consciously make decisions in spite of it."
151,"SUBREDDIT: r/GetMotivated

TITLE: Looks like the magic happened to me, wolves.

POST: Hi, my fellow wolves

I have been following this community for some time now, probably three to four month, but somehow I didn't get any motivated. That probably came from my own attitude.

About one and a half weeks ago, I suddenly came to the (not so mind-blowing) realization, that I only have this one, short life. And I want it to be fucking awesome. So I started to work out. I stood up at 4:30 am every day this week, going for a run. After that I prepared myself for work and went there. And after work, I went cycling every day except one, because it rained. I also started studying for school and stopped playing games. I am now focusing on my hobbies, gardening, mixing and drawing. 

I feel fucking awesome.

Just so you know, it's not hard to keep doing that stuff, as soon as you started. So get off your lazy ass and do something. Go for a run or go cycling or get some work done in your garden or learn how to draw, how to make music, how to do *anything*. But do something. Now.

TL;DR:"," Magical unicorn fart hit me in the face, I started pooping muffins and feel awesome ever since. Read for yourself, lazy-ass."
152,"SUBREDDIT: r/GetMotivated

TITLE: Don't go to the gym!

POST: Hi,

I always had a problem with motivation for doing sports and that's probably why I got fat. Although I went running for a while I usually stopped doing it for a long time if I didn't get the chance of doing it for a week, for example getting a cold, which just happens at least twice a year for me, or I got a rash between the legs (you know there's some friction there when you're fat). I also went to the gym for a while but the expensive membership (30 Euros/month at my closest gym) and the distance I had to drive to get there (about 30 minutes, which already adds up to an hour lost) kept me from going after a while.
In other words it wasn't even the sports themselves keeping me from doing it but all the overhead you have to do and things that got in between.

I'm proud that since this spring I've managed to go jogging every other day for half a year now. Even though i had a break because I took a trip to the US for 3 weeks I picked it up right away after coming back. I got a rash between the legs and I discovered that just applying a lot of Nivea body lotion before jogging eliminates the problem completely. Later I got some knee problems in the right knee, I paused for two weeks and then discovered that running with a midfoot strike is much better for my knee. In other words I overcame these problems this time, instead of giving up.

Further I though about signing up for the gym, but as I didn't have enough money I just ordered some dumbbells, because this year I finally thought to myself that any small workout is better than a big workout at a gym which I'm not following through with. So I ordered a 40 Euro dumbbell set and I'm doing some biceps curls and some triceps training and a bit of shoulder. It's not much, but it is something.

I haven't lost weight this year, but I have definitely lost fat and gained muscle, which anybody who has seen me without clothes has noticed.

TL;DR:"," It's better to buy some gear to do something, anything, than to buy a gym membership you're not using."
153,"SUBREDDIT: r/GetMotivated

TITLE: I don't feel like I'm ""allowed"" to change for the better or people will judge me and make me feel weird.

POST: I've been so awkward, geeky and ""innocent"" as many people occasionally say throughout high school and most of my life and even though I graduated around 4 months ago, I feel like I can't change for the better and be who I want to be because I think people that I went to school or my family will say things about my sudden changes or make me feel weird for wanting to change for the better. 

To put it in more detail, I'm afraid I'll make a drastic change to my hair so I like the look of it for once and people will look at me and say something like ""Why'd you change it so much?!"" or insinuate that I'm a ""tryhard"". This stems to the way I want to dress, my hobbies etc. I don't even feel like I can party in clubs or even hit on girls because I think people I know will judge me or ask why the sudden change, even when it's for the better.

What do I do guys, this is holding me back from being happy and I hate it :(

TL;DR:"," I want to shed this ""geeky"" (Not as in my interests and hobbies) persona and finally be something I'm happy with but the fear of people asking me why I changed or them judging me is holding me back."
154,"SUBREDDIT: r/GetMotivated

TITLE: [Text] How to get in mindset of deadline fast approaching when it is actually a ways away?

POST: I find myself doing everything but working on my art. I love working on art its my life but I get distracted by TV episodes and working on other personal art that isn't on deadline, or doing chores and cleaning or a million other things.

But when it comes down to the last few days I have no problem sitting down and working. Its easy and enjoyable and I look forward to it. 

I want that mindset all the time. But I've tried just saying in my head its due tomorrow let's do this and that doesn't seem to stick.

Maybe writing in my planner/calendar a false due date to trick myself?

What do you guys think? Anybody had any similar issues or have any suggestions?

Thanks!

TL;DR:"," Procrastination and motivation issues unless due date is in the next couple days, looking for tips on how to hack that and make it work earlier."
155,"SUBREDDIT: r/GetMotivated

TITLE: I'm going to have a talk with my parents tomorrow.  Enough is enough.

POST: I am a 21 year old female, in a family of four.  I am the eldest, my younger brother is 14.  

I have as of late, been charged with paying my car registration and licensing, and paying for a new phone and plan for myself so that I could have texting and be able to keep in contact with numerous friends that simply aren't on facebook.

A lot of shit has happened recently, control issues, etc with my parents.  

My father has told me he doesn't want me to get texting, that I can't ride on my boyfriend's motorcycle, and that THEY will help me move in to my college apartment, on a day they've decided and required that my bf doesn't show up because they don't need his help... whereas, I had made previous plans that my bf would help me move in at the earliest time possible.

I've been letting my folks walk all over me, make decisions without me, especially ones that involve me and my friends.
Tomorrow, I plan to talk to them, or my dad alone, and tell him that since I will be paying for my own shit, I can get whatever I want.  And they can deal with it.  I'm 21, I'm old enough to make my own decisions and they're going to have to accept that I'm growing up and they need to let me make my own decisions.  
And you know, if they get upset and angry with me, oh well.  They're my family, they can't hate me forever, so deal.

Wish me luck, and/or any other advice or words of wisdom, or helpful things also welcome.

TL;DR:"," I'm finally going to confront my parents on several control issues.  I'm 21F, eldest of two kids, bro is 14."
156,"SUBREDDIT: r/GetMotivated

TITLE: Please help me create a lifestyle ""program"", that focuses on mental and physical health!

POST: That sounds silly.

If there is anything I have learned, it's that being healthy isn't just about thin tummies and muscles. It's not all about eating heart healthy and walking every day. There is a mental component too. To be completely healthy you need to be both mentally and physically healthy. You need to learn how to cope in healthy ways, and take care of yourself emotionally. I think ""the system"" has failed us in these ways and I'd like to create a new program that has a goal of personally achieving mental and physical health.

I wrote up some stuff for it, like a mission-typed statement: Our primary belief is that everyone has the ability to change and work towards a healthy lifestyle, menatally and physically. We encourage every member to engage in self-reflection and work towards self-insight through discussion, critical thinking, reading relevant texts, self-care and a community effort of working to discover the best ways for different types of people to achieve a healthy lifestyle. We have faith that as we work to better ourselves, we are opening doors for others, and in doing so, we are making the world a better place.

Those are some flashy religion words. But this isn't religion, its confidence. :)

Some more goal/ideas:

When you better yourself you are also helping to better others.

What you want, you can achieve.

There are many paths to the same answer. Failure means you just need to try a different path.

There are healthy ways to cope with things like anger, stress, sadness.

No one person has the answer, everyone works together to find it.

Everyone has the right to a healthy life, and everyone can have one.

I also have written up some concepts for working through ""stages"" that focus on different goals, like self-care and talking about mental health.

I even have some name ideas: The Healthy Lives Project (maybe?)

If you have any contributions/want to help/try it out, please PM me!

TL;DR:"," I have an idea for a lifestyle program to help people become healthy mentally and physically, and would like people to help me create it/test it"
157,"SUBREDDIT: r/GetMotivated

TITLE: The last 24 hours have quite possibly been the most important of my life.

POST: I am 17 years old, in my last month of high school. When I was in the 3rd grade I got really sick with pneumonia and was put on a bunch of steroids. I have been overweight ever since then.

All through high school I have been socially awkward and likely depressed. I've been lucky enough to find some very good friends who've helped me. Unfortunately there is only so much they can do to help.

Next year I'm going to a Big Ten university to study journalism and hopefully start writing creatively again. 8 days ago I found out that a girl I had a crush on in the 8th grade is going to the same university as me. At first I thought this was just another awkward situation I would have to deal with. This is where the change comes.

Friday night I texted one of my best friends to tell him my situation with this girl. I was so nervous about what he would think that I was literally shaking. He gives me some advice I don't like: Contact her. I argue with him for a few hours and he finally gives up. I go to sleep.

I wake up Saturday and I think to myself ""Fuck it, what's the worst that could happen?"" I friend her on Facebook and I'm anxious for the next few hours. I decide I need to take my mind off it so I go on the eliptical in the other room. I run a tenth of a mile, stop, do five push-ups, ten jumping jacks, start over. I do this five times. It takes less than ten minutes.

I go back to check my computer and she accepted my friend request. I realize at this moment that I am in complete control of the situation. I'm no longer nervous and it's one of the best feelings in the world. I message her Sunday morning. No reply. I don't worry. I do another five sets of my new exercise routine. I come back to my computer and I talk to this girl on facebook for a good hour. I tell my two best friends and they so excited for me. I'm no longer afraid of social situations and I'm excited for the future. From now on, I am going to do five reps of my new routine twice a day.

TL;DR:"," In one day, I conquered my social anxiety and found a way I can run a mile, do 50 push-ups, and 100 jumping jacks in 20 minutes."
158,"SUBREDDIT: r/GetMotivated

TITLE: [Text] I quit my job, broke up with my SO, and am moving to another part of the state where I don't know anyone (29/m)

POST: Some poor decisions that I made as a kid have stayed with me mentally/emotionally. I never dealt with it, correctly or at all really, and it's led me to a place of being really unhappy. I spend my days thinking about the things I COULD be doing, or comparing myself to what other people are doing. Despite these things, arrogant or not, I still consider myself to be one of the most physically capable & intelligent people I know. I despise myself because, to quote a really good movie, I feel like I'm 'sitting on a winning lottery ticket but am too much of a pussy to cash it in' (not to say that there are high-level math theorems going unsolved on hallway chalkboards because I can't get my shit together). I'm afraid of failure, I'm scared to be outside of my comfort zone, and I feel like I'm not capable of the things that I want for myself.

I'll be 30 in a couple months. I decided that I can't spend the rest of my life with this type of internal conflict or unhappiness. As the title says, I've made some big decisions and changes recently. I quit my great job, broke up with an amazing GF of 5 years, and am moving away from an awesome city to an unfamiliar place where I don't have friends.

I'm scared shitless. I'm really good at lying to myself and running away from things. I don't feel like the changes I'm making come from a place of trying to escape but it seems like a slippery slope. My question is, for those of you out there who have done something similar or have something to offer, what can I do to help ensure I don't fall back into old habits? How do I keep running TOWARDS something instead of away? Are there tricks to being more honest with yourself, or holding yourself more accountable? I'm dying by starvation of life - please help me be as successful as possible with the changes I'm making. Thank you!!!

TL;DR:"," I'm unhappy with my life and have made some big changes. What are some tools, tips, or tricks to help me be as successful as possible in improving my life? Thanks :)"
159,"SUBREDDIT: r/GetMotivated

TITLE: It was my real-life cake day yesterday. I'm changing things.

POST: Last night was an amazing time. I had an awesome birthday, with all of my great friends... and I realized something. I want to stay with those people for my whole life. I have not been the most motivated person, my friends on the other hand are some of the most driven and dedicated people I know. If I don't change how i'm working, studying, talking, even eating... they will leave me in the dust of their successes. I put on a red rubber band today at my friend's suggestion. It means a new year, it means the motivation to keep grinding. I'm new to /r/GetMotivated. I want to be like you people. All of you, to me, are exactly like my best friends. The kind of people I want to surround myself. People pushing, and working their hardest to be the best they can be. Because of people like you, I am going to push myself. My goal in life is to be able to look back and simply know I tried my hardest  to be where I am. Thank you helping me figure this out, I can't wait to see where this goes.

TL;DR:", I made a mushy realization that my friends will surpass me if i don't change my work ethic. I'm doing it.
160,"SUBREDDIT: r/GetMotivated

TITLE: [Story] Failed two classes, hard work saved the day.

POST: Hello all, just wanted to share my story since i'm very excited and happy.  

Last quarter was probably the worst 4 months I've had to go through, between a bout of depression and absolutely hating the college I was going to and the commute that came along with it, I completely bombed some very important classes.  I got a 1.3 in my intro computer class and a 1.8 in the calc 1 class.  To get into my major, the college requires a 2.5 and 2.0 respectively.  

Coming off of these grades, I ended up transferring to a sister school that was closer to home that had smaller class sizes.  I took only the two classes that I had failed last quarter and really loved my teachers and the environment so much more.  Between a shorter commute, smaller classes, a metric-ton of studying, some really nice tutors, and lots of student-teacher interaction, I managed to pull a 4.0 in both classes.  I'm looking forward to the next quarter even more and while I know that it'll only get harder from here, I trust myself to pull through whatever comes.

TL;DR:"," Idiotic college student fails two major-required classes, transfers to a different college, pulls two 4.0 out of the ashes."
161,"SUBREDDIT: r/GetMotivated

TITLE: So, I'm having a hard time staying motivated right now, partially due to lonliness

POST: I'm 21 years old, I live alone, and my girlfriend broke up with me not a month ago, since we were to different. The thing is, I still really liked her, and it kinda sent me into a tailspin. It's definitely not good because I'm taking summer school right now. I'm still doing okay, and I'm not sad about her nearly as much as I was, but right now I have no motivation to study and improve myself. I feel seriously lonely...

I've tried reconnecting with people that I haven't seen since high school, and I've been messaging a bunch of people on facebook otherwise to see who would be friendly toward me. The problem is, really all I want to do is just talk with someone or cuddle with someone. I can force myself to do some work, but it's hardly consistent.

Whenever I try to get work done, or read, or something like that, I have this nagging itch that I could be on Facebook, or okcupid, or going out and trying to meet new people. It's really just draining all of my motivation to do anything. I'm lonely and I don't know how to deal with it.

Right now, what I need to do is study for summer school (which ends in a week), and learn a good amount of the dewey decimal system for a potential library job. On a consistent basis, I have some books to read, I need to practice piano, and I need to learn some more coding languages. I just can't find motivation

TL;DR:"," Girlfriend broke up with me not too long ago, and now I'm sad and unmotivated. I have things I need to do, but I don't know how to break out of this"
162,"SUBREDDIT: r/GetMotivated

TITLE: Any volunteers?!

POST: Ok, so I have in interesting request for you guys.  

First of all, I love this sub.  It has helped me more times than I can count by giving me that push of motivation I needed.  Everyone here is very uplifting and positive!

Basically, I'm building a website with the central purpose of helping people get motivated.  I know there are so many websites and blogs about motivation, but I love the subject and want to help out others in there quest for motivation as well.

The focus that I have built up so far is helping people who feel like they are in a rut in some area of their life, or maybe just in general.  I have been there before and felt like there was nothing I could do to get myself of the couch or out of bed.  Life just seemed so overwhelming and when you are in this state, it's hard to propel yourself out.  So what I want to do is give others the push that might help them to get back on track and get their focused again.

I've read so many books and articles on the subject that have helped me in my own life and I've noticed that when I talk to others who may be feeling a little laggy, I get really excited and feel passionate about helping them.  A lot of my friends started coming to me for advice on motivation which gave me the idea of cultivating this new found skill.  

So here is my request for anyone:  If there is an area of your life that you feel you are just not motivated in or maybe you would just like a little motivation in general, write up a description of your situation and be as descriptive as possible.  Send it to me in a pm and I will work out  an action plan for you to the best of my ability!  That is all!

I will do my best to help everyone I can.  And thank you in advance to anyone who is willing to help me out!  You guys are great :)

TL;DR:"," If you'd like to pm me a description of a situation where you feel unmotivated, I will, to the best of my ability, create a motivating push in the right direction for you :)"
163,"SUBREDDIT: r/GetMotivated

TITLE: Why can't I just seem to DO anything?

POST: Hey r/getmotivated. I don't know if this is the right place for this post. I've been subscribed to this subreddit for a few months now. And I've done nothing with it. I look at other people's posts, I think ""wow that's really inspiring"" and then I just go on browsing Reddit. 

Like a lot of people, I have a million things I want to do with my life. I want to learn how to sail, I want to play the guitar, I want to sing more, I want to take ballroom dance lessons, I want to travel the world, I want to meet new people, I want to lose weight, I want to get fit, I want to eat better, I want to keep my room clean, I want to work  smarter at my job and further my career. But, I just can't seem to actually do any of those things. 

Today, I planned to wake up early and get my laundry done. It's now 5pm and I only got out of bed twice, once to use the bathroom and once to get some breakfast. I can't even get myself motivated to do the little things like laundry! I work a lot during the week so my excuse on the weekends is that I'm just relaxing and recuperating. In reality, I'm just wasting my life away. Bottom line is I am just plain lazy. 

The laziness has been a problem all my life. But somehow, (good timing and luck I guess) I've managed to graduate from law school and have a pretty good job working as an attorney. But that's where it ends. I have nothing else going on in my life and I'm too lazy to go achieve anything. Sometimes I'll get motivated for a few weeks, or months even. But eventually I just go back to doing nothing with my life. How can I stop this cycle? 

I see friends on FB going out and doing things and I get jealous. But what's preventing me from doing those things? I just don't get it. What is it going to take for me to not just want more, but do more?

Sorry for the wall of text.

TL;DR:"," I feel like I spend my life in bed with no motivation to do anything, though I have lots of things I wish I could do. "
164,"SUBREDDIT: r/GetMotivated

TITLE: I'm going to develop a tool for motivation

POST: I'm a guy who has lots of free time. I've decided that I'll spend some of this time creating a tool (website, app, software, ... I don't know yet) creating a tool that will help people get motivated. I already have knowledge in programming, so what I need now is to know what to develop.

I believe that this is the best place to ask what I should create. Since most of you are motivated, or trying to get motivated, I believe that your input can help me create a tool that can help us all. Why you should give your ideas? It's going to be **free**, I promise.

So, if you could design a tool that would help you get motivated, what would it have?

TL;DR:", I'm going to develop a free tool to help people get motivated; your ideas can help me. All input is welcomed.
165,"SUBREDDIT: r/GetMotivated

TITLE: Need some help

POST: Hi guys,

I just resigned from my job last week and still need to work there for another 3 months.  Can anyone help me get motivated to give my all during these last 3 months?  At the moment the stress surrounding the job and my dread of it is so pervasive that I am in no frame of mind to do that.  My employer is one of the greatest guys I've ever met - and would like to just give it my all for the next 3 months.  But I just can't find the energy in me..

I've already been pushing myself the last couple of months trying to see if I can actually continue working there (somehow magically become remotivated by the career), and my ability to push myself has just become limited.  I could have given a month's notice, but we're actually in the midst of a big project and understaffed - so I told my employer I will stick around for another 3 months.  Bad for me emotionally; but I want to help my employer out, but I need to be at the top of my game to do that.

Aside -
Leaving high-paying IT job to become an apprentice potter and pursue other things...things which were always important to me (writing, art, being fit, game design, physics, etcetera) but which has just fallen by the wayside the last couple of years.  The stress, the long hours, the fact that I haven't learned anything mayorly new for the last couple of months - just isn't worth it more.  Its game over.

TL;DR:", Need motivation to help me survive and give my best for the last three months in a job that I have come to hate
166,"SUBREDDIT: r/GetMotivated

TITLE: Stuck in a two week rut...

POST: Help me out, wolves.

I've been neglecting uni work again (3rd year now) so been under fairly constant strain to keep up appearances with essays, extra curricular stuff, job applications and some semblance of a social life. I missed out last year on a load of internships and shit due to just being so apathetic or scared to apply, and it's happening this time around as well. Then around 3 weeks ago, I was on antibiotics and heavy painkillers for a while,  from then on i've just been a total recluse. Not really left the house, wake up everyday at 2PM, then piss away the time until I sleep.

Motivating myself to do things has become increasingly hard. I sit down to work, and literally can't force my finger to click on the link for work I have to do, whilst facebook, reddit, others get endless amount of time. An hour ago, I went on to finish a job application which was 90% done, and the deadline had past a few hours before. The thing was, *I knew it was going to happen*, and somehow I'd just formed a mental block against doing anything about it.

So now I'm just fucking frustrated as myself for being such an arsehole and frittering away my time uselessly. There's a party later on tonight, and I feel like going just to get pissed and not think of the things I have to do. But then again, I really want to get back on track...Just can't seem to find the way to do it.

TL;DR:"," emo, angsty 20 year old has multiple first world problems and would like some help/advice/words of encouragement/anything"
167,"SUBREDDIT: r/GetMotivated

TITLE: [Tool] COIN FLIP: You have a 50% chance of winning chance of winning $150. You also have a 50% chance of losing $100. Do you take the gamble?

POST: Logically, the gamble is beneficial.

0.5($150) - 0.5($100) = +$25

WOO HOO! Twenty-five imaginary fucking dollars guaranteed! FUCK YEAH! Math demands you flip the motha-fucking coin!

But if we were truly rational, we wouldn't have any trouble getting and staying motivated. In reality many people aren't interested in flipping this coin because the likely possibility of losing $100 is a TERRIBLE outcome. You would be pissed to lose $100. You imagine the worse outcome, and that dissuades you from taking the risk.

**What does this mean?**

We are ***LOSS AVERSE***. Losing $20 is more emotionally **powerful** than finding $20. Getting dumped is way more emotionally **burdensome** than getting a boyfriend/girlfriend is exciting. The death of a loved one is way more emotionally **crippling** than the birth of a child is wonderful.

**SUMMARY**: We perceive losing something to be **dramatically worse** than gaining that same thing.

**How can this information help you?**
When you want to motivate yourself to something, reframe the motivation in the form of avoiding loss. 

Trying to go to the gym? Don't think, ""I want to go to the gym to GAIN a good body"".

Think, ""I want to go to the gym so I don't LOSE the body I'm trying to build"".

Afraid to talk to the cute girl/guy sitting next to you on the bus?

Don't motivate yourself by saying, ""She's/He's so attractive, I'd love to meet/date/slam this person""

Motivate yourself by saying, ""If I don't talk to her/him, I'm going to LOSE this once in a lifetime opportunity. We may never cross paths again!""

TL;DR:", Humans perceive losing something to have greater emotional magnitude than gaining that identical thing. Use this to your advantage by framing your motivation as avoiding a loss rather than seeking a gain.
168,"SUBREDDIT: r/GetMotivated

TITLE: Ramblings of a discouraged student.

POST: I'm in my second year of college, and since day one I've been having trouble motivating myself to do things like studying, writing papers, etc. Whenever I try to start something, I end up thinking, *why am I doing this?* Now, with most tasks, this question is easy to answer, as completion of the task usually has an obvious benefit (even it doesn't me, at least it benefits somebody). However, when the task is, for instance, writing a paper, my thought process is more like this:

*Why am I doing this?* Well, it's for a grade. *Why should I care about a grade?* Well, I need these credits to get a degree. *Why should I care about a degree?* Well, you need one to get a good job.

What the hell does that mean? A ""good"" job? I know there are people that really love their job, but I don't think I can be in that crowd. I've done a lot of thinking, consulted damn near every career counselor and aptitute test I can get my hands on, and I still can not think of even one job that I would really enjoy. That's not the end of the world, and I could just suck it up & take any old job to get by, but why, then, should I waste all this time (and money) on college? I'm sure a lot of you have had thoughts like this before. How did/do you deal with it?

TL;DR:"," I went to college because I was told it was the way to get the job I want, but I don't think there's any job I actually want. How can I stay motivated and get through school?"
