,prompt,completion
0,"SUBREDDIT: r/Parenting

TITLE: Asking for 1 year old bed time and nap advice

POST: Our daughter, just over 1 year old, won't go to sleep in her crib. She'll sleep in it for a couple of hours if my wife nurses her and cuddles her until she falls asleep. Because she won't stay asleep in the crib, we've resorted to co sleeping with her for both naps and bedtime. I'm a stay at home dad, and can get her to nap in our bed during, but have to fight with her most of the time to get her to finally relax and stop getting up and trying to explore. In our bed, she'll sleep through the night, which is why we've resorted to co sleeping. The main problem at this point, is that even though there's enough room in bed for the 3 of us, my wife and I don't sleep as well because of partner disturbance, and having to be extra careful not to disturb our precious time bomb. I've ended up sleeping on a spare bed outside of the room. We know we need to get her to sleep alone in her crib, but every time we try, it results in sleepless nights for all 3 of us, and by 3 or 4 in the morning, the little one ends up in bed anyway.

We've had suggestions to put the crib in a different room, let her cry and fuss, and we're willing to try that, but I was wondering if anyone here has had a similar circumstance and could offer some advice.

TL;DR:", Can't get 1 year old to sleep unless she falls asleep next to one of her parents. Looking for advice other than cry it out (unless you have a super secret cry it out strategy)
1,"SUBREDDIT: r/Parenting

TITLE: Really need advice regarding single parenting / joint custody

POST: Me and my Gf have been together for over 5 years, we have recently had a Son who is now 6 months old. First off I don't want to pose this question to r/relationships because all I got was to try couples therapy and when I even suggest that we need a mediator she gets defensive, takes offence to the idea.

We are both extremely stressed with each other , 24/7 fighting . I feel as though this will always continue because arguing over almost any issue was a constant even before our Son was born. 

I'm considering that this relationship is a lost cause but I love them both and do not know what to do going forward. Is he too young to subject this too ? financially we depend heavily on one another and most of are finances are joined. 

If anyone who has a had a similar situation could share some advice , I know my son will be loved no matter what, I just don't know where to go from here or if there is ever a right time to talk about it . Was considering trying a break to feel out how we both do individually. Thanks I can answer what I can!

TL;DR:"," girlfriend and I fight constantly, have a 6 month old, I need to be happy and feel as though the relationship could be over . How can I deal with this and when?"
2,"SUBREDDIT: r/Parenting

TITLE: Daughter watches too much ""crap"" on Youtube, need tips for merging between learning and having fun.

POST: I need advice with helping my 8yo daughter make a better use of her time. Right now, most of her free time goes to watching fanmade videos and watching a bunch of My Little Pony videos. And then playing video games on the PC. I can see these things taking their toll over her brain. She's kinda addicted and her grades became lower because during exams she's not concentrated but instead she's thinking about the things she watched on youtube.

I need help with maybe some sites or youtube channels that could occupy her but be more productive for her. She likes science, so I'm looking for any kids-friendly science show I could get for her. She likes stories. So if there's any youtube channel with good stories for kids that could enrich her vocabulary or expose her to good storytelling and literature. I'm a real big fan of finding productive habits to do for fun in your free time. So how can I merge learning with fun? I'm in a really busy period atm so I can't always be with her teaching new things. She'd have to do a lot of it during her free time alone.

TL;DR:"," I need good youtube channels, sites, entertainment that could occupy my 8yo daughter but help her develop in some way."
3,"SUBREDDIT: r/Parenting

TITLE: Kindergarten woes.... am I over reacting?

POST: **A little back story**: when choosing a grade for my 4 year old daughter (5 Oct 30) we were told she could go into Pre-K or Kindergarten, she took the test and passed with flying colors. They told me she was ""beyond smart enough"" for Kindergarten, but her age may play into it. After much debate we decided to skip Pre-K, and go straight to kindergarten. If she wasn't ready for 1st by the end of the year I'm not afraid to hold her back and do it again, but I wanted her to have that challenge. 

**Story:** So, today was my daughters Kindergarten Orientation, the day you go to school and see your classroom, meet your teacher, your classmates, find your seat, your cubbie, etc. We were escorted into a room, it was half the size of the class room my step daughter had, it didn't have cubbies or desks, no decorations on the walls, we were confused. We were told it used to be the art room, then we were informed that we wouldn't be meeting the teacher today because... *there was no teacher to meet.* They haven't hired one yet.

 **School starts on Tuesday!**

On top of that, I was told she was in an ""overflow class,"" so she'll be in a class where the (one) teacher is teaching kindergarten AND pre-k at the same time. I understand that they can't be THAT much different, but there's a reason they are separate classes after all. 

I'm really upset about this, it just doesn't feel right at all. I adore this school, my step daughter (going into 4th grade) has gone here since pre-k, and we've never had the slightest problem.

TL;DR:"," my daughter, starting kindergarten in a week, does not have a teacher yet, and will be in a class mixed with per-kindergarteners."
4,"SUBREDDIT: r/Parenting

TITLE: I'm irresponsible, do I take responsibility for it?

POST: Okay, screwed up today. Door didn't lock, seven year old walked in on me and the husband. It was pretty dark in the room (daylight barely shown through curtains, so not pitch). And we were back to the door, I was bent over, so there was my husbands back end, the motion, and some very quiet talking about coming. He had sneaked in the door and apparently been looking through the curtain on my bathroom door.. For who knows how long. We were abruptly interrupted by s burst of psychotic laughter. He left laughing. Later, after reminding him about my closed door policy, I said something about how was I supposed to get in shape if he laughs when I exercise? He said ""that was exercise? Didn't look like that to me"". So I responded, well yeah, dad was helping me. So..  Leave it at that? Explain what happened? This is a kid whom I always try to be honest with, and he is very mature. Firstly, I have no idea how he'd know anything about sex, but I don't think he needs to. However, I feel like he knows and now thinks I've lied. Thanks for your constructive feedback.

TL;DR:"," 7 year old walked in on us, didn't see much but still knows what's up. Is it too early for the talk? And it probably shouldn't be after experiencing that."
5,"SUBREDDIT: r/Parenting

TITLE: 9 month old won't eat solids, help!

POST: My daughter was EBF until 6 months and has been eating solids 3 times a day for about 2-3 months. She seems to enjoy eating, when she feels like it but seems to enjoy the breast more. She will only eat a good sized (2-3tbsp) meal every 3 or so days, usually we struggle to get 1 tbsp down per meal. In her high chair she is uninterested in food and would rather chat at me or the cat, play with the clips on her seat, look at the fridge, etc. She is very easily distracted. I follow her cues and stop feeding when I think she has had enough, usually a meal lasts 30-45 minutes. Then I offer the breast, since she hasn't figured out any kind of cup for drinking water and she drinks a normal meal amount of breast milk which leads me to believe she could have eaten way more solids than she did. 
I intend to BF her until she is a toddler (2-3 years old) and want to have her down to just bedtime and through the night feeds by the time she is 12-14 months. I just have no idea what I am doing. She doesn't seem to have increased the amount she eats at a meal since we started solids. I have seen kids her age pack away the food. How can I help her to get more interested in eating and less into nursing so that we can start to wean? Any help or ideas would be appreciated. 
Side note: I was concerned about this but not worried until I spent the weekend with my in-laws and all we did was clash about how little she eats, how she doesn't open her mouth and about what I feed her, specifically don't feed her, but that's another post all together.

TL;DR:"," Baby prefers breast milk to solids, in-laws have me worried. How do I get her to eat more real food?"
6,"SUBREDDIT: r/Parenting

TITLE: Stepmom of two, 7 and 8. They call me by my first name and I don't have a problem with this, but recently have been reconsidering.

POST: When I was first introduced to the kids, it wasn't with the intent of marrying their dad and becoming a permanent part of their lives.  They called all of their dad's friends by their first names, so that's how I was introduced to them as well.  When we did get married several years later, it seemed kind of silly to ask them to change.  That's the name they know me by, and they have never been disrespectful with it in any way.  

In addition, they already have a Mama, and I would never dream of trying to ""usurp"" her role by forcing them to use a Mom title on me - but they do know that I am their stepmom, and they are content with that.  

Recently, my stepdaughter has been trying to give me a nickname... a variation on my first name.  She is doing it to establish a term of endearment, not to try to be disrespectful.  However, it makes me feel a little uncomfortable.  I have never been a nickname person - I used to throw fits as a child when my sister would use nicknames on me - and it just feels weird.  Like she's trying to see me as a friend rather than a parent.  It has actually made me question if I do need to go by a title rather than my name.  Or, do I just need to tell her in no uncertain terms that she should use my proper name?

TL;DR:"," Stepkids call me by my name, it has never been a problem.  Stepdaughter is now trying to give me a nickname, it makes me uncomfortable.  What to do?"
7,"SUBREDDIT: r/Parenting

TITLE: Need some suggestions...

POST: My son is autistic, he's 6.  He likes Pokemon cards.  I let him take his cards to his after-school care because other kids also had cards and were playing during the spring break.  he started with 62 cards, and some kids gave him a few extra cards after his first couple of days.  They called these cards, ""energy cards"" and they are used to activate abilities on other cards, and are therefore required to be able to play effectively.  

The problem is, he just came home today with only 7 cards.  The other kids just decided they wanted his cards, and he didn't know what to do to stop them.  I told him when I let him take his cards, not to trade cards with anyone, because he wasn't knowledgeable enough about the game and the cards to trade fairly.  

I know it's not his fault for letting the other kids bully him, but I have to punish him for not following my rule about not trading.  My problem is that it's not really the Care Provider's responsibility to watch after my son's belongings, and although they have had classes about bullying it's not the kind of bullying that is easy to watch for.  The kids just said they wanted my son's cards, and he let them have them.  (According to him)

I've contacted one parent because our sons have had play dates together and she's promised to ask her son to return the cards he took, but the other parents are my concern, I don't know them, and some of the cards were ""good"" cards, that would actually help my son play and possibly win.  They basically took all his good cards and left him with shit...I feel terrible.

TL;DR:"," The other kids at my son's after-school care took his ""good"" pokemon cards, who do I talk to?"
8,"SUBREDDIT: r/Parenting

TITLE: 12 year old still throwing temper tantrums?

POST: I'm not sure if this is the right place, but I'm desperate. 
My younger brother [12] has been getting into a lot of trouble at school and is all around being a terror. I'm in my 20s away at college, so I'm not around that often, and our mother is a single parent (though she gets a lot of help from my grandparents). I know this isn't ""normal teenage"" behavior and I'm desperate for some advice. 

All he does all day is play video games, this I know isn't that far from normal. The last few months, his grades have been slipping, so an hour a day time limit was placed on the game systems. Today, when I wouldn't give him the password so he could play longer (I had already given him a 15 minute extension to save the game) he threw a temper tantrum. Not just being upset and crying, an actual temper tantrum. He started screaming and crying and pounding his fists on the floor and hitting his head like a 5 year old. All because he misjudged the time he had left and I wouldn't give him anymore. This behavior is NOT acceptable. This isn't the first time something like this has happened either. 

I'm trying my best to fix his behavior, telling him no at appropriate times, but he just cries and has a fit. I'm meeting a lot of resistance from the rest of my family with the issue, as they see no problem with his behavior and rarely punish him.

Any advice as to what I can do as an older sister to help fix his behavior?

TL;DR:"," 12 year old boy throws multiple temper tantrums over meaningless things, older sister is sick of it and doesn't know what to do"
9,"SUBREDDIT: r/Parenting

TITLE: How many of you have child care options at your work site or school? (xpost from TwoXChromosomes)

POST: I ask this question because I work in a relatively specialized industry and the lack of childcare options in our community is a problem. My child is almost old enough to stay at home alone, but a lot of my peers are not in the same situation. Most people don't start families at age 19. Young men and women within my company are struggling to find appropriate child care. Either there are no option nearby or the facilities are not open late enough. Our staff personnel need a facility open till at least 8 pm which is apparently impossible to find.

We've approached management in the past to consider building a facility on our job site than can accomodate our day time hours (4:30 am to 8:00 pm). We were shot down primarily because of the costs associated with building the facility, but not operational costs. Employees would pay a reasonable child care fee, so it would not be completely employeer paid. I recently discovered that the original team only got one quote for building and operational costs. Never get a single quote. Shop around!

Additionally, I've had several younger coworkers come to me for help on how to handle managers essentially pressuring them to chose between parenthood and a career. In most of the cases, it had to do with management's lack of respect for work like balance (wanted engineers on call all the time). Other times, the management issues were more reasonable like employees missing too much work due to a spouse's work schedule. For example, Mom can never stay past 5:00 for emergent projects because of Dad's work schedule. This can be a problem in our industry. Stuff breaks and the system expert has to be available sometimes.  

So, I think it's time to revisit this issue within my company. We have a growing number of families and single parents.  Opinions, arguments, experiences?  I posted this here as well in hopes of getting more input.

TL;DR:", I want to persuade my company to offer onsite day care for employees to help satisfy the needs of workers and management. Looking for input.
10,"SUBREDDIT: r/Parenting

TITLE: How do I get my EIGHT YEAR OLD to sleep in her own bedroom??

POST: I am tearing my hair out right now!!!

Background: Having left my (now) ex husband when my daughter was 18 months old, I had to stay with my mother for a year until I got back on my feet.

A few moves later and we make a habit of just getting a one-bedroom apartment to save money (and we really didn't need the extra room at that time). So my daughter, from age 1.5-7.5 slept with me in my bed about 70% of the time.

Four months ago I finally rented a two-bedroom. She has her own bed, own pretty duvet, etc. For a night or two after having set up her room, she was excited to sleep in it.

Now she's 8. I've been trying without much success to have her sleep in her own room, but EVERY NIGHT is a fight; whining, consequences, etc.  Ultimately we both eventually collapse at 2:30 AM, me in my room and she in hers.

I just can't deal with this every night! I'm the type of parent who has always put her foot down and up until she was 7, my daughter has been very amiable... but now EVERYTHING is a fight. I can deal with most of it during the day, but I'm so tempted every night to just give in.

I've tried letting her sleep in my room on the condition that she get no pillow and no cover. Doesn't work. I've talked to her about what we can do to make her room more comfortable, and nothing came of that. I even went as far as to lock my bedroom door, but she ended up having a breakdown and I didn't want her to wake the neighbors.

HELP ME!!!! What are your ideas to help me get this kid to sleep in HER OWN ROOM????

TL;DR:"," How do I get my daughter, who is used to sleeping with me, to sleep in her own bed? It's a battle every night!"
11,"SUBREDDIT: r/Parenting

TITLE: Almost 4 year old not at all interested in learning

POST: Hello everyone!  I love this subreddit! I have found so much great information and advice.  

So, my girlfriend has a 3 year old son (Turns 4 on July 4th) and a 7 year old daughter.  The daughter just soaked in learning and still does.  She knew all her letters well before kindergarten and her 0-9 numbers well before kindergarten as well.  We have worked with her 3 year old son and he just has no interest.  Is this ok?  We are not intense or pushy about it... nothing like ""You must learn!!!"" lol  Just want to make sure he is ready for his Pre-K class this next year.  We will sit with him with the letters A, B, & C and show him the A and say ""This is A."" and then repeat ""A, A, A"" and hand it to him and point at it in his hand and say ""A"".  Then will put it back with the B & C on the floor. We will then say, ""which one is A?"" , and he will hand us a B or a C usually and very rarely grab the A.  Should we be concerned with this or just assume he isn't ready?  Are we doing this in a way that works?  Also, with numbers he seems to recognize them but almost just seems to refuse to verbally recall them.  I will ask him ""How many worms are there?"" in his number book (there are 2) and he will show me two fingers but will not say two.  He will always say the wrong number but always show the right number or fingers.  He can identify colors and shapes just fine... he loves to talk, is so very loving and sweet and loves his cars, trucks, and other toys.  

Any advice is welcome! Any tricks you have used or anything like that. Thanks so much everyone!!

TL;DR:"," Tips and tricks for teaching an almost-four-year-old letters and numbers? We will start with A, B, C and 1-5. Thanks!"
12,"SUBREDDIT: r/Parenting

TITLE: Santa Claus: Man or Myth?

POST: (Haha, yes I'm posting in the right sub. Sorry for the cheesy title, all the rest I came up with were really long run on sentences.)

Very recently someone posted a thread asking about some of the ridiculous things you've been judged for as a parent. I did see several posts about Santa Claus. People wrote being considered ""bad parents"" because they either ""ruined the magic"" for their children by being upfront about the fact that Santa doesn't exist, or showing their kids ""it's okay to lie"" because they believe in Santa. 

Enough people wrote about it that it kind of stuck with me. First off, I think it's absurd that anyone would judge a person's parenting skills on how they handle the Santa issue! I mean seriously, why is it such a big deal to them whether or not the parent chooses to let their kids believe in Santa or tell them the truth? 

Secondly, everyone seemed to have very different reasons for why they chose the decision they chose, and I thought that was pretty interesting. 

So my question is, for those who celebrate Christmas, does your household believe in Santa, or did you tell your kids from the start that he wasn't real? What was your reason? Do you ever regret it and if so, why?

TL;DR:", Right from the start did you tell your child(ren) there's no such thing as Santa or do you let your kids think Santa is real?
13,"SUBREDDIT: r/Parenting

TITLE: Found out I'm pregnant, in need of some advice/support. [x-post from r/mommit]

POST: So here's my story...I'm 19, just finished beauty school in NYC, on the verge of getting a job at one of the best celebrity/high-end salons in the city/country. I'm dating the love of my life, who's 21 and in his last year of getting his BA in computer sci. We've been dating for about 4 years, have a great mature relationship and friendship and plan on spending the rest of our lives together. Both want kids, and he knows my passion in life has always been to be a mom.

I found out I was pregnant yesterday and immediately told both him and my mom. Mom is urging me to get an abortion, and my bf expected I'd do the same. I'd really like to keep it and I know that I'd be emotionally fit for raising a child. My bf disagrees and doesn't think he's ready. We'd be pretty ok financially as long as he got an okay job out of school and I saved for the next 9 months. I feel wrong getting an abortion (although I'm not against it in general.) I understand that if he's not on board, it's an issue, but it works the other way too. Not sure what to do and I guess I just need some support.

TL;DR:"," I'm 19 and pregnant with my 21 yr old bf of 4 years' baby. I want to keep it, but he doesn't really feel the same."
14,"SUBREDDIT: r/Parenting

TITLE: Taking two toddlers on a cruise?

POST: Looking for some advice:  My father-in-law just invited my family to go on a cruise with him, and my husband and I are debating how practical that would be.  We have two toddlers - a just-turned-one-year-old (14 months) and a not-quite-three-year-old (34 months).  The cruise is in a month, so add that to their ages.  Some things to consider:

* The older one is completely potty trained, and we use cloth diapers on the younger.  
* Older girl loves swimming, younger is barely warming up to the bathtub.
* Both are very physically capable.  The younger one can walk very well and crawl up and down stairs fairly confidently.  
* Both like to meet new people and situations, but the younger one is very mommy-clingy at the moment.
* We're behind in the kids' vaccinations (we moved and I've had health issues and life has been crazy; we're working on it), and I don't know how much a concern that would be.

Neither my husband nor I have ever been on a cruise before, but my father-in-law and his wife do them all the time and would love to spend time with their grandbabies.  It sounds like it could be a lot of fun, but it also sounds like it could be a lot of stress, and we just don't know whether or not it would be worth it.

TL;DR:", Considering taking a one-year-old and a three-year-old on a week-long cruise.  Anyone have experience or thoughts to contribute?
15,"SUBREDDIT: r/Parenting

TITLE: Need advice...

POST: I'm not sure if this where to post this but it seemed like the best option. 

- My parents after 21 years are getting divorced. I'm relieved. Its never been a happy marriage. My dad used to drink a lot and my mom started having affairs. 

So I guess I can give you a little history of my family. I grew up lower middle class. My dad ranches and my mom is a nurse. Together they have two children, my brother (16) and I (21/F). 

-I never spent a whole lot of time with my mom, she worked a lot and in the end just didn't want me around. So I've grown up being a daddy's girl which also upset my mom. I bounced around from family member to family member when I was in middle school and high school because she didn't want me home. We finally kind of patched up our relationship when I went to college. She had major weight loss surgery and it completely changed her. I think her affairs started when I was in middle school and my dad's drinking got worse. They have continued up until now which has led to their divorce. She believes she is entitled to a settlement and I completely disagree. She really hasn't brought anything into the marriage. 

So my question to reddit is that am I in the wrong for estranging myself from her except for maybe 10 minute interactions every couple weeks? She asks my roommate about me often but I just don't care anymore. I just feel that everything is everyone else's fault and she will never own up for anything that she does. Its my dad's fault she had affairs (8 at least), her mother didn't give her the attention that she needed, etc.

TL;DR:", Mom has affairs and ends up with my parents getting divorced. Am I wrong for not wanting anything to do with her?
16,"SUBREDDIT: r/Parenting

TITLE: Any ideas on my girl's sleep?

POST: Ok. We were so lucky and had a great sleeper. She was doing full, 11-hour nights at 4 months and has (usually) been a pretty good napper too. However. In the past few weeks or so (she is now 10 months old) she's been waking up at night. She doesn't really cry much, she just yells and talks to herself. I have tried waiting her out to see if she can go back to sleep on her own, but it's difficult because we live in a teeny tiny apartment and share a bedroom. I never get her out- I go to her, search for her pacifier in the dark, and put it back in her mouth. She immediately (for the most part) goes right back out. That's great... But why is she waking up like this and how can I get it to stop?

A little more info...

We co-slept up until about 5 months. She likes to flail around like a crazy person in her sleep and transitioned to her crib in our room without a problem. Waking up didn't start till a while later.

She does not do this spit-out-plug-and-need-it thing during naps.

I have made sure she's not cold, hot, hungry...

It could be teething, since she's really on that train full force, but for some reason I think it's not.

I think it has a lot to do with the damned plug. If she no longer had one at all, maybe she wouldn't wake up looking for it in the night. I did go plug-free for almost a whole week, but then caved one rough day and now she's more attached to it than ever. I hate that I ever gave her one in the first place, but hey... When you've got a colicky newborn, you'll do just about anything.

So. Any ideas? Should I ditch the plug?

TL;DR:"," 10 month old used to sleep right through the night, but now wakes up 3-6 times a night. What do?"
17,"SUBREDDIT: r/Parenting

TITLE: Potty training ideas or advice

POST: Hello we have a boy that will be 3 in 3 months. We are having some struggles with potty training. This is our first kid and have another coming in July. We are trying to get him trained before that point and daycare wants to move him into the 3 year room once hes potty trained. Our boy is very aware of what the potty is for. He will seek it out if he has to go #1 but never #2.

He picked up the potty very quickly a few months back and went both successfully for about 2 weeks then just stopped and now its been a huge struggle to get him back.  He refuses, says he can't and sometimes seems to be scared. He sometimes tries but always says he can't do it and wants to try later. This can be followed with him going #2 in his diaper minutes after they are on. We have made a chart for stickers and his pee chart is full and running out of room. While his #2(potty) chart has one sticker. (one more he receives a toy) We bought him toys for the potty chart and no success although he really wants the toy and understands that he cant play with them until he goes number 2 on the potty.

I will bring out a toy and kinda show it to him and ask if he would like to play with it and he will tell me he cant play with it until he goes potty.  Tonight I knew he was trying to go potty in his diaper and I let him play with our tablet for 10 minutes and told him if he goes potty he can play with it more. He understood and didn't complain at all but did not want to even try to go, followed by him using his diaper again.  

There was a change today when he asked to be changed which he has never done. He usually is content with just sitting in his filth until we realized he pooped.

Looking for some advice or tips and tricks that have worked for you guys.  Thanks fellow parents

TL;DR:"," 33mo. Boy, once suscessful at potty training, has issues going #2 in diaper and its getting crunch time on advancing."
18,"SUBREDDIT: r/Parenting

TITLE: Question about normal toddler behavior

POST: I have a friend who has a 3.5 year old daughter. My own child is eight, so it has been awhile since I have dealt with toddlers. 

I know that toddlers and morals don't really go hand in hand, but at what point is a lack of morals considered abnormal? This particular child seems to have zero sense of remorse. At times, she acts violently, such as trying to hit my child with objects and hitting my dog. Other times, she does things we specifically ask her not to and then rubs it in our faces. One example is her peeling stickers off a toy my child had decorated. My daughter began crying and telling her to stop, yet she just looked her in the eye and continued to do it.

If we find a neat bug, we can't show her or else she will kill it, despite our pleas not to. One day she let my dog out and he ran off. Even when we explained why that was bad, she showed no regret or remorse.

I know toddlers aren't the most well behaved creatures in the world, and I can excuse naughty behavior; however, my concern is mostly due to that lack of remorse and violent behavior. Adding to my concern is the fact that her mother has severe mental health issues. I don't know much about children and mental health, but could something like bipolar disorder show up this early?

Thanks for your input. I have been concerned about this for some time but I don't want to put my friend in an uncomfortable position by bringing it up. Honestly, if the behavior continues, I may consider ending the friendship. The girl is small now, but some things she does has the potential to be harmful and, when she gets older, will definitely become problematic.

TL;DR:"," Friend's toddler does violent, destructive, and hurtful things and never shows regret or remorse for her actions. I'm wondering how normal this is?"
19,"SUBREDDIT: r/Parenting

TITLE: My mother makes me question my parenting - anyone else? (x/post to relationships)

POST: Does anyone else have their parent/in-law living with them? My (25/f) mother lives with us (husband - 26, two daughters - 20mon, 2mon) and every day is a struggle for me not to completely fly off the handle at her. If she's not completely ignoring our wishes as the girls parents, she is silently undermining every word that comes out of my/my husband's mouth.

Already this morning, she's repeated every request I've made to my 20m old, invited herself into my room while my daughter's and I were skyping my husband (he's visiting his sick grandpa out of town) and gotten upset with me when I said I didn't want my daughter in her room/bathroom (which are DAILY requests).

I can't take the repeating of everything I say, the ignoring me when I ask her to not do something because I'm trying to get my daughter to listen to me, or the rolling her eyes and sighs that happen every time I have to ask my daughter not to do something for the 2000th time. (Maybe she'd listen if she didn't see Nana reacting that way?)

I realize grandparents are a blessing and my daughters are lucky to have any grandparents, not to mention one who lives with us, but I'm seriously feeling like I want to run away and tell my mother she might as well parent my child, since it seems like she doesn't think I am capable.

TL;DR:", my mother lives with my family and she makes me question myself as a parent with the way she acts/reacts to every little thing we do/say when it comes to our daughters.
20,"SUBREDDIT: r/Parenting

TITLE: What would you have done in this situation?

POST: Okay, so I'm 14 and had a sleepover, which involved me my 4 friends from school, this cute gay dude and 2 girls. Me, Sam and Caitlin all slept on the same mattress. My dad had told me that the girls were to sleep in my sisters room, but we pretty much fell asleep wherever we were. He got mad in the morning said how extremely disappointed he was in me, how ashamed he is, and that the girls are never allowed back at his house. Also mentioned that this is how teenage pregencies start. Key points: we were all fully clothed, Caitlin is about the same age as me, minus like 2 months. If my dad knew I was gay would his opinion of what happened change? How would you react to this situation if you thought your kid was straight?

TL;DR:"," dad thinks something like a macvellion orgy happened wit a girl, banned then from his house, is he being sexist?"
21,"SUBREDDIT: r/Parenting

TITLE: 6 year old daughter thinks she's not pretty because she wears glasses.

POST: Last night we were walking home from a dinner party with family and my daughter asked: 'Am I pretty?'

I told her that of course she is and started on a little daddy rant about how it's what's on the inside that counts more yada yada... When she interrupted me and said: 'You only think I'm pretty because you're my daddy.'

I didn't really know what to say to that so I asked her why she was worried about her looks and she replied: 'Some boys at school said that girls with glasses are ugly.'

Bloody boys.  I was once a little horror and I'm sure that many years ago I said unkind things to little girls so I felt a mix of remorse and anger thinking that these little brats have made my girl feel bad.

I told her to ignore them, to play with kids she gets along with or even to stand up for herself and tell the boys they have big ears or something (which was probably the wrong thing to tell her as it could make things escalate but I want her to stand up for herself at school).  I don't want to go up to the school in person because I've already been to speak about some other unrelated issues and I would prefer to give her the tools to deal with this herself instead of me fighting her battles.

So anyway, today I've been thinking it over and reading some helpful websites to try and address this issue as best I can.  I often lurk on this sub and a lot of people have good advice, so...

**What do you recommend I do or say to counteract my daughter being told she isn't pretty because she wears glasses?**

She's been wearing glasses since she turned two and even has to wear a patch over one eye at home.  She has a couple of pairs, one that are flexible for sports and another nice pink pair of regular glasses which she chose herself.  I try to be a good dad and most times get it right, I'm just looking for some insight and good tips to try and nip this in the bud so that it doesn't affect her self-esteem long term.

TL;DR:", My daughter wears glasses.  Some boys at school told her that girls with glasses aren't pretty.  What's the best way I should address this to help her.
22,"SUBREDDIT: r/Parenting

TITLE: Mom starved children

POST: My wife is a nurse and works typically three to four 12 hour shifts a week, though she goes in at 5:30am and sometimes doesn't get home until after 7pm. My children (daughter 3yrs, and son 11mo) usually wake up early, but there are times when they don't wake up early enough to spend time with their mom. Even if they are up early enough, the time they get to spend with my wife is not quality time as she is frantically getting everything ready to leave on time. Sometimes at night, the 11 month old will be asleep by the time my wife gets home. Long story short, the kids don't get to see their mom on the regular like they see me.   

  
  
  The decreased time spent with their mom has created some separation issues for my children. And in particular, my daughter. While at day care or at home with me, she is absolutely fine. But when my wife decides to take the kids for the day instead of taking them to daycare, it becomes a train wreck. Melt down after meltdown; constant attention seeking; creating failures out of nothing to get sympathy attention. It has become very draining for my wife. She is getting to the point of wanting to not keep them home on select days despite the fact that she misses them greatly. 

Her shifts are constantly changing, so there is no regularity to when they are seeing them. One thought I've had is that they are used to getting a trickle of attention from mom. Then all of a sudden, without warning, full torrential attention.   They both fight over her attention.

We are at loss of what to do.

TL;DR:"," Wife is a nurse, is gone a lot. Kids go nuts for her attention to the point of it creating a stressful home situation."
23,"SUBREDDIT: r/Parenting

TITLE: Advice on dealing with niece deliberately being rough with my child

POST: I would appreciate some advice on what would be the best way of dealing with the behaviour of my niece (3.5y) towards my baby girl (1yo).

My niece's behaviour has escalated from fairly normal threenager stuff like snatching all toys away and blocking her access to the toy room, to deliberately and repeatedly throwing things at my daughter's face and pushing her over.

In the last incudent, I was secretly watching, my niece looked around, lined up my daughter who was sitting reading a book only two feet away and overhead threw a ball in her face. I immediately told her very sternly not to do that. She looked shocked then pouted and I just stared at her with a stern face. Then her parents said to her along the lines for her not to be upset it's an accident and for her to merely be careful.  They've also asked her to be careful after they've seen my baby pushed to the floor. 

I think they are in denial that their daughter has entered a jealousy phase and is acting out against my kid. I could however be wrong, but I've been observing closely for a few months now it getting worse. 

What would you recommend I do - should I continue to reprimand child in front of them?  Am I coming off as harsh given they believe it's all accidents? Is there anything else I should be saying to my niece and should I take it upon myself to speak to her privately? Do I have a talk with the parents about what I think is really going on here? Please bear in mind that her parents aren't big on any discipline,  even so far as not requiring pleases and thankyous.

TL;DR:", niece is escalating physically against my baby and I'm unsure of the best way to deal with both niece and her parents.
24,"SUBREDDIT: r/Parenting

TITLE: Does anyone have any experience with the difficult transition from crib to toddler bed? How long will this go on?

POST: Our daughter is a smart cookie - in fact she was speaking and counting numbers at 19 months. She can express herself very well for a kid her age, but when this girl gets into tantrum mode, it is a force of nature. I read about a lot of kids having tantrums that last 3 to 5 minutes and they pass -- our daughter's tantrums can go 30-45 minutes or more and they are Category 5 intense. We recently got her a ""big girl"" toddler bed and at the same time, maybe even mistakenly, we told her bubbies (pacifiers) went away with her crib, which we talked about for a couple weeks leading up to it. Before that, which was about 3 weeks ago, she had no problem sleeping through the night. Now she is up at least 3 times a night, every night wanting to come in bed with us, or going into full-on rage mode when she can't. As a consolation, I or my wife will lie down next to her bed in her room and rub her back for awhile, then, like a ninja we sneak out of there when she's on her way to la-la-land.- but it can take up to 30-40 minutes to get her mellow enough back in her bed and to that point.  We feel like it's completely unsafe to let her scream it out by herself, and when she gets into kicking mode, all of our neighbors are up (we live in a townhouse) and she kicks the walls, door in her room, whatever and it gets loud.

Is this just how it is? Is there any way to calm a child down quickly and make her feel comfortable in her own room?

TL;DR:"," 11PM, 1AM & 4AM tantrums: We are physically and mentally exhausted from our strong-willed 2 year-old girl on week 3 of a paci-less night time and toddler bed."
25,"SUBREDDIT: r/Parenting

TITLE: Need tips on bonding with 10-year-old girl

POST: I want to keep this short, so please let me know if there are any additional details I should add..

I (female) have been in a relationship with my boyfriend for one year. He has a 10-year-old daughter. I also have a 3-year-old son. We have discussed moving in together in about a year from now. I have full custody of my son, and he has his daughter all the time except every other weekend. 

I would love to bond more with his daughter. I am not the most socially adept person, and I don't have much experience with 10-year-old girls. I will most likely be a strong mother figure in her life (she is not very close with her bio mom). 

Do you have any tips for me on bonding with the daughter? Also, do you have any insight for me on 10-year-old girls? I know all kids are different, but perhaps what types of things are on their minds or tips on connecting with her at this age?

Thank you!

TL;DR:", Need pro tips on bonding with my boyfriend's daughter and what I might need to know about 10-year-old girls in general.
26,"SUBREDDIT: r/Parenting

TITLE: A serious pain in the..... (cross posed to r/breakingmom)

POST: My son is 2.5 years old and since his birth I have been in some serious pain.

When he was born, I suffered a rectocele, which has been worsening ever since. The OB told me to do some 'exercises' to strengthen the muscle wall. I tried for 6 months with no results. My GP said I had to lose weight before I could have corrective surgery. I've lost 75lbs and how have a consult booked for the end of August.

My question is does anyone have any good tips on living with a rectocele? I've tried everything I can think of and I'm so sick of living in pain. I'm willing to suffer the embarrassment of asking to get some advice.

Explained by Wikipedia :

TL;DR:", I have been living with a rectocele for 2.5 years and am awaiting surgery. Tips for pain management?
27,"SUBREDDIT: r/Parenting

TITLE: How do I right my 9 month old's reverse schedule?

POST: My daughter is breastfed and early on decided that she didn't like bottles. She flat out refused them when she started daycare at 2 ½ months. I started driving to her daycare on my lunch break to feed her and then I would feed her again when I went to pick her up. Then when we got home she would eat every hour and a half or so until bedtime and then wake around 3 times a night to eat. From what I've read, this is extremely common and is usually referred to as reverse cycling. Basically, she makes up for not eating during the day by eating lots at night. 

Fast forward seven months and she finally decided that she will drink from a bottle! It's not an easy job for my daycare provider but she can now routinely get her to drink 8-10 ounces a day. Plus I'm still driving over there on my lunch breaks and feeding her before we leave in the evenings. (I think that this is more for me now than her. Plus it helps me keep up a good supply and I don't have to pump so much.) 

Now that she's nearing 10 months and eating more solids (though she's not a big fan for some reason) plus she's drinking her bottles regularly, I think she shouldn't need to eat so much at night. She is still waking frequently at night, however, and will only go back to sleep by nursing. We are co-sleeping so it's not too terribly difficult most of the time, but I'd like to recall what 4 continuous hours of sleep feels like eventually. 

I have tried giving her a pacifier and rocking her for about 5 minutes or so before giving in and giving her the boob, but that's about all I can handle late at night before losing my sanity. I can't let her cry it out – I just don't have it in me and don't think it's the best option out there. I just don't know what else to do. Any ideas, reddit?

TL;DR:", My almost 10 month old wakes up multiple times per night and will only go back to sleep by nursing.  How do I fix this so we all get more sleep?
28,"SUBREDDIT: r/Parenting

TITLE: Daughters phone stolen / missing whodunnit?

POST: My wife recently took my daughter to a house party to meet up with a group of friends and their kids. They all know each other because they all went to the same school up until September last year as they all went off to different high schools. So there was about 8-9 kids boys and girls aged 11-12 all known each other since the age of 5 and all good friends. They were very happy to see each other again. As the night went on they all bring out ipods, phones, tablets etc and go inside. At some point my daughters phone is missing and everyone looks for it to no avail. A girl (daughters best friend here) finds just the case for it in living room. It was last seen in the garden still on the phone and my daughter never removed it from case so something is fishy. My wife asks all the kids to look in their bags etc and again its not found. Fast forward 2 weeks and a million sms messages later and none of the kids have said anything despite questioning from parents. I have been to the house and awkwardly searched for it and believe the parents that live there have searched thoroughly too. 
My daughter is very upset both at losing it (she saved up for over 8 months to contribute 1/2 to buy it) and the fact one of her friends has done this to her.
Both my wife and I feel so helpless as we have suspicions as to who it might be based on previous behavior but all we can do is accept their and their parents word.

My daughter no longer wants to go to dance class because the girl she thinks is responsible is in the same class.

TL;DR:"," ? Some little biatch stole, hid or binned my kids phone and I can't beat up little kids to get an answer from someone!!"
29,"SUBREDDIT: r/Parenting

TITLE: 5 year old daughter told me something very disturbing...

POST: I need help r/parenting. Please bare with me. 

I have two daughters with an ex, 5 & 2. They went to their mothers for the summer. Plans fell through with her, and the girls were sent to my parents after 3 weeks. While spending the month of July with my mom they were going to a babysitter that we had found a week prior to the girls arriving and sounded to good to be true.  I called the girls every week and after a couple phone calls my oldest starts telling me she doesn't like the babysitter. I was the same way if I didn't get a certain lunch when I was younger, so I just told her I will be there soon to pick her and her sister up. I didn't think much of it since the girls have now been back for a month, but last night I asked my 5 y/o if anyone touched her privates while she was gone. I got an answer that completely floored me. She told me that one of the babysitters 13-14 y/o sons pulled her pants down behind a tree in there back yard and touched and licked her privates. I WENT NUMB... I tried to make it seem like it wasn't a big deal so that she didn't feel scared to get more info. 

I need help on what to do. She told me this last night. Before she left for the summer I tried to talk to her about people touching her there. I told her to tell the person in charge, or the family member in charge when she got back home. She told know one until last night. How do I handle this? I never thought this would happen to my child.

TL;DR:", Found out my daughter was molested by babysitters 13-14 y/o son. What's my next step?
30,"SUBREDDIT: r/Parenting

TITLE: Stepson (16) busted with weed for the second time in 2 months. Not sure what to do.

POST: Throwaway here. Also, this is my first time posting something like this, so I apologize for any mistakes made.

My (31m) wife's (34f) stepson was suspended from school for 5 days today. He was caught smoking weed at the bus stop this morning waiting to go to school. 

He was busted 2 months ago, with a bowl and weed, by his father's girlfriend. When this happened, I let his mother talk to him because I was so greatly disappointed in his choices. I was really angry, but did my best to give him a chance to earn any trust back. (Xbox and phone taken away was the punishment, btw)

Well, fast forward to today, and he was busted this morning at the bus stop. He is currently at his father's house, so I haven't had a chance to talk to him, but I know that he has been suspended for 5 days. I'll be discussing how to handle this with my wife when she gets home from work tonight. 

BUT, the problem we ran into last time was his reaction to any punishment was a simple ""ok"". He acted like he didn't give a shit about any of it. He wanted to just go about his day of sitting around watching tv and just forget about it. I'm really feeling powerless to effectively get this kid to get his ass in gear. He is not interested in finding a job, buying a car, doing any chores. Every time I offer money to do chores, he declines. 

I know weed isn't a big deal to some people, especially on reddit, but please do not respond with ""it's not that big of a deal, just relax"". I don't think that weed is a big deal, for an adult, but I am trying to teach a 16 year kid how to try and make the right choices in life and I don't feel that smoking is a productive one. Thanks!

TL;DR:"," Stepson caught with weed, again. Punishments don't seem to work. He lacks motivation. I would like any words of advice on how to handle this situation."
31,"SUBREDDIT: r/Parenting

TITLE: 16 month old with bad allergies, help?

POST: My 2nd child, a 16month old boy, is apparently dealing with his first bout of allergies due to the unseasonably warm weather.  He really has a great attitude about it, but his eyes are very swollen and the sheer volume of eye-boogers is creepy.

A little cough here and there, but he's eating fine, etc.  He weighs in the area of 27-28 lbs (~2 st), I'm trying to figure out the proper way to handle this; if there's a baby allergy med out there I don't know about and dietary adjustments that could help.  I didn't develop allergies until near 30, and the wife doesn't have 'em, nor does his older sibling.

It's affecting his sleep, and his vision, and I want to make sure I'm doing everything I can.  Thoughts?  Opinions?

TL;DR:"," 16 month old has bad allergies.  he's around 28 lbs, or about 2 stone for you limeys.  Got any tips to make his life better?"
32,"SUBREDDIT: r/Parenting

TITLE: ""Spoiled"" Child

POST: I have a three year old daughter. Recently people (a coworker, best friend, mother in law) have commented that she is spoiled. It really pisses me off and I have to defend myself. 

The reason is because she has a lot of toys, I spent a lot of time designing her playroom and she loves it. 

She's an only child. She only gets gifts on special occasions, like Christmas or bdays. I'll be honest, I do go overboard with the gifts on those special days. She doesn't have an ipad or any other expensive electronics. 

She has manners, says please and thank you, she shares her toys when she has playdates and always puts her toys away. She knows when to say sorry, gives hugs and kisses. 
When we go shopping, she doesn't throw tantrums when she wants a toy and i say no. 
She's overall a very sweet, kind and polite little girl. 

The biggest offender is my best friend, who also has an only child. She is constantly comparing our daughters. She gives her daughter toys for no reason, simply because she found them on sale or dirt cheap. Within the past two months, she has given her daughter over 20 stuffed Care Bears for no reason at all. Plus, last time our daughters had a playdate, her little one was constantly saying ""MINE"" and wanting to play in the corner by herself. 
My daughter was dumbfounded, because all she wants to do is play and share with her friends. 
And this woman, my supposed best friend, has the nerve to say my kid is spoiled?? 

What is reddit's view? What is the definition of having a ""spoiled"" child?

TL;DR:"," people think my kid is spoiled because of the abundance of toys she has, but is not showing signs of being a brat. "
33,"SUBREDDIT: r/Parenting

TITLE: T4F Android Games - Unsafe for our children?

POST: Hi everyone, I'm looking for a little advice here.

My daughter plays a game called Spartan Wars, developed by Tap4Fun. I've monitored the in-game chat a lot and although there's some usual arguing, it seemed harmless enough.

My daughter started moaning a lot about a certain other player, saying they were making inappropriate comments and generally just annoying her. It turns out this other player was a ""moderator in training"" (MIT). One day I spotted a particularly awful comment from that MIT about one of the other players being ""touched"" when they were younger.

Outraged by this T4F ""official"" saying such a thing in a childrens game, I took a screenshot and mailed it to T4F. I was expecting them to reply with an apology and ensuring action would be taken. Instead they simply said they can't comment on it but that they'd look into it.

A week passes and the abusive player pops back into the chat and this time has green text, showing that they've been approved as a moderator and can now ban/mute/kick players from the game.

What should I do next? Am I over reacting? To me it seems like a big deal that such a large game maker would allow someone to become a moderator and have such close contact with our children after making such sick jokes and generally having a history of ""annoying"" younger players.

I've uploaded some of the screenshots to imgur

TL;DR:", Am I overreacting about a staff member (chat moderator) of tap4fun (android game developer) making jokes in the chat room about children being touched when they were younger? (and other inappropriate comments).
34,"SUBREDDIT: r/Parenting

TITLE: Drooling at nearly 2 years old...

POST: My little boy is exactly 21 months old today. He's developmentally sound. Great language skills, great fine/gross motor skills and really cheery.

The issue is that he's been drooling at a constant clip since he was 3 months old. When he's teething or sick, we expect it. My boy drool's constantly, though. When he's perfectly healthy, he's drooling. My wife compares him to a snail that leaves a trail wherever he goes.

We talked to our ped about this at a recent visit, and he recommended we see a speech therapist. We took booger man to one for a checkup.

She confirmed what we believed when it comes to his development: he's ahead of where he should be in almost every facet. In fact, she said that based on the amount of drooling he does, she was stunned that he's moving along as well as he is.

Her explanation for the drooling is that my son as slightly low facial muscle tone. We've been given exercises and daily massaging instructions in order to tighten these muscles up.

We've just started the process.

TL;DR:", 21 month old drools constantly. Doctor recommended facial massage and exercises to resolve issue. Anyone have any experience with this?
35,"SUBREDDIT: r/Parenting

TITLE: Why can I not get a handle on this situation with my daughter?

POST: My daughter, 23, lives at home while she finishes school. She will be done in August. She has 2 children- twins, 4 years old. I'm a SAHM and watch the little ones while she's in school. 

She does the absolute BARE minimum as far as helping out. I have to ride her ass to get her to wash their dishes and clean her room, etc...

I'm exhausted and irritated. She's more interested in dating whatever douche canoe she's found this week than actually helping. 

*I* personally have zero issues with a tough love approach. My husband, her dad, however won't do anything that will potentially cause the little ones any discomfort. Which I can see his point, it's not their fault. And I do not not not want to become their full time care taker. I have 3 other children, 2 at home and I'm just not interested. 

Is there a solution? Is there some vital parenting wisdom I don't see? I'm at my wits end and starting to resent my daughter.

TL;DR:"," my adult daughter is lazy, can't kick her and my grandkids out. Don't want her to leave without them. "
36,"SUBREDDIT: r/Parenting

TITLE: Advice for handling a kid that steals (crossposted from the daddit sub)

POST: I could use some advice here. As the title says, my wife and I have caught her 8 year old son stealing twice now. Like a lot of kids at his age, he recently discovered Pokemon, but it isn't Go or the TV show or the video games he's interested in. It's the cards.

Last month was the first time: he stole $60 from a place my wife was saving loose cash. We didn't know about it because we didn't check that often. But then a $100 bill went missing from my wallet. Wife got him to confess, he stole the money ($160) to buy Pokemon cards, but he had no plan on how to spend it without getting caught. He managed to spend $25 on food at a daycare field trip, but we recovered the rest. We grounded him for a month to pay back the missing money ($5 a week allowance).

Over this past month, we still bought him some cards, as he had been doing reasonably well with the grounding and we figured we should reward him. Obviously this wasn't enough, as a friend's mother came to our house today and told us our son had stolen a dozen of the kid's cards. Our kid confessed to her son at a sleepover the night previously, but since our son doesn't take care of the cards (carries them in his pocket, get's them wet), they were destroyed and now we'll have to replace them by buying individually online.

Some possible contributing factors: we moved across the country last year, and so he has only seen his grandparents twice since, when he used to see them every week. He has had to make all new friends in a new area and we are well aware that that can be stressful. Also, my wife recently became pregnant and our son now knows he will no longer be an only child. Finally, the pregnancy as well as a lower paying job for myself in an area with much higher living expenses has added some stress to the at-home environment. We try to keep the stress out of the house, but I'm sure it's obvious to a smart kid like our son.
As parents, we've never had to deal with anything like this so, got any advice for me?

TL;DR:", Son is into Pokemon cards and has been caught stealing money from us and cards from his friends to build his collection. Wat do?
37,"SUBREDDIT: r/Parenting

TITLE: Who's right, mom or dad?

POST: Mom here, having a weird parental disagreement. My 2 1/2 y/o son is in full on potty training now. Dry most days with only the occasional accident, things are going great. To help with this, I've almost completely removed sippy cups from his life. I see no reason for them, he can drink from a normal cup without problems. He is drinking less milk because of this but I figure if he's thirsty, he'll drink it from the cup. At night before bed he likes to snuggle in with daddy and his milk sippy. Since the sippy has been removed when he asks I offer him the cup. He has a minor fit and dad thinks I'm being a little ridiculous. I feel like it's just a comfort thing for him and he's unnecessarily sucking down more milk, which leads to more accidents. Am I being ridiculous with this? Is it too early to rob him of his sippy time? He's drinking less but I figure he's gotta be fine, right?

TL;DR:"," Mom wants to give only regular cups, dad thinks it's a bit crazy to refuse to use sippys as a means to help potty training."
38,"SUBREDDIT: r/Parenting

TITLE: Update on the bunkbed of doom from about a month ago...If anyone actually wanted to know.

POST: Just in case any of you wanted to know how it turned out (since a surprising number of you actually took interest in [this thread] They ended up sending someone out there later on that same day I made all the fuss. There was still some confusion about who they claimed to have made the appointment with, but they managed to move it back a bit until after she was able to make it home. (They claimed to have talked with her husband, but she's not married, and they hadn't talked to me or her dad which were the only two men involved in this). So, the guy that came out to the house was almost as blown away as I was by the state of affairs there. He hadn't seen the video, but he had heard about it and asked her to show it to him. Apparently he was pretty cool about the whole thing. He brought her those BunkyBoards and gave them to her for free. They apparently discussed together some option about that bottom drawer/trundle and she decided to get rid of it all together and had them replace it with a tall dresser that was an alternate option of this bedroom set which was supposed to be another $500. They also refunded her the assembly fee. And although some commented that the top bunk was not supposed to be attached to the bottom, they were attached when this second guy left. There were brackets on each leg that were supposed to have been installed. I was holding off on updating because I was going to try to make another video follow-up, but when I tried to do it, it came out like crap. My phone takes TERRIBLE video in low light compared to the phone she used the first time.

TL;DR:"," After I raised a big stink about the horrible assembly job, Haverty's did eventually send someone out and made things right. But before I did that, she was getting no cooperation from them at all."
39,"SUBREDDIT: r/Parenting

TITLE: 3 y/o Toddler Seems to Really Dislike Grandmother - thoughts?

POST: Here's the situation: I'm a 26 y/o father of a boy who will be 3 on the 22nd.  His mom and I are not together (we are civil with each other, however), and I've been staying with my parents since he was born.  He has overnight visits every Tuesday/Thursday, every other weekend, and then holidays.  

The problem is, lately it seems as if he really, really does not like his grandmother (my mom).  When he was a little younger there were times when he just didn't want to be held by her or talked to by her, which I contributed to him acting out due to other emotions (hungry, not feeling well, etc.).  However, now that he's communicating more, I can tell that he gets extremely angry when she comes around.  Example: I came home with him last night and when my mom greeted him, he said ""No! Get back!"" and ran off.  Later, he wanted a cup of water and went to the kitchen, and when she offered to get it for him, he went into level 30 rage and ran out, demanding that I did it for him.  

I've tried being extremely patient and talking through the issues with him - explaining that it makes his grandma sad when he acts this way, and he needs to try being nice to his grandma because she loves him.  This has worked in other situations, but with my mom it seems to be ineffective.  I've read on some sites that it could just be developmental, and that it's a phase where he's trying to establish boundaries.  However, I don't understand why the behavior is isolated to my mom.  While she acts like it's not a big deal, I know it must be completely heartbreaking for her, as he is the only grandchild my parents have.  

Any suggestions/ideas?

TL;DR:", my 3 year old son is extremely irritable/hateful towards my mom (his grandmother).. need suggestions on how to work with him on this
40,"SUBREDDIT: r/Parenting

TITLE: Parenting tips for older brother

POST: First, I'm not a parent. 

I've been in a bit of a dilemma for a while now and was hoping to get some advice from parents. 

My parents are the type that gave me things, pay for my education, room and board, new car, tennis lesson, etc. They do a lot of things for me. But, psychologically and emotionally, they are not there for me that often. We don't talk about emotions, feelings, life, etc. They taught me math but never really instilled any values or morals in me. (I turned out fine, I'm not a bad person). Thats just how I was raised. No parent is perfect and they did their best so this is not at all me being ungrateful.

My sister is 11 now. She is at a very impressionable age. And while I can't change the way my parents raised me to make me a more emotionally healthy person (which I know I'm not... completely), I can see the same starting go happen to my sister. 

So on one hand, I want to tell my parents, ""don't do this, say this more, etc"", but the fact is, thats exactly how I was raised. But I feel like if I bring this up, its like me saying ""you guys did this all wrong with me, now do better with her"". 

I want the best for my sister, I want her to be more emotionally healthy than I am. But I don't live at home. My parents won't/can't just change over night. Especially not on something like this. I don't even remember the last time my parents and I had a heart-to-heart conversation about anything. (Which, I fully realize is going to be the most common suggestion... but you have to understand, conversations like this are not natural for us)

Any suggestions?

TL;DR:"," As a 24 year old, I realized my parents shortcomings. Now, I want to make sure my 11 year old sister gets a better childhood and upbringing. But don't know how to go about that."
41,"SUBREDDIT: r/Parenting

TITLE: Gotta love the ""daycare diseases""

POST: I'm typing this through one eye since the other one is almost swollen shut.  We take our 5 year old to Mother's Day Out at a local church for the mornings 5 days a week.  He loves it, they love him and really the only downside is how often he is sick.  He has an upper respiratory or cold pretty much once a month and his latest little treasure to bring home is pinkeye.

It's bacterial (well, at least it responds well to antibiotics) and they had a rash of them up at his school.  They sanitized as much as they could but this particular bacteria is really contagious and no one really realizes how often they touch their face, doubly so for kids.  So he brings it home, we treat it with Rx drops and all of a sudden his newborn brother has it.  Take him to the doctor, get him drops and then boom, my wife gets it.  I'm feeling pretty lucky at this point and making it habit to not touch my face, wash my hands and wash towels and sheets on hot.

Well this morning I wake up and my right eye looks like I got in a bar fight.  I'll spare you the details but while it doesn't hurt, it means that the only place I can go today is the doctor.  I needed to drop some stuff off at a client's office but it's swollen enough that people are going to be like ""dude...what happened"" and obviously ""oh I have a super contagious bacterial infection in my eye"" is probably not the best answer to give.

TL;DR:"," Kid brought pinkeye home from school and gave it to the whole family.  Not really asking a question, just venting to other people who have had to deal with the same crap."
42,"SUBREDDIT: r/Parenting

TITLE: My (9yo)niece is sneaking my 2yo's sippy cups and pacifiers - what do I do?!

POST: I saw this post( and realized it described an experience I had with my nine year old(ten next month) niece; she is doing things like this, not with diapers, but with my two-year-old's things. The last time she stayed at our house, after we went to bed she put the cup away that my husband gave to her, and instead used one of my son's sippy cups. We also found poop smeared on his potty seat, which was hanging on the wall well out of his reach(as he doesn't potty by himself yet). Less serious, she got up in the middle of the night, decided to sleep in his room, and made a huge mess with all of his toys. I brought this up with my mom, who says she catches my niece doing things like that all the time at her house. 
Some questions:
1. Should I talk to my niece about this?
2. Should I (instead) tell my sister and let her deal with it?
3. Forget about it, and never let her stay with me again?

TL;DR:"," Almost ten-year-old niece is sneaking my son's sippy cups, pacifiers, toys, etc. and I don't know what to do, or if I should do anything about it."
43,"SUBREDDIT: r/Parenting

TITLE: daughter going into jr high, please help

POST: there was a post yesterday by a parent who said junior high and high school were terrible for them and were considering home school.  i dont have that option, but i do agree that jr high was the toughest time in my childhood where i constantly felt excluded, teased about my clothing (we were low middle class), awkward, and never myself.  i also got my nose broken, things were stolen from me, etc etc.  i had 3 brothers all around the same age and we all experienced some form of this.  
as of next week, my 12 year old daughter is going into junior high.  not only am i apprehensive about what she might experience socially but i just have no idea what to expect having a daughter go through the experience.  i should note she is going to a much better school than i did.
if anyone can give me tips, advice, or expectations for a daughter going through junior high i would greatly appreciate it.

TL;DR:"," i hated jr high and it was a horrible time, now my daughter is going into 7th grade and id like some information or advice on what to expect."
44,"SUBREDDIT: r/Parenting

TITLE: Just one of those days

POST: It is one of those days that reminds us that we just can't be perfect parents all the time. I had to wake up an hour early this morning to get down to Dallas for a big job interview. That took up the better part of the morning.

I arrived into work around 11 (I have a part-time gig while in grad school), and didn't get to stop moving until 5. By six, I had neither stopped moving around or eaten all day. I was tired and cranky.

I still had to cook dinner for the kid, who was hyper, along with the dogs jumping on top of me. Finally, at 7:45, I was able to settle down and turn on the Netflix. We chose Almost Heroes with Chris Farley and Matthew Perry. I told my daughter that it was time for everyone to be quiet and calm. I was tired. I had heated some water on the stove to make some of [this tea](

I asked her to get the jar of tea out of the fridge, and she dropped it in such a perfect way that the glass shattered all over the kitchen floor and under the appliances while the sticky, gooey tea got onto the rug in the living room. I swore. She stood there dumbfounded. She started to pick up glass, and I shouted, ""Get the hell away from there!""

In frustration, I tried cleaning up the gooeyness with the broom, which ruined it, resulting in my throwing it into the back yard for future disposal on trash day. I turned off the TV, and went to work thoroughly cleaning the floor on my hands and knees then mopping.

The kid is crying. I told her that I was mad, but not at her. It was an accident, and I yelled at her because she was standing barefoot in a broken glass mine field. I hugged her. She's still crying.

Today sucks.

TL;DR:"," The kid accidentally dropped a jar after I'd had a long, frustrating day, and I probably could have handled the situation better."
45,"SUBREDDIT: r/Parenting

TITLE: Traumatic struggles administering eye drops to your kid? Try letting them hold the bottle!

POST: I'm a 49 year old guy, and up until yesterday, if you'd asked me what my biggest phobia was, I'd have said eyedrops.  Every time I've ever had eyedrops, from when I had an eye infection as a kid to routine exams at the opthamologist, eye drops have been a horrific, dreadful experience involving somebody prying my eye open because I simply could not will it open knowing what was coming.
So when i was told i needed to use 3 different eyedrops 4 times a day for a month, I was kind of freaked.  Obviously, i was going to have to put in the work to get over this phobia, and it was going to suck.  It was going to suck bad.

Surprise surprise, it was absolutely no problem at all.  My problem, it seems, isn't with eye drops.  It's with *someone else* giving me eye drops.  When someone else is trying to put something in my eye, my eye is all ""Nope!  Nope!  Nope!""  But my eye trusts me.  It has no problem letting *me* put the drops in.  

So if your kid needs eye drops, explain that eyedrops are like tickling.  Your go nuts when somebody else does it to you, but not when you do it to yourself.  

Let him/her hold the bottle.  You gently hold their wrist so you can guide their hand into position above their eye, and let them squeeze out the drops when they're ready.  You may find this gets the job done with a lot less trauma all round.

If they already hate eyedrops, have them do a dry run, just holding the dropper above their eye, knowing they're not actually going to put a drop in.  I was shocked and delighted to find how easy it was.  I bet they will be too.

Or maybe not.  What do I know?  Try it and let me know how it works out.

TL;DR:", Someone putting something in your eye is scary.  Putting something in your own eye is much easier.  Let your kid control the eyedrops.
46,"SUBREDDIT: r/Parenting

TITLE: Advice for Dealing with Daycare Regarding Food and Allergies

POST: My 5 year old son started a new daycare this fall. From the beginning we are having problems with them not letting him eat his food due to possible allergens. They do provide a basic substitute food item. Note that our son does not have any allergies and this is for the common safety of the daycare. I'm looking for advice on how to handle the situation with respect to everyone.

The daycare does not allow students to bring any food that contains known allergens such as peanuts or shellfish which is reasonable. They also require that all food be specifically labelled, either by hand or on the factory label, that it was produced in a nut free facility. I find this to be very far reaching and a large burden on us not to mention the liability issues.

For instance. My wife baked muffins for my son that contained mini M&Ms. The daycare would not let him eat them because there was no label stating the M&Ms were produced in a peanut free facility. No mention of the other ingredients. The also would not let him eat a canned tuna snack.

Very few food items have a nut free label on them. Pretty much zero raw ingredients are certified nut or allergen free. This limits my son to a few such labelled junk food choices unless we place a note in his lunch stating that everything is safe which is impossible for us to truly know.

I can understand banning food items that directly cause allergic reactions such as peanuts. What I don't understand is banning all food items that cannot be proven to be produced in a peanut free facility. This is a far larger burden for such a very slight risk.  I tried to point out to the daycare that even bottled water is banned under their current guidelines but they scoffed at me. I asked for a list or set of guidelines in writing which they refused to provide. It all seems so random and far reaching.

So I'd like to know what a reasonable response is. I'd also like to know if it is reasonable and common to ban foods without the peanut free label from a daycare? I have no issues not sending obvious things like peanuts or shrimp.

TL;DR:", I need help dealing with my son's daycare banning all food that cannot be proven to be produced in a allergen free facility.
47,"SUBREDDIT: r/Parenting

TITLE: Bedtime advice needed: My 17 month daughter used to be great abiut going to bed. We would put her in the crib and she'd cover up and sleep all night.

POST: Then she got an ear infection that woke her up in the night, that was followed by a bad diaper rassh that did the same. Now she is well but it seems bed time terrifies her. We put her down and she screams to the point she forces herself to vomit. She wakes up in the night and is only consoled by coming to mommy & daddy's bed.  Afternoon naps are much easier. she is a little fussy about going down but will go down.  
Putting her to bed starts at 930 and some nights doesn't end until 1:30 which is really screwing with our sleep putting our worklives in jeopardy.

TL;DR:", Baby used to love going to bed now doesn't. Short of drugs I want to get her to bed at night.
48,"SUBREDDIT: r/Parenting

TITLE: Should family dog go?

POST: We have a beagle/lab mix we rescued from the pound about a year ago. He is about 2 now and fit in really well. It appears he was treated badly in his previous home as he cowers/pees with men sometimes. I've worked with him and he can follow basic commands.

We have a 3.5 year old boy and a 6 week old little lady at home. He is submissive around the baby, but am extremely careful with both dogs around her. My concern is my boy. 

This dog has now snapped/growled at my son twice. First time my boy invaded a sleeping dogs space, which was a good lesson for my son. Second time actually worried me. Son was zooming through living room and dog made it a point to get in sons way by coming acrods room to snap/growl enough to scare my boy and make him cry. I intervened and got dog away, but dog growled at son remainder of day and maybe snapped again.

I have watched over the past 3 days their interaction and worked with my son on how we treat pets. Also worked with dog on leash with son. Everything is normal. Dog sleeps at sons door and no more aggression.

Is this something to work on or should we stop the issue all together? Last thing I want is to put this pup in a situation where he will hurt my boy.

TL;DR:", dog snapped/growled at son enough to make him cry and worry me. Should I work on it or work on finding this dog a new home?
49,"SUBREDDIT: r/Parenting

TITLE: Being away for the night

POST: Hi r/parenting! 

I have a 21 month old girl who I adore. I stay home with her (and go to school online) and have always been her primary caretaker. In total, my husband and I have had about five dates since she was born. She even came with us on our honeymoon last October.

I have been apart from her alone many times (trips to the doctor, grocery store, etc.) as has my husband. However, we have never been away from her for the night. The longest was around 5-6 hours on our anniversary last year. The only time she has been away from her own bed was during a family vacation. It did not go well. She had all of her favorite items, but she relies heavily on the comfort of home.

Well, I just bought midnight showing tickets for The Hobbit (SO EXCITED) on Dec. 14th. My mom is ready and willing (and has been since my daughter was born) to take her for the night. Heck, she'd take her for weeks if I'd let her.

I've committed to this adventure by buying these tickets. I just dropped $48 so that my husband, brother, and I can go stand in line and then see a movie (that I am, again, SO EXCITED about). I cannot back out or chicken out or wuss out. I have committed to being away from my beautiful kid for an entire night.

So, beyond my own insecurities (I'm going to miss her, I know it) I'm worried about how she'll handle being at my mom's house. She loves being there during the day, LOVES her Grammy, and my mom is amazing with her. She's just never been without me. I cannot even stay and help her get to sleep, because I'll have to be in line for the movie.

I'm not sure if I'm rambling or asking for advice. Have any other parents got any tips for getting over this attachment hump?

TL;DR:", I'm seeing a midnight showing of the Hobbit. Never been away from the kid for the night. Losing my mind a little. help.
50,"SUBREDDIT: r/Parenting

TITLE: I need a little help with the kids I'm babysitting.

POST: I'm babysitting my 4-year-old cousin Lauren and my almost 3-year-old cousin Joshua. The Lauren goes to preschool and is gone from 9 - 4:30, and their parents get home by 5:30, so I don't see a whole lot of her. So it would be nice if I could get more answers for Joshua.

Now, I have never watched kids before. I am 20[f] and the longest I've ever been around kids is about three hours at most. I'm doing this because my cousin NEEDS a babysitter and it's hard for her to find any she knows. The one babysitter I had locked me in a closet, so I know never to do that. It scared me pretty badly. 

Anyway, Joshua mostly watches YouTube videos of people playing Mario Kart. I've only been doing this two days so I'm not sure if he ever gets tired of this or not. We went outside yesterday and played a bit, but he hasn't wanted to today. Earlier I was playing Spyro because he likes watching people play games (and pretending he's the one doing it) but I turned that off after a while. 

My question, mostly, is what activities should I do with him? I rarely had playmates as a child so I don't really know. I really want to get him away from the TV and computer. I'm just not sure what to substitute it with.

TL;DR:", I would like some ideas for activities to do with my 3yo[m] and 4yo[f] cousins.
51,"SUBREDDIT: r/Parenting

TITLE: Don't know who to talk to, might be pregnant again.

POST: Hey, sorry if this isn't an appropriate post but I've been lurking for a while now. First thing first, I'm not the one maybe pregnant, but my fiancé seems to be having some symptoms.

So my fiancé and I had an unplanned baby girl 9 months ago and right afterwards she got an IUD put in and I have always worn condoms, which I/we don't believe have broke. 

Over the past few days/week she has been getting really bloated and her stomach has been really hard. Also she has been having really bad back pain for about a month, which her doctor and chiropractor cannot diagnose what's wrong.

I am freaking out since she is at work and wants to take a test after work and I just really need to tell someone and don't know who to go to, so I turn to anonymous internet people!(no offense)

I love my baby girl, but we don't want any more for about 5 years when we're on our feet and I'm out of school, I don't know how we would get through having a 1.5 year old and a newborn.

TL;DR:"," fiancé and I have very protected sex, but she is getting symptoms of pregnancy and don't now who to turn to."
52,"SUBREDDIT: r/Parenting

TITLE: Let's MindMeld. Help with 3.5 yr old fighting sleep.

POST: Hello Parents. My husband and I are having an issue with our daughter at bedtime and I need your insight, advice, stories of victory, and wisdom. Our daughter is 3.5 and she has always been good about sleeping. Normally she will have her bedtime routine, put her to bed in a quiet dark room with no toys, and she is out within 30 minutes. 

**The problem:** within the last month she has developed the giggles at bedtime and will stay awake laughing at nothing until 1-2am. She does not get out of bed or play with toys but entertains herself into the wee hours of the morning leaving her exhausted the next day. We know she is tired at bedtime. She will have a busy day at preschool and will even be sleepy at bedtime, but she will not go to sleep. 

**How we've been handing this so far:** My husband and I will go into her room when we hear her playing and tell her firmly ""daughter it's time to close your eyes and go to sleep."" We use reasoning with her to explain ""did you enjoy being tired and grumpy yesterday morning?"" ""No."" ""Well how do we fix that then?"" ""I need to close my eyes and go to sleep."" Cue 10 minutes later the giggling. It is driving us up the wall. It affects her sleep and ours. We cannot sleep knowing she is awake and we also need to be awake to handle disciplining. Thank you so much for reading, any help is appreciated.

TL;DR:"," 3.5 yr old daughter catches the giggles until 1-2am despite being tired from her day. It's like she is fighting sleep but stays in her bed and doesn't play, just entertains herself. HELP!"
53,"SUBREDDIT: r/Parenting

TITLE: Kids' hair gets tangled and matted after swimming, need product/hair care routine advice

POST: I have three children, ages 6, 4, and 2, the oldest is a boy, the other two girls. During the summer we spend a lot of time at the pool. This summer both my girls' hair gets matted and very tangled after swimming. My 4 year old has waist-length hair, 2 year old's hair comes to her mid-back. When we go to the pool, I either braid their hair, make twists, or put it up in a bun. I wet the hair before swimming. It still gets matted! We never had a problem like this before.

I went to Target but was not able to find any swim conditioners or shampoos. I checked Amazon, and there are too many products. We use Johnson's Detangling shampoo and leave-in conditioner normally, they are not cutting it right now. 

On to my questions: parents of girls and boys with longer hair, what products do you use on your kids' hair? Leave-in conditioner, chlorine removing shampoo? Anything else? Do you have a special routine?

TL;DR:", Kids have long hair that gets tangled and matted after swimming in our neighborhood pool. Need advise on products/hair care routines.
54,"SUBREDDIT: r/Parenting

TITLE: I super duper hate parenting... please help or tell me how to make it better

POST: ok so here is my basic background, i am almost 30, married and we enjoy the worlds best and sweetest toddler ive ever known to exist. 

problem?

i H A T E parenting. I didnt even at first realize this, it actually took me about a year of searching within to realize taht all of my issues, struggles and the reason why i stuggle to find ANY JOY in the journey is because i dont really like what i am doing. 

dont get me wrong, i LOVE LOVE LOVE my child, and i wouldnt want ANYone else out there to raise her, i feel like I am the only one who 'gets' her and could raise her (with my wife of course) , 

let me say also that externally he and she dont know I struggle, well excluding stress and so forth but nothing that is harming or damaging to my little toddler. 

I just cant find joy , i dont get it, its so demanding, and hard. 

i see other super shitty parents around me just barking orders and telling their kids to do things like they are pee-ons or privates in their army, but i dont want that , i dont want a kid who listens out of fear dangit i want to connect with her. 

is there any books for first time parents who dont have any idea how anyone could enjoy this? i mean i DO find it enjoying and at the end of the day its nice to relax and smile. but during the day?  its just too much. 

i refuse to detach from her and just hold expectations that she will adapt and 'come along' . any books anybody can recommend? anything?  ugh.

TL;DR:"," dont know how to enjoy parenting, i feel im only ""me"" when i have a chance to be me.  tired of ""surviving"" and want to thrive, please help "
55,"SUBREDDIT: r/Parenting

TITLE: Quid pro quo and parenting: how do I handle it?

POST: Hi Everyone,

I'm starting to have some difficulty with my son's [7.5 years old] schooling and sports activities as he gets older. Like most parents, I want what's best for him and also want him to be treated fairly. However, I'm starting to find that parents who are the squeaky wheel or who do favors for the teacher or coaches are the ones who have children getting preferential treatment (not fair treatment).

My wife and I are both reserved people; not unfriendly, but not the most social either. We're also very busy and don't necessarily have the time to volunteer at all school events or help the coach during sports practice. I'm afraid this is starting to cause my son to be at a disadvantage. Clearly, the parents who kept score at baseball or were buddy-buddy with the coach had their children play more often than my son even though skill levels were nearly equal. During first grade, the kids who received the highest grades were the ones with parents at the school regularly. My son received no 4's (the scale is [1-4] with 4 being exceeding) on any of his grade cards even though he had an outstanding year and was recommended for gifted testing at the end of the year.

Like I said, I just want what's best for my son and am starting to feel like my busy schedule and reserved nature are starting to be a disadvantage to him. Has anyone experienced this before? How did you overcome it? For example, I know I need to communicate more often with his teacher when 2nd grade starts and try to be buddy-buddy with the coach when soccer season starts. I have to admit this leaves me feeling cheap mentally (why isn't his skill good enough to be treated fairly)?, but it's for the good.  I volunteered at the school twice last year (having to take off work to do so), maybe I need to take off more days this year? Any other advice? Books?

Thanks for reading!

TL;DR:", feeling like my reserved nature and busy schedule are starting to be a disadvantage for my son since children who have parents that are actively (or over-actively) involved have an unfair advantage.
56,"SUBREDDIT: r/Parenting

TITLE: [Babysitter] Eating problems with a 12 year old?

POST: Apologies in advance if this is the wrong subreddit. 

So I babysit for this family with three beautiful girls, ages 12, 9, and 4. They're fantastic kids. They do what they're asked, they get along most of the time, they're active and kind. The parents are fantastic too. I babysit roughly twice a month for them.

Lately though, I've noticed something that worries me with the 12 year old, and I'm not sure what to make of it, or if I should bring them up with the parents.

The 12 year old doesn't really eat without permission. I'll clarify this. If we're having pizza for dinner she'll take off the cheese and take a few bites and then say she's full. However, a couple weeks ago we were having pizza and she did this, I was in a show with her and her 9 year old sister, and I went on and laughed about how I'm always so hungry during tech week, I could eat a whole pizza by myself, etc. Now, she'd already done her ""I'm full"" thing, but after I said those things, she went back and ate three full slices of pizza. Last week, when I didn't say anything she did her two bites thing again. I had a similar experience when I take the girls for frozen yogurt. She'll fill up her cup but only take a few bites unless I literally talk about eating all of MY yogurt while doing so. I've sort of dubbed this ""permission eating"" and I'm unsure what to make of it.

She's a great kid, and she's great with her little sisters. It's this eating thing that I'm concerned about. But then I don't know if I should be because I know the feeling of not wanting to eat in front of people I don't know well. It's just been going on for a while, coupled with the fact that she had to leave rehearsal a couple times because she was having random chest pains.

TL;DR:"," 12 year old I babysit doesn't really seem to eat much unless I'm talking about eating a lot of food while we're eating. Is this ""permission eating"" something I should bring up to the parents?"
57,"SUBREDDIT: r/Parenting

TITLE: Pads in Toilets....

POST: Background:  My 12 yr old son has recently decided to 'play' with himself (no biggie, this is norm).  We have found many opened pads under his bed recently.  We have since had the 'talk'.For some reason he believes female 'pads' are condoms (also discussed this).  I ASSUME he now feels ashamed and tries to hide the evidence.  Had a COMPLETE stoppage of my one and only toilet in the house 9ish LAST night.  Flooded everywhere, shut the water off, oh, and did i mention my 9 month preggo wife that had no bathroom for 9 hours, couldn't get any maintenance till noon today.  He says he didn't throw anything in the toilet adamantly. They JUST pulled out the BIGGEST PAD i have ever seen, trust me after this, whatever brand my wife uses is definitely ULTRA absorbent.  WTH can i do now?  Has anyone had experience with this?

TL;DR:"," Son 'plays' with himself on female pads...flushes them, clogs plumbing, and i have to pay to get it fixed!!!  How do i fix this?"
58,"SUBREDDIT: r/Parenting

TITLE: Bedtime question

POST: My son is not the best sleeper.  He had bad reflux early on which required us to hold him up after he ate for up to 30 minutes.  This got him used to being held as he fell asleep.  Around 6 months he got to the point where we would hold him till he fell asleep and as we were putting him in his crib he would wake up and cry. 

We turned to the Ferber method.  Which if you aren't familiar is essentially letting your child cry it out with a few checks (more for the parent than the child) at increasing intervals.  This worked quite well IMO.  We went from 30 minutes of crying to 20 to 10 over the first few nights and once we put him down he would sleep through the night till about 5 AM when he would wake up to eat and then go back to bed until ~8AM.

However he still cries for about 10-20 minutes at night when we put him to bed.  To me I think 10-20 minutes is fine but for my wife it is torture.  We have a pretty set bedtime routine and he is even so aware that after bath time when we start to change him into PJ's he starts to cry because he knows bedtime is coming.  I'm just trying to see what other peoples experiences of their children's sleep behavior.

TL;DR:", How long do/did your 7 month old's cry at bedtime?  Also any tips for naps?  It seems now the only time he gets naps is if we are going somewhere in the car during the day.
59,"SUBREDDIT: r/Parenting

TITLE: Any parents have experience/stories/advice to un-spoiling their child?

POST: My SO & i have a son who is about to turn 1 on July 21st. He's honestly a very happy baby. However, when he doesn't get his way, he bites you if your holding him (he currently has 7 teeth) , throws his body & head back on the floor, & will not stop throwing his tantrum/crying until he gets his way. He's a very smart baby, but that can sometimes be a little troublesome sometimes.

The reason he is this way is because we used to let my grandparents (our son's great-grandparents) watch him while we had to work since he was 4 months old. (We were both working full-time to support our family).They would pick him up at any sound he made & give him any toy/snack he wanted. so now our son expects to get what he wants, when he wants.we tried several times to ask them to ease him into being able to do things on his own. We are in the WIC program & were involved in a program that sent a home - visit nurse to make sure both myself & our son were on the right track.both the nurse & WIC counselor agreed on our concerns. So I had a very kind talk with my grandparents about how they were treating our son. They took it as disrespectful & that since they watched him in their house that they were going to raise him how they wanted. The last straw was when they threatened to call CPS on us simply because we had just gotten home from visiting my SO ' S father & it was a little late. It was about an hour past our son's bedtime & he had fallen asleep in his carseat. Now they are no longer allowed around our son until they can respect our parental boundaries & we are trying to fix the damage they caused.

TL;DR:"," My grandparents babysat my son for 7 months while myself & my SO we're at work, they spoiled him because they didn't respect our wishes for our son & now we're trying to figure out how to unspoil him."
60,"SUBREDDIT: r/Parenting

TITLE: Picky eater (2 year old)

POST: So we've been trying to get our two year old to eat new things. Ketchup and ranch dressing works sometimes... pureed veggies in a smoothie works great, but obviously I'd rather him try them how mom and dad eat them. 

This evening we tried to get him to try Gnocchi... holy cow, you'd think we were trying to give him poison. He would not even taste it. Ketchup didn't work... so I thought, SPRINKLES! nope, he looked a bit more interested, but pushed the plate away and refused.

So I tried to reason with him. I remember reading somewhere about a ""no thank you bite."" Basically meaning he would get something else other than that if he just took one no thank you bite. 

That resulted in a 30 minute meltdown where mom and dad didn't give in. Finally we gave him a 5 minute time... basically just til he cooled off and stopped crying. 

We did give in at the end and he ate a food he was more familiar with, and without any fuss. 

Tomorrow the plan is to try the gnocchi again, but this time we'll pair it with a food he likes.

Are we on the right track? Any other tips? tricks? 

He has daycare during the day and I think part of the problem may be his snacktime. I think he packs away a lot of snack type stuff before he comes home. I'm not worried about his weight or anything... he definitely eats... I just want him to be able to try new foods without a nuclear meltdown.

TL;DR:"," Son is a picky eater. Ketchup, ranch, sprinkles don't have a great success rate... looking for other ideas, and suggestions."
61,"SUBREDDIT: r/Parenting

TITLE: I don't know what to think, newly single parent.

POST: First off I apologize if this is the wrong sub-reddit for this, send me the way you think would be of more help.

Okay I am (23/m) my ex is (20/f) we have an 11 month old son together and have been together for nearly 5 years. Things have been rocky as always, we have split up twice in the past 5 months and this past time is ""for good.""  She lost a lot of trust the first time we split by her sneaking around and just being shady. We got back together and it lasted about 3 months. 

She is moving out and taking our son with her, and the main thing that bothers me is not her getting a new guy but someone trying to take my place in my sons life. I can barely sleep because it's all I think about, she's made comments to our son when we get into an argument like "" Mommy's gonna find you a new Daddy"" it really tears me up because he's literally the greatest thing in my life. I got laid off and have been stay at home dad since he was 6 months old, I spend every waking moment with him and we have such a great connection he's definitely a daddy's boy. Since I have been laid off my savings account was depleted quickly and my ex took on a lot of responsibility being the main provider for our son.

Us being together has been all I have known for so long that I don't even know how to get back out there and try to find someone else I can be happy with, but then I just want to endure whatever bs my ex and I's relationship will dish out just to make sure my son has both of his parents. I know that is pretty unrealistic right now and I know that I am not happy with her.

TL;DR:", Want to try to work things with my ex so that I don't have to fear someone taking my place in my sons life
62,"SUBREDDIT: r/Parenting

TITLE: My kids (6m and 4m) are *obsessed* with toys. I (33f) am wondering how much is too much

POST: My husband always had an OCD about his collecting of figures, swords, computer parts and whatever else, so he sees no problem with it. I see where they got it from. I was always more about spending time together with the family, reading and interacting with friends, so I don't completely understand it. 

I know a certain amount of toys is usual for kids at that age of 4 and 6 years old but my kids hoard all the action figures, trucks, legos and games, game cards, video games and whatever they see on TV. Then they fight over them constantly. 

They spend 100 % of their free time and when I try to go to the park or be active with them, they are totally disinterested and sulk before lighting up when it's time to go home. This isn't just toys but games on my husband's iPad that they are tapping me on the shoulders every night to buy for them, which they play for five minutes and then never play again. Now they are learning about Nintendo 3D and I really think they have enough toys.

I don't like that my husband is indulging them, taking them to the toy store every saturday and letting them come home with toys, and buying whatever they want on his tablet. He tries to say we can afford it, and that it's not that expensive and that it makes them happier than they'll ever be, but that's not the point. I don't think it is entirely healthy. I found a notebook in my son's room and there were pages and pages of what he wanted, not of drawings like a child usually does, but cut outs of advertisements.

They don't need so much entertainment. My husband finally agreed and I thought we were on the same page, but then he giddily took me into the closet yesterday and showed me a box of toys that he's been amassing for the kids for christmas, including two Nintendo 3Ds, and it just makes me mad at this point.

I want them to focus on developing their social skills and their early education, not on nothing but damned toys.

TL;DR:"," I am worried that my kids obsession with toys could lead to them being hoarders or overly materialistic, and my husband doesn't seem to be on the same page, should I just accept that this is how kids are?"
63,"SUBREDDIT: r/Parenting

TITLE: Dealing with attempted armed robbery of my son

POST: I need some advice on how to respond to this situation, it is out of the realm of things I know how to handle.

First the background/setup. My son is a teenager, he went to spend the weekend with his mother on Friday evening. One of his half-brothers is there also. Saturday afternoon my son calls and says he wants to come home because mom went to a party and won't be back for ~8 hours. He says his oldest step-brother (19) will come pick up both boys, and bring my son home. I communicate with everyone to make sure we're all on the same page.

Here's where it goes all pear-shaped. My son and his step-brother are waiting to be picked up when an older kid shows up. He shows them a pistol, asks them for their phones. The boys say they don't have any phones, just clothes and toys, and the older kid leaves. The boys call the cops, who show up and take statements. The cops then leave. Older step-brother arrives shortly and brings my son home.

I just found out about this tonight from my son. Nobody involved (my son, either of his brothers, his mom, or the police) had said anything to me Saturday night. So right now I am pretty emotional. And I haven't calmed down enough yet to talk to his mom about it but she's going to get several earfuls from me.

So -- first, how do I follow up with the police department about this? I want a full report.

Beyond that, I'm sure as I calm down I'll think of some ways to respond to this...but it would be good to have some input from other folks. Suggestions and ideas are welcome.

TL;DR:"," Teenage son and brother are confronted by older kid with pistol, all is well but I am in a tizzy and looking for advice on how to handle this.*"
64,"SUBREDDIT: r/Parenting

TITLE: Two year old taking steps back in terms of progress, should I be worried?

POST: My daughter is 2 yrs and 2 months old. I don't expect to potty train her right away and I don't expect her to totally understand when she has to go. My problem starts here:
She used to tell me when she felt like peeing or when she was already peeing, which isn't a big deal to me as she usually told me she had to poop seconds before starting. Sometimes, even after. She sometimes gave me false alarms about having to pee and once I sat her down imitating peeing noises before saying she's done lol...

Fast-forward and it has been two maybe three weeks now and she doesn't say anything. She doesn't tell me she's peed or pooped. She used to feel uncomfortable with soiled diapers but now stays completely quiet about it. Luckily I check her often and change her diaper accordingly but I'm still confused, pull-ups used to get her excited but now it's like she's become lazy. Not it a bad way it just makes me worry. Is there an explanation for this? She's also been asking for an excessive amount of milk lately and I feel like she's reverting herself back to the ""baby"" stage.

TL;DR:"," My kid's become possibly lazy, stopped cueing when she has to pee or poop compared to before, remains quiet when soiled and doesn't ask for a diaper change or trip to the bathroom like before."
65,"SUBREDDIT: r/Parenting

TITLE: I may have messed up great time with my stepdaughter? Help with damage control

POST: She is not really my stepdaughter, I am together with their father (3F and 6M); for background, I have never met the mother but she knows I exist and that from time to time I take care of the children on my own, like today (father is travelling today). She is quite a difficult person - to put it mildly - hence the lack of contact, and also the fact that she started dating and living with her boyfriend without saying a thing to their father, so it looked like the love life of the kids' parents was their business only. Split custody, father has them 33% of the time.

The issue: stepdaughter has bangs, and they were getting too big. As I used to have bangs in the past, and used to cut them myself at home, I decided to give her a little trim, just to get the hair out of her eyes (say 0.5cm only). Well, I severely underestimated the challenge of cutting one's own hair versus a toddler's which won't stop moving, and all of sudden... she looks like a lunatic (just like Jim Carrey on Dumb and Dumber), and I am panicking!! 

I will tell the father tonight, and my plan was to take her urgently to the hairdresser tomorrow morning, before kindergarten, to fix it (as much as possible). I would like your opinion on how to make it less bad, I feel like an idiot and I understand if the mother will go mad... even the most reasonable person would be pissed off and I fully understand it.

Is there anything else I can do to mitigate this disaster? I feel like throwing up right now. I am posting here and will do so in /stepparents, but I would love to get the perspective of bio parents on this.

TL;DR:"," cut stepdaughter's bangs and she looks dreadful, mother will go crazy and father will think I cannot be trusted to take care of the little ones. Damage control strategy needed :("
66,"SUBREDDIT: r/Parenting

TITLE: My wife and kids don't clean--leaving me to do it all...

POST: My wife of 5.5 years and I have a 15yo (step-daughter), 4yo son, and 3yo daughter. I work long hours on weekdays: in by 7:30AM, home by 9:00PM or later. I come home, and there is crap everywhere. It builds and builds until the weekend comes.

I can't relax in a messy house. Dishes (sometimes still with food) in sink, trash all over counters, toys everywhere, etc. I end up cleaning on the weekends because I can't stand it. I make the kids clean their crap (whining about how much it is), ask my wife to help (as she's playing Candy-effing-Crush or Face-effing-book) clean.

Why can't they just clean up their own crap? I spend time cleaning up a house that had literally NO messes made by me. I tried the don't-do-anything-until-they-do-it-themselves trick. That backfired miserably. I had TWO weeks of crap to do.

Case in point: my wife stayed home today with the 15yo who is recovering from a tonsillectomy. I brought the 3yo and 4yo to a sitter. I had hoped she would've cleaned the house, done laundry, done frickin' SOMEthing. NOPE. It eas even MORE messy than when I left this morning. What the hell can I do?

TL;DR:", Wife and kids are lazy as hell; they won't clean up; husband/dad does everything after working 14+ work days all week.
67,"SUBREDDIT: r/Parenting

TITLE: What's the best way to tell 13 y/o that a gifted puppy is not working out?

POST: So, I have a friend (no, not me) and she promised her 13 y/o kid a puppy if the kid gets good grades. 

Now, the puppy has been home for a week, and it turned out to be a huge burden because the kid is not helping anywhere close to agreed effort.  So, my friend ended up taking care of the puppy 24/7. She works from home 100% and simply doesn't have a capacity to take care of the dog and sees no other way but to return the dog. 

Now, what's the best approach to break it to the kid that this is not working? She understands that it was an extremely stupid idea, but this needs to be done. I'd really appreciate any suggestions how to do it gracefully and with minimum blood.

TL;DR:", Kid asked for and got a puppy for good grades. Mom ended up caring for the puppy full time and has to return the puppy.
68,"SUBREDDIT: r/Parenting

TITLE: Healthy Parent to Child Ratio for Lock-ins...

POST: Hello /r/parenting! I've been lurking about for a little bit and on an unrelated note I am about to become a new dad! Anyway...

I work in a medium-sized church of about 2,000 members (should I have used a throwaway?) and am planning a lock-in for middle school aged kids with a volunteer parent. This church, probably because of its size, does a pretty good job of doing things right - for example, background checks on volunteers w/ kids, proper liability forms, etc. 

One of the things I've brought to the table since I joined the team is healthy and good parent-child ratios. For this age group (10-13) a good ratio (from what I've been taught) is about 1 adult for every 7-8 kids. 

Now, the question... I'm surprised, but I've received a bit of push back from some of the parents. In my mind, the mind of the volunteer helping to plan and our staff this is a good ratio. I don't want to outwardly question the motives of the parents. It's our firm belief that a family who chooses to participate in a church ought to teach and communicate about faith within their family, so we like this ratio not just for ease of controlability (not a word) and accountability but also because it involves parents in the faith formation of their kids.  We believe in close families with involved parents (or guardians, as the case may be). 

This leads me to my question for you. I'm unable to find any good ""objective"" sources beyond a UK (i'm in the US) government website talking about daycare.  It sounds simple, but an outside source will be incredibly helpful. Can you help me?

I don't presume to be responsible for raising their kids, I don't want to argue with parents over the right way to raise them and I'm sorry that in a classroom setting it is often 1 teacher to 25-30 kids but that is also in an environment where students can be punished i.e. extra homework, no recess, detention...

p.s. Sorry if I ramble. I'm a much better communicator in person than I am in text.

TL;DR:", I'm asking for an outside source recommending a healthy parent-child ratio for supervised community/church events with kids aged 10-13... even if the source disagrees with our choice of about 1 parent to 7 or 8 kids.
69,"SUBREDDIT: r/Parenting

TITLE: For those against leashes on your Child

POST: [THIS] Is not what we are doing to our kids, like you must think.. This is inappropriate and seriously wrong. Having your child wear a backpack is not ANYTHING like this.. Seriously.. Is this what you think wearing the backpack is like?!?

TL;DR:", Scumbag parent with leash on kid's neck shown to express how I feel people who are against backpack leashes think the kids in them are being treated.
70,"SUBREDDIT: r/Parenting

TITLE: I'm a single mom with a huge issue-help, reddit!

POST: My daughter's father and I are not together, because he developed a drug addiction shorty after she was born and left us. I have been raising her completely on my own since February 2011 and it has been wonderful!. However, he's now showing interest in reentering her life. He recently went through a rehabilitation program and his mother passed away after he completed it. As a result, he got about $12,000 in life insurance money, and he has actually doing a lot better for a few months now. It's very refreshing to see him back to his old self, but there is a huge problem for our split family this month-
My daughter is turning two next week, and he's planning on taking the ""presents"" he brings for her back to his new apartment after the party. He will be watching her twice a week in this apartment if trust is not broken. Since he recieved such a large amount of money, he bought her a Disney princess house to play in, a chest full of princess dress up items, and many more large items that I'm sure she will absolutely love... Until he takes it away from her. I think that this will break her heart, as much as she loves all things princess related, and I want to prevent that completely.
I tried to suggest letting her actually keep at least half of the gifts, beacuse i think that'd be great! That apparently isn't an option for him though. I understand that he wants fun things for her to do at his own house but I think he should buy those things on his own time and not bring it to her birthday party.
I think of it as if I were to receive a new Pokemon game only to have it sit somewhere else for 5 days of the week. That would have killed me as a kid.
Reddit, please give me some feedback! What do you think about this?

TL;DR:", my daughter's father went all out on her birthday but isn't planning on letting her keep any of her gifts at her house.
71,"SUBREDDIT: r/Parenting

TITLE: 3 1/2 yo wetting her bed: we need advice.

POST: I have a fantastic 3 1/2 yo daughter, who is almost unable to sleep through the night without wetting her bed. We have a one month old son, but the problem started even before the pregnancy. 

We do not want to go back to night diapers, we feel this would be a regression, but nothing seems to work: we put the potty beside her bed, we make her go to the loo two or three times before going to bed, we reduced drinking in the late evening. She almost always (4-5 times a week) wakes up wet crying in the middle of the night, sometimes even twice during the same night. It sometimes even happens during nap time at the pre-school she goes to. We try not to make a big fuss about it, but the thing starts to become quite tiring - more so now that the newborn is also crying many times during the night. 

One amazing fact is that she did not wet her bed for an entire week, when the little brother first came back from the hospital with mum.

The atmosphere at home is quite relaxed, I would say. She is a very bright toddler who is raised to be trilingual (we live in Europe). Her way to cope with the arrival of the little brother is to be very caring and tender: lot of kisses, and hugs. She is social and, albeit we live abroad, she has a very active relationship with the two grandmothers (that come quite often to visit for long periods of time). 

Any advice about how to make the situation evolve?

TL;DR:"," 3 1/2 yo daughter wets bed almost every night, and we do not want to go back to diapers. Need some advice from experience."
72,"SUBREDDIT: r/Parenting

TITLE: How do I balance the education my kids get about religion? (serious)

POST: My girls (10 and nearly 8) have been at a new school for about four weeks and more and more frequently they are coming home with  zealous opinions about God/Religion. (Apparently despite me signing a form to say they should attend an ethics class instead of prescribed religion they have been lumped into the RE class.  Yes, I will see the school asap but the damage has been done.)  
Another factor is that my ex-MIL (their grandmother) is a born again die hard christian and my husband's birth mother whom we see - is also.  There's always lots of 'jesus loves you' and 'dinosaurs weren't real - they are a test'..  Its really confusing for my kids.

My partner and I tend to lean more towards an eastern type of philosophy in terms of karma, positivity and creating a positive space around us and in terms of the afterlife we aren't sure but we love the idea of reincarnation and have been talking with the kids about how energy never totally disappears etc.

Our core principle is to raise four strong intelligent women who question and explore the world around them and don't just blindly accept what they are told.

We even told them that if they choose later in life to join a religion that we support that choice....

Dinner table discussions are getting pretty deep - why is Zeus disregarded as myth but God is not and why can't God have made dinosaurs because the earth isn't old..   even why organised religion is a negative influence but faith is okay.

They are told to treat teachers with respect and to pay attention in school and learn.. but this is being taught to them as 'TRUTH' and as being on the same level as learning to read/write/maths etc..  

This situation... well, I'm just at a loss really.  I just need some help.. maybe some websites or books or your experience/opinions? Please.

(I keep adding bits so I'm going to stop. Happy to answer questions!)

TL;DR:"," (I guess); kids are being bombarded by religion in school and are losing a grip on reality (god makes the roads!), how do we counter their blind faith in what they are being taught?"
73,"SUBREDDIT: r/Parenting

TITLE: Wife is entering her 35th week

POST: Our son is soon to be here and my wife is now at the ""I can barely move and I have to pee constantly"" stage.  Over the last week or so she's become more and more easily winded due to the pressure on her lungs (which we're told is normal).  

What I'm looking for now is some advice on how to keep her more comfortable during these last few weeks.  We've done well so far, but now that it's getting close I can tell it's bugging her more than she'll let on because she's just getting more irritable.  

So now I turn to you, parents of reddit - what can I do/suggest to her to help with the last few weeks to keep her happy.  Some things I already do are: 

* Cook - I'm doing most of the cooking because the strong smells of the spices don't always play well with her.  Also, it keeps her off of her feet more. 

* Laundry - She still refuses to let me do the laundry, but I do carry the baskets to and from the basement.  

* Leg/foot rub - this has been a bi-nightly ritual for the last couple of months to keep the tendons in her foot from getting too tight and aching.  

Now I'm just looking for some more suggestions from experienced parents of reddit.

TL;DR:", Soon to be Dad looking for suggestions on how to keep pregnant wife comfortable in the last 5-6 weeks of her pregnancy
74,"SUBREDDIT: r/Parenting

TITLE: Caught my 13yo sister ""playing"" with her boyfriend. What do I do about this?

POST: [I have custody of all 3.]

I can't believe I'm asking this. I need your wisdom again, /r/parenting. This time, it's regarding Amber.

A couple hours ago, I got home from work a little late. Before, I trusted Amber wholeheartedly not to do anything stupid while I was away. She's proven herself to be very mature for her age. Now, I think she's being a little *too* mature.

I heard moaning and thumping coming from her room and instantly knew what was happening. Basically, I ran in and saw her and her boyfriend fucking in her bed.

Naturally, I flipped out. I threw his clothes at him and told him to get out of my apartment. When he left, I started to scold her, but she started screaming at me about how I never let her do anything. She said that she was tired of working so much just because she's the older sister. She called me every name under the sun and more while doing this.

Then she made me get out of her room. I've tried to get her to come out, even picked the lock to the door out of frustration, but she's barricaded it or something. 

Am I being a shitty brother? I don't like making her do all this stuff, but I can't do it all myself either. And my older friend that I mentioned in a previous post is sick in the hospital, so he can't help. 

I fucking hate my dad. This is all his fucking fault. If he wasn't such a worthless piece of shit, everything would be fine.

TL;DR:"," Caught sister fucking her boyfriend, she cussed me out and barricaded her door, now the little kids are scared to death and crying and I'm trying to calm them down."
75,"SUBREDDIT: r/Parenting

TITLE: Help With My 3 Week Old!

POST: My wife and I have a 3 week old daughter (first child) and she is amazing.  We couldn't be happier...until about 9pm when the shit hits the fan.  Last Friday we started trying to transition her from the bassinet in our room to her crib in the nursery.  Since then she refuses to go to sleep any time after 9pm.  It doesn't matter if we are holding her, rocking her, whatever.  She will start to drift off to sleep, fall asleep for a couple minutes, then wake up again crying (even if being held).  We have tried feeding her, burping her, changing her, using a sound machine, everything.  Last night she was up most of the night, sleeping for about an hour at one point, and that was because we brought her back in our room (probably counter productive, I know).  As a point of reference, she was sleeping for 2-4 hours at a time before we tried moving her in to her crib.  My wife (who is a teacher) has been kind enough to let me sleep most of the night so that I can get up at 5am for work, but her patience is wearing thin.  I help when I can, but I also have to be functional at work.  Any advice as to what we can do to help make the transition to the crib a little easier?

TL;DR:", Our 3 week old daughter is not sleeping since trying to transition her from our room to the crib in the nursery.  Any advice would be appreciated
76,"SUBREDDIT: r/Parenting

TITLE: How can I criticize my 3-year-old's soccer coach without sounding like a jerk?

POST: So my 3-year-old had his first soccer practice with the local Y's ""soccer school"" last night. I know they're tiny little kids and it's just for fun. I didn't expect it to be anything serious, but it was waaaaaaaaay more of a clusterfuck than I expected. I'd like some input on how to give a piece of constructive criticism without being an offensive jerk or being disregarded.

Basic situation: 

There were four U5 teams practicing at once on little fields right next to each other. The other three teams were doing fine - parents sat on the sidelines, the coach and assistant coach told the kids what to do and helped them figure everything out. Those 3 teams were about as disorganized as you'd expect 3-year-olds to be, but they were moderately productive, the kids knew who to listen to, and the situation improved as the hour went on. 

Our team? Every single kid (except for ours) had at least one parent on the field with them. The noise level as parents tried to instruct their own kids was overwhelming, and you could barely hear the coach. The kids had NO IDEA who was in charge because there were so many adults on the field, and some of the parents were even giving their kids instructions contrary to what the coach was saying (ie, during a red light/green light game, she'd say ""RED!"" and some of the parents would be like ""No don't stop, kick it in the goal!""). One set of parents even had their 1-year-old toddling around the field while they tried to help their 3-year-old. It was a disaster, and it got worse as the hour went on and the kids got more and more confused.

As far as I can tell, one simple change would fix the whole mess: Get the parents off the field. Nobody on the field except the coach(es) and players. I don't know if the coach didn't say anything because she was brand new and didn't want to be a meanie, or because she didn't know any better or what. Should I go ahead and email her about this, or just keep my mouth shut and hope it gets better?

TL;DR:"," Soccer coach allows parents on the field, and it's absolute chaos. How do I bring this up without sounding like a stereotypical overly-critical, pushy parent?"
77,"SUBREDDIT: r/Parenting

TITLE: Experienced parents: Thoughts on establishing house visiting hours after my newborn arrives??

POST: We're expecting our first baby in mid-April. My husband just started a new and fairly demanding job and he'll only be able to take two weeks of paternity leave. Though our immediate and extended family is very important to us, we want to make the most of our limited time and bond with our new baby. Our family ( my mother-in-law in particular) can be extremely intrusive and overbearing. I want to set clear boundaries with everyone from the outset. 

Our plan is this: we are going to take two days, after we arrive home from the hospital to completely bar the doors from family, friends, neighbors etc to have some bonding time. After that, we'll be setting visiting hours ( from 9am to 1pm and then 6pm-8pm, for example) when folks can come by, hold the new baby, help with the laundry, cook a meal etc. Of course, they'll have to call before they plan to come by.

Is this rude to my family? Selfish of me to want some time alone with my new family unit? What did you do after you had your first baby? Is there anything in re: your extended family dynamic that you wish you did differently?

TL;DR:", My family can be intrusive- wondering if it is crappy/rude to establish visiting hours in my own home after the new baby arrives
78,"SUBREDDIT: r/Parenting

TITLE: crib/sleep training help

POST: To start off, my little guy has bed shared with me from week 2 until now - he is almost 4.5 months.   I believe he is in a sleep regression from what the internet tells me which makes sense, at night now he wakes up and screams to be fed and does it much more often - before he would just gently stir and feed.    

My husband and I have been trying to get him used to his crib a bit  because we would like our bed back in the next few months, so we have begun trying to gently get him in the crib for naps.   We are setting up some (I believe) bad habits by rocking him to sleep and nursing him to sleep before putting him in there because he wakes up about 20 min. later and is not happy.   He screams.   

I have tried putting him in his crib ""awake"" but somewhat drowsy but he just cries and screams and it intensifies as time goes on.  We have tried to let him just CIO with timed check ins - but aren't comfortable with it, as he gets so intensely upset that he is hoarse and shakes for a good while after we've gone in to check on him.  He also doesn't stop crying when we check on him - it almost gets worse.    Just today as well he started to roll from back to stomach and is all over his crib because he is just going insane in there.  

I guess our challenge is how do we get him to self-soothe when we are putting him down awake and he loses it EVERY time.   
The rocking and/or nursing seems to be the only way he will nap in the crib.   

We do have a nap routine and bed routine that we do, the room is TOTALLY dark, we have white noise, it is a good environment.  I just don't know what to try at this point, have I screwed up him using his crib now?  Am I destined to bed share until he is a toddler?

TL;DR:"," My kid hates his crib, screams bloody murder in it, will only sleep there if nursed or rocked to sleep first.  Need help."
79,"SUBREDDIT: r/Parenting

TITLE: I need a little advice( I don't know how to make this a self post, throwaway account)

POST: I am finding it really hard to control my anger with my 4 year old son lately. I don't know what is going on, I know he is just a little kid, but I can't seem to stop from blowing up, then I deeply regret yelling afterward.
I don't hit him, but sometimes I say hurtful things that I know he doesn't understand, but my tone and actions are hurtful. He says rude things, and disobeys pretty much everything I say. He has lost 3 remote controls and broken several things in the house and expects me to just buy new ones.
For a little over year I have been trying very hard to just explain things and teach him how to be nice, but the past 3 months I feel like there is no respect coming from him, and I am losing respect for him, and maybe that is why I am not able to control myself?  Few things to know about the situation..

* I raised him by myself for the first 2 1/2years, recently married, but husband is as clueless about how to deal with my sons behavior as I am.

* My mom watches him for me because my schedule doesn't fit around daycare in my area, and the ones that do fit are out of my price range. She spoils him and coddles him after she punishes him or if I punish him.

* I **DO NOT** abuse him, but I realize that seeing me angry is bad for him, and that it isn't helping his behavior problems.

* He is the only child.

 He isn't violent or distant, so I don't think it is mental illness, but something needs to change. I'm tired of being angry all the time. I just want to be happy with my sweet boy again. If you have any advise on how I can teach him or, if he is normal, how **I** can make some changes to make this better. Thank you for reading.

TL;DR:"," My son is Kind of bratty, and I'm having trouble with anger. No Physical abuse, but yelling and cussing happens too much. Son is 4."
80,"SUBREDDIT: r/Parenting

TITLE: My 16 year old son got an eyebrow piercing without my permission. What would you do?

POST: My son has just gotten back from boarding school for a visit, and last night he told me that he was going to be out with his friends for ""just a movie"". He came back with a beanie pulled low over his face. I was immediately suspicious and asked him where he was.

After a bit of goading, he took off the beanie and I saw that he had just gotten his eyebrow pierced. I was very angry because he knows very well that I do not approve of him getting facial piercings of any kind.

He told me that he had gotten the piercing from a pretty reputable place, and that they allowed 16+ to get pierced without their parents permission (we are in the UK and there are no laws about minimum age for piercings. Each studio sets their own minimum age). He had used his allowance savings to get it done.
Im glad that he went to a well established place, but I'm still angry that he lied to me and tried to deceive me. Also, I think that the piercing ruins his handsome face and I want him to take it out and let the hole close.

My son is usually a very responsible and obedient child, so this came as a surprise to me. I haven't told his father yet but Im planning to. My son says that I am overreacting about this, but I dont believe I am. What's the best way to discipline him for his lies and deception?

TL;DR:", 16 year old son lies and gets eyebrow piercing without my permission. I think it looks trashy and I want him to take it off.
81,"SUBREDDIT: r/Parenting

TITLE: Make a custody agreement or continue with Court?

POST: Want some opinions from unbiased outsiders as I'm having trouble deciding.

Basically, have a troubled history with my ex which resulted in genuine concerns about his ability to parent in the last few years due to his mental health issues but since he got out of the psych ward this summer he seems to have finally taken his health seriously and is on appropriate meds and going to his appointments etc. I believe he is much better now, his behaviour has changed so much. 

We are supposed to go back to Court at the end of Spring but now he has proposed a visitation schedule that is reasonable (she (5 years old) would go to his every other weekend - before he always wanted unreasonable schedules so this is a big change) and wants us to make it officially with the social workers and then we wouldn't need to go to Court.

However, that also means that our custody investigations won't be done by CPS, so I won't get that reassurance that CPS has thoroughly investigated his current situation (they check his home, his police record, check with his doctors etc. its very thorough) and deemed everything ok. So I'd be taking a risk, but I think that risk isn't so big now.

TL;DR:", Making agreement and save hassle of Court or continue with Court and likely get the same schedule from there but also get the reassurance of a thorough investigation but risk the Court deciding a different schedule that might not be so good.
82,"SUBREDDIT: r/Parenting

TITLE: Parents of school age kids, at what age did they start to become a little more independent/imaginative with their play?

POST: I have a 2.5 year old and she really is great and quite independent for her age.  However I am still wondering at what age children start to play independently for longer than 15 minutes without skipping to the next thing, dumping out all the toys in the entire room, or absolutely having to play while ""helping"" me.  Don't get me wrong she is really great and I love having her help me with tasks, just not ALL the time.   
   
When I put her in her room for nap time, often she just plays quite happily for an hour even two.  I'm wondering at what age children will entertain themselves for an hour or two by choice.  Don't get me wrong, even despite ""terrible two's"" she is an awesome and pretty easy going kid.

TL;DR:"," what age to kids start to think ""what mom's doing is boring, I'd rather play with my own stuff""*"
83,"SUBREDDIT: r/Parenting

TITLE: I don't want my kids to have hyphenated names... Can I give them my maiden name?

POST: Let me know if I'm in the wrong sub-reddit...

Let's pretend that my last name is Brown and that my fiancé's is Smith. Our names are both special to us, and I'd feel sad to abandon mine to take his, and vice-versa. After much thought on whether I should add his name to mine, we decided that we will both be combining our names. We'll be Mr. and Mrs. Brown-Smith. We both love that idea, because it really feels like we're joining our lives together, rather than me just jumping into his. But it gets iffy when it comes to having kids. I think it's a bad idea to give my kids hyphenated names... what are they supposed to do if *they* want to get married someday? Also, it's just a nightmare to grow up with a long-ass name. 

My fiancé suggested we give them my maiden name. Is that a thing? Could that be done? Could we be Mr. and Mrs. Brown-Smith with Brown children? 

I would love your input. Thanks :)

TL;DR:"," If my husband and I are Mr. and Mrs. A-B, can our children just have the last name A?"
84,"SUBREDDIT: r/Parenting

TITLE: Anyone with supervised visitations chime in.

POST: I don't know if this is the right place to be putting this thing, but I didn't know what other subreddit to put this in, so here goes nothing.

Let me say that I myself am a 31 year old with a child of 15.  I raised her until she was 13 with her mother until we broke up and I moved away to better my life.  (Please no comments on that)

So I am now in a somewhat healthy relationship with someone for about three months.  She has a daughter of 2 years and 3 months she is a LITTLE bit over protective for starters and mothers the child a LOT more than I did with my daughter.  Nor was daughter even half as fussy as her is...but we won't get into that either.

Ok my problem is is that she has supervised visitations and the ex and he comes by to her apartment to which from her side of the story, he loafs around and is a very poor parent.  According to their court order, HE SHOULD be taking her by himself already on the weekends, but the child hardly knows him and cries and whimpers a lot when neither of her grandparents, nor the mother are around  So naturally she doesn't let her go with him and breaks the court order, but with somewhat good reason.  The father does not really try I suppose nor does he take her back to court...

So what really does go on with a supervied visitation, and why is he allowed to not really do too much?  Is he suppose to come over all the time to HER PLACE, because the child is 2 years and 3 months and maybe they could meet some place else?  Not saying there is any funny business going on, but I'd like to have my GF and the father to have much less face time together so that he doesn't get some sort of false sense of hope about them getting back together. 

Any input would be awesome.

TL;DR:", What goes on between the mother and father in a supervised visitation and where at?  Don't like my GF and her ex together too much.
85,"SUBREDDIT: r/Parenting

TITLE: tips needed for international flight with a two year old

POST: My DH is military and we have been stationed overseas for the past three years. Shortly after we arrived I became pregnant, and our DD will be 2 in May.

We have received our orders back to the states at the end of May. For the past two years I have been fighting off relatives' pleas to visit home with the baby. ""I'm not taking her on a plane!"" ""I don't want to be that parent."" etc Well, now I have to be that parent and take her on a plane.

I've done a bit of research. Slow release carbs to make them sleepy (oatmeal, ricecakes) bring toys for ""presents"" for good behavior every hour. My mom bought her a [Trunki!] for Christmas and I think I was more excited for it than she was. (Her legs aren't *quite* long enough yet to push herself lol.)

TL;DR:"," for people who have been trapped on an airplane for 12+ hours with a two year old, what do you suggest?"
86,"SUBREDDIT: r/Parenting

TITLE: 16yr old teenager problems.. (details inside)

POST: My little cousin turned 16 and is demanding a car (bear with me on this), but his parents don't have the money to buy him a car. Ultimately it's not the car, but the fact that he's ALWAYS demanding things and that his parents eventually give in to his wishes. Worse off, his parents don't speak English (he's been raised in California, parents are Chinese), which makes them less credible whenever they tell him he doesn't need X item. Most of his friends' families have more money than his, so he's extremely influenced by what they have. It makes him fit in if he has whatever they have. He thinks his parents can afford whatever he wants since it's what he grew up knowing--that with enough demand/yelling, he can get that xbox or monthly allowance without working for it. Now he's thinking about not go to summer school and taking up a job to make his own money, but he's jeopardizing his potential to go to a good college. He said going to ""any college will do and I don't have to be so educated,"" since he pretty much talks his way in getting what he wants. Sure he doesn't have to be stellar, but he has so much potential.. is there a way to show/tell him he's being immature? How about reversing the damage of his parents succumbing to his wishes?

TL;DR:"," parents came to me for advice to ""fix"" their spoiled 16yr old to stop asking for material goods as they can't afford it anymore."
87,"SUBREDDIT: r/Parenting

TITLE: Kids playing on/in vehicles. Mine is grounded, do I talk to the other kids parents?

POST: I have a 7 year old, and we live on an Air Force base. She is friends with the little girls next door and across the streets, and they all play together.  It varies from under the houses (open carport like area) and in front of the house at the play ground. Her friends are nice little girls, but lately one of their things they like to do is play in and on vehicles. 

Yesterday, I came downstairs so we could go to the store, and 3 little girls piled out of the cab of our pickup, which is a manual. I asked them not to play in or on our vehicles and then explained to my daughter why I didn't want them to (Even showed her that if they accidentally pull the e-brake the truck rolls backwards).  After we got home, she went to play again, and I look out and they are on the roof of the van across the street, at the girls house. I told my daughter that she needed to come inside, and told her I didn't want her playing on other peoples cars either, because it's dangerous. 

Today, she's out playing again, and I go out and spot her on their van again, and hear ""Oh no! Get down! My mom can see us!"". My daughter is now grounded from going out to play with her friends.

My question is, do I talk to the girls parents? I've never met them. It seems like the girls are pretty much sent out side when they get up and let play outside all day. I don't see their parents check on them (the girls are 5 and 8). I don't know if I'm over stepping my bounds, or if I should just suck it up and let them know their kids are doing something that could get them (or someone else) hurt?

TL;DR:"," My daughter (7yo) and her friends(5yo & 8yo) keep playing on/in vehicles, do I talk to the kids parents?"
88,"SUBREDDIT: r/Parenting

TITLE: Help. My 6.5 won't stop misbehaving at school.

POST: My 6.5 year old son is having a super hard time in first grade. Oddly enough, he is pretty good at home. He just doesn't understand personal boundaries. He's not being mean or trying to hurt others. I am a stay at home mom with a 23 month old. My hubby and I are happily married, we don't fight or exibit any abusive behaviors. We don't have money issues and are about to move into our dream home. He has been having issues at school since the beginning of the year. I chaperoned and viewed some of the negative behaviors that the TEACHERS where doing. As in touching his shoulder to get him to sit still. When we where trying to teach boundaries. After spending some time with the teachers we decided to transfer our son to the new school earlier. He is still displaying disruptive behavior, hitting (but not to hurt, he says) he's just always playing.  When he is supposed to be concentrating and doing work he is talking and bothering others. He is very smart and is reading a year ahead. Blows through math homework like nothing.  I have tried time outs, a rewards system-where I basically ignore the negative and make a big deal out of the positive, I've taken away all entertainment priveledges during the week and even the weekend. Play dates, tv, Xbox everything. I stick to what I say-I am very consistent with him. Follow through with punishment and praise good behavior.  As I said, he is pretty good at home. I am at my wits end. His new teacher is very nice and I appreciate all the time she takes to work with my son. I just don't know what I am doing wrong and the last thing I need at the end of a long day is to have to turn to my otherwise loving and cuddly son, and punish him for his misbehavior at school (only). Do I need to have him tested for ADHD, or have I failed as a parent-because somewhere he got the message that he can be a jerk at school and a sweet heart at home?

TL;DR:"," my 6.5 year old won't stop misbehaving at school, he's great at home. No troubles at home or difficulties. I don't know what to do anymore."
89,"SUBREDDIT: r/Parenting

TITLE: 7 mo. pregnant with our first, can't get husband in the mood. What do?

POST: Been together almost a decade so our sex life is definitely not what it used to be but now that I'm pregnant and growing, it's getting even harder to get him interested. I'm always down to go to Poundtown but I would say he is only into it 10% of the time when I'm not pregnant. Now it's more like 5%. The few times we have done it so far in my second trimester, it has been difficult to keep him in the moment. I think he is afraid he is hurting me or the kid. 

Yes, I have talked to him about it. Told him explicitly how I feel. Let him know that the intimacy helps me feel normal and I need it in my life, now more than ever. I talked about alternate positions that make it easy to stay off the bump. Etc, etc. Still nothing.

I feel like I'm out of options for things to try but if any of you have ideas, please share. What I would really like is some reassurance from the dads out there who may have been in his shoes. What's going on in there? Help me understand that there is more to it than just being an unfuckable pregnant lady.

TL;DR:", Husband isn't interested in sex in general but worse now that I'm hosting our parasite. How do I deal?
90,"SUBREDDIT: r/Parenting

TITLE: safer sunscreen and oxybenzone

POST: Hey all, I wasn't sure if this was really the place for this but I look at it more for my son, so here we are in parenting. 

Boyfriend is an aestiticain (can't spell it) and refuses to buy any product with oxybenzone or avobenzone. He says when exposed to the sun it can cause cancer. I went to school for some thing else, so I can't explain it exactly, so I will give you some articles on the topic. There is a rise in melanoma in children by a ridiculous amount here in the desert, maybe this is part of the reason. 

[this article actually says my random thought on melanoma] I didn't read this before I started this post.
[here is another article](
[here is an article](

[here is a short link](

this stuff can be found in sunscreen and I even saw it in my biore face cream this morning (was only looking at the ingredients comparing it to stuff my boyfriend brought me from his work.)I might add that the aestetics school won't sell any thing with either benzone in it. 

Two common sunscreens without avo or oxy benzone are coppertone kids and babies and walgreens brand kids and babies. BOTH ARE NON SPRAY. They use zinc instead of the harsh chemical. Zinc reflects while benzone absorbs.
If you want to look for yourself it will always be located in the active ingredients, so its fast and easy to find.

TL;DR:", for your kiddos safety buy children's coppertone or walgreens sunscreen non spray. It doesn't cause cancer.
91,"SUBREDDIT: r/Parenting

TITLE: Neighbor slapped his son, now my son is (rightfully) afraid of the dad.

POST: My 3 year old and I were playing outside yesterday and the new neighbors were out playing too. My son, who is crazy social and outgoing, kept begging to go play with them so I figured, sure why not. 

We introduced ourselves and my son and their two kids played together quite well on their power wheels. And then something happened. One of their kids accidentally rode over the other's leg. I thought it was an accident and not really all that intentional. The father, however, thought otherwise and smacked the kid driving right in the face pretty hard (with my son sitting in the passenger seat of the power wheel). My jaw dropped, as did my sons. I rarely raise my voice (my son never really gives me a reason to raise it, honestly) so for him to see a parent slap was a first. 

I wasn't sure what to do or say. After the slap, my son hugged the little boy as he was crying. I did what I thought was best and told my son he's a good friend. A few minutes went by and all was right in the world again, aside from me feeling quite differently about the new neighbor. 

So I'm walking in town today with my son and an older man walks by. My son did something he never does, he ran behind me. I thought this was weird, but I didn't really think anything of it; I thought maybe he was just being silly. He normally loves to say hello to people and wave. 

And then this evening, my wife is outside with our son and the new neighbors are out. She texts me and says our son is hiding behind her, he's afraid of the neighbor. 

IMO, he's rightfully afraid of the dad. I don't want to dismiss his feelings, but I'm hoping this doesn't turn into a thing where he's suddenly afraid of everyone. 

Any advice on how I should handle this with my wonderful little boy? I know I cannot shelter him forever, but I also don't want him thinking, or assuming, everyone is an asshole and can't be trusted.

TL;DR:", my 3yo son witnesses the new neighbor slap his son in the face. my son hid from a random stranger in town today which is not normal for him. now he's hiding from the neighbor.
92,"SUBREDDIT: r/Parenting

TITLE: The sleep routine FINALLY paid off.

POST: We started doing a sleep routine with the wee one at about 4 months.  Bath, 3 short books, nursing, and bed with bedtime at the same time every night.  It was frustrating as hell because she loves bath time and would get really worked up when we took her out of the bath, scream her head off, and get fully awake again.  And no matter what we tried, I had to nurse her all the way to sleep every time and place her reeeeeally softly in bed.

Long story short, 5 months later, she all of a sudden doesn't have to be asleep when we put her down!  She rubs her eyes a couple of times, mumbles to herself, turns over, and konks out.  It's been going on for three weeks.  And mercifully, at the same time, she has started to soothe herself back to sleep when she wakes up in the middle of the night - a couple of squaks and about a minute of fussing and she's back to sleep.  I was starting to worry because I kept reading all this stuff about how you HAVE to train them to self-soothe and it's not something that comes naturally... well, I'm a giant softie and I couldn't do cry-it-out, so I'm in seventh heaven that she figured it out without prompting.

TL;DR:"," Parents of young babies:  no matter how tedious it is or if it doesn't seem like it's helping, **keep a sleep routine**.  Hopefully you'll get lucky like me and it will pay off!"
93,"SUBREDDIT: r/Parenting

TITLE: Help! My 20 month old wont let me read to him.

POST: Our son is going through that classic independent, toddler phase.  He wants to do everything himself, throws tantrums when he gets frustrated, etc. generally it's pretty basic and manageable stuff. But one thing is super annoying/frustrating; he won't let us read to him anymore.

Mind you, this kid LOVES books. Reading (having us read to him) was always one if his favorite activities.  He's pretty verbal for his age, we assume to some degree because of all the reading he did before.  Besides, it's just nice having your kid on your lap while you read.  Now, if you touch the book, he throws a fit (sometimes he lets us read over his shoulder while he turns the pages), we always read books before bed, now he throws a fit when we read his bedtime stories.

TL;DR:", kid makes it hard to read to him. Do we wait it out or can we do something to get him to read with us again?
94,"SUBREDDIT: r/Parenting

TITLE: What is your opinion on this situation?

POST: I am disappointed to find weekly facebook updates from my nieces/nephews (ages 13-17) that constantly show them holding beers/smoking up or flipping the bird/swearing.  They are all considered underage in their home country.  I know one of them parties pretty hard almost every night (thanks to her facebook posts).

I'm not very surprised, just disappointed... however, what's really surprised me is that some of these pictures are of them, next to their parents - i.e. they are drinking with their parents and grandparents and posting about it online.  I can't imagine giving my 13yr old kid beers at a family get together, it just seems really irresponsible.  

So, this is obviously the conservative in me coming out, but I will soon have two daughters and this kind of stuff scares me.  Both the fact that their parents apparently find it acceptable that their kids drink (and supply them with alcohol) and the fact that they are posting about it to everyone on facebook.  Kids just DO NOT understand the ramifications of posting stuff on sites like that, and how it can really come back to bite them in the ass.

I'm not saying that I never drank underaged or smoked up (which I didn't do much of either, frankly), and I figure my kids are going to do this too at some point, but there is no way I would sit there and give them alcohol at 13 years of age!

Is this shit common?  Parents, how would you feel if these were your children?

TL;DR:"," 13-17yr old nieces/nephews post facebook pics of themselves drinking beer WITH their parents (and grandparents), on multiple occasions - worries me that this is now the norm"
95,"SUBREDDIT: r/Parenting

TITLE: Question about first night without nursing.

POST: My wife and I have a 14 month old little guy.  He's still being breastfed, but only in the morning and evening.  My wife isn't quite ready to ween him off yet, but because he breastfeeds at night, no one has ever really put him down at night other than us.  To complicate things, he started refusing the bottle around 6 months ago, and so we just stopped giving him one.  That's how the whole morning/night schedule started (I think it coincided with him eating solid foods). 

Anyways, the whole point of this is that my wife and I are attending a wedding this weekend.  We're having my inlaws babysit (they watch him every Monday anyways). But, they'll have to put him down for bed.  So, tonight I'm doing a ""dry run"" without nursing.  My last dry run didn't work out so well.  We was combative and crying for pretty much 30 minutes straight, and my wife came home part way through that and ""saved the day"" by coming in to nurse.

What should I do tonight to help the little guy go to sleep? To complicate matters even further, he can't drink cows milk now (we're trying to figure out if dairy is a problem for him).  Should I keep him up a little later to tire him out more? Feed him a later solid meal?

Any thoughts would be great.

TL;DR:", 14mo old needs to go to bed without breastfeeding for the first time. What do I do to make it easier?
96,"SUBREDDIT: r/Parenting

TITLE: Not sure of if I should report this...?

POST: I live above a mother of 2 boys (one child is around 5 or 6 and the other is 10-11, maybe 12...it's hard to tell). She screams at them ALL the time, which isn't an offense in and of itself. However, she does leave them alone for hours on end. The other day, she left them alone from 4pm til midnight! (It could've been longer since I came home at 4pm and noticed the kids were home but she wasn't.) I'm not the type to report things because I know I don't know the full situation, but it seems dangerous to leave children that young by themselves at night for an extended period of time.

TL;DR:", Mom left two young children at home for 7 hours and I don't know if this is something I need to report if I notice this becoming a regular occurrence.
97,"SUBREDDIT: r/Parenting

TITLE: Daughter started having overnight visits with her father in January, has never had a problem using the bathroom at night, but is now exhibiting anxiety about bed-wetting.

POST: My 3yo daughter started having overnight weekend visits with her biological father in January. She goes every other weekend. Prior to that, she never spent a night alone with him in her life. She has been fully potty-trained since last summer. Recently, whenever he drops her back off with me, he mentions that she wet the bed at least once during their visit. 
This past Monday night, she exhibited severe anxiety at the thought of wetting the bed, which has NEVER happened before. Normally, she goes to sleep no problem. When I got up from snuggling her, she cried and insisted that she wet the bed, but she was actually totally dry. She demanded that I take her to the bathroom twice in 20 minutes, crying the whole time. Eventually, she settled down. 
The next day, she wet herself during nap time at daycare. (Highly unusual for her)
The following night, she exhibited the same behavior as before, (crying, demanding to go to the potty even though she didn't have to go) except this time it went on for about 2 hours instead of 20 minutes. Eventually, she went to sleep, but I suspect it was more from exhaustion than relaxation.
The next day, she wet herself AGAIN during nap time at daycare. 
Last night, she went to sleep without problems, but she woke up twice in the middle of the night asking if there was something/a monster in her room, (again, unusual behavior for her).

I'm extremely concerned because I know potty-related issues/anxiety should be taken seriously in children. The obvious theory is that her father has been yelling at her and/or scaring her when she wets the bed at his house, so she's developed a fear. But when I asked if ""Daddy got upset"" when she wet the bed at his house, she said no and acted like it wasn't a big deal. I'm in unfamiliar territory here and need advice.

TL;DR:"," My 3yo daughter is exhibiting night time bathroom-related anxiety where she never did before, and it started after repeated bed-wetting incidents at her dad's house."
98,"SUBREDDIT: r/Parenting

TITLE: Is it possible to maintain a life and a respectable home?

POST: Hey all, I'm 27 and married, and desperately want kids. My wife is older than me, so she's starting to signal it's time. 

I don't want to say I'm self involved but I'll just say I am. I like me and doing things for me, and I'm not ashamed of that. That said, we have a dog and I have no problem making time for him, I just don't let him run my life. My wife seems to be the other way-always worrying if the dog is into something, has enough food, is comfortable, getting enough training, exercise, etc. I'm more of a hands off guy. 

Okay so all this to say I feel like it has to be possible to have children and still maintain an adult life. Still be able to have hobbies, go out to dinner, etc. Another thing is the home...every friend of mine who has kids, I can barely step foot in their house. Toys and piles of shit everywhere. I can't live like that. I am fine putting our more expensive art and objects away or out of reach for a time, but I don't want the baby piles along the wall. 

I feel like my parents did this, but they had a lot more money than we did. I had a nanny for most of my life, and we could afford one but my wife says nannys command a premium these days.

TL;DR:"," self centered person wants to know if he can still have a decent looking home and pursue hobbies while having children, or is it as it seems from looking at others (an all or none proposition)?"
99,"SUBREDDIT: r/Parenting

TITLE: How do I (28m) go about meeting my ex's (25f)new bf (21m) to discuss my 2.5 year old son.

POST: The new guy is hesitant to meet me. I think it's an age or an ""I'm not a parent"" issue.  He doesn't understand why he would need to meet her ex. (Me)

I don't have any motivation for this meeting other than to ensure the safety security well-being of my child. Period.

 This guy was caught vandalizing some property and served half a year time.  I'm told this topic is essentially off-limits. He seems to have reformed but it just sits unwell. Not the issue.

How do I make the most out of 5 minutes of just making sure this new guy will be alright around my son?

TL;DR:", Meeting recent ex's younger boyfriend: Need advice to have a conversation about how to be respectful to my child and the ongoing parental (mine and ex) relationship. Ok go! TY!
100,"SUBREDDIT: r/Parenting

TITLE: One month old, seems to legit hate it when I sleep?

POST: My baby sleeps in her bassinet like a brick all day long between feedings while I'm up and about doing chores and stuff. Then she has a difficult period from 8-11ish which is basically how long it takes her to go to sleep. Then of course she wakes up to eat roughly every two hours (she eats for about 30 minutes, plus 20 for burping, changing, and trying to get her to settle again). Then, when hubby gets up for work at 8am, she's up, non-negotiable, for about two more hours.

 So given that I get about, what, four hours of sleep at night, I'm all for the whole ""sleep when the baby sleeps"" mantra. BUT, this child literally wakes up screaming the second my head hits the pillow, every single time... Those four hours at night are apparently during her generous period. It's completely not coincidental. She sleeps happily while I'm up doing stuff. Then she screams when I lie down. If I sit up, she stops immediately and goes back to sleep. If I lie down again, more screaming. Rinse and repeat. My brains are currently exploded all over my house. 

 FTR, she doesn't take kindly to being put in a room alone either.
 
 Has anyone experienced this? Or have some explanation or advice or something?

TL;DR:", Baby sleeps extremely well unless mommy tries to sleep. Baby does not like it when mommy sleeps. Mommy is dying AF.
101,"SUBREDDIT: r/Parenting

TITLE: Jobs and work, tight schedule.

POST: So I'm not really sure this is the right place to ask this, but anyways I'll try my luck anyways. 

I found out a while ago that my girlfriend is pregnant. We've been together/been friends long enough that I trust her enough already to know that the kid's mine, although my parents still demanded a DNA test that's currently somewhere in the hospital right now.

Big issue is: I'm a senior in high school. I'm sure as hell not going to walk out on my girlfriend/soon-to-be-kid, but I don't know how the hell I'm supposed to make money to help out in this situation.

I don't really get along with my parents, but that's an explanation for another time). 

So I kinda stumbled into night shifts. Was looking for a night shift job with a decently flexible schedule that wasn't too bad on the money, and I found an answer through a guy who graduated a couple of years ago. 

He basically told me that he could squeeze me in bartending at the rather shifty hotel he works at, a few nights a week. 

Trouble is, going to school, doing 6 AP classes worth of homework done, then going to the hotel and doing the bartending gig straight through the night is fucking rough. My parents - even though they said they want nothing to do with me after this entire situation - don't want me bartending, even though I'm a keeping a B+ average so far (I was at a C so there's improvement there) - they say that I should just leave and go on to college and not associate with my girlfriend or my kid, when he/she gets here. 

Needless to say, I'm not planning on doing that. 

So is there any job out there that goes for after school until about midnight or one that doesn't pay too horrible - I got two dozen + apps out, just most of them are restaurants/hotels/etc. where it's not a nice place to be at night, if you know what I mean.

And I did some research: it's legal, just uncommon as hell, for a bartender to be sub-21.

TL;DR:"," Reddit, I'm lost. I want to help out/be an un-deadbeat, but I can't figure out how to actually balance school + work."
102,"SUBREDDIT: r/Parenting

TITLE: Problem with home nursing, need advice

POST: About 3 weeks ago we had a, lets put it this way, unstable nurse working at home. Our son has a trach and is vent dependent, and has scoliosis and other skeletal conditions, he is 9 months old today. We have 24 hour nursing care at our home. Anyways, said nurse was great when she first started, a little to religious for my taste but nice enough. After about 2 months, she got worse. Started calling in, leaving early, being lazy. So one morning she wakes me up at 6AM, hour before she is scheduled to leave, telling me she is leaving. i said no, you cant, we need you here, this is your job. She sighed, and grumbled something about i have to meet some one for a loan. I go back to bed, feeling uneasy. When my wife wakes up she could tell something was off about our son. very incoherent, sleeps most of the day (which he doesn't do). My wife has a hunch and checks the narcotic we have in the house, we've only given him one dose since we've been home, for extreme agitation or high heart rate. Sure enough the vile has the safety seal off, but on the bottle to make it look like its still on, and about 1/6th of it gone. She had drugged our baby. By the time we realize this, the drug had probably left his system so we didnt take him to the hospital, but one of the head nurses came to evaluate him. She said his eyes were dilated, and she took a statement from us. Police came the next morning for a report but they said nothing could be done because we couldn't prove anything. The nursing company said they would do an investigation and call CPS and DADs per policy. The nurse has since denied it (of course) and we called CPS today and nothing has been said to them or DADs. I am at a lose of what to do, should we get a lawyer? Is there somebody else we could report this to? Sorry this is so long, any advice would be appreciated

TL;DR:"," Child got drugged by one of the home nurses, cant prove it, nursing company doing nothing. Lawyer? Anything we can do?"
103,"SUBREDDIT: r/Parenting

TITLE: How should I handle 7 year olds temper tantrum?

POST: My daughter is an all around fantastic kid.  Kind, thoughtful, hilarious and my best friend. But when it comes time for restricting electronics and saying no to ""I wanna go to build a bear TODAY"" she screams, throws things, hits and even bites.  It's like she's a completely different kid.  

Some background: her father and I split when she was almost 3. We have a very healthy relationship, but he is remarried and they have a 3 month old. It was around the time he baby sister was born that she started to act this way. Does anyone have some advice on how I can handle this?

TL;DR:", 7 year old throws violent temper tantrums and it all started when my ex husbands new baby was born. What should I do?
104,"SUBREDDIT: r/Parenting

TITLE: I desperately need some ideas. Help please?

POST: I apologize in advance if this is scattered, I'm on my phone and really stressed. Throwaway because I'm embarrassed.

Back story: I have an undiagnosed sleep disorder. I sleep SUPER hard and next to nothing wakes me up. I'm on a waiting list to have a sleep study done, but it'll be about another year and a half before I get an appointment.

The problem: I have a 4 year old daughter who is sneaky and destructive and two roommates. Every morning, my daughter sneaks out of her bedroom before I wake up and gets into trouble. This morning alone she took food out of the fridge, cut up a pair of slippers her grandma sent her, took a Sharpie to the wall, and destroyed a box my roommate had ready to ship out today that contained a $140 piece of equipment belonging to the cable company. This is a daily thing, her destroying stuff. I'm at my wit's end, my roommate is pissed and ready to kick us out, and we have nowhere to go.

What I've done to try to fix this: I've tried to fix my sleep problems myself, but with little to no success. I've tried going to bed super early so I wake up before her, but even with sleeping pills and melatonin I lay there for hours staring at the wall. I've downloaded a sleep cycle calculator and used that when setting my alarms (I set 20 alarms on my phone), yet I sleep right through them. I've tried taking my antidepressants in the morning, I've tried taking them at night, I've tried smoking and drinking caffeine before bed and not peeing before I sleep, I've tried sleeping in her room with her, I've tried locking her in at night (she can open it), obviously I've tried disciplining her in every way, yet nothing has worked. 

This is an everyday problem, I can't afford alarms to put on the doors, I'm sick of waking up every morning to WW3, and I'm scared I'm going to be homeless soon. Please help me?

TL;DR:"," I'm a heavy sleeper with a destructive and sneaky child, roommate is livid and about to kick us out. What do I do?"
105,"SUBREDDIT: r/Parenting

TITLE: baby woke up to 104 degree temp. doctor says it's roseola. any advice?

POST: today's adventure:

so we woke up this morning to a very hot baby. we measured her temperature and it was 103.7-104 depending on which ear we measured from (braun ear thermometer). immediately applied a damp towel to her forehead to cool her down and called the pediatrician who scheduled us in later that morning. in the meantime, the nurse recommended some infant tylenol to get the temp down. meanwhile, we fed her a bottle (usual routine) but she ended up throwing it up... twice. after what seemed like forever but really only an hour, got to the doctor's who let us know she has roseola, an apparently common non-serious baby illness.

symptoms:

- sudden spike in fever that lasts a few days (103-105, jeez)

- loss in appetite

- some nausea

in any case, we were told to let the fever die out and give her more tylenol if it spikes too much or she gets too irritable. far from feeling relieved still, we tried giving her more tylenol later. if given directly from a syringe, she throws up right away. like a lot. and given that she's already sick, we want her to maintain as much fluid as possible. if we mix in the meds with her formula or juice, she seems to be fine with it.

for the most part, we the parents seem way more alarmed than the baby is. she is behaving relatively normal, with a few extra bouts of being needy and wanting to sleep more. in fact, i'm looking at her now and she's playing/babbling in the living room like everything's normal.

i know reddit is far from professional advice, so i'm mostly looking for similar experiences to reaffirm if i'm overreacting. this is the first time she's been sick since we brought her home from the hospital.

TL;DR:", baby has/had 104 degree fever from roseola and doctor saying not to worry is only mildly comforting. throws up whenever we give her tylenol in attempt to lower fever.
106,"SUBREDDIT: r/Parenting

TITLE: Help, how can I make up for lost time.

POST: (Throwaway account on mobile.) 

Hello rParenting, this is my first time posting on this sub but I felt I needed advice from parents specifically.  

To give some background I'm a 25 yr old father who is married to a wonderful young woman (24), with  two young boys of the ages 6 and 1.  My wife and I had been together since our senior year in high school,  but being irresponsible I got her pregnant before she could go to her college. Because of this I decided to join the Air Force so I could get free schooling and job experience while supporting a family. This is where the problem comes in. 

To put it frankly, for as long as my oldest has been alive, I've only spent about 3 of those actual 6 years with him.  When I am home I'm always busy with work whether it's due to changing hours or going to mandatory appointments.  It hit me really hard when my oldest turned 6 because I remembered at that age how much I loved and cherished my father, but he was also always there for me and playing with me.   I'm never there for my son. I feel like such a failure and that's putting it lightly. I feel like I've already ruined those special years where I really get to bond to with him.  All those years I imagined how I wanted to raise my kids and do things with them and I feel like I've failed on every front.  It hurts so much to think about 

I knew there would be sacrifices, but is there any way I can still make a noticeable impact before he starts developing more and wants space from his parents? I want to connect with him the way my father did me but I have a lot of ground to make up. 

(

TL;DR:", )  I'm always gone and never with my family. How can I make up for lost time with my oldest?
107,"SUBREDDIT: r/Parenting

TITLE: I am mad. Desperate for advice.

POST: I am a live-in nanny. I don't know if this is the right place to post but I'm at my absolute wits end.

The children I look after are B8 and G5. The parents are out of the house from 7:30am until at least 7pm every day and so I do everything - cleaning, washing, cooking. 

The help I need is with B8. He does not respect authority. He has no regard for consequences and, when all worked up, sees everything said to him as a chance to fight. It's not just with me, but at school and with his parents. He can't seem to tell the difference between being disciplined and someone ""being mean to him"". This week alone he was in a physical fight at school and had to be restrained by the male caretaker, which resulted in his exclusion from the class Christmas party. 

Today's events has made me need to ask you guys for any advice. He is allowed to take a DVD to school tomorrow for the class to watch but it has to be a U rating. Last year, the class watched a PG. He thinks this is unfair and was moaning about it the whole way home. We talked about it and came up with a solution, at which point I asked him to move on. However, he couldn't drop it and moaned and whined about it all afternoon, and his bad mood made him really rude, as it usually does. After enough snide comments to his sister and her friend, I sent him to his bedroom. He refused dinner. 

Finally his dad came home from work, and he exploded again, screaming, kicking, shouting, all over a DVD. His dad is the most passive person I have ever met and responded with what essentially sounded like begging and bribing. The situation escalated until B8 burst into tears and dad just gave him a hug. Now here is what has really pissed me off - I have come into my bedroom and the little punk has poured water all over my bed and sheets. And I know he will not be reprimanded for it. I'm at the point right now where I don't even want to look at him. This has not been the only time he has acted this way.

TL;DR:", emotionally manipulate boy flips his shit at the tiniest thing and cannot be disciplined because he doesn't care about consequences. 
108,"SUBREDDIT: r/Parenting

TITLE: 1st grader having major problems at school

POST: My wife and I are at our wits end with this. Our 7 year old 1st grader has figured out that there is next to nothing his teachers/principal can do if he chooses to act however he wants at school.  
  
Almost daily for the past few weeks he is refusing to do his work, leaving his classroom to wander the halls, throwing huge temper tantrum meltdowns over silly things  (like having to wear his coat for recess) and this behavior ONLY happens at school. At home he generally follows all the rules as well as you'd expect for a normal 7 year old kid.  
  
My wife is constantly worried about losing her job as she has to leave work to go try and calm him down/get him to listen. We punish him by taking away the things he loves (xbox, tablet, cartoons) and have now cancelled his birthday party he was supposed to have this weekend. He just know he has all the control at school and that has always been a big thing with him.. control.  
  
I should mention I am just his step-dad. I tell my wife she should get his real dad involved because he is afraid of his real dad and even asks us not to tell him when he gets in trouble. She doesn't want to because he takes thing to extreme (beats on chest, says he's gonna smack his kid in the face, etc) While he may be extreme with it I feel like it would at least get our kid to behave at school. Because if he was coming home to his real dad every night I guarantee he wouldn't be pulling this junk in school.  
  
Big argument my wife and I have had over the years has been over how much she spoils this kid. He acts spoiled and entitled because that's how he's been treated his whole life. But she is getting better with it. Hoping with his cancelled bday party and losing everything he will start to see it'd be way easier to just do what he's told at school. Any advice or similar stories and how you resolved it? The school administration acts like they have no idea how to deal with this.

TL;DR:"," Spoiled kid wants all control at school. Refuses to listen to teachers, leaving classroom on his own, throwing huge temper tantrums. Only acts this way at school. Help!"
109,"SUBREDDIT: r/Parenting

TITLE: Need help with crib choices!

POST: My gf and I are about to have our first (boy- Rowan) and my step-mom has graciously offered to buy us a crib around 400 or so. The only problem is. We have no freaking clue what to get. My oldest sister with 4 of her own suggested to kill the crib idea altogether and go with a pack n play that features a bassinet and changing station. Says her 2nd slept there for her first year no problem. I like that idea but my gf is insistant that we need something the baby will grow with until being a toddler. She of course, wants a full crib that changes into a day bed eventually and doesn't care if there's no bassinet at all and would rather just get a portable changing station. So obviously my question is what does r/parenting think? What has worked for you and what would you suggest? Were kind of tight on space and budget so obviously this help from my step-mom will not go unnappreciated so I'd like to get the best bang for all of our bucks.

TL;DR:"," need some advice on pack n plays, bassinets, cribs and changing stations while staying within a ~400 budget."
110,"SUBREDDIT: r/Parenting

TITLE: Extended wakefulness at night - advice please!

POST: My 14-month-old girl, who has yet to sleep through the night, has thrown me a new curve ball and has started waking up for at least an hour, sometimes 2, during the night. I thought this was just a Wonder Weeks/developmental milestone type of thing at first, but it has been going on for a little over a month now, so I'm getting suspicious that there might be something else going on. 

Some points: 

* She is still nursing and usually nurses down to sleep. When this happens, though, she will just nurse with her eyes wide open and then lay there staring at me when she's done

* ""Cry it out"" is not really an option for me in this instance for a variety of reasons which I can detail for anyone who's curious

* She usually goes down around 7 or 7:30. Her longest stretches of sleep are typically at the beginning of the night (from 7-10 or thereabouts) and just before she gets up. Before she started this whole ""awake for two hours"" thing, she would usually be up between 5:30-6:30 most days. 

* It's usually after a diaper change that she can't get back to sleep. But not changing her doesn't seem like a great option either, because she's usually super wet by 2 a.m. and often the diaper will leak at that point if it's not changed

* She USUALLY is pretty calm and relaxed during this awake time. She will sometimes fidget a little (kicking her legs, stroking her blanket) but the majority of the time, she's relaxed. Just ... awake. 

* Things I usually try include rocking, bouncing, shushing, singing lullabies, putting her in her crib to put herself to sleep or just holding her in my lap and sitting still. 

* The only thing I have found so far that ""works"" is just time. After an hour, hour and a half or so, she usually will start to fall asleep and I can get her down into her crib successfully.

TL;DR:", 14-month-old baby wakes up and stays up every night for an hour or so. Why. Please help.
111,"SUBREDDIT: r/Parenting

TITLE: My wife and I only fight about our step-kids, we have to of our own together but the arguing about the Step-Kids could break us apart.

POST: So my wife and I have been together for about 10 years now and we each had a daughter already when we got together, so when we got married we both became step parents where both of us have custody of our kids.  Since we have been married we have had 2 other children together with the older daughters being high school age now.  Basically what we fight about is how the biological parent protects their child when they get into trouble and tries to stand up for them.  If my daughter does something wrong and get into trouble with my wife (her stepmom) I always seem to try to get a bit upset and stick up for my daughter in someway, I try not to but it happens.  My wife also does the same thing when her daughter (my stepdaughter) does something wrong and I get on her about it.  Wife never thinks I punish my daughter harsh enough and it also seems to me that she doesn't punish her's harsh enough.  It's pulling us apart because we only seem to fight about our daughters from previous relationships.  Hope I explained this ok.

TL;DR:", Wife and I each had a child before we met who we have custody of and we only fight about them.  Any advice?
112,"SUBREDDIT: r/Parenting

TITLE: So, what if your kid grows up to be an asshole?

POST: I'm a childfree by choice woman who has been thinking about a few nasty relatives of mine lately. Namely, my douchebag cousin. He's always been a total bully. When my step dad died, my dad's relatives agreed to fly me and my little brother(step dad's biological son) out to Seaworld and Legoland to make us feel better. The enitire time my cousin was a dick. He told my little brother that he shouldn't even be at his house because he's ""only her half brother"" and that he ""wasn't real family"". He also cheated on his ex girlfriend and then banned her from his parents house because he didn't want his family talking to them anymore. His mom said ""She was fat and her fat would hang out of her clothes and embarrass him"". He's also a militant vegan(but he eats dairy), and has endlessly harassed me about it. He believes that cats, which are obligate carnivores, should just be vegan or vegetarian. I posted on my Facebook that I thought feeding carnivores plants was forcing your morals on an animal with no choice in the matter, and he responded by posting pictures of tortured farm animals on my newsfeed. He also says that the 5 chickens my family has to avoid supporting factory farming are slaves, but his family is allowed to own dogs. Yeah... He is also notorious for holding grudges and acting like a little bitch, so visiting my family this holiday is something that I am actually stressing over. He's such a douche that he might actually start something because I unfriended him on Facebook over his shitty behavior and we had a long argument over his way of expressing himself. Also, side note: He has been diagnosed with ODD. He denies it.

After years of him always spouting out shit like this or just being a dick, his parents seem to have given up. They are both really nice and tried really hard with him, but he's just an asshole. Also, he's now an adult so yeah...

So, I guess my questions for r/parenting are... What do you do if your kid is a total dick like my cousin is? Do you think they could have done more? Are these kids made or born? etc.

TL;DR:"," My cousin is a major dick and I wonder how parents put up with having a kid who is a dick. Also, what are the causes of dickishness?"
113,"SUBREDDIT: r/Parenting

TITLE: Infant sleep trouble

POST: So I have a 5 month old(almost 6) and recently he's stopped sleeping in his pack and play.

Up until about a month ago at bed time he would eat then be rocked until he fell asleep. We then would lay him on his side in his pack and play where he would sleep until he was hungry.

Now no matter what we do he will not stay in the pack and play. As soon as he feels himself being put in there he screams bloody murder. He will lay on our bed in the same position without any problems(except me then being demoted to the couch). The weirdest part is during nap time he will sleep in the pack and play just fine. Any advice?

TL;DR:", 5 month old used to be rocked to sleep then layed in pack and play for both naps and bed time. Now he will still nap in there but refuses to even go in it during bed time. Please help.
114,"SUBREDDIT: r/Parenting

TITLE: 2 year old advice needed - likes to take off diaper a lot, especially when put down for a nap

POST: Now, just throwing it in there first, that I first acted upon potty training, indroducing, all that stuff, and have been for months with not much of a change. He used to in the first month but has stopped. He just keeps taking off his diaper and running around laughing. When he does it at naptime, he usually leaves a mess on his bed or floor, but is quiet while he does [not screaming or wanting out of his room,etc]

I am keeping my cool and not sure how to handle this, ive tried and failed at many different attemps and ideas ive tried, and after a few months of this I think i'd like some outside suggestions and or help. :) Feel free to share personal experience or ideas that pop up, i'm at a dead end road here aha. First toddler.

TL;DR:"," Toddler peeing on bed or laughing and thinks its funny to take off diaper. Tried many ideas, including still attempting potty training with minimal luck. Ideas or advice welcome."
115,"SUBREDDIT: r/Parenting

TITLE: Parents of Reddit, I need your help!

POST: I Jon, the founder of Speedbump, a teen driving safety Android App.

When I was in high school I had several friends get severely injured in a car accident on a back road. I am now 22 and launching Speedbump with the aims to keep teens driving safer.

Speedbump is an Android phone application that uses GPS to monitor for dangerous teen driving and report it back to their parents. However, Speedbump doesn't report anything to parents if the teen drives safely. I designed Speedbump to be as fair and effective for teens as possible. You can check us out at www.SpeedbumpGPS.com

I just launched Speedbump a few months ago and have only about 40 users (50% of which are friends!). I'd like to give any parent a Free Speedbump Account (even if you are the one using it). Any feedback on the Website or App would be great.

Use the promo code; ""Reddit"" when signing up and it will give you 90 days for free. www.SpeedbumpGPS.com

TL;DR:"," I'm launching an Android App I want parents to try for free. Use code ""Reddit"" for 90 days free at www.SpeedbumpGPS.com"
116,"SUBREDDIT: r/Parenting

TITLE: Forcing children to hug loved ones good bye?

POST: I am currently expecting. I'm half way through my first pregnancy. Anyway, this Easter just like every Holiday I visited with family. Most of my older siblings have children. Every year when I go to leave, my siblings make their kids give hugs and kisses before hand. 
A couple years ago I was raped and when I was child, I was molested by a family member (Before anyone brings it up, yes I've gone to counseling, yes I've moved and am a mostly functional human being) and  I am always very uncomfortable for my nieces and nephews when they are forced to give me hugs and such. To me, a simple ""Good-bye"" works. When I have children I don't want to force them to physically touch anyone that they do not want to. That includes family members and friends, even if that means offending them. But this is so against the cultural norm, (At least where I live) that I want to know more from the parents here on Reddit what they think and feel and if they have any of their own sources.

TL;DR:"," I feel wrong forcing children to hug and kiss people good-bye, if they don't want to. I feel like it's a violation is a way. What do you think?"
117,"SUBREDDIT: r/Parenting

TITLE: Looking for some advice on handling parental disagreements when it comes to discipline

POST: Hello Parents,
My husband and I have a two and half year old boy.  Last month we started him in a new school (Toddler room at a preschool).  Overall, he is doing well with the transition, but as everyone warned us, drop offs and pick ups can get very emotional.  He cries in the morning for drop off, but the teachers say he settles down quickly once we leave.

At pick up he is happy to see us, but also very sensitive.  The smallest thing can set him off and send him into a crying spell, or a tantrum, as my husband sees it.  For example, we get home and give him dinner...he decides he doesn't like his spoon and melts down. 

I think these reactions are normal for a toddler making a big transition.  When he gets home, it's as if he then remembers we've been away from him all day and he gets upset again.  I think he needs a lot of affection, tenderness, attention during these episodes.  My husband thinks I am coddling, and that he should be put in his room for a time out until he stops crying.

He has only been in the new school for a few weeks.  All the teachers and other parents said it would take some time for the adjustment.

But this difference in opinion is causing tension in my marriage.  Instead of working together, we are working against each other.  Any advice?  Good books we should read?  Should we try some family counseling?  Any help is appreciated.

TL;DR:", When my son has meltdowns I want to hug and comfort him but my husband wants to give him time outs.  Is there a right answer?
118,"SUBREDDIT: r/Parenting

TITLE: Toddler is an awful sleeper, I'm even worse at ""sleep training"" (advice)

POST: My 17 month old has been a terrible sleeper since the 4 month sleep regression. I think I'm mostly to blame for not teaching her or helping her to fall asleep on her own. She wakes at least 5 times a night and will not go back to sleep without nursing. It's exhausting. Half the time my partner moves to the couch since the bed is too crowded and no one is sleeping well. 

Backstory:
When my daughter was 6 months old we moved to a new house in a new city. We co-slept the first few days since the crib and her room hadn't yet been set up. From then on we could not get her in a crib or even in her own bed next to ours. We've tried everything short of CIO and I feel like I've read every sleep self help book and article, but always to no avail.

I still breastfeed to sleep and though we've tried removing nursing from the nighttime routine, it always ends up back in because there are fewer tears and more sleep for everyone that way. My partner can get her to nap without boobs while I'm not home, but when she knows I'm home, there is no possible way to get her to sleep without breastfeeding. Girl knows what she wants.

Now a full year later in the sleep battle and we're moving again next month, this time permanently. I'd like to make the transition easy for her but I'd also like to get her in own bed, in her own room, right from the start. What do you think would be the best way to do this? I'm thinking upgrading from the toddler size bed to a twin. I can still nurse her to sleep and then carefully make my exit. Maybe sleeping on a mattress on her floor for the first while.

Parents of reddit: please help me come up with a solid sleep plan for our move next month because I don't know how much more sleep deprivation I can take.

TL;DR:"," Moving soon, 1.5 year old daughter co-sleeps and wakes frequently, how can we get her in her own bed and own room in the new house?"
119,"SUBREDDIT: r/Parenting

TITLE: Having a brutal time leaving my teenage son.

POST: My son (now 14) and I have always been very close and depended on each other a lot. We get each other on a level that's rare, and I know his time at my house is the big thing he looks forward to. About seven years ago, his mother left and got custody, I got visitation. We were both floored. He and his mother have never gotten along, and have almost no relationship. It is sad. 

I have battled crushing depression and anxiety for years, beginning with the stunning brutality of that divorce. My son is aware that I struggle because I will not lie to him, but does not know the extent, because he doesn't need to. I put on the tougher face for him when he's here, but he's very sharp, doesn't miss a thing. 

I have the opportunity to move away- a couple of thousand miles away. I have a job and a place to stay and caring friends waiting for me in Washington, thousands of miles away. I have no one here but my wife and son. (I hate this place and everything about it.) 

Now our plans are underway to start over. My wife of three years is totally on board. We're throwing out and selling all our stuff for the move. My old friends are excited about welcoming us. I am more hopeful than I've been in years. 

I'm hitting the wall when it comes to my son. I just can't leave him. We've always been a team since the day he was born, and I believed we always would be. I'm terrified that this is the end, that this will change everything, we're parting paths, and I can't stand the thought of it. I feel like I am abandoning him. The closer it gets- two months away- the more the thought is killing me. 

If he were an adult and it were his decision, I could learn to live with that, but this is me leaving, and I don't know how to do that. 

Thank you for reading this and thanks for any advice you might have.

TL;DR:"," I am a non-custodial parent moving far away to save my sanity, but can't cope with leaving my kiddo."
120,"SUBREDDIT: r/Parenting

TITLE: Would I be wrong to leave my kids for 2-3 weeks to travel abroad for my brother's wedding?

POST: I am a working mom of 2 girls, ages 6 and (newly) 4. My brother will be getting married in South Africa in a few months and I would really like to go to his wedding. I would be escorting my 71 year old father and his wife (age 57). My husband doesn't fly and so he won't be going. It's quite a long trip-- about 20 hours by plane and then an additional 6 hours by car.

I have decided not to bring my children if I go.  My 6 year old is in school and I don't like the idea of subjecting my 4 year old (who basically survives on pizza and chicken nuggets) to that kind of travel away from everything that is familiar to her.  She is also very close to her sister and I don't want to separate them. That being said, I really want to go to my brother's wedding.  I was supposed to book my ticket last week, but I keep hesitating.  I got a promotion earlier this year that has caused my work schedule to go from about 37 hours per week to 50 hours per week, which already has my kids very upset about my daily absence. My little one is hyper attached to me to the point where she regularly says things like, ""Don't go to work! I'm going to put you in my tummy so you can't leave"" or ""I'm going to lock all the doors and then you have to stay home today."" All that in mind, I can't imagine packing up and leaving her for 2-3 weeks.  It just seems cruel. I could make the trip shorter, but that is a heck of a lot of travel to zip in and out (30 hours each way!)

My motherly instincts say not to go, but my sisterly instincts say I'll always regret this once-in-a-lifetime experience.  Can anyone provide me some insight? Thoughts? Suggestions?  I'm at a total loss.

TL;DR:", Am I nuts to leave my 4 and 6 year old to go to my brother's wedding in South Africa for 2-3 weeks?
121,"SUBREDDIT: r/Parenting

TITLE: School says my son is autistic, neurologist does not.

POST: Sorry this is very long winded,

I need some advice, and hopefully some others around here have dealt with the same issues. My Son is quirky, and meets a lot of the signs for autism, but nothing definitive. My Wife and I took him to a child neurologist to be evaluated and the doctor was fairly sure he was not autistic but had a sensory disorder. He is 6 years old and in kindergarten. Anyhow the school is convinced he is autistic and has been very aggressive in wanting to diagnose him. He has been in a few special classes to help with some issues, handwriting and occupational therapy for being having tightened calves from toe walking. 

We met with the school yesterday to what we thought was an update to his progress. They had for some reason a legal representative in the meeting and several teachers. And it was not in regards to just how he has been doing. It was a full press convincing on how they think he is autistic and wants him to be evaluated by the school. My Wife told them the neurologist really felt he was not autistic, and they said ""he has educational autism"".  What…?  Anyhow he excels in his studies, he is way above his grade level in everything they have taught and even the kids come to him for help. How could he have educational autism, does that even exist?

Now to be very honest my wife and I could care less if he is in fact autistic. We are not becoming defensive because of denial. We actually always knew he was a kind of quirky. We took him to see a doctor to find out on our own. However it seems the school is trying very hard to find some spectrum of autism to push him into. And they have becoming more relentless. Pressured we went ahead and said OK. We figured at worst he would get more help if needed and teachers would be more understanding.

Now we are regretting it, we worry he will be stigmatized and carry it through the rest of his life. We feel almost guilty.

TL;DR:"," School is trying very hard to diagnose our son as autistic, even when a neurologist feels he isn't. We are confused on how to handle this, or if it even is that big a deal."
122,"SUBREDDIT: r/Parenting

TITLE: I let my 9 year old get sunburned on purpose today, am I horrible for doing so?

POST: So my 9 year old is very opinionated. She constantly argues with her mother and I about everything, and throws tantrums that rival her younger brother when we argue with her. 

We were running late for her camp today (indoor camp, but they spend a few hours outside), so I did not have time to put sunblock on her. Once I signed her in I went to reach for the sunblock in my bag, and she completely freaked out. She could hear the music starting for camp and didn't want to be late (all in the car she argued with me that we weren't going to be late, which is another story for another time). She kept trying to tell me that she didn't need sunblock because it was cloudy outside, to which I replied ""I don't have the time to explain how the sun works today, so you can either put this on or get sunburned."" To which she replied, ""I'm not wearing it and I'm not getting sunburned."" So I let her go. Reddit parents, am I horrible for doing this?

TL;DR:"," My daughter was acting like a little know-it-all, so I let her go to camp today without sunblock. Am I wrong for doing so?"
123,"SUBREDDIT: r/Parenting

TITLE: First time mom considering two childcare options

POST: First time mom here. My baby boy is 11 weeks old and I'm dreading going back to work next week. I have two daycare options. Which would you choose?

1. Friend's mom. Care in the nice home of a grad school friend with same age daughter. Her mom would watch both babies. Price is cheaper than a daycare center, but she wants to be paid under the table. Without the tax incentives, it works out to about the same price as a daycare center, maybe a tiny bit more. I feel anxious about breaking/enabling the breaking of tax law. 

2. Daycare center. I live in the metro area of a huge city and I can't afford the ritzy centers. The awesome church center nearby won't take him until age 1 because I'm waitlisted. The center is fine, but not great. I feel ok about it but not super great. Both the home and center options are equidistant from my home. 

Baby boy's dad feels concerned about the in home person not having insurance/being unregulated. Both of us trust her, however. Hours are comparable. Negotiation with the in home person is not out of the question - I haven't tried it yet. Both dad and I are introverts, but I can suck it up and give negotiation a shot if necessary. 

Which would you choose? If you chose option 1, what would you negotiate, if anything? Any tips on going back to work and leaving your baby? Unfortunately I cry every time I think about it. Baby boy's dad reads Reddit daily and I figured I'd give this a shot due to his devotion. Hi baby's boy's dad if you see this!  

Thanks!!

TL;DR:"," first time mom returning to work, should I choose in home care under the table from friend's mom or a daycare center?"
124,"SUBREDDIT: r/Parenting

TITLE: A question about pushing my little man to far... advice r/parenting please!

POST: I want to start off saying that my son WANTS to ride his bike about 2 miles on his own free will. With that said... 

So I am currently an at home mom. I have gained about ten pounds since my last day of work (Most likely more).  My son got a bike about three weeks ago, the second day he went two miles and loved it and was furious when I admitted I was lost and we needed to go home. I love to follow behind him on my roller blades. Yesterday I got the idea to make it a daily thing to go at least a mile and try and loose some weight. 

As I am following behind my little one and sweating up a storm I started wondering how good this is for him. If we are pushing ourselves so hard that I am loosing weight is it ok for him? He loves the bike rides and the time we spend together doing so. I would never push him harder than he could handle, except for telling him that he needs to get himself home and I won't carry him, it has never come up yet. 

On top of this the easter bunny got him a life jacket/ swim suit. So I want to incorporate that into our biking activities. The exercise he would get at the pool is a lot more than me, I just want to do it because he likes it and it cools me off. So that raised a small concern also. 

I know some of this community is so sedentary that I have seen concerns over doing things for more than an hour. If this is you, I don't want your opinion. If you have a super active child, please tell me what you think. As I am typing this up I feel a little silly and am rationalizing different metabolisms and things of that nature. I would love some outside opinions though. thanks!

TL;DR:"," My son wants to ride his bike so much I am loosing weight doing it, is there any way this could be bad for him if I start asking him to do it every day with me to reach my weight loss goals?"
125,"SUBREDDIT: r/Parenting

TITLE: New Foster Parents: We need help house-proofing for children between 3-8 years old!

POST: Hi All!

We are very close to our certification as foster (hopefully foster-to-adopt) parents and our age range is mostly between 3-8 years old. There are a lot of resources about baby-proofing and toddler-proofing, but there are going to be some things for older children that won't be as obvious to us, as *new parents*. If anyone could help with some things they've learned with their kids, that would be majorly helpful!!!!

**Some basics about our apartment/setup: we have a large 2-bedroom apartment, 1 bathroom (I know), and 3 cats, 2 rabbits. Our agency is well aware of this and how it is a deal breaker to have any child that could be violent or excessively allergic.**

**We also have a small fenced in yard out back and an unfinished basement with laundry that they wouldn't have easy access to.**
___________________

The child would have their own room and we are setting out to get the basics first-- twin bed, comfy mattress and bedding, some stuffed animals/toys, nightstand and nightlight, bureau, some clothes of various sizes so they will have clean fresh clothes when they arrive, etc.

Any help with what to keep out of reach, what to lock in a baby-proof way, what to strap down, etc etc would be AMAZINGLY helpful for these two new parents. So nervous, yet so excited!

TL;DR:", New parents taking in a foster child anywhere between 3-8 years old. We need help with child-proofing that might not be super obvious to us and others that would not be necessary for children that old. Thanks!!
126,"SUBREDDIT: r/Parenting

TITLE: How can I be a good teenage parent?

POST: Even though we used a condom AND I ""pulled out"" every single time, my girlfriend is late on her period. I understand pregnancy may not necessarily be the cause,  and since she is young and has only been on her cylce for 8 years, she could have an irregular period or two. She has also started intense excersise lately, which could be another cause. But I'm looking at every possibility. 
The reason why I'm posting here, is because if she is pregnant, and she and I decide to keep it, I want to be there, and I want to be a good father for this child, and a good partner for my girlfriend. So my question is... how? What can I do to be a good parent? What can I do to help support the three of us if I'm incapable of getting a higher education past high school?

TL;DR:"," Girlfriend and I are both teenagers, could be pregnant. How can I help make this work, if it comes down to it?"
127,"SUBREDDIT: r/Parenting

TITLE: Not a parent but I have one. I need some help, not sure if this is the right subreddit.

POST: Hey r/parenting. I'm not sure if this is the right place to ask about this, if it's not could I be redirected to the right place?

First things first, I'm a 17 year old girl, high school senior living with my single-parent mother. Over the past few months I've been seeing a therapist for problems like anxiety and not being able to pay attention in school. I've had problems with attention all of my life, and the therapist suggested we try some behavioral therapy techniques to see if the attention problems could be fixed on their own. After a month or two, it appeared that nothing was changing. So the therapist recommended I start to take Ritalin. I told my mother and she completely lost it. She yelled at me, told me I didn't need medication, that the therapist just wanted me drugged up. I tried to tell her that I just wanted to try it out and see if it would help with school, but she refused to calm down about it. 

Fast forward about a month to now, and I've started taking the Ritalin, 27 mg once a day. I've been taking it for about 4 days now and I feel great! I've been cleaning my room that's been a mess for what I can only imagine has been years, I have the motivation to work out and get fit again, and I don't feel like sleeping all day anymore. However, my mom is still angry at me for getting the medication. She's been very passive-aggressive with me about it, still saying that I didn't need it, and whenever I try to argue with her about it she says that it's obviously making me cranky and she wants me to stop taking it.

TL;DR:"," I started taking Ritalin recently and my mom is angry at me for it, I'd like to know how to get her to understand that it's helping me immensely."
128,"SUBREDDIT: r/Parenting

TITLE: First time dad looking to just talk/vent

POST: So my son was just recently born, he is almost a week old! I am a first time dad and I couldn't be happier I am 24 years old his mother (my fiancee) is 22. (her first child as well) I took two weeks off of work to be with him and for us all to get adjusted to schedule, feeding, sleeping, etc. Her and I alternate schedules (she will watch him when I sleep, I watch him while she sleeps) His sleep has been good he's on an 3 1/2 hour schedule for sleeping/eating. It has all been well and good, but I foresee a problem. Whenever he eats he NEVER burps, I mean I tried all the tricks, home remedies, positions the internet could offer, nothing worked. Occasionally he will spit up, almost always gets the hicups, sometimes he will burp 20 min after I give up and lay him down. Sometimes it seems like he's discomforted by it but then he either A. gets the hiccups and poops and burps at the same time or B. spits up or burps while laying down. I don't know if it's a problem and he has an appointment tomorrow, which i plan to ask the doctor about.

TL;DR:"," I'm having fun being a new dad, I'm frustrated he doesn't burp, enjoying my new title of dad :D"
129,"SUBREDDIT: r/Parenting

TITLE: My toddler hits & bites... Just me, not dad. WTF.

POST: My 17mo is by all accounts, a rad little boy. ([STILL not walking] but whatever). He's affectionate, sweet, charming and has shockingly good comic timing. The issue? He's got a thing for hitting. And head butting. And pinching and biting - but just me. He doesn't do it to my husband. He'll even do it *to* me in front of my husband, and when he takes him, my son stops. It's getting really frustrating: it *is* intentional, too, but I don't think he understands I'm getting really hurt. 

What's really alarming is that this is starting to mirror the end of our breastfeeding relationship: I stopped BFing him at 10 months bc he *literally* almost bit my nipple off. (Husband had to physically help me get him off my boob without hurting him.) After that incident, we stopped bc the thought of him biting me like that again made we so anxious. (We had also been weaning over 3 months, so it wasn't cold turkey). Two days ago, he bit me so hard I have three tiny teeth shaped bruises on my stomach. It's getting to the point now where I straight up *flinch* around my son bc I don't know if he's going to headbutt me or give me a kiss.  

When I shared this in a moms' FB group, I got a lot of unhelpful ""boys will be boys"" advice. I've never grown up with boys, so maybe I'm just not used to this.

TL;DR:", I flinch around my toddler bc I don't know what he's going to do to me and he doesn't exhibit this behavior with his dad. HALP. 
130,"SUBREDDIT: r/Parenting

TITLE: Three year old very far behind, really need help/advice

POST: So my roommates son just turned three two months ago, and I have noticed that he is well behind others his age. He can't say more than ten words, is clueless when it comes to colors, and doesn't seem to even understand what we mean when we ask him questions (example: I asked him if a shirt was yellow, and he responded ""yeah yellow."" I then asked if the same shirt was blue, and he said ""yeah blue."") 
It is incredibly frustrating for both of us, and it isn't fit lack of trying, as we both spend several hours a day attempting to teach him, using a variety of tactics, from flash cards to games. Apparently his doctor said he doesn't have any indication of any mental disabilities, which leaves us all the more baffled. Any ideas on how to get through to him? He is a sweet kid and it makes me sad to know how behind he is.

TL;DR:"," three year old is very far behind, doesn't appear to have any handicaps, yet we can't get any results no matter how much we try."
131,"SUBREDDIT: r/Parenting

TITLE: Can someone please explain the ""No Thank You"" phenomenon that has popped up lately? I don't understand.

POST: Okay, so I was out at the zoo a couple months ago and someone else's child grabbed our stroller and started running around bumping into things. His mother was following him around saying ""no thank you!"" I was very confused by this but passed it off at an isolated incident in an eccentric family. Then about a week later we were at a playground and there was this kid who ran around pushing all the other kids down in the sand. Two adults were taking turns saying ""no thank you!"" each time he did it. This was not the same kid as before.

Ever since then I feel like I've been hearing it everywhere. Any time we are out in public in a kid-friendly area there is at least one parent saying ""no thank you"" when a kid throws things, hits someone, etc. I am genuinely confused by this because my understanding of the phrase ""no thank you"" is that's what you say when someone offers you something and you don't want it. I feel like these people are speaking a completely different language. I know everyone has different parenting styles and I'm not trying to criticize, I just honestly do not understand. Can someone please explain this to me?

TL;DR:"," Why would a parent tell their kid ""no thank you"" when they are misbehaving? Can someone please explain? I'm not criticizing, I'm just confused."
132,"SUBREDDIT: r/Parenting

TITLE: Divorced dad with a possible move ahead.  Advice or personal accounts would be appreciated.  (x-post from askreddit)

POST: Any partial custody fathers move or have their exes move, putting them into a long distance relationship with their child?  The woman I'm in love with lives about a thousand miles away from me. My ex and my son live here. If I were to move, I'd get him for a couple weeks in the fall and spring, and then his summer break. He's seven years old right now and in the middle of first grade. If I were to move, it'd probably be close to next summer. I don't want to feel like a bad father, but I don't want my son to see me unhappy either. I only get him every other weekend right now, so I'm feeling the longer time I get with him if he were to come visit me would be more influential and meaningful to both of us. I grew up going to my dad's every other weekend and I just can't remember that many ""special"" experiences. I would skype with him every night possible as well, keeping in contact. I would still financially support my son and be involved with him. He knows I love him. So I'd really love to hear from all of you internet folk and find out what the implications of my actions might be.

TL;DR:", Girlfriend lives 1k miles from me. I'd like to find out how it might affect my child if I move.
133,"SUBREDDIT: r/Parenting

TITLE: Do kids have to listen to crappy kid music?

POST: My wife and I can't stand shitty kid music.  We have a 3 month old and so far we just play him the music we enjoy- classical, vintage country, jazz, and we've been singing him some acoustic renditions of metal songs we think are funny in acoustic form.

Is there any reason to buy him a wiggles or yo gabba gabba CD?  It's like nails on a chalkboard for us... 

The kid music I remember growing up was from Disney movies, sesame street, and ones we sang in school like baby beluga and three little Indians (ha! remember that song?? Can't believe we sang that in school...)  I mostly grew up on classical, oldies, beach boys, and showtunes.

I'm shooting to indoctrinate him into appreciating a diverse selection of (imho) good music like david bowie, queen, sublime, aretha franklin, beatles, the ventures, the pixies, rolling stones, elvis, iggy pop, rhcp, elton john, blaze foley, elizabeth cotton, jack white, mammas and the pappas, etc etc.

I'm also going to teach him piano and drums while he's pretty young to see if the musical interest sticks (but not going to shove it on him if he's not into it.)  
I want him to eventually choose his own music, and if he brings home a shitty kidz bop album he absolutely loves I'm not going to ban it or anything harsh, but... Can't we just dodge that terrible kid music bullet by getting him into the classics first?  

Can this exclude him from being part of other groups of kids somehow?  Would he be missing out on something?

TL;DR:", What music are you raising your kids on?  If they're older what kind of music are they into now? Is there a good reason to introduce them to any of this new wave kid crap?
134,"SUBREDDIT: r/Parenting

TITLE: Racist in-law (just a rant)

POST: My brother-in-law is a racist, homophobic ass nugget. He knows I feel this way about him (as does my sister), and he doesn't care much. I know I can never get him to see how toxic his hate is, so I just try to keep my distance. Problem is, my sister is very 
much neither of those horrible things, and believe me the whole family has done the ""Why him?"" song and dance. 

Why am I bothering you all with this? Well, my sister is head over heels for my son. She keeps asking why we never bring him to visit, even though I know she knows why. I've already made it clear that I don't wish to spend any more holidays at her place, especially if bro-in-law's racist family is there. I feel guilty now though, because she's truly great with my son. She does come to visit me, but I know she's going to want to start having him over for longer visits at her place when he's old enough. I really, really would rather my son not be so exposed to such unfiltered hate, especially from a family member. I know I can't keep him from experiencing hate elsewhere, but I feel like I should be able to within my own family! And I know she knows all this, but I can't help feeling guilty.

TL;DR:"," Feeling guilty about avoiding my sister and kind of keeping my son from her even though I can't stand her racist, homophobic husband."
135,"SUBREDDIT: r/Parenting

TITLE: Baby on an airplane...Advice needed!

POST: So in a few weeks I get to fly to my hometown with my daughter to visit my family for a week. She's 6 months old and almost always really well behaved and quiet. I'm mostly confident about the flight, but just in case things go bad, I wanted to ask all you wonderful parents for your advice.
What things should I bring in the carryon (which is her largest diaper bag)? What should I do if she screams and is completely inconsolable? What do I say if someone complains about a baby? I know that probably won't happen but I'm paranoid and I like to be well prepared.
I only bought my ticket so she'll be on my lap the whole fight (which is about 2 hours long). 

I have heard to let her nurse or suck on a pacifier during take off and landing, and I know the airline will check her car seat and stroller at the gate for free. Besides all that, what advice can you give?
Also, feel free to share your experiences as well.

TL;DR:", I'm taking my 6 month old daughter on a 2 hour flight for the first time and I need all the advice you can give. 
136,"SUBREDDIT: r/Parenting

TITLE: How do I (21F) make friends at a new college in a new town when I have a daughter(1F)?

POST: *I posted this in relationships but they removed it and told me to post here. 

I recently moved to a new city to transfer to a new college. I came specifically for a sports team. School has only been in session for a week, but it's obvious to see that the girls on the team are already forming cliques and making friends with each other. There is one girl on my team that went to high school with me in another state, so I thought she would want to hang out but it seems she's more interested in hanging out with the other girls. 

I'm assuming this has to do with the fact that I have a one-year-old daughter, however I have a very reliable daycare that allows me to drop her off at any time even with short notice, so it's not like I can't go out. 

An example is yesterday our school had its first football game. I asked the girl from my high school if she wanted to go together and she said she would probably be there. When I arrived she was sitting with five of our teammates that I didn't know would be there. I ended up sitting with them, and when we all left at halftime, they walked in a very obvious group leaving me behind with my stroller. I also heard them talking to each other about getting ice cream and I was not invited. 

My high school friend also posted a Snapchat today of a group of them playing the sport together for fun. 

I am pretty shy but I do try my best to engage in conversation. I ask questions rather than focusing on myself. I'm almost to the point of tears writing this because I feel so lonely. At my last school when I got pregnant, almost every single one of my friends stopped hanging out with me.

I just want someone to practice with and hang out with. How do I make friends?

TL;DR:"," I transferred to a new school and the girls on my team don't seem to ever want to hang out. I think it's because I have a daughter, even though I can drop her at daycare whenever."
137,"SUBREDDIT: r/Parenting

TITLE: My son (9 yo) will blow up at the smallest provocation and we've tried different techniques to calm him.

POST: The end goal is that we want him to stop blowing up completely or at least have it be a rare occurrence. But it happens probably once a day. If we're lucky, it'll happen a few times a week. It happens when he feels slighted in the least. Last night, he wanted to play a new video game that he hasn't got to play yet. I told him that it was too late and he needed to get ready for bed. He launches into a tirade saying he never gets to play anything (not true) and stomps up to his room. I don't remember more details of last night but, in the past, he will sob uncontrollably, yell, yell that he hates us, he has even mention that he wished he was dead, either by his own hand or some other means. 

It seems that most of these outbursts stem from something he deems unfair. Wife and I have both tried reasoning, explaining that life isn't ever fair. We've tried talking calmly, yelling, punishing, and/or grounding among other things. What other techniques can we use? Money is tight so we can't do therapy, or we would do that.

TL;DR:", son blows up at things that seem unfair to him. Tried different ways to curb this behavior. Can't afford therapy. Any ideas?
138,"SUBREDDIT: r/Parenting

TITLE: My 2.5 yr old son is seeing things at night before bed.

POST: About a month and a half ago, just as he was learning to string words together to form some sort of sentence, my son said there was an owl on the wall beside his bed. He seemed concerned but not enough to disrupt his bedtimes. a few nights later he would point to were it was (bare spot on the wall) and said 'shoot it'. At this point my wife and I were assuming he had a great imagination and since he was going to sleep with no problem we didn't see the harm. The next night he pointed to the same place where the ""owl"" is and said ""shoot it"", he said it was bad. We would tell him we would protect him and we didn't have any guns to shoot it.The next day our son brought up the Owl to our neighbour who was visiting. This was the first time he brought it up in the day time not only that whenever he talked about it from here on he was make a triangle with his hands like Jay-Z or some weird Illuminanti hand signal. My wife is expecting our second child next month so it could also be a result of the new addition to the family. Me and my wife have had a number of thoughts as to what this is , from early signs of Schizophrenia, something picked up off T.V to just an active imagination. But tonight is what triggered this post. I am at work currently and my wife just called to tell me that My son is suddenly terrified. He wants the owl gone and he says to shoot it. He also makes the triangle and puts it to his one eye. He is hidding under the covers and is also saying that 'Daddy dead'. THIS IS REALLY ERIE AND CREEPING US OUT! Is my son a schizo or are we over reacting?

TL;DR:", My son points to an imaginary Owl at the same place on an empty wall before bed and makes weird hand jestures when talking about it. He went from calm to terrified over the corse of a month and change. HELP!
139,"SUBREDDIT: r/Parenting

TITLE: What do you think of my parent's decision of ""soda-days""?

POST: So, for my whole life, my two siblings and I have had ""soda-days."" Soda days are Tuesday, Thursday, and Saturday. If we have a soda on any other day that isn't a soda-day, our parents (my dad's enforces this a lot more than my mom) will pour out the soda and essentially be mad at us. Soda days do have some exceptions, like if I was at a friends house, or if we went out to eat, special occasions, etc.

My parents say it is so we discipline ourselves. My siblings and I have generally led healthy lives. My brother does various sports (he never got interested in one for very long) my sister did gymnastics and even won state a few times and eventually went on to doing cheer-leading in college, and I've ran cross-country since middle school. For reference, currently, I'm 15.

I'm posting this here so I can get other people's opinions on ""soda-days"". Am I being a snotty teenager when I said that the soda-day rule isn't a very good rule? It's a nice attempt to discipline us, but I think it was executed in a poor fashion. I think my parents assume that if we COULD drink soda whenever we wanted, we'd drink a ton of soda a day, but it's hard to prove them wrong because this rule has been in place for 15 years and we haven't really had a chance to show them that we wouldn't drink soda non-stop. 

And one last note, I'll usually not drink soda during the entire cross-country and track season. It's sort of a tradition to the team to discipline ourselves and not drink soda. After either of the seasons are over, my parents still only allow me to have soda on certain days, even after I've already disciplined myself for nearly 2 months.

TL;DR:"," My parents have had a ""soda-day"" rule in place since my siblings and I were born, they don't allow us to drink soda on any other day besides Tuesday, Thursday, and Saturday."
140,"SUBREDDIT: r/Parenting

TITLE: How do you get your children to go to their workouts?

POST: I am in a tough place currently and I was hoping to get some advice or good ideas from other parents. My son (11 years old) is finding excuses not to go to his workouts. Excuses that I cannot really check (headaches, bellyaches, ""hurt my knee in school today"" with no visible mark etc). 

He started a new sport this Autumn (chose it himself) and I see that he likes a part of it, but is afraid to do other parts (I've sat in the sidelines for some of his workouts) and is starting to understand that it is tough work in other parts. He tells me he doesn't like this sport any more and wants to drop out of it. However, he had similar excuses and meltdowns with previous sport as well - one he at peaceful moments confirmed that he likes, but decided to switch out from just for change this Spring. I don't think the excuses have anything to do with specific sports, just the fact that he has to get out of home, however I am thoroughly tired of dragging him there all the time, arguing about it with him, convincing ""the headache will pass"" when I really don't believe he has a serious headache etc.

TL;DR:", How do you get your kids to attend to their workouts? At what age do you think they should be able to decide about dropping out of a workout for themselves?
141,"SUBREDDIT: r/Parenting

TITLE: How do I handle threats from the BioDad?

POST: I've been living with my girlfriend and her daughter for nearly two years and love them both very much. The BioDad or his parents split time with the daughter and I have only seen him once in all this time, never spoken or interacted. I wouldn't consider myself a step-parent simply because we aren't yet married, but we live in the same home four days a week, and at times I have to act as a disciplinary figure. I am very careful about the way I speak and interact with my girlfriend's daughter; I don't raise my voice but I do instruct her and occasionally send her to time out when she misbehaves; neither of us will ever spank, though BioDad apparently does. Last night, my girlfriend received a text from BioDad that read, ""If your boyfriend is ever mean to my little girl again I will beat his ass."" We've never mentioned any of the random things that have been said by the daughter about her father, like ""My daddy says a lot of bad words"" or ""My daddy doesn't live with me"" or ""My daddy spanks me."" We've always regarded the things she says as not necessarily being accurate or truthful, after all, she is a 3 year old. I'm at a loss now. My girlfriend hates discussing her parenting plans with me and doesn't involve me in any of the family law/court nonsense. I've never actually met the person that has threatened me, but I certainly don't appreciate his attempts to intimidate, manipulate, and control my home life.

TL;DR:"," BioDad is sending my girlfriend text messages that physically threaten me. Do I do anything at all, let it go, leave it up to my girlfriend to handle?"
142,"SUBREDDIT: r/Parenting

TITLE: Concerned about our new babysitter and her mom...

POST: My husband and I have been looking for a new regular sitter for our girls for a while now. We finally found a pair of sisters through mutual friends who are available, and their Mom requested for me to call her so that we can set up a time to meet and see if we'll fit well together. 

Now, I'm absolutely okay with meeting the mom and her daughters together. I would do the same thing before sending off my kids to a stranger's house.. plus I like to see if the sitters click with my own kids. However, during our phone conversation this mom seemed to be a bit extreme about the whole thing. Her kids are 18 and 16 and she talked non stop (almost without taking a breath) about what great kids they are. For TWENTY minutes. I felt like she was overselling them a bit... like she felt she had to convince me.

Then she mentioned she could send me references and that if I heard anything negative to let her know because they've NEVER been told anything negative before. Uh... getting weird.

She also suddenly launched into this whole defense of home schooled children (I didn't even know her kids where home schooled until she told me) and wanted to assure me that her children were in no way ""weird"" or ""shut ins"".

Here's the kicker... she STRESSED that my husband would not be allowed to drive her girls home because she didn't want her girls to be ""put in an awkward situation"". She finished by saying that it's just a rule she has for every family and that they're just not comfortable with it and would never want her girls to have to come to her and say that something inappropriate was said or happened.

So, I'm a bit offended by that. And the more I think about it... the more concerned I become about being involved with this family. Something inappropriate could very well happen with another female!

I'm hoping that our meeting later this week will clear the air a bit, but I do feel uneasy. 

Has anyone else ever dealt with a situation like this? Should I just keep my guard up and hope that her kids are way more chill than she sounds?

TL;DR:"," New babysitter's Mom is a bit sexist, I'm a bit uncomfortable... should I just use caution or call it off?"
143,"SUBREDDIT: r/Parenting

TITLE: HELP my 4yo son has been beating my dogs and I'm worried he'll turn into an axe murderer.

POST: Ok, Maybe I'm overblowing my fears a bit in the title, but none the less, my 4 year old has been beating my dogs and I'm concerned about his behavior.

He's never been nice to them, EVER, but today, we found him taking a toy dragon of his, and literally beating the small dog (toy rat terrier) to the point that the dog is crying & there was blood on his fur.  In the past he has hit the dogs, thrown the dogs and generally mistreated the dogs.   We have tried time outs, taking toys away, talking-tos (both stern and non-stern) and none of them seem to get the point across. I know there's the urban legend (truth?) that children who torture small animals turn into axe-murders.. but in reality, I just want him to be nice to animals.

Who else has encountered this problem?  What did you do to solve it?

TL;DR:", my son has a history of hurting our pets and we're starting to grow concerned and looking for suggestions on how to resolve the issue.
144,"SUBREDDIT: r/Parenting

TITLE: So we lost our kid today (funny story)

POST: So we lost our kid today.  

My wife was at home, playing with our 1.5 year old daughter while I was at work.  She happened to glance out the window and saw that our neighbors were shoveling our driveway for us.  She stepped outside to thank them.

She came back in and our daughter was missing.  She wasn't in the playroom or the family room.  She wasn't in the kitchen or the gated off living room.  The gate leading upstairs was still firmly locked in place.  She wasn't in the bathroom or the garage.  She wasn't in the kitchen cabinets or the closets or behind the couch.  She wasn't in the pantry or the sunroom or laundryroom.  

Our daughter had completely disappeared in the 30 seconds that my wife's back was turned.  In our own house.  

Frantic and ready to call the police, my wife ran upstairs to get her phone...and discovered that our daughter's bedroom door was closed, which was unusual.

So she opens the door...and there's our daughter, happily playing in her bedroom.  ""Hi mama!""

 Apparently our daughter figured out how to unlock the stairway gate, and then locked it back in place behind her.

TL;DR:"," Our 1.5 year old daughter disappears in our own house.  She reappears, perfectly safe, just as my wife is about to call the police."
145,"SUBREDDIT: r/Parenting

TITLE: Trouble getting 21 month old to go to bed.

POST: I have a 21 month old boy who never wants to go to bed. We have tried everything we can think of but he just won't lay down. Our usual routine is he will go all day without a nap so he will be good and tired, eat dinner around 6 pm, take a bath about 7, then we try to wind him down and lay in the bed with him between 8 and 8:30. Usually he does just fine gives his mother kisses and hugs tells her goodnight, we go lay in the bed, he has a bottle of warm milk (the only time he gets one is at bed time, and yes I know we need to take it from him), but probably 8/10 times he will be wide awake after the bottle and won't want to lay down anymore, or starts screaming, kicking, and crying. We have also been trying to get him to sleep in his own bed but that has been a fight we have lost multiple times, my wife and i currently sleep in separate beds which we both hate. We have tried reading to him before bed, he just wants to rip the pages out of the book, tried no TV or any electronic devices and just a night light. We have found that he does sleep better with a TV on with the picture brightness and volume don't low. Any help would be nice.

TL;DR:"," my son doesn't want to go to sleep peacfully, and can't get him to sleep in his own bed."
146,"SUBREDDIT: r/Parenting

TITLE: Father, soon to be separated, how do you deal with the fear of your spouse making bad decisions for your child?

POST: My soon to be ex-wife and I have a 1.5 year old daughter. Were separating and I'm having a really hard time with this sudden fear that my wife wont be capable of taking care of my daughter and will make bad choices in her life without my consent.

Were still working through the custody portion of the separation but my lawyer has told me that I should expect joint custody and likely to only see her every other weekend with a few weekdays sprinkled in between. This absolutely crushed me, and actually made me stay for a while longer than I should have.

My wife and her mother both have pretty terrible OCD and anxiety and they let it rule their life. My wife will only drive on certain roads in our town and has never driven outside of it. She cleans constantly, its priority number one. If the baby is screaming, cleaning comes first. My mother-in-law is just a loose cannon, think of all the worst possible traits of a mother-in-law and she has them. She once told my 6 year old nephew that she was going to lock him in the basement and chop his head off... for fun.

So I have some concerns about the type of people shes going to be spending most of her time around. Specifically since I dont think my wife will be able to live on her own and will likely move in with her parents.

Lastly, my even larger concern is that I was an anomaly in my wife's dating resume. She tends to gravitate towards people with criminal backgrounds, people who are abusive and people who use her.

I feel so helpless....

TL;DR:"," Getting a divorce, joint custody, wife makes bad choices, has some mental illness, how do you deal with the fear of something bad happening?"
147,"SUBREDDIT: r/Parenting

TITLE: Question about car seats

POST: My son is a large baby (90-something-th percentiles), so I'm looking for some real talk about transitioning between car seats as he grows. I know the official recommendation is rear facing until age two, but I'm curious how often people stick with that advice, or make the decision to switch to front facing sooner in their child's case.

My guy's still fitting in his infant seat, and I wouldn't consider switching any time before one year, but I have friends who made the switch for their kids at that point.  I wasn't fully in the know about car seats when I was stocking up for baby (he's my first), so I have the rear facing infant seat for up to 35lbs / 32in, and a front facing convertible that goes up through booster seat stage, but I don't have an in-between.

Should I bite the bullet and invest in a third seat, like the ones that go from rear to front facing / up to 70lbs? It would overlap with the two I already have, but offer that bit of functionality I'm missing. 

I know baby's safety is far more important than pinching pennies, but as someone without the experience I'm wondering if it's still common to switch to front facing earlier than two years (since he'll almost definitely outgrow his infant seat, lengthwise at least, before that point).

Advice from more experienced parents?

(

TL;DR:"," Big baby will outgrow his rear facing infant seat before the recommended two years, and the larger seat I have is front facing only. Should I invest in a third, reversible seat, or just transition to front facing a little sooner?)"
148,"SUBREDDIT: r/Parenting

TITLE: 20 yr old mom and wife in a tough spot- should I enlist?

POST: Hey there! So to give you some background, I got married at 18 to my husband who was 24. We had a baby 7 months ago and I've been staying home with her, which I love. It's a less than ideal situation because my husband has to work 60 to 70 hours a week. But I don't want my daughter in daycare. However, at this point, we are barely getting by, I never see my husband (he works 2nd shift) and there is no hope for a better future in sight. I am willing to do anything.
My husband can't join the military because of a DUI he was arrested but not convicted for and because of terrible credit (our car was totalled, insurance wouldn't cover it, we couldn't make the payments).
He isn't done with school and he can't go back right now because of money and his schedule,  but he has $35000 in student loans.
I, however, have decent credit, no speeding tickets, no debt, no nothing. Joining the military would let my hubby finish school, help us with money problems, and give us security.
What should I do?

TL;DR:", My family is in a financial rut with no means to get out. Husband can't join military- should I?
149,"SUBREDDIT: r/Parenting

TITLE: When to tell Grandma enough is enough?

POST: Ill try to make this short. My mother in law is able to watch my son maybe once or twice a week which is a huge help to me and my husband. As grandmas do she spoils my son(only grandchild) so when we come to pick him up around 5 or 6 hes filled up on cookies and snacks, its annoying but we tolerate it even though we have asked her several times not to give him all the sweets, hes gets migraine headaches from some chocolates and we have told her this but she still continues to do it, this is just one example of something shes done. So lately shes been having a family friend stay with her who is an alcoholic with 2 kids. They have been at the house for at least a month now, its nice my son has kids to play with there but I hate the fact that this woman is here with my son. So about a week ago she asked her to move out(GREAT!) then we get a call shes( alcoholic) is in the hospital with kidney failure, diabetes and the list goes on of course we care and are worried however we specifically asked her to not bring our son to the hospital to visit and guess what, she does it any ways. Now my husband and I have kept quiet about A LOT because she helps us out and i dont want her to think we dont appreciate it however this just got to me,im so angry that im considering finding a babysitter to pay rather than go to her house. I feel like she just dosent listen or take us seriously as parents am I over reacting?

TL;DR:", Mother in law took my son to see sick alcoholic in hospital after she was specifically told not to! Now I may stop my son from visiting so often. 
150,"SUBREDDIT: r/Parenting

TITLE: Toddler scared of imaginary booboo. Need advice

POST: Have any of you guys experienced something like this? 

It started the day before yesterday, my daughter won't open her right hand for anything. At first we thought she might've hurt her hand somehow, but we opened her hand and there was nothing there. Then we thought she might have broke a bone or something, so I squeezed her hand without her noticing and she didn't complain or anything.

When we ask her about it, she says that the knife made a booboo on her, even though when we check while she is sleeping there are no cuts or punctures. Now she spends all day with her right hand in her pocket, if we try to take it out to take a look at it, she screams hysterically, as if we are killing her. 

We're not sure if it is related, but a couple of days ago, my wife stabbed her hand accidentally with a knife, and almost passed out, I ran to help her, and my daughter watched the whole thing. After that, my daughter wouldn't go anywhere near her mom's hand, she was so disgusted by it, even though the wound was covered by bandages.

Should I be worried? I'm afraid she might have some psychological damage of some sort.

TL;DR:"," Toddler watched mom stab herself in the hand accidentally with a knife, and a couple of days later, she thinks her hand is hurt and won't look at it, hiding it in her pocket all day."
151,"SUBREDDIT: r/Parenting

TITLE: Where is the line between involved and overbearing?

POST: My neighbor has a 13 year old son who is entering the 8th grade. She requires him to be in bed by 7pm, does not allow him to watch Spongebob (she says its too violent), still does not allow him to pick out his own clothing in the morning and (when he attended public school) sent him to school every day in a shirt and tie. He is a very bright honors student, but has few friends because she does not allow any playdates that she is not present for. When he entered middle school, she pulled him out of the school with the friends he HAD made over six years, and put him in a private school, claiming that she needed to choose his friends wisely and that he was too fragile to choose on his own. I know it isn't my place to intervene, but it's sad to see a normal, healthy kid be stifled like this. Reddit, where do you draw the line?

TL;DR:"," Neighbor treats her 13 year old like he's three, and I worry its going to cause the child more harm than good. Where is the line?"
152,"SUBREDDIT: r/Parenting

TITLE: The butt of jokes

POST: So this little gem happened about three days ago while visiting my mother and her farm with my five year old dd who I would like to add has toileting and bowel issues.

At least once a week me and my dd go over to visit my mother and dd is allowed to help feed all the animals, she has been doing this since she could walk.

We start with the horses and cows because they are closer to the house then we walk all the way down to the bottom paddock where the duck pen is. After walking all the way down and feeding the ducks we were just about to head back up and my dd says the words I always dread to hear ""I NEED TO POO!!!!""

Remember this little girl has toileting issues and bowel issues. Running back up to the house was not an option because there was no holding it. So unfortunately down behind the duck pen we were forced to take drastic measures.
Yep she squatted... or at least she tried to the poor girl fell backwards and started crying.
So there I am trying to help her up and she is telling me she has hurt her bottom. I get her up and she turns around to show me and I freaked out... 

THERE WAS A STICK POKING OUT OF HER BUTT.  

I completely froze trying to comprehend what I was seeing. I mean you hear stories about people turning up to ER's and I have always thought things like that couldn't happen by accident but here it was right in front of me.

A minute must of passed while I was try do work out what to do.
My mum yells out if she's(dd) OK an why was she crying I yelled back there's a stick up her butt.  My mums lovely words of wisdom were ""well pull the friggin' thing out"". 

Thankfully upon assessing the situation it turned out it was just stuck between dd's cheeks and she only ended up with a scratch but my mum kept making butt jokes for the rest of the day.

TL;DR:", dd needed to poop and couldn't make it to the house so she tried to do it behind the duck pen and fell over and got a stick up her butt.
153,"SUBREDDIT: r/Parenting

TITLE: Single Parents of Reddit: what is the acceptable amount of sleepovers with grandparents?

POST: I had a beautiful daughter 4-1/2 years ago, divorced about a 1-1/2 years ago and moved an hour away.  I commute to work every day so my daughter can go to the same daycare, and hope to move soon (within the next few months) back to where I moved from.  My ex-husband and I have joint custody of our daughter, he has her 3 nights a week (Wed-Fri) and I have her 4 nights (Sat-Tues).

My daughter goes to daycare Monday-Thursday 7:30am to 5:00pm; and is with my mother on Fridays to cut back on daycare costs because it is so expensive.

I do not talk to my parents because they HATE my current boyfriend, they say I left my ex-husband for him – they even went to his work and got in his face and called him a 'coward' and a 'bastard'.  This has caused a HUGE riff in our relationship.

So here is my dilemma…. My ex-husband, because he lives within a few minutes of my parent's house, drops off my daughter right after daycare on Thursdays and leaves her for a sleep over, then she's there all day on Friday, then most weeks stays there on Friday nights as well.  He then tries to be sneaky and drops her off with me and doesn't say anything about it, and I find out from my daughter after she starts talking about it.

Because of her constant sleepovers and her realizing that she can ""work the system"", my daughter is getting spoiled ROTTEN, so when I bring her home on Saturday afternoons, she SCREAMS and throws fits when I tell her she can't have candy or a snack right before dinner, or can't have ice cream because she didn't finish her meal.

How do I approach my parents and tell them to stop the sleepovers when I do not talk to them more than maybe once a month, and what is the acceptable number of sleepovers with Grandparents for a 4 year old?

TL;DR:"," ex-husband takes his 2 out of 3 nights and leaves my daughter with my parents (who I don't talk to) instead of spending the evenings with her, which in turn leaves her spoiled rotten.  "
154,"SUBREDDIT: r/Parenting

TITLE: Daughter saying hurtful things to her father after separation.

POST: My daughter almost 3 and has always been very vocal and opinionated in her own way. Her father and I recently separated. I have tried to keep everything neat enough to not affect her, (i.e. no foul talk about her dad etc.) and I don't express my feelings about the situation to her. Her father is a good dad, and hasn't done anything to be undeserving of time with her. It has been about two weeks since they've seen each other, so her father came to our new city to visit her at his mother's house. I thought it would all be fine, I took a trip a couple of months ago and he did fine with her on his own. This time though, my daughter got what I'm calling ""separation anxiety"" and said hurtful things to her father the entire time she was with him. ""I don't love you, daddy. I only love my mommy."" and ""I don't like you! I want mommy to come pick me up!"" ""I don't want daddy! Only mommy!"" To say the least, her father was very hurt, even though he understands that she is just a two year old and moody. When I picked her up she was still saying these things and when I insisted, ""You do love daddy! Stop saying that!"" she got even more furious. I tried to reason with her on the way home asking why she said these things, but she just kept saying the same things, ""because I don't like daddy."" to which I would reply, ""Well I still like daddy and we shouldn't say things to hurt his feelings.""

TL;DR:", My daughter is saying hurtful things to her (good)father. I can't seem to get her to stop. 
155,"SUBREDDIT: r/Parenting

TITLE: Just the one hundredth billion request for sleep help!

POST: Hi all,

I've read through a tonne of posts regarding sleep issues in babies, and have come away with some great advice, but am still having trouble getting my nine month old daughter to sleep and stay asleep!  

She was sleeping through the night from about four months old, then when she was six months we went on holiday to the UK.  She had a bit of jet lag there, but quickly went back to sleeping through the night, or just waking once.  However, on our return she seems to have a multitude of issues preventing us all from a good night's sleep!

Jet lag coincided with separation anxiety, which combined with teething pain = Very Tired Family.  She nurses to sleep, will only stay asleep on me during the day, and wakes several times throughout the night for more suckling.  She screams until she latches on and then it's mere seconds until she's back asleep.  

I called Ngala parenting line, they said she's so attached to me - I'm her dummy etc.  I do feel like a big dummy :p
They suggested getting her a lovey, so I introduced Monkey.  She loves Monkey but couldn't care less about Monkey when it comes to settling.  They said to lay her down in her cot and let her shout in anger, that it might take a long time. Not to pick her up and just to keep patting her back soothing her.  I did this and she was quickly so worked up she was vomiting and even when I picked her up it took a long time for her to calm down.

Another spanner in the works is my eldest daughter, who is in school with a learning disorder and NEEDS her sleep.  She's become very teary and emotional with such disturbed sleep, and I'm very aware of this when I'm rushing into the baby's room at night to resettle her.

Please, any ideas on what to begin with?  Any suggestions relevant to our situation would be appreciated SO MUCH!

TL;DR:", 9 month old only breastfeeds to sleep and vomits if we CIO.  Running entirely on coffee at this point; can't give coffee to 8 year old.  
156,"SUBREDDIT: r/Parenting

TITLE: 8 year old daughter being socially bullied, looking for advice to give her to stop it.

POST: So here is the biggest issue in an eight year-old girl's life right now: Her friend keeps taking her lunch snack, and my daughter can't find a way to (politely) prevent it. It is social bullying. I want to give her advice that will stop the cycle, but not teach her negative social habits.

Basically, she has a friend that doesn't get snacks in her lunch, and every day asks for my daughter's snack. My daughter didn't how to refuse. She know's it's good to share, but not to share everything every day. I first gave her the advice to apologize and tell the other girl ""not today"", but the other girl insists. She now tells my daughter every day it will be ""the last time"". They also have a little ""club"" they formed, and the other girl will threaten to kick my daughter out of the club if she doesn't get the snack (I am not well-versed on the hierarchy of the club's management, and the friend may have no such official authority, but I did not find this avenue of legal questioning very useful for second-graders :-).

My daughter doesn't want a conflict, and wants to keep her friend. Their friendship is being strained by the other girl's behavior, however. I last advised my daughter tell the other girl she is sick, so can't share food for that reason - a short term solution at best, but my daughter thought it was hilarious. I also mentioned a real friend wouldn't care about a snack to be part of the club, but would care about friendship more. Still, I can't think of any good response appropriate for her age to prevent the behavior, that also teaches her positive, rather than negative, social habits.

I feel this could be a valuable teaching point. I want my daughter to feel socially capable, but not combative. I don't want her to have to resort to a teacher's intervention, I feel like they should be able to work this out successfully amongst themselves. And ideas?

TL;DR:"," my daughter is being socially bullied into giving away her snack every day and I want to find a positive, productive way to prevent it."
157,"SUBREDDIT: r/Parenting

TITLE: Any suggestions for a bedtime reward?

POST: Our 3.5 yr old has always been hard to get to sleep with some ups and downs.  For a long time now, we've been struggling to get him to stay in his bed before he falls asleep.  He continuously gets out of his bed (10-20 times over about an hour) and comes out to our living room.  Once he stays in bed, he falls asleep and sleeps all night, which is great.  We have tried all of the usual techniques to get him to stay in bed, but haven't been successful thus far.

My latest plan is to try a ""reward chart"".  We will have a bedtime chart with stickers for each night that he stays in his bed.  To help make it work better, I want to give a special reward after 5 stickers.  I used this method for potty training with stickers, chocolate chips, and Hot Wheels cars as various levels of rewards.  It worked well, so I'm hopeful that it might work again.

Unfortunately, I'm struggling to come up with a suitable reward.  I'd like to avoid using food and need to keep the cost down.  Any suggestions?

TL;DR:"," I need suggestions for an inexpensive, non-food ""reward"" to get my 3.5 yr old to stay in bed at night."
158,"SUBREDDIT: r/Parenting

TITLE: 6 yr old son is ""too silly"", how to address?

POST: My wife and I are currently dealing with a tough nut.  Our soon to be 6 year old son has had silliness issues that seem to be exacerbated by certain friends at school.

He's a smart kid and a good learner but we're noticing at home, school and also at karate (we were hoping it would transfer some discipline) that he has a very hard time behaving.

It can range from making silly faces, to refusing to listen when told to do something.

I know a lot of blame lays with us as he was our first born and we were more than likely too easy on him when he was younger.

As a background he was diagnosed with celiac 2 years ago.  He also has severe pooing issues as a result of the celiac which we're trying to work through.  He has accidents even now and psychologically we think he's afraid to poo because they used to hurt so much.

If it matters he has younger twin bro/sis.  The younger brother is confirmed autistic.  His sister, as far as we know, is perfectly normal.  She's also silly but the benefits of girls is that she knows how to listen and control herself.

If it matters our kids eat fairly well and we definitely don't encourage junk in the house.  TV I think we'd all agree we watch too much of but we don't feel our kids are outside the norm.  Other than this issue, the pooing and the celiac he's your normal  boy.

TL;DR:", my wife and I are at our wits end on how to deal with our sons shortcomings in terms of dealing with structure and authority.
159,"SUBREDDIT: r/Parenting

TITLE: This may be the wrong Subreddit, if so I apologize. Have any of you had this problem?

POST: Best friend (f19) got pregnant on purpose after finding out another friend (f18) was pregnant and then got an abortion. I(f18 at the time) completely ended the friendship.

A few months later I got pregnant, COMPLETELY unplanned. I was on the pill, we used a condom and the morning after pill and still had Ollie.

Right after my son was born I decided to try to make the friendship work, its been about two months. My so (m22) and I go over there all the time now.

She regrets the abortion and is always telling me how lucky I am. Tonight she said that she was jealous of my life and almost every time we talk about my son it turns into a really depressing topic especially when she brings it up. 

I really just don't know what to say when she is like this, she has told me that she wants a baby hut her so (m22) doesn't want a baby. They've been together maybe 6 months. What can I say when the topic becomes depressing?

TL;DR:"," friend (f20) had an abortion and now whenever we talk about my son it gets depressing, what can I say?"
160,"SUBREDDIT: r/Parenting

TITLE: 2 yr old needs some bed-time and mealtime adjustments, but he is about to be a big brother.

POST: 2 year old son is pretty awesome, except for his eating and sleeping. He still sleeps in our bed, and somehow managed to ninja out of the crib when we tried CIO. All parties now bear emotional scars, we won't be trying this again. However, I do think that if we buy him a big bed, lay down with him til he falls asleep, then go back to our bed (he can nap in our bed by himself... finally) he may be ok with that. Right? Should we put his bed in our room (where he is used to sleeping) or in his own (might have some shock).

As for eating, he was wised up to the fact that we will continue to feed him after he rejects what's in front of him, and somehow we always come back around to goldfish and grapes. We have tried setting all of his food in front of him, but he just eats a little and whines that he's hungry. He tried to starve himself for a few days, the resilient little punk, so I'm not sure if this is the way to go or not. Thoughts?

The last wrench in our plans here is that his little brother will be born in about a month, so if we go rocking his world now, will he be harboring resentments? Should we wait? How long?

TL;DR:"," 2 yr old son still sleeps in our bed, doesn't like eating, and is about to have his world rocked when the new baby shows up"
161,"SUBREDDIT: r/Parenting

TITLE: Seeking discipline advice for my 5 year-old son

POST: Our general method has been that when he misbehaves or doesn't listen he loses things.  And usually it's not the ""initial offense"" that triggers discipline, it's when we try to correct the behavior and discuss the issue with him and he responds with stubborn defiance.

When he loses things it's either toys or other tangible possessions, or activities such as a bed-time story or, in extreme cases, a play date or other fun outing that was planned.

The problem is that, more and more often, he seems to decide that no matter what he loses he is going to ""take a stand"" as it were.  We can take away every favorite stuffed animal, new exciting toy, or video game/TV privilege, but while he is worked up and in the moment of being defiant he will continue to choose not to do what we are asking him to do at all costs.

Sometimes we will take away the right thing that he cares about enough to break him out of it, but it feels like a hit and miss game.

We had tried instituting a point system with fun sticker cards where he earns them for being extra good and loses them if he is bad.  If he were to fill up his jar with 30 of these ""points"" he would get a special evening out with me at a local arcade/go-kart/bowling place.  He was really excited about that at first but after a little time he stopped caring about losing those too and hasn't made it close to filling up the jar.

Today it got so bad with asking him to finish getting ready to go to school that we just took away all toys.  Every last one.  After my wife got back from dropping him off at school we broke out the bins and went through every single toy box, train set, lego bin and play castle.  They are all on shelves in the basement, every last one.

TL;DR:", My son is just as stubborn as I was when I was his age and I'm finally getting paid back for what my parents went through.  What are your suggestions?
162,"SUBREDDIT: r/Parenting

TITLE: Need Help With Sleep-Training/Sleep Advice (5-month old twins)

POST: Hello, Parents of Reddit. My wife and I have 5-month old twin boys and have been dealing with poor sleeping for the past 3 weeks or so. Around that time, we made some changes to their routines that could obviously be playing a role in the recent disruptions. First, we moved them into their nursery and out of our bedroom. We also removed their Nap Nanny sleepers and they are now laying flat on their backs in their separate cribs. And last, we introduced cereal (gruel, mush) at around the same time. Separately, none of produced any obvious issues aside from perhaps increased gas/discomfort. 

My wife and I have been researching the Weissbluth method, which we intend to start but haven't yet for fear the boys were too young and letting them cry for too long could result in adverse effects such as heightened anxiety. We are preparing to begin over the next week or so. 

I work full-time and my wife works part-time so she's allowed most (read: 99%) of the burden to fall on her shoulders so that I can sleep and be rested for work each day. I do what I can, but I know how hard this has been on her and I want to see if any other parents of twins, or parents generally, had any advice for us. I get home from work at 7:30pm and selfishly or not, I want to see them when I get home, so we're trying to work on a plan that sees us putting them to sleep after their last bottle feeding of the night, or around 8pm. 

The past week has been terrible. One or the other is up every hour or two. Sometimes it's with eyes closed and a paci replacement does the trick. Sometimes it's gas. Sometimes it's hunger even though we're trying to eliminate the night feedings entirely.

TL;DR:", Twin sons can't sleep through the night. It's affecting my wife's health and our collective happiness. Does anyone have any strategies or even cheap tricks that will get these dudes sleeping soundly? Thank you!
163,"SUBREDDIT: r/Parenting

TITLE: Looking for advice on possibly switching daycare

POST: My wife and I are having a bit of a dilemma with our daycare situation for our eight month old daughter and are not sure how we should proceed.   We spent a lot of time looking for a good daycare before she was even born and found a home daycare that we really liked that would have an opening.  Unfortunately due to a mix-up, when I contacted her to discuss start date after my daughter was born, we were informed that we no longer had a spot.  We then contacted the provider that had been a very close second and when we found out she still had an opening we decided to take it.

She has been attending the daycare for around 4 months now and things have been going well for the most part.  It is very close to our house, we feel very safe leaving our daughter there, she is loved by everybody there (providers and other children), she has also been flexible with early drop off or picking up a little late on a couple occasions.  While nothing bad has happened, lately we have been thinking that maybe she could be in a better situation.  There have been a few things that I first dismissed as nothing to be concerned with, but I feel like they have been adding up over time.  My wife would also like to see more organization and structure to things. 

My wife recently found another home daycare in town that appears to provide a little more of what we want.  They have a good sized play room set up in the basement, there is a little more focus on structured time and activities such as stories, songs, crafts, and learning. 

I guess what it all comes down to is that we like our current daycare provider, but feel like we might want a little more than we're currently getting.  If we decide to switch, how do we go about telling her?  Everybody has been happy with the current situation, but but my wife seems to be growing more uneasy with it and is emotionally struggling with how to make the switch.

TL;DR:", We like current daycare provider but feel like we might want to change anyway.  What is best way to approach this?
164,"SUBREDDIT: r/Parenting

TITLE: Childhood Eczema - Advice Needed

POST: So my daughter (2.5) has eczema on her legs and torso. It flares up really bad whenever we take her swimming. We alternate between vaseline and eucerin cream at bed time and that keeps it under control pretty well. 

My questions are these:

* Are there any preventative measures we can take **before** we go swimming to help lessen the effects?
* Are any of you parents of older kids that had this when they were younger? How long did it last? Did it ever stop?
* Does anyone have any other prevention/treatment suggestions?
 
Currently we use hypoallergenic detergent, hypoallergenic soap, and alternate nights between vaseline and eucerin cream. The patches don't really bug her, and she doesn't itch them. I just feel bad for her looking at them. They look really itchy.

TL;DR:", Need treatment advice for childhood eczema and advice on preventative treatment for swimming. I've already talked to our ped and consulted Dr. Google. Just looking for advice from those with practical experience. 
165,"SUBREDDIT: r/Parenting

TITLE: Blended families with disparate incomes / expectations?

POST: I have a son, 12.  Recently divorced and share equal custody of him.  I'm dating a woman who has a 9 and 10 year old.  She makes very little money, her ex hasn't paid her child support (and is unemployed, probably will be going to jail soon because he is so far behind) and she works in foster placement/education making very little money, but giving her the time/flexibility to take care of her boys.  She does the best she can, but is really hurting financially.  I make a comfortable living.   She's allowed me to give her money for school clothes and supplies for her boys but won't let me get her anything nice for herself.  She's an amazing woman.

So here's the problem, I've traveled internationally with my son - Turkey, China, England, etc.  I sent him to a great summer camp that he loved, but it cost $5K.  I make a good living, but I can't spend $15K on summer camp.  There's no way I can do all the things for 3 kids that I've done for 1.  But how can my son not be hurt or resentful if we stop doing those things because he has step brothers?  Any thoughts or similar experiences would be greatly appreciated.

TL;DR:"," How can I keep doing the things my son has come to ""expect"" when I can't afford it for three kids?  And if I don't, how does he not grow up resentful?"
166,"SUBREDDIT: r/Parenting

TITLE: I'm effing screwed...(x/post from BabyBumps)

POST: Throwaway for reasons.

About two years ago, when I was eighteen, young and dumb, I met a guy online. This was in the summer of 2011. We did a long-distance relationship, and in December of 2011 he and his family flew in from Germany to NC and we met. I thought I was going to marry this dude and the sun shone out of his ass.

Feb. 2012, we break up. It sucked and we went our separate ways. We stopped talking altogether up until August of this month.
well in October, he came to visit his family and friends here in NC and we met up, hung out, he was drinking and so was I. It was stupid, I know seeing I'm underaged but oh well. We ended up screwing. I was on the pill, and we didn't use condoms. So stupid of us.

Today, I took a pregnancy test and those two lines came up. I am utterly fucking terrified and out of my mind. I've been crying for the past two hours.

We're not even together. We dated two years ago, broke up and I don't even know what we are now. He's only 21. He lives on the other side of the world. Six hours ahead of me. I don't know how I'm going to tell him or what to do. I dont even know the first step to take in this for shits sake.

idk where I'm going with this, haha. I just needed to get it off my chest. I know it's 7:30 am in Germany seeing its almost 1:30 am here in NC. I wish I could afford international calling and let him know about this situation. He wont be back in NC until December, at the earliest. I dont know how to approach the subject of ""Hey, you're going to be a daddy because birth control failed!"" to him.

TL;DR:", Ex bf and I hooked up. My eggo is def pregoo. I dont know what the fuck to do. help.
167,"SUBREDDIT: r/Parenting

TITLE: What can I do about my brother's constant screaming?

POST: My parents barley even care anymore. Sure, they get angry and tell him off, but they're not even willing to take away the source of his screaming, they don't even bother to work with him to stop his screaming. It actually got so bad that I moved to the other side of the house, because he was keeping me up at night. His screaming does still wake me up sometimes, and I can still sort of hear it during the day. His screaming is constant, and so annoying.

Oh, and he's 20 next month, he's screaming at his computer games. It started when he was about 11 and started to play Runscape. He was a very angry person, now he's on medication and now he's not... So much . He has a part time job and is a second year architect student. And a girlfriend. I honestly have no idea how he makes so much time to make so much mouse.

TL;DR:"," 20 year old brother has been screaming at his computer games day and night, what can I do to make him stop?"
168,"SUBREDDIT: r/Parenting

TITLE: My 14 year old has come out as trans. I am struggling to accept it and be happy about it. Any advice?

POST: I am xposting it from relationships b/c there everyone is focusing on the fact that I prefer to have girls and didn't want to have boys and telling me i have a mental issue b/c of this. I hope that maybe here I can get some actual advice on how to deal with this productively.

My kid came out to me as trans and I'm having a really really hard time accepting it. I never wanted to have any boys. I actually refused to have bio-kids b/c I didn't want to leave the gender of my kids to chance. So i adopted my daughters instead. A few weeks ago my middle child came out to me as trans. Since then I've been trying really really hard to hide my disappointment from my kid. I've been trying to be supportive and everything but I'm struggling so so much. I don't want a son. I really don't. But i love my kids and i want only the best for them. If this is who she is on the inside I will be supportive. I just don't know how to get over my feelings. Especially since my kid wants to transition so quickly. My kid has already began living as a boy and gets very upset with me whenever I forget to use the chosen name or refer to my kid as her or anything like that. But I'm having a hard time adjusting and I'm messing up a lot. I just don't know how to even begin accepting this. Every-time I see my 'son' I get so so sad. I hide it as best I can but my emotions are usually very obvious and I know my saddness is apparent. I don't want my reaction to negitively effect my child but idk how to be happy about this. How can i get over it?

TL;DR:", my daughter is transitioning to my son and i'm really upset about it. I dont know how to get over it.
169,"SUBREDDIT: r/Parenting

TITLE: Recently divorced with a one year old son. General bedtime advice

POST: Hello r/parenting!

I recently got divorced from my wife of a few years, and I we have a one year old son together. We have been separated for 6 months, and throughout that time he has been residing with her due to breastfeeding. Recently he has been weaned off and is now living with me. 

The issue is sort of hard to explain, so please bare with me. While apart, I typically facetime with him after his mother bathes him before he is going to sleep. He's always in a good mood and just happy and cheesy. However, since he started overnights with me about a month ago (And I only have him ever other weekend) he is just very upset as soon as the bath starts running. He does not stop crying. And in the crib before bed, he is anything but happy. We facetime his mother and it is just not the same.

Our divorce was not pleasant. She has tried to keep him from me in the past and it wasn't until our recent divorce orders that I have been granted legal parenting time. She feels as though they do not need me and that he would be happier only living with her. She regularly cites the unhappiness she sees at my place during bedtime as reasons why he ""belongs with his mother."" I just don't know what to do. Other than bed time, it is a positive experience for us over here. I just want him to be as comfortable here with me a he is with his mom. I want his mom to feel like I'm a competent father despite her feelings about me as her ex-husband. Any bedtime advice would be so appreciated, as well as any other single father tips. 

Thank you r/Parenting. I've been following this community since I found out my ex wife was pregnant, but this is my first post.

TL;DR:"," My son cries when its time for bed at my place, but not at his mom's. We have identical bedtime procedures. Need help. :("
170,"SUBREDDIT: r/Parenting

TITLE: Did Pampers discontinue Swaddlers Size 3??

POST: Ever since we brought our daughter home from the hospital, we've been using Pampers Swaddlers. They've been perfect for us, and our daughter: soft, cushiony, absorbent, and most of all, they don't cause rash!! In the last month or so, however, we can't find them in size 3 ANYWHERE, and they're not listed as an option on the Pampers website anymore...instead we've switched to a mix of Cruisers during the day and Overnights at night. While I like the absorbency of the Overnights, our daughter has developed a rash, which we've never had to deal with before. I'm thinking it's due to the plastic linings.

We want to experiment with other brands, but I'm hoping to get some opinions from folks who've maybe used both, or have a preference for a soft, reliable diaper (and yes, we wanted to use cloth, but it just didn't work out this time. Not that it's too late, but we don't have the upfront funds right now to start cloth diapering...)

TL;DR:"," I think they've discontinued pampers size 3 Swaddlers and we're looking for another brand with similar qualities because the other pampers diapers are giving our baby a rash, we think due to the plastic linings..."
171,"SUBREDDIT: r/Parenting

TITLE: My toddlers eating...behaviours are stressing me out.

POST: My 14 almost 15 month old is frustrating me deeply with his lack of interest in eating. He doesnt like to be hungry but he is never interested in the eating the food I give him. I am constantly trying to figure out if he will eat his favourite foods or not. He loves his fruit but even then he starting to do silly things. 

Things he does:
Will smush his food over the high chair(Yep I know normal)
Throw food onto the floor (Again i know its normal)
Stuff his mouth full of food before realising he cannot swallow that much so he spits it out. 
Throw plates of food onto the ground. 

He refused to let us feed him a couple of months ago and that worked now he is jsut fiddling and playing with his food. i have tried different types of meat, varied types of vegetables but its all the same. 

The kicker is he then wants to eat our food once we start eating it. (Again i know this is normal) and its often exactly the same food gave him. 

Even old favourite tastes like pastaish tastes and his infant fave leek and chicken casserole he just won't touch, its more fun to fiddle and play with the food instead of eating it and then complain he is hungry. 

He is currently still on three bottles with toddler formula a day and I really really want to stop those but he doesnt get enough calories throughout the day as it is so they are pretty much the only baseline nutrition he gets. 

He is already really petite and recently went through a growth spurt so he is getting taller. 

What can I do? why do toddlers do this and I how can maintain a healthy diet for him. I would my mum and in laws but they never went through problem with me or my husband because we loved our food and never went through this stage.

TL;DR:", Toddler has awesome appetite but care to eat the food I give him. he loves his fruit but he needs more than that everyday.
172,"SUBREDDIT: r/Parenting

TITLE: Moving out of my parents house into an apartment with my girlfriend. Parents are not going to take it well. Advice?

POST: Forgive me if this is long, but this needs a bit of a back story. I'm a 25 year old guy (about to be 26 in a month) and have been looking to move out of my parents' house for awhile, and I finally have the funds to be able to do it. 

Here's where things get tricky: in the past I've talked with both of my parents about moving in with my girlfriend of 6 years, but both are extremely disapproving of it. We have a great relationship and when we were attending the same college, we pretty much lived together anyway, so I don't have any worries about anything going wrong in that aspect. In my area, I could get a small, single bedroom apartment and live by myself - but I would be really stretching myself financially. However, if I lived with her and we were to share the bills, we would both be able to live pretty comfortably.

Her parents have no problems with us living together. Her mom was actually surprised when my girlfriend told her that my parents were so disapproving. I guess I'm just afraid of hurting my mom - she's not really religious but has some really weird old-fashioned viewpoints. I've tried to have multiple discussions with her about it and tried to present my side calmly and in the best way possible, but it usually ends with her saying ""I don't want to talk about it"" after 10 seconds of me speaking.

I guess my question would be - at what point do you just say forget it and bite the bullet and move out, no matter what your parents say? My girlfriend and I have been fortunate enough to find good jobs out of college, so we're financially stable with a decent amount in savings. Both our cars are paid off and we're able to pay student loans with no problems. Has anyone been in a similar situation where their parents didn't approve of their plans to move out? How did it go?

TL;DR:"," Want to move away from home but parents don't like the fact that I'd be living with gf. I'm financially stable, but am just afraid of hurting my parents."
173,"SUBREDDIT: r/Parenting

TITLE: Gift for my boyfriend's son?

POST: Good Day to you all! 
I wasn't sure where to post this but this seems to be the most relevant subreddit.

Long story short my boyfriend's son (turning 4) birthday is coming up. We have been together for a year but due to a mess of a divorce  He only gets to see him once a week. I have a good relationship with his son from all the times we've met so no issues there. 

So onto my dilemma. My boyfriend keeps a savings account for his son that he dumps money into every month.  I was thinking for his birthday I'll give him money (about 300~ish dollars) and help contribute to the funds,  but I don't know if that will come off as weird? Would a toy or something for his kid be a better idea?  Any perspective would be greatly appreciated.

TL;DR:", boyfriend's son's birthday is coming up and I want to give him around 300 dollars to add to his sons savings account. Will that come off as weird/is it an appropriate gift?
174,"SUBREDDIT: r/Parenting

TITLE: dealing with new grandma demands

POST: My wife and I are having our first child this month, and my mother is playfully calling our unborn son by a nickname that my wife and I loathe. 

It's kind of a combination of the first name and middle name, so it's not outright malicious on her behalf. Still, we made it known that we don't like the name. My mom seems to delight in repeating it over and over--even around people outside the family. 

My mom is not a weirdo, but she has been excited about being a grandma (and I mean almost too excited) since before I was even serious with a girl. I think - now that she almost has a grandchild-- that her new fear is not being a big part of her grandson's life. 

This fear is unfounded, but nevertheless it is manifesting in the odd behavior of manufacturing a nickname (that we hate) out of thin air. 

It's to the point that we've thought about changing the kid's name! How do I get this new grandma to stop without hurting her feelings?

TL;DR:"," my sensitive mom insists on a nickname for our son that my wife and I hate, and we don't know how to deal."
175,"SUBREDDIT: r/Parenting

TITLE: Question from a Childfree person (27/F)

POST: Hey guys, I'd appreciate your perspective on a phenomenon I encounter with some frequency.

I don't have kids. I don't want kids. But I like other people's kids, generally speaking. I babysat my way through highschool, ages 1 year (my mom's a pediatrician) to 12 years, both genders. I know what kids are like.  

Sometimes parents feel the need to defend their kids when I say I don't want to raise children. Some say I will change my mind. Some ask if I am in a committed relationship. What I never get, and would love, is a simple nod of acknowledge.

What is your opinion on this? Reddit is a hipper crowd, so let me know if my experience with parents has been a poor representation.

TL;DR:"," I don't want kids, and I never plan to have them. However, your choice and your kids are fine by me. We cool?"
176,"SUBREDDIT: r/Parenting

TITLE: How to beat the ""I have a head ache"" complaints at school?

POST: Kid is great at school. Friends, great grades, pays attention, teachers love her, etc. Problem is, she complains on a fairly frequent basis to the teacher ""I have a headache"". Now... last year when this started up, teacher was a big softy and sent her to the nurse every time she said this. This year, her teacher is a hard nut to crack (which I think is awesome), and will give a kid an ice pack that she keeps in class over sending to the nurse for a headache. After kiddo did this several times, she brought it to my attention. I told her that I was all for telling kiddo to ""drink some water and see how she feels in 15 minutes"" (they keep water bottles at their desks in class). Teacher is happy I am on board with her not sending to the nurse, etc every 2 seconds. **I made an eye doctor appointment for her** just in case, but she had her eyes checked a year ago and had a *very* slight need for reading glasses. 

The year before last we had to break the ""band aid"" habit at home - kiddo wanted a bandaid for every bump and bruise, we had to reinforce that bandaids are for blood. 

Anyway, teacher is slightly aggravated (can't blame her) and frankly, I want the kid to stop crying wolf. I've talked to her about it. It doesn't seem to help. On the flip side, she bashed her head off a metal pole on the playground and never said a peep to anyone until about 6pm when she said her head hurt, and she had a big ol' egg there. That would have been a GREAT time to tell her teacher she wanted an ice pack/to see the nurse.

So... any ideas on how to get kiddo to stop raising her hand for attention over every perceived head ache? I'm not heart less. If the kid has a headache - by all means, have an ice pack, take a Tylenol - but it doesn't seem like they are *real* headaches. Just slight ones. She reads a LOT at home, uses the computer, etc and doesn't complain of headaches.

TL;DR:"," Kiddo is 8, complains of headaches in class a lot. Has no need for glasses that we know of, teacher is getting frustrated. Looking for ways to help her stop the behavior. Doesn't complain of headaches at home"
177,"SUBREDDIT: r/Parenting

TITLE: 5 year old acting out at bedtime with new baby in the house

POST: Hey all, 

We are having trouble with our 5 year old at bedtime. Firstly, there's a new baby in the house (8 weeks old) and I know for certain that is contributing to this problem. We have gotten past a few weeks worth of random ""breakdowns"" with her so it is getting better.

5 year olds bedtime is 8pm. Most nights she has a supervised bath with her new little brother around 7:30 pm, but that fluctuates up to an hour early depending on the baby's waking times. She wants to do bathtime with him so we are not forcing this on her. At bedtime we read her a story that she picks and then spend another 5 minutes attending to all the random things kindergartners tend to suddenly ""need"" at bedtime. Then say goodnight and that we will check on her in 10 minutes (she's scared of the dark and bad dreams despite having a good lamp in her room that we leave on). 

She used to settle to sleep in about 20 minutes, but now she can spend up to 2 hours having various problems come up and things going wrong and suddenly needing to have a deep and meaningful conversation with us. This becomes a major issue when I'm trying to get to bed early (same time as her basically) so that I can get enough rest and be ready for the frequent all-nighters my 8 week old is pulling at the moment that start sometimes as early as 10:30 pm. I end up having had no rest whatsoever and by the time my 5 year old is asleep I'm too tired to handle my 8 week old's restless nights and can't look after him properly. And dad needs sleep for work in the morning so it's all on me. 

Not planning to address this til just after Christmas (too much drama already to add arguing with my 5 year old to the mix) but I really have no idea how I'm going to approach this.

TL;DR:", 5 year old taking hours to settle to sleep at night preventing mum from being well rested enough to look after baby brother (8 weeks old) all nighters.
178,"SUBREDDIT: r/Parenting

TITLE: Halloween hypocrisy

POST: I am a bit unsettled and upset over my SO and others responses to my child's Halloween costume wishes. 

I understand that I have a very different approach to child rearing in that I believe that my daughter can do anything that my son can do and vice versa.... Very much so, vice versa. My eldest (daughter) has always been encouraged to play with any and all toys. We always shopped both the blue and pick aisles, and recently, she has been exclusively a blue aisle shopper. This made me so proud that she could play with any toy, anyone, and she was comfortable with it. She is also ""girly"" in some aspects such as her clothes and her stuffed animals. I love it, but my son.....

My son loves princesses and even tells us that he wants to be a princess and a prince. He loves Doc McStuffins and Sofia the First. When we went costume shopping, he picked out a Sofia dress so that he could wear it. On the other hand, he is an absolute rough and tumble sort of boy. He has a Sofia doll that rides on his monster trucks. His Doc McStuffins doctor table is set up in his room where he gives check ups to his stuffed cat and Mickey Mouse. He is just as ambivalous to gender stereotypes as my daughter. This makes me so proud.

Now, for the problem: my son apparently cannot be Sofia for Halloween. This kills me, breaks my heart, that so many people have not only given me looks of disgust, but flat out told me I cannot allow him to have a Sofia dress. Even my husband, who is the biggest supporter of gender equality and 7my daughter's current Minecraft obsession, does not wish to have my son in a dress. 

What do I do?

TL;DR:"," I want my son to be able to wear a princess dress, but not even my husband will support this decision.  "
179,"SUBREDDIT: r/Parenting

TITLE: Babyproofing dumb trash question...

POST: Posted on beyondthebump....

We're about to have a crawler (7 mos) and my husband wants no bags in the bathroom trash (suffocation risk). I think that's gross and want bags. I told him i'm not gonna sit and read on couch while a baby roams and happens to get into bathroom the one time i forgot to shut the door....I'd be nearby.

I'm not sure what my question is....eventually when he's 1 or 1 1/2 or so, I won't feel the need to supervise as much. Umm, what is your policy on this age getting into the bathroom (there's some gross things in there) and hovering over them, etc? I'd like to not hover over him at that age, but I'd also like to not find him chewing on a toilet brush and without locking the bathroom, this scenario could happen???? :/

TL;DR:"," how do you keep a 1 year old from digging in the bathroom trash, etc? I'd like to think I'll just let him freely go in our bedroom/bathroom....but I'd rather he didn't!"
180,"SUBREDDIT: r/Parenting

TITLE: My sister died, I got right of my 18 month old nephew, sister was a drug addict and did not mother. Help!!

POST: My 18(almost19) month old nephew has been with me for almost 2 weeks now and he is horrible.

My sister was a drug addict, has 4 other kids who's fathers got them, but my nephews father is in prison, so I agreed to get him.

From what I saw, she was always on her phone, he had diaper rash all the time because she would not change his diaper until he leaked out, she never taught him anything, she hit him a lot for being bad, and his teeth are rotten.

So I start off trying to show him love, which he Is clearly uncomfortable with. Then I get on his level and talk to him why he cannot do something, and tell him no. Then he throws himself back when you tell him no, and he hits his head on the ground. 

If I tell him no, he will look at me to see if I'm serious and then he continues to do whatever I just said no to. Then I have to give him a time out, which makes him throw himself and cry.

I have a 5 month old who he has thrown things at when he's angry.

I don't know if I have to start hitting him as punishment instead of timeout, or if there is something else I should do. Help?

TL;DR:"," 18 month old throws himself back and hit head on ground when I say no; throws things, hurts himself, cries and will even gag himself. Should i spank him or keep timeout method? Help?"
181,"SUBREDDIT: r/Parenting

TITLE: I need advice on supporting my wife through an abortion.

POST: Hi everyone, My wife and I have found ourselves in a difficult situation. We're pregnant. We have three kids already and can not handle a new baby. She was on birth control but over the last month or two has forgotten to take it on and off. She said her last period was 4-5 weeks ago. I didn't find out about this fact until very recently because she told me she was on top of it. I offered to have a vasectomy months before all this but she begged me not to and promised that she would take the pill instead. That way if we changed our minds about having more kids, things would be easier. Anyway, here we are. She's pregnant and we need to have an abortion. She's understandably upset but agrees that we can't have a new baby now. A few years ago we had a similar incident that ended in her having a miscarriage. She was devastated even though we weren't trying for a baby. At that time, I didn't understand why she was so upset. Seeing how deeply it affected her last time I want to do everything I can to make this situation as painless and easy as possible. I know it can't really ever be 100% either of those things, but I don't want my wife to suffer any more than she already has. I really don't know what to do. I know it's the right thing for our family but it doesn't make it any easier. I really feel lost and alone. I know my wife does too. I want to shoulder as much of it as I can and minimize as much trauma to my wife as possible. I also have my three girls to think about. I don't want them to know anything is going on. I can't imagine trying to explain this to a 7 year old. Sorry if the post is a bit rambling but I'm kind of out of my depth here. Thank you for taking the time to read it. Any and all advice is appreciated. I just want to do right by my wife.

TL;DR:", My wife and I need to have and abortion. How can I help her through this? What should I expect. What advice do you have? Tips from other dads would really help.
182,"SUBREDDIT: r/Parenting

TITLE: Night screams - our daughter is driving us insane.

POST: For the last 2.5 years,our daughter, now 4, has woken up at least once almost every night screaming.  Some nights as many a four or five times.   Maybe once a week it'll be because she's hot/cold/thirsty/scared but most nights she screams and won't tell us why.  Sometimes she's clearly asleep and sleep-screaming, but other times she's awake.  We get her back to sleep easily when she's got a legitimate excuse to be awake, but most nights we end up leaving her to scream after checking on her.  My husband and I are beyond frustrated and can't handle the screaming any more, but her pediatricians have claimed it's normal night terrors and tell us to wait for her to grow out of it.  We're fed up and can't wait it out.  Help!

TL;DR:", 4yo screams most nights.  Please tell me this isn't within the realm of normal childhood and how do I fix this?
183,"SUBREDDIT: r/Parenting

TITLE: 3 Year Old Afraid of Sleeping, But Doesn't Know What ""Afraid"" Means.

POST: I've been searching the subreddit for a little context, and I think I know what's going on, but I thought it may be nice for others to know, if they're in the same boat searching one day, what we've been through. 

My son is a little behind on developmental stages, and he always has been. Super happy and great kid, just hasn't bothered to excel quickly with crawling, walking, talking, or pooping in the appropriate receptacle—he pooped on the floor tonight, but that was my fault, to be fair.

Anyway, he's always been a great sleeper, but all of a sudden, two weeks ago, he started being scared to go to sleep. He would cry and cry, the pitiful, terrified cries which you can easily distinguish. 

So we started (mother and I are in two different houses, but we have a great relationship and talk constantly about plan of action) asking him what he wants. He doesn't want anything. So we ask him what he's scared of, and then we realize he's never heard the word Scared before, unless from schoolmates. So he probably doesn't know what he's feeling right now.

So we're working on a dialogue to discuss what he's scared of, trying to get to the bottom of it to resolve the situation, and its getting worse. I'm sitting on the floor next to his bed right now while I write this. He's now terrified when we leave the room, even if all the lights are on.

So we're a work on progress. His imagination just started taking off, and he's probably imagining all kinds of things that are scary to him, and without us being close by, it scares him. He can't really communicate that to us well enough yet, but I'm convinced that's the problem. The answer, at least for now, is to reassure him we are here and nothing is going to happen to him.

We'll work on the communication thing, and maybe post and update on how it all went, but I wanted this post to be there for anyone that may be going through the same situation in the future.

Happy Parenting!

TL;DR:"," son doesn't know what ""scared"" means, but he's scared of something before bed and will not sleep alone. Posting this for future reference for anyone searching for the same sort of information."
184,"SUBREDDIT: r/Parenting

TITLE: Sex offender in the workplace, may have access to kids there: fine or not?

POST: Hi everyone. I came across this discussion on the Ask a Manager blog. It's about a person who is wondering if they should speak with management about a discovery they made: a new coworker was recently jailed for possession of child porn. In the discussion the OP reveals that the porn was extensive, of young children, and paid for. Also, the workers there are a bunch of parents and grandparents so one would presume they occasionally bring kids in to visit. 

  

The comments are bizarre to me. There is one woman named Gayle who is comparing pedophiles to homosexuals and essentially saying it is no big deal since they are born that way, and there is even a schoolteacher who doesn't see what the problem is. I AM HORRIFIED BY THIS! What do you guys think? Am I justified? Am I missing something?

TL;DR:", confused by the amount of people coming to the defense of a workplace sex offender who may gain access to children via the workplace. Wondering if I am overreacting.
185,"SUBREDDIT: r/Parenting

TITLE: Gave up thumb sucking and sleep problems arose.

POST: For the months leading up to his third birthday, we prepared our son to give up sucking his thumb.  

He only sucked it at bedtime.  He turned three and instantly stopped doing it.  But we quickly noticed it was adding a lot of stress to his life.  He started talking about wanting to be a baby again all the time and he started needing us to read him to sleep (he used to fall asleep on his own after we left the room after a book or two).   And he need a nightlight.

Then he started waking up at night screaming for us (usually only once, sometimes more).  For a month, we took turns laying with him while he fell back asleep.  Then we decided he could come into our room and sleep on a bed of blankets we made for him.

That was 4 months ago and it still happens.   We told him he could suck his thumb for bed time and it still happens.  He falls asleep while we read to him, then wakes up 3-4 hours later, sometimes yells, sometimes stumbles to our room, then sleeps on our floor for another 7-8 hours.

We've noticed that he seems to be sleep walking during this ""waking"".  He doesn't respond to us and has to be guided to his bed or the blankets on our floor.  More than once he wandered into his one year old brothers room and woke him up by yelling for mommy and daddy.  Oh and he definitely sleep talks.

Does anybody have experience with this?  Wife and I are sleep deprived and not sure how to deal with this.  Is this just a lot of unrelated things happening at the same time?  Will it just pass?

TL;DR:"," 3 YO gave up sucking his thumb and gained a ton of sleep problems, even after he resumed sucking his thumb. "
186,"SUBREDDIT: r/Parenting

TITLE: My kid is extremely bossy and a really sore loser. Help!

POST: Hi reddit!

I have three kids: 13, 7. and 4. The younger two wind up ""playing"" together, which usually consists of the 4 year old telling the 7 year old what to do, what to say, how to say it, and flipping out if she doesn't comply or leaves for a second to go to the bathroom or come to me because I called her to me to do something. She also insists on the 7 year old ""racing"" with her and gets angry and throws a fit if she doesn't win. 

So far, I've tried talking to her when she's calmed down and hasn't done it in a little while, I've tried talking to her when she's doing it, I've tried putting them in time out, and I've even banned competition until she stops being a sore loser (today, I know, stupid *sigh*)

I'm a single mom who works full time and goes to school part time and at this point I'm just at my wit's end. The younger two spend all the time we have together fighting and it's because of my youngest. I really hate how she acts and how 90% of the time I'm yelling, ""**STOP FIGHTING!!!!!**"" and ""**BE NICE TO YOUR SISTER!!**"" Help! How do I get her to knock it off?? My older two weren't like this at all. :(

TL;DR:", 4 year old is a totally bossy brat and a sore loser. I can't handle it anymore. What can I do?
187,"SUBREDDIT: r/Parenting

TITLE: Sleeping baby in apartment building

POST: I have a 6 month old baby and live in a small apartment in a small apartment building. Now that he sleeps really well for naps and overnight, my friends and husband have been encouraging me to go visit our other friend who lives down the hall.

The monitor reaches around the whole building. I have no issue leaving him while I run to get laundry, get mail, etc. if I have the monitor on. However, I'm just not quite comfortable spending the evening with in my friends' apartment while my son sleeps in our apartment. Distance wise, it is no further than being on opposite side of a large single family home. We know and trust all of our neighbors. I can see him sleeping on the video... But it still feels off. We also have a small workout room on our floor that I could go to as well, but I haven't done that either. What do you think? Am I being unreasonable?

TL;DR:", Would you leave your baby sleeping in a safe apartment building while you went to a friend's apartment down the hall with the monitor?
188,"SUBREDDIT: r/Parenting

TITLE: Exhausted (and exhausting) two year old - any advice?

POST: So here's the deal. We have a two year old who generally goes to bed around 7pm, and is asleep by 7:30pm. He wakes up around 6am.

He has one afternoon nap that generally lasts about an hour and a half. So all in all, he gets around 12 hours of sleep per day.

The problem we've been having recently is that he's just exhausted during the day. If we let him, he'd have an afternoon nap from 11-1ish, and then be asleep by 6pm. We've tried letting this happen, just to see what the result would be, and he was up at 4am. Now he's even more tired as a result, since he needs a nap even earlier...it's like he's working on a 22 hour day instead of a 24 hour one.

We'd let him sit in his room until 7am in the morning or so, in the hopes that he'd fall back asleep after some whining/crying, but we have a 5 month old in the next room who wouldn't be able to sleep through it.

Does anyone have any suggestions?

TL;DR:", 2 year old won't sleep long enough. Letting him whine/cry until he learns to sleep long enough isn't really an option (though I'd take suggestions on that too). Help!
189,"SUBREDDIT: r/Parenting

TITLE: Not a parent, but I have a question for parents

POST: Hello parents of Reddit!  I have a question I was hoping you could help me out with.  Let me start by explaining the situation.

I am 25 years old and my girlfriend is 26 years old.  We have been together for about 7 years and have no interest in getting married or having children (well, I would like to have children eventually, but that is for another time).  My girlfriends best friend has a boy who is about 5 years old whose father isn't involved.  Because of this, I find myself doing ""dad"" things with him.  

Recently I brought up going camping/fishing with my girlfriend while our friend was over and she mentioned that her son has not gone fishing and he would love it.  Of course I offered to bring them and this weekend we will be setting out for an overnight to an upstate river.

This past Saturday, my girlfriend and I purchased our first vehicle together.  A very nice vehicle.  The only reason we could afford said vehicle is due to the fact that my girlfriends parents offered to pay a large chunk of it, having recently sold their company (we're talking 8 figures).  We are both very proud of this new vehicle in all of its shiny, clean glory.

Today while sitting on the couch talking about our new baby (the car), we had a sudden realization that our friends 5 year old son will be riding in the car with us for upwards of 2 to 2 1/2 hours this weekend.  So I guess my question is, how can keep our new car like new?  My suggestion was to say no food or drinks in the car except water, but my girlfriend is convinced that won't fly with a 5 year old.  Is there any way to ""kid proof"" the car?  Is there any way to do that without offending our friend?  My second suggestion was to throw a painters tarp over the seats back there.  Again, my girlfriend shot that one down saying it would be mean.  How can we convey to her we want him to not make a mess without sounding like jerks?

Thanks, hope to hear back soon!

TL;DR:", Taking friend and her 5 year old child in my brand new car on a trip.  Will be in car about 2 1/2 hours.  How can I keep it clean?!
190,"SUBREDDIT: r/Parenting

TITLE: My 22 month old's two comfort objects go hand in hand. How do I get rid of one and not the other?

POST: My 22 month old has two comfort objects - his blankie and an empty bottle. 

Before I go any further, let me defend myself here. We never put any liquid in the bottle and he doesn't actually suck on it. He never has any stomach or gas issues because he's not swallowing air. Basically he just rests the bottle in his mouth and holds it there with his hand. He has refused a pacifier since about 4 months old. 

Anyway, he's almost 2 and is hardly without the blanket and bottle. He doesn't use them much at home except after he's been playing for awhile and wants to chill out with his bottle and blankie on the couch. He does, however, want them at all times when we're someplace new or around new people, which is understandable. 

I know that having a pacifier can start to affect teeth, although he doesn't hold the bottle with his teeth or suck on it, so I'm not sure if it's exactly the same, but nonetheless, we are starting to get some strange looks. 

I'm alright with the blanket going everywhere, but I think it may be time to get rid of the bottle. But, the bottle and blankie HAVE to go together. He throws a fit if he has one and not the other. So I'm not sure how to get ride of essentially *half* of his comfort object. I'm also kind of considering just letting it play out and see if he drops it on his own. But I don't really want a 3 year old walking around with a bottle hanging out of his mouth.

TL;DR:", 22 month old has two comfort objects that go hand in hand. How do I get rid of one and not the other?
191,"SUBREDDIT: r/Parenting

TITLE: Good god the tantrums have begun! And my SO and i are on different pages in how to deal.

POST: Oh.my.god.

My husband and i have a little boy who will be two in the next few weeks,  hes your typical little boy. You know that stage, touch all the things! Terrorize the dog and cat, say no to everything mommy and daddy tell him. Now, im more firm with him than my husband.  When our boy throws a tantrum throws himself on the floor, screams with big crocodile tears, its a good show for sure.

It makes me so sad seeing him that upset, but i know that i cant give in to him every time he throws a fit because hes not getting his way. I will let him sit there for a minute or two, then go to him and tell him why mommy said no. ( this morning i was a terrible person for not letting him push the kitchen chair to the window so he could fall out) anyway,  when its just he and i his tantrums are very few and far between.  When my husband comes home however,  they are constant. Hes got my SO so wrapped around his little finger that its totally undermining everything ive done with him during the day. My husband cant stand to see our son bawling and screaming,  it hurts his heart. I get it, it hurts me to but i dont want our son to become spoiled because he always gets his way.

TL;DR:"," my husband coddles our son when he throws tantrums and says im being to harsh. I dont want our kid to become a brat, need advise on how to get my husband to see my side of this"
192,"SUBREDDIT: r/Parenting

TITLE: How do you keep your kid's interest in science alive in the public school system?

POST: My kid loves science and has started kindergarten in a public school. I've got a friend whose kids are in a private school, and I've heard about the fun and elaborate science projects that they're doing as part of their science curriculum - building a car in Grade 1, building a heart and lung model in Grade 4 etc. I didn't grow up in North America and have no experience with the schools here, but I have the feeling that my kid won't get the chance to do all those fun science projects at her public school. 

We can't afford private school, and I have a very demanding job so I don't have a lot of time to do science with her on the side. At the same time, I don't want her to lose that interest in science, and want to nurture it. 

Has anyone gone through this? What kinds of difficulties will I face, and what can I do? Can you please share your experience and advice? 

I've been lurking here for a while, but this is my very first post. Please be gentle. :)

TL;DR:"," How do you keep your kid's love for science alive if the public schools don't have the funding to provide a strong science education, and we can't afford private schools?"
193,"SUBREDDIT: r/Parenting

TITLE: Should I make certain mistakes ""public"" information?

POST: My son, a 16-year-old, performs poorly in school (though they are all advanced placement courses) and I occasionally catch him high on weed. The bad grades are not due to a lack of intelligence, but a slew of zeros for not turning in assignments. He's admitted to just not studying for tests/quizzes often. In terms of drugs, he doesn't have much of an explanation. I've noticed that every time I've confronted him about these or other major issues, he doesn't beg me not to ground him or not to take his Xbox, etc., but instead pleads with me that I not tell other family members about it. It hit me yesterday, as I caught him high again, that perhaps I *should* tell his other family members, mostly older cousins who are all responsible and successful (with the exception of one black sheep and a few younger/peer cousins). Do you think I should make information about his drug use or information about his grades ""public""? Could it possibly shame him into changing his behavior? Could it instead backfire? Anyone have experiences trying something like this?

TL;DR:", Teenage son has bad grades and smokes pot. Should I share this information with his older cousins in hopes of shaming him into changing?
194,"SUBREDDIT: r/Parenting

TITLE: Babies Can't Wait - Great resource for children under 3 years old that might need therapy

POST: Babies Can't Wait (BCW) is a federally mandated,  state run program for children under 3 years old. They provide free evaluation for the children first by a BCW coordinator and then by a specialist. Speech, physical, ocupational, feeding, etc. therapies are available. A physician or a parent can request evaluation. At local level, BCW contracts with private therapy clinics that agree to charge the MedicAid rate (the cheapest). Based on the parents' income, the government then pays a percentage of the fees with the family's medical insurance or the family responsible for the rest. Once the kids age out of the program, BCW facilitates the transfer of the kids to the local school system where a developmental pre-school is available.

My family has used this program twice and we are very impressed. First, when my middle daughter was 2, she started stuttering. We had her evaluated and the speech therapist said that she did not qualify for BCW and would grow out of it. I suggested that we bring her to the therapist's private practice but she said that was not necessary. That impressed me. My daughter did grow out of it. 

My youngest daughter was a very late talker so we had her evaluated when she was almost two. She was on the casp of being speech delayed so they recommended therapy. The therapist comes out either to our house or my daughter's school. It is so easy! Based on our income, each 1/2 hour session is somewhere around $15. However, our insurance covers it so it is absolutely free.  She qualified for a year of therapy and will be reevaluated next summer to see if she needs further therapy trough the school system (which is free). She is progressing so fast, that the therapist does not think she will need further intervention once this year is up but we will still go through reevaluation process.

TL;DR:"," If you are worried about your child's development, have them evaluated by Babies Can't Wait. I cannot recommend them highly enough!"
195,"SUBREDDIT: r/Parenting

TITLE: What to do when I find my 16 yo son is in a sexual relationship with a 34 year yo woman.

POST: Apparently this has been going on for a few months. To add complication she's also been buying him marijuana which he's been picking up and selling to his friends. As of the last 12 hours I've cut off his lines of communication but being a 16yo with a hard on I know he'll find a way around it if he doesn't outright run or sneak away. He assures her that when he turns 17 he can(allegedly with our permission(another lie)) and wants to move in with her and although she says she left another guy for him, she is in a long term lesbian relationship with another woman from whom they are hiding theirs. I'm not exactly fond of the legal involvement and he seems absolutely heart-shattered at the moment. He's already gotten expelled from his highschool for smoking weed before school and I have him in a private homeschool. If we were to get the law involved how likely is he to get in trouble for selling weed? The only ""evidence"" besides his own admission is his txt messages which are chocked full of info on who he's giving to and getting weed from. He's even been stopped by a ranger leaving a dealers house so Im' sure he may already be under investigation. This is our first teenage rodeo, what say the wise parents of reddit?

TL;DR:", My son is sleeping with my ex girlfriend who I broke up with about 19 years ago. He's 16 and 'in love.' She's an ex-cop.
196,"SUBREDDIT: r/Parenting

TITLE: What do you do/say when your son wants to do ""girl"" things (paint nails, specifically)?

POST: My stepson is almost 5 and has been asking me to ""do his nails"", because he sees me doing my own. He thinks it's cool and is always checking to see what color I have on. 

Honestly, his dad and I couldn't care less if our son wants his nails painted. We've considered painting them for him on a weekend and then removing it before school, even, but don't know what to say about why it would have to come off. We are pretty sure his teacher would say something, and likely the other kids in his class, too. 

What do you do/say? ""You're likely to get teased because that's a ""girl"" thing?"" We don't want him to think ""girl"" things are negative!

TL;DR:"," Stepson wants to paint his nails, we (parents) couldn't care less but realize he's likely to be made fun of or told ""that's for girls"" by his peers. Don't know what to say."
197,"SUBREDDIT: r/Parenting

TITLE: 6YO Daughter - No Common Sense HELP!

POST: Hi Everyone,

I need some advice on how to deal with my daughter. She is a great kid and really sweet. That is, until you stop watching her 24/7.
What is grinding my gears, is that is she is playing with others without adults any sense of logic or independent thinking goes out the window.

For instance, they her and her brother are watching a movie while I am doing chores around the house and her 4YO brother asks her ""how much can you spit?"" so instead of watching a movie she is spitting into toilet paper?
(This was last night)

The day before, we asked her to clean up her room a bit and then she proceeds to break the wheels off one of her brother's car's and when we asked her why said responds ""because it was in my room for two days""

There are *countless* examples of incidents like the two I mentioned, I am afraid that she does not 'think' when adults are not around and then when you ask her why she does these things we can't get a straight or honest answer out of her.

I do not want her to be one of those kids who blindly follows what others say, I know she is only 6 but there are more accounts of just stupid shit that she does and then can't give us a reason why she does it?

Thanks Reddit

TL;DR:", 6YO Daughter constantly does stupid shit while unsupervised I would like her to use her head instead and think about her actions.
198,"SUBREDDIT: r/Parenting

TITLE: 7 month old taking 1+ hour to sleep

POST: I am a new father. I have a 7-7 1/2 month old son. My wife and I tried doing the Ferber method back when he was about 3 months old. He cried almost 5 hours straight and it scarred us and so we were very cautious and slow with sleeping training. About 10 days ago, after turning 7 months old, we decided to give it a try. 

We put him in his crib and about 55 minutes later, he went to sleep and stayed asleep for a few hours and cried and went back to sleep. Miracle!! Next night, we read that he should take half the time to sleep. 15 minutes until he fell asleep! Miracle #2!! The next few nights, he was anywhere from 35-50 minutes. Definitely not taking half the amount of time to sleep...

The past 4 nights, he cries in his crib for 1+ hour. He sleeps well through the night except maybe requiring 1-2 comfort boob feeds, but I'm starting to get concerned on why he is taking so long to fall asleep. During the day today, he has been extra needy, i.e. we can't go from the living room to the breakfast room without him crying. When I go get him in the morning, he wakes up crying and of course immediately stops crying when I pick him up.

Did we do something wrong? Is there anything we can do to fix this?

Thanks reddit!

TL;DR:", 7 month old takes over 1 hour to sleep. Having separation anxiety during the day if walk away 10 feet. How can we fix this?
199,"SUBREDDIT: r/Parenting

TITLE: How do I help my sister have more reasonable expectations about children?

POST: Hi all, this is becoming a big source of animosity and would appreciate any advice. 

My sister who has no personal experience raising kids (other than helping from time to time with my son) is dating a guy who has  school aged children from a previous marriage.  I've met the guy's kids, and as far as kids go, I think they're pretty well behaved.  If anything they're a little spoiled and clingy to their dad (sisters boyfriend). 

However every little thing is a source of misery when it comes to the kids. She is always complaining about how they're messy, clumsy, forgetful, and how needy they are when they get sick. She hates how they try to do things themselves but get in trouble or break things, rather than asking her for help.  More than anything she complains about the kids' weird personality quirks, like odd habits, and random times they decline doing common sense, ""fun"" things that you would expect a kid to like. 

My sister, for her part insists that she wants to have kids, and if she could be the parent she would do a better job and the kids would be better behaved. (She feels her boyfriend spoils them, which may be true, but again, they're not bad kids). 

I have repeatedly tried telling her that these kids aren't bad and pretty much everything she is describing goes with the territory of raising children. As we know, kids are weird, and they're not just short adults. But she still is stuck on the issues and doesn't want to leave him either. 

Sooner or later it's going to reach a boiling point and will take care of itself, but I'd like it to work out since the boyfriend is good for her.

TL;DR:", Sister's boyfriend's school age kids are driving her nuts to the point of ruining an otherwise perfectly good relationship. But my sister's lack of experience with kids may be causing her to have unrealistic standards for the kids.
200,"SUBREDDIT: r/Parenting

TITLE: Strangers want to pierce my toddler's ears and plait her hair...

POST: Ok, not exactly strangers, but ladies from my church, my MIL, my brother in law's girlfriend, all have something to say about my baby's hair. ""Why don't you plait her? You should plait her!"" Let me add that we're black, and it seems all black baby girls have plaited hair and ribbons and all that. My baby (18 months old) doesn't like her hair getting touched, honestly, I've tried. So her daddy and I resolved to just comb it till she reaches an age where she'll accept being plaited. But explaining this to all the know it all women out there falls on deaf ears. ""Let me plait her! She won't refuse!"". So far, I've learnt to just ignore all these comments. But yesterday took the cake. My brother in law took my daughter out  for a drive. A few hours later he sends a text to my husband's phone saying his friend (female I suppose) wants to get our daughters ears pierced, so should we? WhAAAT?? Firstly, we don't even know this friend, and she doesn't know us. What makes her think she has any right to make such a permanent decision on our behalf? Does she think my baby is not pierced because I'm an ignorant buffoon who doesn't know what ear piercing is or that I can't afford it or what? (Note: my own ears are pierced, I have nothing against it). This seriously upset me. My brother in law's girlfriend is the same. Plait her. Pierce her ears. I recently plaited my daughter for fun and the girlfriend was like ""ohh, now for the ears!"" What? Am I missing something here? Is this an ok thing to do/say? My daughter is perfect to me with her natural hair and unpierced ears, why does it bother other people so much? Am I being unreasonable?? Should I just get her ears pierced so that people (read:women) can shut up? Sorry I went off there

TL;DR:"," women keep telling me to ""doll up"" my baby, I like her natural. Should I just give in?"
201,"SUBREDDIT: r/Parenting

TITLE: Proud of My Son!

POST: I'm having a proud mom moment and I just needed to share! 

My son started taekwondo three years ago. He was shy and very reserved, even hesitant. He watched a demonstration, and just lit up, begging to try. My husband and I were thrilled, as all other physical activities had been met with little enthusiasm. 

Today my son will test for his first black belt. He is a member of the demonstration team, and has competed in state competition in sparring. He volunteers to lead his class in warm ups, and has requested permission to help with beginner classes. 

He is a confident, vocal and enthusiastic student in taekwondo  AND school. He is also self motivated, checking his schedule on the fridge and getting ready for class, and often helping his younger brother do the same. He hates missing a day for any reason.

As a mom, I am so thrilled with his growth and accomplishments. But what absolutely floored me this week was the fact that others have taken notice. When it was announced that he was a candidate for black belt, I got several offers for recommendation letters, from other parents. One parent wrote a letter that brought tears to my eyes!

My son is a great kid, with a good attitude, a determined spirit, and a sweet nature. I don't know how I got so lucky, but I hope to continue supporting him as he continues on his journey.

TL;DR:"," My son is a great kid, others want him around their kids. He is achieving a huge goal this week, and I want to cry with joy over his growth in character!"
202,"SUBREDDIT: r/Parenting

TITLE: How hard is it for both parents to return to work after baby?

POST: I am aware the answer would be relatively subjective but I would like to hear about personal experiences. 

We haven't started trying for a baby yet, but the plan is June 2015, but I worry about how hard it will be to raise a child, maintain a household, maintain a relationship and a job all the same time without burning out? 

My partner wants me to return to work and I don't really want to, for the fact that I think it would be too difficult. We don't have a lot of family so theres no real support system and the baby would be in day care. I worry about having the energy to be able to maintain the household or us fighting alot because we'll both be tired, and I don't want my partner to resent me because he would get barely any free time if I was to go back to work. I would try to work nights to avoid day care fees.

TL;DR:"," My partner wants me to go back to work, I don't want to because I don't think it'll work. Personal experiences and thoughts?"
203,"SUBREDDIT: r/Parenting

TITLE: Daughter (20 mo.) wants to sleep in her brothers (3YO) bed... this is ok, right?

POST: My son has slept like a champ since birth: All night, no getting up, bed at 7p until 6a daily. My daughter, on the other hand, co-slept with us because of breast feeding until about 3 months ago. Since then we had her sleep in her crib alone. My wife and I slept on the living room floor because she would cry and cry if we were in the same room (two bedroom house.)

A month or so ago she learned to get out of her crib so we bought a captains bed and moved them into the same room and are expanding our house for a new master room for us. She doesn't want to go to bed at 7 like my son, so we moved bedtime to 730 which didn't work. Now it's about 830 and we try to run them around the back yard to tire them out. They still don't fall asleep right away and end up playing/giggling until they fall asleep in the same bed. Is this ok since they're still so young? I just don't want to develop anything bad.

TL;DR:", Son and daughter fall asleep in the same bed...ok or no? Sorry for the long winded post on a boring question. 
204,"SUBREDDIT: r/Parenting

TITLE: My kid, the baby sitter buster

POST: So here's the deal: we had our first kid in October, so he's almost 4 months now. Our first baby sitter quit us because we complained to the agency when she called us away from school and work to pick him up when he spit up too much and then, on another occasion, cried too much. Soon after that, we got a new baby sitter. Today, she tells us that he cried for three hours straight today and that she'll see how it goes next week.

So we might lose her too. My kid doesn't cry like this at home so we're a little concerned. Am I being unreasonable when I say that baby sitters shouldn't quit parents because their baby cries? What can I do to curb his crying? We don't think it's colic. Seriously, he's awesome at home.

TL;DR:", my kid cries so much baby sitters keep quitting him. It's probably not colic. what do we do?
205,"SUBREDDIT: r/Parenting

TITLE: If your 6yo child was supposed to be at school till 5 for practice but came home on the bus instead. What would you do?

POST: My daughter is 6 years old. She joined the boosters team this year. Twice she came home on the bus instead of me picking her up at school. I was suprised she came through the door and shocked that she wasn't where the school said she would be. I was also worried about the fact that they didn't call to notify me that she was missing from practice. I drove her back to the school and I asked the teacher what the problem was. I assumed maybe my daughter lost her permission slip or something. The teacher got definisve right off the bat and told me that it was not her responsiblity to know where my daughter is at and that my daughter knew she was supposed to be at practice but got on the bus anyways. I told her that when I show up one day at five to pick my daughter up and she doesn't know where she is, what happens then? The next day my daughter got in trouble for coming home on the bus. Now she doesn't want anything to do with boosters and wants to quit the team. If I had 25 permission slips but only 24 girls, the first thing I would do is look for the missing one. They don't know if I work or not, they don't know if my doors are locked. The issue was brought to the principle and she agrees that my daughter is responsible for knowing how she gets home in the afternoon. I understand that my daughter is cabable of picking the bus or the gym but they should have AT LEAST called me when they realized she made the wrong choice and was missing from practice. Any thoughts and advice would be helpful.

I should also mention that my daughter, thankfully, only has a few more weeks at this school because we are moving.

TL;DR:", School says my daughter(6) is responsible for how she gets home in the afternoon and the school is not responsible (and will not look for her) if she makes the wrong choice.
206,"SUBREDDIT: r/Parenting

TITLE: 7th grade daughter won't do homework...any suggestions?

POST: Our 7th grade daughter (12) has waged war against homework for the last 2 years.  I have tried every method of positive reinforcement (cash, travel, electronics) and punishment (grounding, double chores, etc.) known to man, but have gotten no response.  

This is beginning to severely affect our relationship and her social life.  

The school counselor has spoken to her and she hasn't indicated there is a problem at home or at school that might be causing this.  

We have an appointment with her pediatrician and hope that she can refer us to a good psychologist or another resource that can help.  

Anyone with experience in this arena, please help!

TL;DR:"," Daughter hasn't turned homework in on-time for 2 years, despite campaign of positive reinforcement and punishment.  Looking for suggestions."
207,"SUBREDDIT: r/Parenting

TITLE: Is anyone else the first in your group of friends to have kids? Has your experience with bad friends been similar to mine?

POST: My wife and I were the first in our group of friends to have children and I recall wanting to show my child off to all my friends, expecting adoring admiration and their genuine love of my child. Instead, no one cared at all and we were basically banished from all circle-of-friend activity from then on. I wasn't expecting a parade or anything but it shocked me how little everyone, other than family, gave a shit. I even had one friend ask me to ""show that shit to my wife because I don't care about that stuff"" when I showed him a picture of my newborn. Ironically, he now shows me pics of his kid every time I see him. But now all of my friends are all having children and, low-and-behold, they are actively showing their offspring off to us, desperately seeking the same approval we sought, apparently oblivious to the zero fucks they gave when we did the same to them. Since I have no basis for comparison, do people who have kids later on in their group of friends realize what complete assholes they were? Or are my friends just an anomaly of particularly douchy people?

TL;DR:", Wanted to show off my kid; friends gave zero fucks; now they are having kids and showing them off to me; do people realize they were douchbags once they have their own kids?
208,"SUBREDDIT: r/Parenting

TITLE: Daycare choice between ideal commute and ideal community

POST: My (35M) daughter (2.5) is attending a preschool that my wife (34) and I both describe as our ideal daycare environment. There is a strong parental community and we've made good friends with the other families there. My daughter seems happy there, and speaks fondly about her teachers and classmates. The teachers are warm and communicative. The administration is right in line with our educational beliefs. Another bonus is that it's just down the street from where I work.

The problem is that, after starting our daughter there, we moved to a city an hour's drive away to be closer to grandparents. My daughter has been doing ok with the commute. We talk or listen to music. Usually by the end of the hour she's expressing that she's ready to get out of the car, but overall she doesn't seem to hate it the ride.

We just recently found another preschool less than 10 minutes from our new house. They currently have an opening for our daughter and in the summer will have an opening for our 1yr-old son. My wife, who works from home, would take the kids to and from school. It seems like a perfectly fine place, also with a strong parent involvement, and we intend to go to various events to meet the families there to get a better sense of the community. The administration, however, doesn't really align with our philosophy as closely as it does at the far school, but the classroom teachers still seemed attentive and caring.

I know logistically it will be easier to send the kids to a nearby school, and that if they continue to go to a far school, that's 2 hours of their day they're just sitting and not being active.  However, I have such a strong connection to the community at the far school that it breaks my heart thinking about leaving it. And I'm not totally thrilled with the administration at the nearby school. I honestly don't know how upset my daughter would be switching schools, but I imagine she will not be as sad as I will. 

Just wondering if any of y'all have made a similar decision and what how you felt about it.

TL;DR:", Faraway preschool with ideal community vs nearby preschool with ideal commute - anyone have to make that kind of decision between one or the other? How'd it go?
209,"SUBREDDIT: r/Parenting

TITLE: Table foods for toddler difficulty

POST: My son will be 16 months old soon. He's been eating purées since 6 months. We tried introducing table food at 8 months & consistently failed. His pediatrician is not concerned because ""some kids just don't like texture & he's getting all his fruits, veggies and meats"" and he seems ""lazy."" But it's recommended that kids eat table foods by 12 months and I started freaking out around then. He sees an occupational therapist weekly because of my concerns and he's had some improvement since July (he will eat cookies & crunchies). 

Has any other parent had a difficult time with table foods? Any advice is helpful!!!

TL;DR:"," 16 month old doesn't eat table foods and Doctor isn't concerned, I can't help but feel like more progress should be made by now."
210,"SUBREDDIT: r/Parenting

TITLE: Adult daughter emotionally unable to live on her own. Advice?

POST: I'm not sure what to do. To most my daughter (26), Rachel, is a functional adult. She has a career, can cook, tend to a house, manage money, etc. Basically she has all the necessary life skills needed to thrive.

Except she, by her own admittance, can't emotionally handle living on her own. It's partly our (my husband and I's) fault. We've never pushed her to move out. After high school, we told her we'd support her as long as she went to school. So she went to the local state college and got both a bachelor's and a master's degree.

Now she works, contributes to the household funds, and keeps out of trouble, but still lives at home with us. She says she never wants to move out, and as long as she keeps helping out we're fine with that, but what about when my husband and I pass?

She did have a month where she tried to live on her own. She was house sitting for a coworker of hers who was on vacation. But it didn't go so well. Before the first week was up you could hear how depressed she was on the phone. She later admitted she spent hours one day crying after a phone call home. Maybe she was just home sick but this doesn't seem normal? She even left the house to come home as soon as she was able. We're talking out the door 5 am the day the coworker was due home.

She says living on her own was awful and that she hated us and her brother not being there. But we're not always going to be there? What will she do then? Maybe she can stay with her brother (22), but what about when he starts his own family? 

Please help Reddit. I don't want my daughter to fall to pieces when her father and I are gone, but how do I teach her the missing skills she needs to thrive?

TL;DR:", Adult daughter has all the skills necessary to survive on her own except emotional maturity. How can her father and I help her?
211,"SUBREDDIT: r/Parenting

TITLE: Found drug paraphernalia in sons room (x post from r/relationships)

POST: Apologizing in advance because my thoughts are racing and I'm feeling a mixture of emotions right now. I was cleaning my sons room and opened his cd disk to his computer. I can't really describe it well but there's a small place where otherwise small objects can be stored and go unnoticed. I feel around in there and discover 2 small bags of a brown dirt looking substance and crushed powder in the next. There wasn't much in each. I discovered a carton of cigarettes and a needle as well. Naturally, this has beyond got me panicked and I'm at a loss as to what steps I'm obligated to take. I wanted to consult with other people as to what would be the proper way to handle this. I don't know what drugs he's using but with a needle I can only assume the worse. Please, if you have any advice, offer it.

TL;DR:"," found drugs and needles in sons room and unsure of what proper steps to take. I know the obvious, but I want to be absolutely sure I handle this in the most appropriate and necessary way."
212,"SUBREDDIT: r/Parenting

TITLE: Losing our minds. Looking for advice.

POST: Hello,
My wife and I are at a breaking point and we can't figure out what the hell we're doing/going to do. We have a beautiful 6wk old and she is 100% bf. My wife is adamant about this and I support her. (More on this later)
Our daughter is not colic nor does she have reflux(barely spits up). Our first daughter had reflux and bf lasted about 4 months. Here's the situation:
She won't sleep. At all. We both know she's OT and we have tried almost everything. Swaddling, different swaddles, hates a pacifier but will suck on your pinky for an eternity and still be wide awake. I'm sure I'm missing stuff. She sleeps in a rock n play next to mom at night and every night is the same. Several hours trying to get her to fall asleep, then as soon as she is we lay her down and you all know what happens. Then 90 minutes later, bam. Rinse and repeat. My wife is losing her mind staying at home with the 6 wk old and the 2 yr old. We know that 6 wks is the peak for fussiness but it doesn't even seem like she's fussy. She just stares off into nothing and stays awake. 

I suggested my wife pump some breast milk and try bottle feeding; this idea was shot down by her and her mother (I told her to talk to her mom). My thinking comes from the experience we had with our first, she wasnt getting full meals and then when we started using a bottle, problem solved. My wife says no because she wants the bf experience and wants to push through until they get it worked out. I feel differently because i want both of them to be taken care lf and thats not happening. The worst part is this situation is starting to tear at my wife and I. Every day is an argument and nights are even worse. I'm not here to discuss how the arguments start or what my wife does to annoy me. What are we not thinking of? Our first was fussy and had the usual stubbornness but it was nothing like this. Please Reddit, you're our only hope.

TL;DR:", 6 wk old isnt fussy but won't sleep and is causing wife and I to lose it because we're both exhausted and am looking for advice/help to see what other parents have done.
213,"SUBREDDIT: r/Parenting

TITLE: March marks 1 year of me (37m) being a single parent of 3 kids (now 19mo., 4 y, 4y), and I think I need someone to tell me it'll all be OK

POST: This month marks 1 year of me raising my 3 children on my own. My ex/separated wife came back briefly in September after my repeated attempts for her to at least try to make things work if not with me, then at least her kids. Unfortunately, after that she left and has not spoken to her children since. She has been emailing with me, only as a result of legal stuff.

It's been a rough year, and  moreso a rough 6 months. At least before September, she talked to her kids on Skype (from England), but she hasn't had contact with them since September, other than a birthday card she ordered for the twins, through some online service. About as impersonal as you can possibly imagine.

I've been doing my best to take care of the kids and give them everything they deserve, but without spoiling them. Nothing pisses me off more than a spoiled child, and I won't allow that to happen to my own kids, regardless of circumstances.

Anyway.

I think I'm posting this tonight because I inadvertently queued up what has turned out to be an 80's love song medley, hitting all the soft spots from my teenage relationships, and it's all but left me in tears. I've talked to a counselor a few times, but I'm not sure I've ever properly grieved (disclaimer: my counselor told me this some months back; I'm totally ripping her off).

Anyway (again). I guess I'm just posting this as an outlet, in the hopes that someone will say something that magically makes me feel better. My kids are my world and I'd die for them without hesitation if need be, but once in a while, like tonight, I just get caught up in the melancholy of what is my life.

Sorry in advance for the sob story :)

TL;DR:"," massive sob story about how I'm single with 3 kids and life is kind of hard, and I'm having a rough night"
214,"SUBREDDIT: r/Parenting

TITLE: My ex-husband is leaving our 7 and 9 (almost 10) year old children home alone. Am I overreacting? (throwaway)

POST: My ex-husband and I get along pretty well when it comes to things concerning our kids. I live an hour away from them and sometimes I feel a little left out of decision making/discipline. Since they primarily live with their dad and his wife, I let a lot of it slide.

Two years ago it became known to me that my children (then 5 and 7) were being left home alone after school. I made a huge stink about it and childcare was arranged for them. However, since then, there have still been incidents where they are left alone anywhere from 30 minutes to 4 hours. Once they were even left home all day while both dad and step mom were at work. There was also an incident where my younger child called 911 and hung up because they had just learned about it in school and he didn't fully understand what would happen. A police officer showed up, fortunately the step mom also showed up about 15 minutes later so the kids weren't taken away.

The fact that this is still occurring really frustrates and infuriates me. I'm frustrated because my ex-husband and his wife see nothing wrong with this kind of neglect. The fact that they think it's ok infuriates me. I understand that children begin to show signs of maturity, enough to be left home alone, around the age of 10. But I feel that even so, a 9, almost 10 year old, should not be left in charge of a 7 year old who worries and is uncomfortable being left alone. 

I would really like some advice and perspective. Am I blowing things out of proportion and overreacting? Should I let this go?

TL;DR:", My ex-husband and his wife feel it's ok to leave 7 and 9 year olds home alone for 30 minutes to 4 hours. Is this acceptable or should I seek help?
215,"SUBREDDIT: r/Parenting

TITLE: Mother's separation anxiety and going back to work

POST: Hi /r/Parenting,

I've been a mess the past couple of days. Just really, really shitty days. I'll start off with telling you that we had planned for me to stay home indefinitely with our daughter who is now 19 months because financially, I can. We wanted to raise her ourselves instead of sending her to daycare (I know how lucky I am to be able to do that, and I'm so grateful.) But things in the household have been tight (but manageable) lately and I feel the need to get back into the workforce to help us out, so I've been applying to jobs like crazy. I had put everything else to the back of my mind. Now I have an interview tomorrow, which I was excited for at first, until it really hit me that this could be it and I'd be going from spending all our days together, to sending her off to someone else almost every day. The thought breaks my heart and brings me to tears...
I just wanted to know if this was normal? Has anyone else been in a similar situation? I know I'm incredibly lucky to have been home with her this long, but I'm not sure if that makes it better or worse when going back to work. I know my husband would appreciate it, but he insists that I stay home if I'm not ready. I don't think any mother is ever ready to leave their young child every day but it's something that we overcome. I guess maybe I'm just looking for support and don't know where else to turn.

TL;DR:", I'm probably going back to work and am having near-panic attacks thinking about leaving my 19 month old daughter everyday.
216,"SUBREDDIT: r/Parenting

TITLE: Advice needed: turning down playdates tactfully

POST: Bobby, a kid in my son's kindergarten class, seemed to be a good friend of my son's. But in the last couple of months, he has become bossy, controlling, and downright mean to my son.

Bobby and my son have done numerous playdates at each other's house throughout the school year, and during these playdates I've developed a friendship with Bobby's mom.

Bobby's mom is very outgoing and frequently invites us to do things together, like playdates and sports. But honestly, from what I've witnessed of Bobby's interaction with my son, I feel like my son should get some distance from Bobby. Bobby's constantly putting my son down, lying about him, and trying to get him in trouble. I hate to say it, but Bobby's quite an asshole.

The last couple of times Bobby's mother invited us to do something with them, I turned her down with fake excuses. But I've decided that my son's self esteem is too important, and I no longer want my son hanging out with someone like Bobby. The playdates will have to come to an end.

I am torn between how I should get the point across to Bobby's mom. Should I continue evading her invitations and making up excuses or just tell her the truth about how I don't like the interaction between our sons?

Have any of you been in this kind of situation? If so, how did or would you handle it?

TL;DR:"," Should I keep on making up excuses to turn down playdate invitations or just confront the other parent and say, ""Hey the reason we can't do playdates anymore is because your kid is mean to mine""?"
217,"SUBREDDIT: r/Parenting

TITLE: Wish I'd waited on the cell phone (young teen)

POST: I bought my 13 y.o. daughter a cell phone (very basic, no web access) to use for emergencies when she was in seventh grade.  She's in eighth grade now and is constantly hounding me to buy her an iphone.  

We discussed general rules for the phone when she first got it: It has to be turned off and stowed at night, no checking phone during certain times, etc.  But then I stopped checking to see where the phone was at night.  And then I realized she was staying up late to text.  Also the phone use skyrocketed.  

It was about a boy.  The same reason I started locking down her computer a year earlier, when she would get up in the middle of the night to e-mail and instant message.  

So now I fear it's going to come to a face off, and I might end up taking her phone away, and I just wish I'd never given her one.  She says ""everybody"" has a cell phone and ""everybody"" has unlimited text.  She wants to know how she can get in touch with this boy if she doesn't have unlimited text, and I told her to use the landline.  

Which brings me to my second issue:  Just because I can provide something, should I?  I try to live under my means.  I don't have an iphone, don't buy a lot of stuff, drive a small, old car.  While I could probably afford a phone plus service, I don't want to spend the money.  And it would be a fairly large outlay for something I don't think is necessary.

TL;DR:"," Kid has a cell phone and wants to text all the time, I don't want to take it back but might have to, and additionally kid doesn't seem to have any idea that money is finite."
218,"SUBREDDIT: r/Parenting

TITLE: How do pseudo-stepmom thing? (Long-ish and convoluted relationship ties.)

POST: I [26F] am looking for some advice on this pseudo-stepmom thing I've found myself in. 

My long term partner [36M] and I cohabitate together. He has a wife, whom he was separated from at the time we started seeing each other, and two children 13F and 4M. 

Though his wife and I didn't initially get along (more on her part than mine. They were separated pending divorce when he and I began dating, as you recall, and she was a bit bitter about it), over the last few months I've been spending a lot of time with my partners wife and the children outside of his presence. I'll go and spend the day and help with child care and meals and what not. I've driven her to doctors appointments and helped her recover after a minor procedure and she's taken care of me in turn with minor illnesses. 

As you can see, we get along well now and care about each other a great deal. 

(It's worth mentioning that my partner is polyamorous and maintains a romantic and sexual relationship with his wife, even though they no longer live together. IMO, it's improved their relationship drastically. I'm monogamous with him and, as far as I know, so is his wife.)

My only concern is not overstepping where the children are concerned. I love them both with every bone and bit of skin in me and I enjoy being around them (and their mother!) quite a lot. 

Though there have been times I felt compelled to correct the children when they do something wrong. Like the little boy climbing on a chair or throwing things at the TV. Or, in the case of the teenage daughter, I once corrected her when she called her parents by their given names in front of me instead of calling them ""Mom and Dad"". 

Sometimes it's happened in front of their mother and sometimes not, but I don't want her to feel like I'm trying to replace her or interfere with the children.

TL;DR:"," Involved with LTP's kids and wife frequently, worried about pissing off his wife by overstepping where the children are concerned."
219,"SUBREDDIT: r/Parenting

TITLE: Not ready to leave 8 month old overnight (need advice)

POST: I have an 8 month old little girl who is the light of my life. I've wanted to be a mother as long as I can remember and it took my husband and I 2.5 years of fertility headaches to have her. She is a very good baby. She's is friendly, happy, and calm. She plays by herself, eats great, and sleeps through the night every night. 

My husband was recently given tickets for us to go to see an upcoming Pirates game in Pittsburgh. Neither of us has ever been to a major league game before, we're not huge fans but do find baseball games fun. My husband is adamant that he wants to go to the game without our baby so that we can have some adult time. This sounds great and all but  up to this point the most I've been away from her is leaving her for a few hours with either a relative or a friend to go to the movies or go swimming. I am a stay at home mom. And that's been less then 5 times since she was born and we were never more than 15-20 minutes away. Pittsburgh is 3 hours from where we live and the game doesn't start until 7 PM so we would have to leave her with a sitter (trusted friend) as early as 3 PM to get there on time and have some leeway. The sitter would have to feed her 2 bottles plus dinner plus put her to bed. I have arguments about asking someone to do all that as it is but the truth is I just don't know if I ready to be that far away from her for so long. But, since my husband absolutely doesn't want to take her, my refusal would mean we wouldn't go at all and he is really looking forward to it. I'm afraid he would resent me if I say no but I'm afraid I'll either regret going or be miserable the whole time because I'm worried about her.

TL;DR:"," Husband got baseball tickets for a game 3 hours away and doesn't want to take the baby, I want to go but am scared to leave her. What should I do?"
220,"SUBREDDIT: r/Parenting

TITLE: How do I feed this 3 year old?!

POST: Me and my wife have 2 kids.  One from her prior relationship and one from my prior.

Her daughter just turned 4 years old.

We wake up with cereal or oatmeal for breakfast.  A snack (granola bar, gummy fruit snacks, goldfish crackers, etc) around 10am.  Lunch at noon (usually spaghettios, peanut butter sandwich, hot dog, etc). Another snack around 3pm or so.  Supper around 6 or 7 and bed.

Fine and all.

Then you get to my daughter who is about 7.5 months younger.

Take that same food schedule.  Double it.  Tripple it.  Add a few more snacks.  Add another lunch.  Maybe 2 more suppers.

I'm still hungry!

How do I deal with this?  What do I do?  She is not a fat girl, she is perfectly in her weight range.   But this hunger never goes away.  I feel like it'd harmful to give her as much food as she asks for but it also seems cruel to not give her food when she is asking for it.

What can I do?  What foods would ""last longer""?

We keep both girls with water bottles at all times hoping they help keep their bellies from feeling empty.

TL;DR:", My daughter is a bottomless fit and she is constantly hungry even though she eats twice as much as the other daughter who is the same size and age.  How do I keep her full?
221,"SUBREDDIT: r/Parenting

TITLE: How do you approach subjects that are beyond what a child would understand?

POST: Some backstory:  My nephew on my wife's side is apart of a custody situation.  My wife and I get extended visits with him courtesy of the boy's mom.  My wife is on the outs with her brother(the boy's dad).  We recently for matters entirely unrelated to the baby or related to why my wife and her brother don't get along, repossessed a vehicle we were letting him borrow.

I'm very concerned he may tell his son that he cannot pick him up anymore because we took the vehicle.  I'm not sure how to approach this subject with him when it comes up.  I'd like to be honest with him(he's 5), but I feel it would be hard for him to understand that his dad made a bunch of mistakes and that's why his vehicle was taken.

TL;DR:"," Repossessed my brother in law's vehicle, worried what he will say something to his 5 year old son who i'm close with and how I should approach the subject if my nephew finds out about it."
222,"SUBREDDIT: r/Parenting

TITLE: Soon to be a dad... completely unprepared.

POST: My wife is pretty far along in the pregnancy and everything so far has been going pretty smoothly. We are prepared for the baby's arrival as far as supplies and... equipment. My wife has been doing the brunt of the work as far as obtaining the information needed to take care of a baby. I have felt lousy up to this point for not immersing myself in trying to learn everything a father needs to know about taking care of a new child or even what a husband needs to do during the labor period. 

I am at a point right now where I don't even know where to start or know what to look up. My wife knows that I am essentially clueless and following her lead but I want to show her that I care enough to teach myself the necessary information for dealing with a newborn. Basically I come to you fathers and mothers looking for advice. If anybody can give me any sound advice or point me in the direction of a sort of all-encompassing guide for childbirth and early parenting, I would be forever grateful. Anything web based would be best with my situation, but I will do whatever I can to prepare myself for the birth of my child.

TL;DR:", I'm a clueless and embarrassingly uninformed father-to-be in desperate need of any information to help me for what is to come.
223,"SUBREDDIT: r/Parenting

TITLE: What do I do when my 4 year old stepson tells me he is possibly being abused?

POST: Keeping things short, after a week with his Dad and myself, I was dropping my stepson off at daycare.  I told him that Mommy would be picking him up and asked if he was excited to see her (since he hadn't seen her all week).  He said no.

I asked why and he told me ""I get sick because of my feelings"".  When I asked what feelings he was talking about he said ""they hit me"" and he got very embarrassed and didn't want to talk about it anymore (wouldn't answer any questions).  Of course I didn't interrogate him or anything, just asked ""who?"" and told him he was safe to tell me, then let it go.

This concerns me because in the past he was throwing up and having the runs every time he went back to his Mom's house, but would be fine the second he got back to us. They moved in with his maternal grandmother who he hadn't known in the past and he got better, but now they have moved out without her again.  He also has huge issues with his speech and angry outbursts.  His speech is probably 2+ years behind and he has a reputation for having large ""temper tantrums"" that are very hard to stop at daycare/camp.

I'm so worried because I love him to death.  It's hard to figure out what is going on.  On facebook she has lots of pictures of them doing awesome stuff together and he seems so happy but yet she does things like keeping him in shoes two sizes two small until he is crying because they are so tight.  This alone is upsetting but not enough for CAS to become involved I don't think.

What can I do to help him?  Is it possible he is talking about spanking or maybe a slap on the wrist or making it up?  He didn't act at all like it was a joke.

TL;DR:"," 4 year old says he gets sick at Mom's from his ""feelings"" and says ""they hit me"".  Use to throw up at Mom's only all the time.  What do I do?"
224,"SUBREDDIT: r/Parenting

TITLE: Disciplining a 7yo possible ADHD??

POST: I will try and make this as short as possible, My daughter is 7.5yo and about to start the second grade. I have had custody of her since she was 2 because of issues her mother has, I am remarried and my wife treats her no differently than our 2yo son we have together. About 1.5 years ago we moved to S. Fl. 

My daughter is smart and gets good grades (A's B's occasional C) but she always has behavior/conduct issues at school, not listening, getting up and walking around when the teacher is teaching, talking out of turn etc. etc. etc. this is an ongoing issue but is not as prevalent at home as it is  at school, her bio mother is bi-polar and has substance issues, she now gets visitation and my daughter spends the summer with her where she has 2 other kids and no rules (EG: about 3 weeks into summer they call me because she stays up watching TV until 4 am and they want to know how I get her to go to bed-really???) so I have a hard time breaking her of bad behavior that is allowed when she is there.
Last year if she had a bad conduct report from school she got no tv, no ipad, no going to the pool, etc etc etc. but in the end everyone was punished because we live on a 40ft motor yacht so there isn't an abundance of space and she doesn't care about the punishment, you could strip her room to bare walls and it wouldn't change how she acts, can anyone give any alternative ideas on discipline/reward I can try this year? 

A lot of people tell me to have her tested for ADHD and get medication but I really think medicating her is an extreme move, she's not BAD (no fighting, destructive behavior, etc) she just gets bored/daydreams/goes and does her own thing. The school isn't helpful with this, say to have her tested if we have concerns.

TL;DR:"," Daughter's conduct at school sucks, taking things away as punishment doesn't work, don't want to drug her if not needed-pointers on how to discipline effectively for her behavior?"
225,"SUBREDDIT: r/Parenting

TITLE: How do you end the constant resistance over changing activities? (6 year old)

POST: This is over mostly fun stuff. I'd like him to feel somewhat empowered, so it's not like we're constantly dictating things, but I don't want him to be overly controlling either. I guess I'm looking for a way to find a balance.

Right now it seema like he constantly refuses fun activities, just to be contrary. We've tried explaining why we're doing that thing now, schedules where he has some choice, letting everyone pick one activity, giving him a smaller choice that doesn't screw with the larger schedule... I've also tried helping him cultivate a more positive attitude by getting everyone to list off fun things that they got to choose that day. Or helpful traits, like complementing him for changing activities well.

We also sometimes do counting and some limited discipline if things go too far (short time outs with talking, loss of video games, going home)

TL;DR:"," any tricks to cultivating an easy going, flexible 6 year old? It feels like a constant power struggle. Even just going to the beach or to mini golf. Am I wasting my time constantly trying to reason with a 6 yr old?"
226,"SUBREDDIT: r/Parenting

TITLE: Long distance parenting, anyone with experience?

POST: I am a divorced parent of a four year old boy.  His father and I have joint custody and a great friendship still.  I have my son on the weekends, and I live two hours south of him to attend university (this has been going on for 9 months, previously we lived in the same city, been apart since he was 18mos)...I make the trip every week.  I finish undergrad next year, and will be needing to attend graduate school to make my degree worthwhile (and ultimately providing the best for my son's future).  Any school with the program I want is out of state.  Am I a bad mother to move away for a couple years to finish school?  There is a possibility that my son would come with me, and spend summer/couple weeks here or there with his father...or vice versa.  His father and I have talked over the years that neither of us wanted to be where we were forever, and that when the time came, we would be willing to separate the time unselfishly (based on who had a better school district, was closer to family, among other reasons).  Some questions I have: 

Will this be incredibly disruptive in his life?  
Should I try to make due until he is older?  
Has anyone had this arrangement, and found it successful or unsuccessful? 
Am I being selfish if it will probably happen eventually? 

Thanks for any input!

TL;DR:"," starting to plan ahead to move out of state from my son, long distance parenting may be implemented and i have questions about whether this is worth it or not."
227,"SUBREDDIT: r/Parenting

TITLE: Hi /r/parenting! We're a group of students at Boston University, we want to put a stop to bullying, and we need your help!

POST: Hey everyone! First off I'll give a slightly broader overview of why we're here. At the Boston University School of Management, you're required to take a course where yourself and a team of other students create a product and make a full business plan for it. Some students have even moved forward on their hypothetical plan and brought a product to market!

So now that that's out of the way, a little bit more about our team and why we're asking for the help of everyone here at /r/parenting. Marketing is a huge part of the business plan, and in order for us to move further with the marketing segment of our project, we need to gather market data, and one of the ways we do this is through surveys. They help us, through your input, refine our product and turn our product from something that we think people will use into something that we know people will use because they told us so themselves. If even ten of you could take our survey and help us improve our product it would help us an unbelievable amount! So before I ramble on even more, **[here's the link to our survey] There's information on what our product is and how it works inside. And please, if you have any questions or suggestions that you couldn't communicate on the survey, feel free to message us or just post it in this thread, we'll be checking it regularly.

Thanks a lot everyone and have a great day!

TL;DR:", We're trying to make a product that'll help stop bullying. Please take our survey to help us make it better!
228,"SUBREDDIT: r/Parenting

TITLE: My wife is about to quit studying b/c she wants to be the only one who raises our son

POST: Me and my wife are young parents. Our relationship is great, and we get along well. I work in an office and she studies medicine.

Thing is, she wants to quit her studies to dedicate herself to take care of our son. Not 'just' because she wants to raise him, but she doesn't want 'our mothers to raise him'

You see, while I work and she studies, usually the grandmas come and take care of him. My mother has my two sisters to take care of, and her mother lives with my wife.

Usually, my mother takes care of our son while she's out. Both our mothers are glad to take care of him, and are always eager to. But my wife doesn't want to bother them anymore.

She thinks they're doing us a ""favor"" and that she owes them for doing so. Also, she thinks that neither of them should raise him, and that we should be the only ones taking care of him. She's about to quit her studies so she can be with him 24/7.

I understand her feelings, I would love to quit so I could spend my life alongside our son. But we're adults already, we have to provide for him. And it has nothing to do with age either, a lot of couples have to call for help to the grandpas so they don't have to send the kid to a daycare center. There's nothing wrong with that, but how can I make it clear for her?

TL;DR:", Wife is not happy with the grandmothers taking care of our son while we're out so she wants to quit to raise him by herself
229,"SUBREDDIT: r/Parenting

TITLE: Mommy? Did you lay me as an egg?

POST: Me: *well, technically you started as an egg, inside me. And you hatched in my womb. Instead of laying an egg, you were born alive*

Fiancé: **whoa, HEYYYY, why don't you go play in your room with your ds**

Son: OK! 

Ohhhhhhh boy. 

The sex talk. 

My son is 6. And, I only have one reservation about telling him where babies come from.... 

When he learns something new, he must tell **everrrryyyyyybooodddyyyyyy**. 

My fiance and I (not his real father, bio dad has only visitation rights) disagree on how / when to handle the sex talk. 

I've dodged his questions lately with a ""ohhh, gosh honey. That's such a long and boring answer. Let's wait until I know how I can explain it to you, k?"" 

He is also asking when I'm going to have another baby. Which I think is his way of asking where they come from. 

And he's usually OK with my dodging. Mom is spacey, and he's used to me having to think about my answer anyway, so when I say I don't know how to explain it, he's on his merry way. Until he asks again. 

My fiance thinks that if I explain it to him, he runs the risk of being hypersexed at a young age, now knowing what sex is, being interested in it too early. (his experience) 

I know my son is not me, or my fiance. He is his own little self that will absorb and react in his own way. But I'm sure if we teach him at least a certain way, he can be educated about it while being hypersexed, which happens at a young age *anyway*. 

I have no problem giving the sex talk.

TL;DR:"," My question is, how would you go about compromising with your SO about the sex talk if you two differ in how / when it should be given, when the child has begun asking questions."
230,"SUBREDDIT: r/Parenting

TITLE: My nephew keeps calling me ""daddy""... what should I do?

POST: So his dad's a fuckhead and he's not around and the kid's parents are going through a divorce. The kid is 2 and every time he sees me he runs towards me saying ""daddy, daddy!"" and looking very happy with his arms out. He stays with his dad a couple of days a week but still calls me daddy.

I've told him I'm his uncle, and not his daddy, and tried to explain things as best I can but it still happens. In fact, the other day when I went to leave the house he ran to the door and stood in front of it holding it shut to stop me leaving.

I explained what was going on to his mom and said that ya know, for one I don't want him thinking I'm his dad because when I do go it might hurt him more, and also he needs to know that I'm not his daddy and not look to me to be it. She basically said ""yeah... ok"" and now corrects him when he says it.

I'm not sure I know how to handle this in a fair way that doesn't scar the kid.

TL;DR:"," 2 yr old nephew calling me daddy, i'm his uncle... explained I'm not his daddy but still it persists."
231,"SUBREDDIT: r/Parenting

TITLE: Jet lag, sleep issues

POST: The girl is 2 this weekend. She co-slept until 18 months when she was crib trained, and it was arduous but within a couple months, she was going down easily and staying peacefully in bed 7-6 every night. 

One week ago we returned from a 10 day vacation in which there was a 5 hour time difference and during which she co-slept. 

We got back one week ago. Her sleep is completely fucked up. Bedtime is a nightmare of crying again. She's not going down until 9-9:30. We are doing our normal routine and she exhibits all her normal sleepy signs. Her daytime routine is totally back on track and she's napping at daycare. 

Is this the time difference? Jet lag? How long will this take to readjust her? 

Is there a sleep regression I don't know of? 

I know I know it's readjusting to crib versus co-sleeping but she's way more out of sorts than just that. 

We traveled west to east and I read that's a harder transition.

TL;DR:", Any parents offer insight or experience on readjusting child to sleep habits and schedule after a vacation screws it all to hell?
232,"SUBREDDIT: r/Parenting

TITLE: Does anyone else have children that have grown attracted to horror films?

POST: I can't say that I'm worried but it does raise a bit of concern. My son is an extremely good student. Reads, writes a lot, great at math, science, english; he's outspoken and social, he plays video games as well as youth football. In my eyes, he is an absolutely normal 9 yr old. I simply don't comprehend the gravitation towards horror films at such an early age though. I, along with others in our family have discussed the topic with him from an unbiased standpoint.  He never wavers. He articulates crisply that he knows and understands that it's all 'theatrics' (don't ask how he knows this word) mixed with 'Hollywood effects' and 'it's just makeup' and 'its all fake'.  But, he also catches the 6 o'clock news sometimes (before I usher him away... yes, that's scary at times also) and hears about the terrible things that go on in our cruel world. Queue parent scratching head right...now.  I myself am a product of the 80's when the likes of Jason, Freddy, and Mike Meyers ruled the silver screen.  Parents then seemed to be more concerned with the frivolous sex among the soon-to-be slaughtered teenagers taking place rather than the actual psychopaths running around making gory use of all the hardware they could get their hands on... Nonetheless, some parents say I should allow him to continue viewing but closely monitor his tendencies, others say i should of stopped him from watching horror flicks 3 years ago. Flat out, I don't know!  Anyone out there with insight on the matter regarding the long term affects of such viewing and mind shaping. They're mostly 'slasher' type movies, I never let him anywhere close to disturbing/gory/morbid/torture flicks (think Hostel).  Any info is greatly appreciated, thanks.

TL;DR:", Intelligent 9yr old loves horror flicks. Articulates a full understanding of Hollywood cinema vs real life. Parent is still concerned about how to proceed.
233,"SUBREDDIT: r/Parenting

TITLE: How to help my son [3] be OK when he doesn't succeed at something?

POST: Our oldest son is 3 and will be 4yrs old early next year. He's a great kid, extremely smart, is very polite and considerate, and has much more empathy for others than I do. There is so much I love about him.

But one thing my wife and I notice and want to help him with is his perfectionism. He easily gets upset when he doesn't get a question right, or isn't the first one to answer, or fails at kicking the soccer ball. I'll give an example: I watched a video of him at his daycare where they were teaching the class the letter A. The teacher asked the class to close their eyes, and removed one of the picture cards that were laid out on the floor (think of a bunch of flash cards with items starting with A: acorn, apple, alligator, etc), and then asked the kids to open their eyes and identify which one was missing. He looked carefully but before he could say it another child answered correctly and received praise from the teacher. My son then visibly got upset and put his hand into a fist and hit his own leg, and basically checked out of what the group was doing for the next 15~30 seconds.

I've seen something similar happen on multiple occasions. We've tried reassuring him when he's wrong or isn't first that it's ok, he can try again next time, etc. I don't believe we are very perfectionist with him although we have high standards for him, but it's possible we are far less forgiving than we think we are. I'm not sure.

Do other parents have young toddlers who are like this? Any advice for how to get him to let up on himself? Thankfully he doesn't get angry at other people in these situations, he just gets angry at himself. But I'd rather him not get angry at all, and be OK with failure.

TL;DR:"," 3yr-old son is perfectionist and gets very upset at himself when he's wrong, need advice on how to get him to relax"
234,"SUBREDDIT: r/Parenting

TITLE: 3-year old biting and hitting my child. Advice?

POST: Our best friends have a son who has the same age as our son, almost 3. They play a lot together.

6 months ago their son started hitting our son regularly while playing, and a few months ago this turned into biting. He recently even drew blood.

Our friends say that this only happens with our son, so he ""must be provoking it somehow"". We don't see any such provoking happening. We've seen a change in their social interaction though: previously their son was the clear leader and our son copied everything their son did; now our son is inventing activities on his own as well when they play. This is clearly frustrating him. (Also, he hits his little sister too, but they say that is just normal sibling behavior and they may be right.)

The hitting happens routinely (seemingly); he threateningly raises his hand when someone comes too close to him, he then hits them on the head repeatedly when they are too close. The biting happens out of blue, for example when they sit next to each other on the sofa.

Their attitude is that we should not make such a big deal out of it, because doing so would only encourage the hitting and the biting. They simply tell him in a low voice not to hit or to bite. We don't know what is best to do, but clearly, whatever they do is not working.

We have now told them that we want our kids to stop playing with each other for a while. Last time they played, blood was drawn and it made me feel sick to my stomach. Our son has now started biting us too. It feels like he might be copying the behavior (but there is no way of knowing of course).

I am looking for advice, not only how to handle these two children, but also how to handle such a situation in a way that does not destroy our friendship. No parent likes being told by others what to do with their child, and we have already noticed the tension it creates when we talk about this.

TL;DR:"," Our best friend's 3-year old is hitting and biting our son, who take things with ease. We want advice on how to cope with his without destroying our friendship."
235,"SUBREDDIT: r/Parenting

TITLE: Parents of Reddit, how do you organize?!?

POST: My wife and I went through the ""three stresses"" at the same time at the end of last year. We moved in to our new house in September (yay being a homeowner), our first child (a son) was born in October, and I got a new job in a completely different sector of the industry in November. To top that off, the new job is paying for me to go back to school. I have a degree, but they want me to get another one (in a different field, which I am absolutely happy to accept).

That being said, both my wife and I work. And we carpool. Fortunately, she works close to her parents house, and they watch our son during the days, which certainly saves in daycare costs. The difficult thing is, due to a combination of my work and classes, our day on a Mon-Fri basis keeps us away from home from approx 6:30 AM, then we don't get home on days I don't have class until about 8:00 to 8:30 and start the ""go to bed"" process. You can forget about the days I do have class.

My wife works about 3/4 Saturdays, but for the most part weekends are when we try to do chores and get a little relaxing in, if possible (it usually isn't). One of us always has to be with our son, of course, effectively making it so only one of us can get work done (though, we wish we could both spend time with him). We try to do everything we can to keep the place clear, but it's perpetually like there was an explosion of mail, toys, and clean laundry in our kitchen and living room (open floor plan).

TL;DR:"," We have virtually zero time during the week between jobs, commute, and school. I'm sure there are plenty of other people with almost the exact same story. What tricks do you use to keep things organized?"
236,"SUBREDDIT: r/Parenting

TITLE: Not sure what discipline is required in this situation (8y/o and 6y/o)

POST: For some backstory, I work part-time at an after-school program with about 30 school-aged kids. The program ends at 6:30pm and I'm usually on my own after 5:30 as the majority of the kids have left. Last Friday the weather was bad and there was some construction on our street so there were still about 15 kids there when my coworker left. Ten minutes later the ceiling started leaking. I started looking for a pail and cleaning up the water so no one would slip and fall as we have preschoolers in an attached room and they walk through our room to use the bathroom. 

All of a sudden, I heard a loud crash and looked over to see an 8 year old boy fall out of his chair and hit his head. We take head injuries really seriously so I had all the kids sit down, got him some ice and instantly called his parents to come get him. 

When I asked what happened he said that he was playing with Sara (8) and Ashley (6) and one of them yanked out his chair. I spoke to both girls after he left and Sara admitted it was her. Now, she is very well-behaved and this is out of character for both of them. They were bother really upset that he got hurt and I had a discussion with both sets of parents. On Monday, I'm going to talk to give all the kids a reminder about safety. 

My question is whether or not Sara should be punished on behalf of the daycare. I know both Sara's parents and Ashley's parents did in fact discipline them. They were both very apologetic and the boy is fine but I'm not sure if more discipline is needed. 

Just to be clear, if she had done it on purpose I would have punished her but it seems like it was just an accident. Neither girl realized the consequences and Ashley was practically in tears. I'm also not entirely convinced it was Sara because while Ashley has never deliberately hurt anyone, she is not the most well-behaved child.

TL;DR:", A girl at my after-school program pulled the chair out from under a boy who hit his head. I'm not sure if discipline is needed.
237,"SUBREDDIT: r/Parenting

TITLE: 16 years old...time for a job?

POST: My son is 16...he's a football player, taking 3 AP courses, runs track in the spring AND has a girlfriend.  I feel like this is the time when he should be looking for a part time job to take care of some of the ""wants"" on his list.  We've happily and generously handled his needs (clothes, $ for dates, etc) but he doesn't contribute financially.  Yeah, doing extra chores is nice but it doesn't save me any money.  He says he doesn't want to get a job because after his busy week, he just wants some time to rest.  I get that, he works hard all week and needs to recoup to stay healthy, but I'm getting tired for forking over the bucks for things I consider ""wants"" not ""needs"".  He's a talented football player and will likely have a future beyond high school, he gets mostly A's and he's a good kid.  What are your takes on this?

TL;DR:", 16 year old student/athlete with busy schedule is spending all my money!  Should I make him get a job?
238,"SUBREDDIT: r/Parenting

TITLE: Found out I have a 10 months old daughter.

POST: Hello parents of Reddit.

I couple of hours ago, a girl I dated back in 2013 contacted me and broke the news to me, I'm a father.

I told her I want to meet her and be in her life(my daughter's) but the mother will not let me near my child, she only ""wanted me to know, and that's it"".

The problem now is that we both live in different (neighbor) countries, I just want to go there and hold my child in my arms, I want to be in her life!

Additionally I have a gf and we are planning to get married next year and have children and buy a house 2 years into marriage, I dont know how tobrake the news to her, I'm starting to doubt if I should tell her at all. This whole situation has turned my life upside down.

TL;DR:"," I found out I have a daughter, mother lives in a different country and wont let me see my daughter, also I don't know how to tell my gf, I'm afraid she will leave me."
239,"SUBREDDIT: r/Parenting

TITLE: Need help getting a 4 year old to take medicine/vitamins

POST: I am currently in the middle of a battle that occurs every single day. I am the nanny to a 4 (almost 5) year old girl who is normally an amazing child who is a joy to be around. However, she has asthma and eczema so she has to take a bunch of different vitamins and pills in the morning and every damn day we fight over this. Every single day is a meltdown of epic proportions where we spend at least an hour, and upwards of 3 hours to eat all the shit. It's 4 vitamins that she used to love and 2 pills. Up until 6 months ago this was an easy situation where she loved all of them, now it's a constant fight. 

Right now we are on hour two of eat your damn pill. I've tried time out and losing privileges if she doesn't eat them. I've tried rewards when she does. I'm losing my mind over this and am out of patience. I cant skip giving them to her either she has problems breathing and her skin breaks out painfully. This week I've had to start waking her up at 5 just to ensure she has time to eat everything before leaving for school at 9. She's miserable, I'm miserable, how do I fix this?

TL;DR:", the kid who knows better and knows why she needs her pill/vitamins isn't and I'm losing my fucking mind trying to force her.
240,"SUBREDDIT: r/Parenting

TITLE: I am driving myself mad living at my dad's house, the only reason why I don't leave is because it will crush my little sister. Please help, not sure where else to post this.

POST: Okay, hi /r/parenting I am a 24 year old man living at my father's house. I am not in the least proud of stating that, but it is fact. Now here's the thing, I have had numerous offers from friends to come live them basically rent free, but I always decline because well, as the title states, it would crush my little sister,l (who is 7) I'm a modest person but I can honestly say she loves me to death and I love her too, that's why I'm torn.

I know eventually I will have to leave and I'm only just prolonging the inevitable but I have no idea how to tell her her big brother is leaving. She is THE only reason I've stuck around so long. 

My father resents me, I hear it in his voice every time he talks to me. He's ashamed of me and I know it, can't say I blame him. This causes a lot of stress between him and I. I can just leave so that ends, but alas, by sister dilemma prevents me. She is attached to me and I got to admit I am a little to her too. I know that when I leave it's not like we will never see each other again, it's just going to be that initial shock that kills us both.

How do I break the news to her? Me and my dad just had another fight this morning and  he has a way with words. A way with words that would bring any man down to his knees and that's what he did to me. I can't take it anymore, he has killed my zest, my spirit. I cannot live there anymore, it is toxic.

Please guide and help me, I am just lost.

TL;DR:"," I am living at my dad's house just to accommodate my sister, even though I hate living there. Please help me with something I should tell my sister I'm leaving without absolutely crushing her"
241,"SUBREDDIT: r/Parenting

TITLE: I need some insights about being a stay at home mom.

POST: This may seem like a rant. I am not a stay at home mom. I respect those who made the sacrifice to care for their children 24/7.

Here's the problem.

My brother's girlfriend has an erratic schedule when it comes to my 3 year old niece. They go to bed at 2:30am and wake up at 11:00am. My niece is running wild down the halls and throwing temper tantrums while my mom and I are sleeping. My mom has to wake up at 4:00am to get ready for work. I have to work or go to class in the morning. It is very difficult to get some rest after a long day while my niece is banging on the doors and hollering down the hall. When I confronted the mother about this she said that this is the only time that my niece can see her father since he works from 12:30pm to 11:00pm(SMTFSat). This occurs on days that he is off as well. Throughout the day, Her mom is on her phone playing some kind of saga game. She sits in one spot all day(no kidding). I stayed home several times to witness this. Meanwhile, my niece is either watching youtube videos, getting in to something that she shouldn't be getting in to, or sleeping(naps from 3pm-6pm). Her mother has a car, but does not want to go anywhere. I feel bad for my niece at times because she is being deprived from having any kind of social interaction with kids her age. Her mother expects my mother and I to feed her lunch and dinner when we get home from work. I am fed up. My mother is as well, but she does not want to approach the situation. My brother barely makes enough. To support 3. Bills are split. They are expecting another one. She has major health issues to carry a child. She's still married and depending on my brother to pay for her divorce. She complains to my brother about how filthy the house is. She complains about my mothers cooking in front of her face. She's very unappreciative. To top that, I've caught my brother replying to craigslist's personal ads.

TL;DR:"," Brother's gf wants to be a stay at home mom. Based on observations, I don't think it's right, but I can't do anything about it."
242,"SUBREDDIT: r/Parenting

TITLE: Keepsake gift from Great-grandmother to my daughter

POST: My grandmother, who I am extremely close with (she's as much a mother to me as my own), has stage 4 cancer and is likely to pass away within the next year or so. 

She and my parents live across the country from me, my husband, and our two children, aged 4 and 1. Because of this she's only been able to meet my kids a few times, and an upcoming visit in September could quite likely be the last for all of us. 

Today I learned that she's very upset that my daughter (the 1yo) will likely never remember her. She would like to get some sort of keepsake item that my daughter can enjoy when she's a bit older as a way to connect with her. 

The first suggestion was a set of collector Beatrix Potter books, nicely done up as a set etc. I do like the idea of collector books - that's something that she and my own great grandparents got for me when I was a child that I've always cherished. But I'm not particularly keen on Beatrix Potter specifically, so we're trying to come up with something else in the same vein.

TL;DR:"," Budget is $100 or less, what can we do for a keepsake for my daughter from the great grandmother she'll never know. "
243,"SUBREDDIT: r/Parenting

TITLE: Locked in a closet by my 4 year old

POST: So tonight my youngest (F-4yrs old) wasn't listening This is a growing problem with us. You can ask her something, and she flat out ignores you. So tonight when when we were asking her to do something, she was ignoring us. As punishment I told her I would take one of her stuffed animals away (I purposely chose one she doesn't play with much). I gave her a count down, and she still wouldn't listen.

So I told her she could have the toy back when she could show that she can listen to instructions. She of course freaks out, this rarely played with toy is now her favorite toy in the entire world. 

If we have to take a toy from her to make her listen, I put it on a high shelf in my closet (which is a small walk in closet.). Well while I was in there, she closes the door on me.

No biggy, I go to open it, and it only opens part way, she put a chair in front of it, and sat down on it.

Talk about trying to sound angry and not trying to laugh, I found the entire situation strangely hilarious, even though it was myself that was stuck in a closet by a 4 year old. Still she would not listen.

Eventually she did let me out, and I managed to get her to settle down later and have a talk with her. She said she was sorry, and I told her if she could listen and be good for the rest of the night she could have her toy back, which she was. Here is hoping she understands that not listening has consequences.

TL;DR:", 4 year old took the opportunity to stick a chair in front of my closet door and trap me inside when I took her toy away as punishment.
244,"SUBREDDIT: r/Parenting

TITLE: Questions for parents who took an extended mat/pat leave

POST: This might be a bit lengthy, my apologies in advance.

I got married in June. When we first got engaged two years ago, our general plan was to start trying for children, a year or so after the wedding. Since then though, through a lot of changes at his job which is far more detail than you need, we've decided he should go back to school. The program is 5 years, and we're hoping to still be able to try for kids before he graduates, and we've been spending a lot of time trying to budget for it.

I live in Canada, where if you've been working for more than a year (I believe) you're entitled to 55% of your earnings provided by the government for a year after having/adopting a baby. It caps out at about 2000$ a month though, and since I'm a nurse, I earn quite a bit more than that, so we'll be about $1500 short per month that I take mat leave.

I realize that to many people, a year off work sounds like such a luxury, and are thinking, you have no reason to be worried about finances, just go back to work early! And of course I will if I have to. But your babies are only babies once, and I really would like to take this opportunity to spend with them, breastfeed the whole year, etc. if I can. 

Anyway, I also have heard of lots of women starting to go completely stir crazy during their mat leave, and almost resenting their husbands that they get to leave and interact with adults, and wishing they weren't the ones at home with the baby. I do love my job, and if I genuinely started to feel like I was going nuts at home, I wouldn't stay on mat leave if I really felt like I didn't want to.

So what I'm wondering is, how many of you started to want to return to work early? How long into your leave did you start to want to return to work? How many of you did return to work? For those that didn't, if you had the option of just picking up occasional shifts here and there before returning to your full time job, would you have?

TL;DR:"," I'm wondering how many people started to want to return to work early, not because of any financial reasons, but just because they felt like they'd genuinely had enough with the time off and felt like they were going stir crazy."
245,"SUBREDDIT: r/Parenting

TITLE: 6 (almost 7) Year Old, has no sense of urgency.

POST: Using a throwaway as my Ex knows my main account.  I'll try to sum this up.  My wife and I were previously married before marrying each other.  We both have daughters with our ex-spouses, my wife has 100% custody with 10% visitation time with her ex husband. I have 50% custody with my ex. My daughter has a 2/2/3 schedule, 2 days with me, 2 days with my ex, 3 days with me, and then vice versa the next week.   My daughter has begun to make bad decisions with behavior.  She has begun to express her emotions incorrectly, which my wife and I decided to set consequences for.  Due to it not being the first time, her lying to cover it up, and the fact that we literally had talked about it a day before.  Her punishment was to write 5 pages of sentences in a notebook, and chores within her wheelhouse.   My ex does not enforce ANY rules, and doesn't even reprimand our daughter for bad behavior.  Leaving the rules and punishment up to my wife and I.  My daughter will not focus on her writing, she day dreams, and wastes time. We cannont impose a sense of urgency on her at all. Its really frustrating, she isn't attached to TV, Video Games, or toys or anything, so we are at a wits end on how to discipline her.

TL;DR:", 6 Year old just doesn't care that she's being punished and wastes time.  Need to teach a sense of urgency. 
246,"SUBREDDIT: r/Parenting

TITLE: Help getting my 2 y/o to bed

POST: My wife and I have two children, 2 year 9mo girl and 9mo boy. Recently (about 4-5 months ago) my daughter has become very difficult around bedtime. Before this time we would take her to her room, read one or two books, cover her up, kiss, goodnight, and that was it. Now, we take her to bed and she tries every trick in the book to stall. When we finally get her down, she wants us to read book after book after book. Then, when we get past the books she will demand that we rub her back until she's asleep. If we don't do any of these things she immediately goes into tantrum mode. Sometimes it's bad enough that she's kick, punch, scratch and bite until she's too tired to fight anymore. Last night was particularly bad. She tried to change her PJs (stalling tactic), and I had to physically restrain her for about 10 minutes until she stopped freaking out. 

In addition to the trouble getting her to go to sleep, she also comes in our room several times per night. Sometimes we're too tired to get her back in her room. Other times one of us will walk her back to her bed and she's usually too tired to argue. 

What should we do? We're trying to avoid the meltdowns while also being strong parents with stern, yet reasonable expectations.

TL;DR:", 2y9m daughter wont go to bed peacefully anymore. Comes in our room multiple times a night. Need to find a workable solution to avoid the fighting and make bedtime easier and peaceful for everyone. 
247,"SUBREDDIT: r/Parenting

TITLE: Need helps with naps

POST: DD is 7 months old and has always had issues with naps.  They rarely last longer than 45 minutes and she struggles to go down for every.single.one.

At night, we have a bedtime routine and she goes down (awake) and falls asleep with no problem.  She sleeps through the night and knows how to fall back to sleep if she wakes up in the middle of the night (and isn't scared, sick, teething, etc.)

But for naps, she cries when I put her down for every nap.  We follow a nap routine: change diaper, read a story, sing a song, shades down, into crib.  Sometimes she cries for 1 minute, sometimes 45.  This has been going on for MONTHS.  I look for tired cues and put her down for a nap no more than 3 hours after she wakes up, less if she seems more tired.  She always naps in her crib in her room, unless she falls asleep in the car during a nap time.

She obviously knows how to fall asleep on her own, since she does it at night.  But she doesn't do it without a struggle at nap time.  Cry it out OBVIOUSLY isn't working, so what can I do?

TL;DR:"," 7 month old can fall asleep easily on own at night, but not at nap time despite nap schedule and routine.  Help!"
248,"SUBREDDIT: r/Parenting

TITLE: How do I (F32) reach out to his (M40) kiddos?

POST: A little bit of background: ""Alan"" piloted a flight I was on a couple months ago. He took a few photos of my friends and me for us and texted them to me. We struck up a conversation that kept going until he invited me to fly with him again. After that we were an in person item pretty quick. The relationship is now about a month old. He's been divorced for two years.

Alan has three kids, the oldest boy is in Fourth Grade. He's super proud of his kids and has primary custody. He's that dad who actually digs the dance recitals and school plays. He doesn't want to introduce me as his ""girlfriend"" to the kids yet but he does want me to meet them and get to know them, so on Sunday he asked me to come with them Christmas tree hunting. I thought that might be a little too ""family tradition"" for a first meeting, but I agreed to stop over later while they were decorating. I brought my puppy with me and all three kids played with her and were super friendly toward me.

However, when Alan went to put them all to bed his oldest had a minor meltdown. He freaked a little on his dad and told him that I needed to go right away and that it wasn't okay for him (Alan) to have women friends at the house. This has thrown Alan for a small loop, as his boy has never seemed bothered by his mom dating and she has had several guys in her life whereas I'm the first ""friend"" Alan has introduced.

He wants his son and I to get to know each other, but neither of us are totally sure how I ought to ""reach out."" I'm hoping for a few good suggestions and perhaps some insight from those who have been there.

TL;DR:", I'm (F32) dating a (M40) great guy with three kiddos - his oldest flipped a little when introduced to me. How do I get to know his son with minimum trauma to everyone involved?
249,"SUBREDDIT: r/Parenting

TITLE: Becoming a temporary parent of 4 for a week, need conformity/scheduling advice

POST: The children are 5, 7, 14, and 19. They live a loose lifestyle with hardly any chores, they eat a lot of processed foods, they do not have real bed times or schedules. I have been a friend of the family for two years. The parents are the most loving, caring people I have ever met and I do not judge them for how they raise their children because they are all extremely happy and healthy. 

The parents are going on their first vacation/honeymoon in 15 years for a week and asked me to stay at their house with the kids. 

I do not eat processed food and I have a structured schedule. I also like to keep a clean house. I should mention that I have no children, I am 30. 

My question to pose to you parents out there- should I completely conform to their lifestyle for a week in order to keep the children comfortable or should I try to make some structure? The parents say it is up to me, but I do not want to damage these children in anyway as I love them very much. I have watched and been involved with many children before, just never this many or this quite free of a lifestyle.

TL;DR:"," children have no structure, I have a lot. Do I try to have structure or let the children do their normal thing while parenting them 24/7 for a week?"
250,"SUBREDDIT: r/Parenting

TITLE: Most Hated Kid's Show?

POST: I have a 3 y/o son from a previous relationship and my boyfriend (24) has never had children. He's been learning a lot.

Recently, he went out with a few friends, one of whom (44 M) recently married a woman who has a 5 y/o daughter. Apparently, this daughter is a brat. One of the reasons behind this, so the new step-father assumes, is her watching the children's show ""Caillou"". My boyfriend, having never heard of this before, asks me about it. After I go on a five minute long tirade against the show, he watches a clip.

He now thinks it's a show purposefully made to change children into whiny little sh*t-heads.

What is the one show you wish you could get rid of forever? (My other hated is ""Max & Ruby"". Max is such a little prick.)

TL;DR:"," Boyfriend has no kids, learns about kid's show ""Caillou"" and thinks it's the devil. What's your most hated kid's show?"
251,"SUBREDDIT: r/Parenting

TITLE: Only Child who is struggling when he doesn't have attention. Suggestions?

POST: Hello!

New here, but I thought we could get some great suggestions. I am posting from my GF's account as I don't have an account (yet).

My question is regarding my Son. He just turned 6. He is struggling with his behaviour at school and he finally talked a bit more with me about his feelings. He has explained that he is acting out in school as he doesn't think the teachers are paying enough attention to him. He said that he feels frustrated when he can't get attention from them. He has also expressed that he doesn't like school as all he wants to do is play all the time and he doesn't like having to sit and learn. 

Its becoming obvious that myself and my ex-wife (split since he was 3) have been entirely too indulgent with him and now he is accustomed to getting all the attention all the time and being entertained. Myself and my GF (together 1.5 years)  have been working hard to get the point across that not everything can revolve around him and that sometime he simply won't get what he wants. as an example,  I used to prepare him whatever he wanted each night for dinner, and that has stopped. He now eats what we decide is for dinner. 

He is also acting out at school and creating his own 'fun' whenever he wants. He is disrespectful to the teacher and does not seem to respect them or the principle. We are trying our best to instil consequences and teach him that he cannot blame other people for his behaviour. Currently he has his toys taken out of his room and he can earn them back with good behaviour at school. 

Can anyone offer any advise on how we can work to change his perception that life can't revolve around him?

TL;DR:", only child suffering from 'only child' syndrome and has trouble coping when he doesn't have all the attention. Suggestions?
252,"SUBREDDIT: r/Parenting

TITLE: Persistant cough in 2 year old

POST: My daughter will be 3 in October, and we have already seen her doctor about 3 times for this cough. 

In the beginning of May she had a cold (runny nose, fever, cough) it was gone and came back with a vengeance after about 2 weeks.

She has since recovered from her cold, and now has no symptoms but her cough. 

It's usually a dry (but can sometimes sound wet).

She can cough as little as twice a day as as much as 20 times a day. (Usually in spasms; 2-5 coughs per spasm)

She has gotten an X-ray and it's shown up negative (looking for foreign objects and pneumonia)

The doctor took a swab on Thursday to test for pertussis 

She sleeps with a humidifier in her room every night, but does not cough through the night or when she naps.

It doesn't slow her down and I haven't concluded to any triggers

We have pets, but her door is always closed and we have used an air filter regularly in her room. 

The doctor has only just prescribed an inhaler stimulant to open her lungs when she has trouble breathing but her coughs can be so few and far between sometimes that we haven't used it yet.

TL;DR:"," almost 3 year old has a dry cough for 3 months, clear xray. At a loss at how to help clear this up. Please help!"
253,"SUBREDDIT: r/Parenting

TITLE: 16 month old is losing weight and my parents can't understand why it's a problem because ""he looks fine.""

POST: My son is 16 months old and has Sensory Processing Disorder, specifically ""oral hypersensitivity,"" which basically means he refuses to eat food with texture and gags and vomits on most food. 

Because of this, he is in like the negative 20th percentile in height and weight,  is losing weight, and has stopped growing. He is seeing a therapist and we're working through his issues to get him to eat more, gain some weight, and start growing. He's bordering on needing a feeding tube at the moment. 

ANYWAY, that's not the problem here. The problem is my parents. Mostly my dad. He doesn't see the severity of the issue and is constantly telling my husband and I that we're over reacting and that ""he looks fine.""  He is always making me feel horrible about how much time and effort we put into getting him to eat and the fact that he's in therapy and how much I worry all the time. 

My parents had him for the weekend and when they brought him home today, we tried to get him to eat dinner and he was having none of that.  I thought he might not be eating because he had a stuffy nose, so we cleared his nose, which made him scream bloody murder (not sure why, he's usually fine with it) and my dad got so upset that ""we were making him cry"" that he just left. And that was after his big speech about how he eats just fine and if he doesn't want to eat anymore after eating 2 raspberries for dinner, then he must be full. 

How to I explain to them how important it is that he gets the proper nutrients, calories, and fat? As it is, he eats maybe 300 calories a day when the doctor wants him at 1000 to gain weight.

TL;DR:"," My 16 month old is losing weight and not growing and my parents don't understand why it's a problem because ""he looks fine."" How can I explain it to them? "
254,"SUBREDDIT: r/Parenting

TITLE: I had postpartum depression. My child is five and I still don't feel bonded to him.

POST: I got pregnant unintentionally amidst dealing with other health issues, so on the tail of that stress it's no surprise that I was eventually diagnosed with postpartum depression after my son was born. The pregnancy was full of lots of what-ifs. For some reason, abortion didn't feel like an option and I felt like adoption was the right choice. But my family, my child's father, and his family were adamantly against it and said if it came to it, they would raise the child themselves. I felt very out of control and overwhelmed. 

I was honestly surprised that my body conceived and formed a healthy baby boy with no problems, given the severity of my health issues at the time I got pregnant. My son was born. Enter depression. 

I got treatment, and continued treatment throughout my son's life. He is now five, and I *still don't feel bonded*. I don't feel like a mom. I feel confused and unsure when I interact with him. I love him, I do have an instinct to protect him. But that is about the extent of my feelings. 

His dad and I are no longer together and he lives with him. We both agreed it is best. People say all sorts of horrible things about me because my son lives with his dad. ""What sort of mother..."". This is extremely depressing and has made me avoid talking about my son at all to most people. I don't know an appropriate way to explain my situation without giving away too many personal details. And if I did, I still don't think most people would understand. 
 
I'm looking for experience, suggestions, support and reflections. I hope I gave an appropriate amount of detail; if not, feel free to ask questions if they might help you help me.

TL;DR:"," I had postpartum depression and feel that I never bonded with my five year old son. I've been getting professional treatment his entire life to no avail. Can this ever get better? And if not, what do I do?"
255,"SUBREDDIT: r/Parenting

TITLE: Strong willed toddler?

POST: I'm a first time mom and no other kids in our family so far. So I am just wondering if this is normal or what I should be doing exactly?

My son is now three and a half years old, he is very well spoken and usually very well behaved doesn't really throw tantrum fits crying or screaming uncontrollably, but lately he has become so bossy. The way he talks to us (parents and even grandparents) and angry if we  don't comply. Should I get mad at him for talking like this? 

Usually when it happens I talk in a stern voice back at him and tell him I don't like when he talks to me like that and that he should say it nicely and usually he would repeat his command with a please but the same angry tone. He still gets angry and frustrated at us if we don't ""obey"". But if I get too mad at him or yell then he starts crying. 

And also sometimes I think he does have difficulties expressing his feelings because when he is angry and I don't know what is the cause and ask him whats wrong he doesn't talk just gets teary eyed and serious, and breathes really heavy, I can tell he is upset but he just keeps it bottled up and so controlled. Is this normal? He also has days that he is very sentimental and would cry over anything that normally he wouldn't cry over.

TL;DR:", I'm confused. Sometimes he is bossy and seems a like a little dictator and sometimes he is so sentimental and emotional and I don't know whats wrong or what I should be doing.
256,"SUBREDDIT: r/Parenting

TITLE: I'm taking care of my 4 month old niece while my sister works and she started doing something odd starting Monday night.

POST: She has started screaming at the top of her lungs after her evening nap. She was screaming to where she was basically running out of breath, which let me know that she is hungry, and I was able to address that quickly. She is doing that a lot less, but now there is a new scream that is incredibly loud and powerful. It's not hunger

My sister and is a resident at a hospital and recently split with my niece's father. We live on campus so the hospital and daycare are literally less than 100 yards away. I'm working on getting back into school in the spring, so I'm offering myself as a nanny and general caretaker of the house while I study for the spring semester to start.

So, my niece is at daycare right now while I run errands and clean. My sister tries to go see her and breastfeed when she can, but she has been really busy this week. We think that she misses her mom since she is having to stay a couple of hours and that's the cause. Once my sister shows up, she stops.

Yesterday I got her to stop for little bits at a time by bouncing gently on an exercise ball while she had a pacifier and I put on cartoons on the computer AND sang to her at the same time.

What can I do at this stage to keep those screams under control while we wait for that extra hour or so that my sister is having to stay at the hospital?

TL;DR:", My 4 month old niece has started screaming at the top of her lungs and we think it's because she misses her mother. What can I do to help curb this?
257,"SUBREDDIT: r/Parenting

TITLE: LPT: Get a photo with your kid smiling and looking at you by placing a sticker of your kid's favorite character next to your phone's camera. (esp great for younger kids)

POST: So I don't know about you but getting a cute photo of your kid looking in your direction (especially toddlers) is near dang impossible. ""Look at mommy. Look at mommy!"" gets nothing but a half turn of their head. 
But I have a great tip that always gets compliments by other parents around! I place a sticker of their favorite character (for me it was Ariel) next to the eye of the camera on my phone. All I say is ""smile at Ariel!"" and she turns her head and gives me a nice smile. Success! Even her friends do it. They all look and smile! Its a small sacrifice on your phone, but as a stay at home mom who is always taking photos of her kid on the phone, this has saved me!

TL;DR:", Placing a sticker of your kid's favorite character next to your phone's camera will give your child something else to focus on when taking photos.
258,"SUBREDDIT: r/Parenting

TITLE: In need advice in regards to getting my 2 1/2 year old to sleep.

POST: Long version:
I indulged myself and spent the first year and half of my daughters life rocking her to sleep every night. This made her very dependent upon me when it came time for bed each night. As our second child was born the oldest got a new room and bed. She transitioned to the new room fine but relied on me to lay in bed with her. Over time I have progressively been able to move from laying with her, to sitting at the foot of the bed, the floor beside the bed, etc. 

Our current procedure is story time, brush teeth, bed. My wife and I take part in this process together. As we give our child her final kisses goodnight we tell her we will be in the hall but we are going to close her door. 

At this point the freak out and crying begins. It will usually last about 30 minutes. It begins with crying and screaming saying she wants me, not her mother, to come back into the room. She will then get out of bed and storm down the hall. I have installed the clip on door nobs child proofing contraptions but has learned to both operate them and completely remove them. Has even gone far enough to remove them, reassemble them, and proceed to through them down the hall into our master bedroom. I have had to install her door knob backwards and lock her into room to allow her to cry it out. I am not particularly found of this solution but it is the only thing we have found to work. At first thought the sessions would get shorter as time went on but one month of this in and it's just become our routine. Can anyone recommend another tactic or plan of actions to try?

TL;DR:", I baby'ed my 2.5 yr old too long and never sleep trained her. Now she cries herself to sleep every night. Please help!
259,"SUBREDDIT: r/Parenting

TITLE: Party invites, siblings, and fallings out. Help!

POST: Awkward dilemma.  I'm planning my kid's 6th birthday. Call her Alex.  Hotel pool party/slumber party.  I want to invite a friend for my 3 year old during the day.  The obvious choice is. .. Call her Janie. Total best friends! Problem is. . Call her Helga, Janie's older sister. Helga and Alex used to be friends.  Helga is one grade up and during the expected drifting apart,  Helga got mean.  In the interactions that she and my kid have had in the past year most have ended in tears.  I don't know how aware of the the mom is.  She's got to be at least somewhat aware 

So the question is,  do I have that awkward conversation with the mom and invite her youngest to be the daytime buddy of my youngest at the party of her ex friend to which she's not invited?

TL;DR:", do I openly acknowledge to an acquaintance that our older kids are no longer friends and her oldest isn't being invited to the party
260,"SUBREDDIT: r/Parenting

TITLE: I'm tempted to include spanking in the discipline of our preschooler, please advise.

POST: I've always been against spanking for all the reasons that most of you are against it, and I would still advise against using it on most children (including my younger son who has a milder personality and is way too young for discipline anyway), however, I think my older son might actually benefit from an occasional spanking. 

He just turned three, and he doesn't care about any other form of discipline. We have been consistent in how we treat him, always giving him loving but firm rules and consequences, yet he continues to push back. Whenever we give him a time-out, he breaks it, so we go through an arduous process of lengthening his timeouts, but he never cares. We take his toys and privileges away for a week, and he just tells us to take more away. So I'm against spanking, but I can't come up with anything else that he will take seriously. 

I have given him a couple spankings as an experiment, and he seems to benefit from the discipline. So here is our potential plan: The spanking would always be a last resort, only after having clear warning, and only for breaking time-outs. We'd usually be able to persuade him to just choose to take his time-out, but I'm sure occasionally he will remain defiant and knowingly choose a spanking by breaking time out. The spanking would only be in private, only one slap on the butt, and always include a pre-talk and debriefing.

I know my son would benefit from discipline that works, and he actually seems to appreciate having the boundaries if we can enforce them. I believe his energy, independence, and will to push the limits can all be turned into great attributes, but not if he is just running wild. So what do you think; is it still wrong to use spanking in this situation?

TL;DR:"," – My wild three year old doesn't respond to discipline, and I believe he could benefit from a careful use of spanking; but I've always been against spanking. So do you have any insight? Thanks for any response!"
261,"SUBREDDIT: r/Parenting

TITLE: Advice needed on how to handle two long commutes with a new baby

POST: My spouse and I are planning to start a family in the near future, but there's one aspect of our lives that makes us very uneasy.  We're both employed in well-paying, rewarding jobs that we love.  The problem is we both have long commutes (~ 1 hr each way for both of us) and to complicate matters, both commutes are in completely opposite directions.  We work pretty normal hours, usually about 8-5.

We're both concerned about how to manage this once we have kids.  Our intention has always been to enroll our child in daycare once the maternity leave is over but now we're not sure if that's the best course.  We're concerned about being far from the daycare (if it's by our home) or subjecting the baby to a long car ride every day (if it's by one of our workplaces.)  We've also considered hiring an in-home nanny, but we're not sure if we can afford it.  

r/parenting, we need your advice!

Thanks.

TL;DR:", Both of us have long commutes.  What's the best way to manage day-to-day logistics once our kid comes?
262,"SUBREDDIT: r/Parenting

TITLE: I (f25) can't handle my defiant 4yr old son.

POST: I need recommendations on parenting books or something because I am at a loss on what to do. I'm a SAHM and a first time mom with my 4 year old son. Thankfully preschool starts next week so I can catch a break. 

Lately he just has not been listening to me at all. He is constantly doing something he knows he's not supposed to be doing like going in the bathroom and clogging the sink with stuff, climbing the drawers in the kitchen to get to the snack cabinet, jumping on the couch, chasing the cat, pounding on his father's computer keyboard. The list goes on. Every time I turn around he's into something, trying to break something or doing something he's not supposed to. I've tried talking to him calmly and explaining why, I've tried 4 minute timeouts, I've yelled at him, I've taken things away.  He has plenty of toys and activity books and things to do around the house. Nothing works. He continues to do the same things everyday and it's becoming extremely stressful for me to deal with. 

My husband works a full time job and he takes over when he gets home from work. Our son doesn't seem to listen to him any better than me. I don't know the cause of this behavior. My mom said neither me or my younger brother were like this when we were kids and I feel like this isn't normal. Maybe it is. I need help figuring out what I can do to make him listen to me.

TL;DR:", my 4 year old son is constantly doing something he's not supposed to everytime I turn around and I can't make him listen to me.
263,"SUBREDDIT: r/Parenting

TITLE: How much soothing for 4 month old?

POST: So my wife and I differ a bit in parenting approaches. She's probably going to be the child-centric parent, while I'm probably leaning towards being more parent-centric. I'm not at the CIO sleep training level of extremes, but my wife is at the extreme let-food-burn-on-the-stove-because-baby-crying levels I feel like.

While I'm fully on-board with new age fruity stuff like holding/wearing the baby at all times, feeding on cue, and generally being attentive, we differ in how much soothing is necessary when he cries. My view is that once the basics are ruled out, ie hunger, temperature, tiredness, attention, diaper, pain, etc, that all we can do is hold him and gently comfort the baby to show him it's alright. My wife OTOH seems to panic every time baby cries for more than 3 seconds and either rushes to stuff a pacifier in his mouth, or rescue him from me to stuff a boob in his face. One time we were stuck in traffic for a few minutes and he started crying, and my wife got our of the car and ran around to his door to find the pacifier and give it to him. I think that was kind of extreme considering we were only a few minutes away from our destination. Last night wife was fed up with him being fussy all day, so she gave me some leeway when i came home from work. I held him in my arms and he cried for maybe 2 minutes before promptly falling asleep, but I had to fend off my wife who would have intervened to attempt another feeding, burping, etc.

TL;DR:"," How urgent is it to console a baby? Do you have to drop everything, or can you at least finish brushing your teeth or wipe after you poop?"
264,"SUBREDDIT: r/Parenting

TITLE: Bedtime Blues :(

POST: My son is 15 months old and has been in a toddler bed for over a month now. He was great in the crib, we would lay him down with his bedtime bottle and he would put himself to sleep, no crying or anything. There was a week or so in the end of October where he would let me rock him to sleep and then put him in his bed and he would continue to sleep.

Now, I have tried rocking him, just letting him be, etc. and he hasn't gone to bed until 11 the last few weeks. Not like That is super bad, but he has been getting up before 5 every day. I am going crazy!

<

TL;DR:"," My son used to sleep from 9 pm to 9 am, and now isnt asleep until 11 and gets up before 5. Need help!"
265,"SUBREDDIT: r/Parenting

TITLE: My friend got grounded for getting heat exhaustion and dehydration

POST: Here's the story: It was 92 degrees and humid yesterday and me and my friends were hanging out in the downtown part of our area(it's a small town) At one point, my friend started getting a stomach ache, then she could barely walk, she was weak, she had a racing heartbeat, sweating a lot, and she could barely formulate a sentence. So we took her to an air conditioned building, put a cold wet t-shirt around her neck, gave her water and powerade, and I called my mom to come get us right away. We didn't call 911 because her pulse was regular, just beating fast and she slowly started to get better. After my mom came, we took her to our friends house who are doctors. They checked her out, and gave her vitamin drinks and made sure she was okay. Then we took her home and she told her parents.(about an 90 min after it happened) Her parents then grounded her because she didn't tell them right away. But the thing is, she could barely pick up her phone, so she couldn't tell them. I don't think it's fair that she got grounded because her friends didn't call her parents. Do you think it's fair? Her dad is always really irrational and I just don't think it's fair and it makes me so mad. I want to talk to her parents but I just want some good reasons other then the ones I have thought of

TL;DR:", My friend got heat exhaustion and dehydration and then got grounded because she didn't tell her parents right when it happened. Is that fair to her?
266,"SUBREDDIT: r/Parenting

TITLE: Why does my baby seem to ""fight off"" sleep by crying and writhing? Science says ""IDK""...

POST: So my 6-month old started the all too familiar ""I'm about ready for a nap"" routine of getting a little whiney and rubbing her face. I set her down on a typical nap spot, and just as she's about to drift off, she FREAKIN LOSES IT! This isn't completely out of the ordinary, as it's almost 50/50 that she will fall asleep peacefully or need 15 minutes of rocking in our arms before she's out cold...

I got curious as to why this little creature seemed to get so damn angry when she was falling asleep, so I did what any responsible parent would do and I went to Google... After sorting through like 5 pages of ""I raised one, so I'm an expert"" blogs I realized that I needed some science! Queue the scholarly tag! The majority if the information I found said, essentially, ""Eh... There's really not a lot of research... We should look into that!""

I was able to find a published work by a well-regarded expert in the field:

[Article and referenced studies HERE] 

Does anyone else have some respectable sources that explain this? I'm really just curious... In the mean time I've got to be stronger around sleep time, but it's painful to listen to the shrieks :(.

TL;DR:"," So we have some ideas how to handle pissed off babies around bedtime, but the resounding answer is ""Meh..."" as to why they get that way..."
267,"SUBREDDIT: r/Parenting

TITLE: Baby Name Desensitization Disorder

POST: 2014 was the best year of my life, when my sweet boy arrived. But my entire pregnancy I couldn't choose a name for him. Turns out his father chose. His own name, in fact his grandfather as well, so my little boy is a third.

I never really loved either, but since I couldn't choose I thought it was unfair to prevent him from his choice. I thought the baby would grow into the name. That o would get used. But never happened.

 He is now 1 year old, but I still can't pronounce his name. It's his father and grandfather's name, and to be honest, it's not a classical or pretty one. It's uncommon and often unheard, and sounds like low class to some people. Whenever I'm asked about the baby's name (it's a really cute boy and I'm not saying just because it's mine) people go mute and stare me, play with him calling him ""baby"". 

In my country it's not easy to change a baby's name, it's expensive, and has to be a good reason that is up to a judge to decide if it's reasonable. Not to mention I would hurt several family people since he has already even had his 1st year huge party. But I still cringe when I have to say his name. Or make any custom towel or outfit. It's like... it's not his name. I didn't pick my own first sons name, it's his father's, it's strange blah blah. The boy don't even answer his name. Because no one calls him that so he didn't learn :/

So my point here is: will I ever get used or even love his name? Are my identity issues with him legitimate because of all the junior grandson thing? What can I do, some sort of cognitive behavior to just stop cringing around the name?

I really should have named him Jonah. I didn't love at the time but would so much love it now.

TL;DR:"," Named kid after father and grandpa. He has 1 year old and still call him ""baby"". Call it baby names remorse."
268,"SUBREDDIT: r/Parenting

TITLE: My cousin thinks I'm weird for breastfeeding my 10 month old son.

POST: She is not only my cousin, but one of my best friends! We were like sisters growing up. We spent weeks at each others houses during the summers, spent weeks up at our grandparents, and did a lot together. We also can talk to each other openly about anything. We were chatting on Skype tonight and I was feeding my son out of the view of the camera. She asks me again, ""When are you going to quit breastfeeding?"". 

I said ""Whenever he weans or well before his 2nd birthday."" She says it is odd that he is still breastfeeding because he has teeth. 

I linked her to le leche league with an article about all the benefits of breastfeeding. She said she still thinks it is odd. I told her she would understand when she has kids someday.
How do I deal with this? We are going to be staying with her later this year for a visit. She lives out of state, but will still chat often and are very close.

Thanks for Reading.

TL;DR:"," My cousin/best friend thinks I'm weird for breastfeeding my baby, going to stay with her for a visit later this year, how do I deal with this?"
269,"SUBREDDIT: r/Parenting

TITLE: Me [31/F] my son [6yrs ] Saw inappropriate content on you tube and is very upset, wondering if I handled it correctly.

POST: So my son came to me this morning and asked if there was a way you could forget something forever, I asked what it was that he wanted to forget, at this point he went all red and seemed very troubled.

He said he didn't want me to shout so at this point I knew something was really bothering him so I sat down and said whatever it is I will not shout but tell me whats upsetting you so we can sort it out.

He then goes on to tell me he typed in bums and boobs on you tube(I thought I had put settings on to filter this stuff) and saw a girl take her bra off and he can't forget it and it keeps coming into his head and making him feel bad.

So I said right ok it's not something to get yourself so upset about but it is something he should not be seeing at his age as you are far too young to see things like that and that is why you are feeling bad about it but it will go away and I'm not angry as it's normal to be curious.

I also told him that I'm at fault for not putting a block on things like that which I thought I had done and not to beat himself up about it but from now on he can have set time on the laptop were I'll sit with him, but all in all try to forget about it and read your batman books.

He seemed more calm after our talk , when I dropped him at school I looked on the history nothing on google but you tube he had seen 2 videos one was a bum contest of the sort and the other was of a girl who took her bra off in a provocative manner he hadn't searched for these.

I think he was watching the fail compilation and one video leads on to suggest another etc so I think he was just curious.I Just hope I have dealt with it correctly or is there something else I should be doing.
.....

TL;DR:", 6Yr old son watched a couple of inappropriate nudity vids on youtube. Hows the best way to handle the situation with him being upset over what he has seen.
270,"SUBREDDIT: r/Parenting

TITLE: Does anyone out there use non-organic fruits and veggies to make baby food?

POST: (I'm not sure if there is a better sub for this, but I haven't found one so far). 
Baby girl is 6 months old and has been eating mostly organic fruits and veggies but I have a very limited selection of organic produce in my town.  I drive an hour away to get a larger selection but it still is not much.  I finally bit the bullet today and bought a bunch of food for her that is non-organic but now I am having second thoughts about feeding it to her.  Am I making too much out of this? Is it better for her to have a larger selection of different non-organic fruits and veggies or the same organic fruits and veggies over and over again? Should I just stop trying to make her food myself and just buy store bought organic baby food?

TL;DR:", is it a big deal if I give baby girl non-organic fruits and veggies?  Should I stop making baby food and buy store bought organic baby food?
271,"SUBREDDIT: r/Parenting

TITLE: Contingency (catastrophic) planning

POST: Greetings! I've been reading a book about how t think like an astronaut. It's actually a fabulous read.  

Anyways one of the key points the author makes is to train yourself to think about how you would handle catastrophic scenarios (like they do in NASA) and constantly challenge yourself to troubleshoot your weaknesses.  He stressed that this sounds anxiety provoking but if you can think through it you'll be much more calm and in control if something really bad does happen. 

Inspired by that I thought about the most catastrophic scenario, which is that both my wife and I died,  leaving our son behind.   

We have a bunch of family members, and one of them would certainly step up and raise him. However, again thinking like an astronaut, I'm not sure who that would be. Plus if it's an older relative, would they be able to care for our son in the long run? What about our son's education? What about financials? We have some life insurance, but due to a health condition I can't really qualify. 

I was wondering if anyone else has thought through these issues? Did you talk to the other family members? Was that a difficult conversation?

TL;DR:"," Inspired by a book, I'm challenging myself to better prepare for the worst, which made me realize we don't have a good plan for our son should the worst happen to us."
272,"SUBREDDIT: r/Parenting

TITLE: I have to share what my genius husband did this morning. (TMI!!)

POST: We have a 20 month old son, who hadn't pooped since Wednesday, and had become rather crabby. (Wouldn't you?) We tried to give him a little bit of prune juice last night but he turned his nose up at it. This morning, apparently, my little man had a change of heart and chugged the stuff! Hubs thought, ""hey, as much as he wants to drink he can have - he's pretty miserable."" Our son weighs about 24 pounds, and my husband gave him about 6 oz (4 splashes of juice in his open cup). SIX OUNCES OF PRUNE JUICE!

Husband and his brother were outside changing the top on the Jeep when the shit hit the floor. There was a puddle of it in the hallway by the office (where I was). It was all over our son's legs and feet. Somehow it did not get tracked all over the office, but did get on son's chair in the office.

I got the job of cleaning up our son (and myself - because as soon as I picked him up, in order to prevent poo getting all over my house, I was also covered).

TL;DR:"," Husband gave toddler too much prune juice, and poo got all over the floor, chair, child, and me. Husband is a genius."
273,"SUBREDDIT: r/Parenting

TITLE: Could use some advice on Pre-School vs. illness

POST: Hello all,

My three year old daughter recently started pre-school for the third time; let me explain.  She has started in three different pre-schools, the earliest at around 18 months and we have pulled her out within 2 weeks each time due to an almost immediate ER trip every time.  My daughter ended up being born by c-section a few weeks early because the OB was concerned about growth retardation, she ended up being born at 6lbs which isn't bad but now she is 42 months old and pretty low in the weight and height charts.  We think she may have had an underdeveloped respiratory system because every time she gets sick... she gets really sick.  Every cold she gets causes her to vomit from the mucous moving down her throat, which usually leads to dehydration.  In the first daycare she was extremely dehydrated and had to be admitted to the ER, the second daycare at around 24 months she ended up with RSV almost immediately and we were in the hospital for 3 days.  Now she has started daycare again and already had to go for dehydration due to vomiting 5 times in a day from a cold.  My wife and I understand that kids are going to get sick and that's just part of it but other peoples kids aren't getting this sick, life shuts down for at least a week every time she has a simple cold, vomiting, ER trips, 0 sleep for my daughter, wife and I.  We have an 18 month old to kind of compare to because she usually gets the same cold as our 3 year old and deals with it as you would expect, little fussy, little runny nose/cough, back to normal in a couple of days.

So now, we're contemplating pulling her out again, is there any reason to expect that within a years time she would have a stronger immune system if we did and less severe illness issues?  She is already very advanced in language, reading, etc. so we're really just doing pre-school for the social aspect and considering some sports or dance instead if we did pull her out.  Has anyone else had similar experiences?  Thank you for taking the time to read.

TL;DR:"," 3 year old becomes very ill from simple cold, vomiting, no sleep, etc. if we pull her out of pre-school now, would her immune system be better by next year and she could have a more normal school experience?"
274,"SUBREDDIT: r/Parenting

TITLE: When/how to tell my 5 year old that the cats are going back to their original owner?

POST: I'm currently hosting two cats in my apartment (it's a studio). They are great cats and are very patient with my 5 year old and he has become somewhat attached to them. They have been with us for 9 months and he feeds them and they come over in the mornings for pets and he carries them around and hugs them (he's very gentle). He always knew the cats were going to go back and would ask me if we still have them when I picked them up (I'm 50/50 custody with his dad), but it's been a while and he has stopped asking that. Their owner has been able to take them back for almost a month, but was letting me decide when that happens (if at all, she's very understanding). My apartment is too small for them and I'm not home a lot when I don't have my son. I feel like they would be happier with their original mom, but I'm not sure how to tell my son. The cats will be going back next weekend, the weekend I have with my son. Just wondering how to do this: Tell him now to prepare him for what's happening in a week or just tell him the day of? I'm thinking about either having us drive them to their new home or have their original owner pick them up, any advice there would be appreciated. Sorry if this sounds silly, just thought I'd ask.

TL;DR:"," been fostering cats for 9 months, have decided to give them back to the owner in a week as the owner is able to take them back. How in advance to tell my 5 year old and how to do the exchange?"
275,"SUBREDDIT: r/Parenting

TITLE: I'm such a clumsy fuck, I just broke my leg and I have a 6 month old daughter.

POST: I'm such a fucking clumsy bitch just by nature and managed to break my fibula on Thursday evening, I thought maybe it was just a sprain so I iced and rested it all of Friday but when I still could not bear any weight on it, I went to Urgent Care in my city on Saturday morning and sure enough its busted. They fix me with what he called a half cast and said I would get a call from an orthopaedic centre for an assessment, they will decide whether I can heal naturally or requite surgery to put a pin in it. Best case scenario I'm looking at 4-6 weeks. I have a 6 month old daughter and my husband works 6:30am -3:30pm. I also have a 3.5 month old puppy.

Thankfully, my mother who only mildly annoys me 100% of the time has offered to come up and help me next week but I don't know what I am going to do after that. I have no washroom on my main floor so I we will have to spend most of our time upstairs, away from the kitchen. 

Has anyone else been so fucking incredibly unlucky? Any tips or tricks to make this time less terrible for all involved?

TL;DR:", idiot mother of 6 month old baby and young puppy breaks leg. No bathroom on main floor. Seeks help from online community of parents who can laugh at her pain but also sympathise as moms and dads
276,"SUBREDDIT: r/Parenting

TITLE: Disciplining a preschooler - do I need to take her down a peg?

POST: Our 3.5 year old is smart, incredibly verbal, and an extrovert.  This leads to lots of conversations with non-family members, many of which end with the stranger commenting on how our daughter is so smart/clever. 

Grandparents think she's the bees knees, and our daycare provider (with 20+ years of experience) tells us that out daughter is her favorite.  Recently she's asked to take the daughter out on play dates with her similarly-aged granddaughter on the weekends.  Kids at daycare defer to her and follow her lead.  Daughter tells us that she's ""the boss kid.""  Several other parents have mentioned that their kids are constantly talking about our daughter. 

I'm happy that so many people love my kid, but I'm staring to worry that it is getting to her head.  Wife and I don't fall for the smiles and cute conversation.  She seems to be honestly surprised when we don't give in to her slightest whim.  We try to make her understand that she doesn't get to do what she wants whenever she wants simply because she can usually convince other people to give in to her, but some days it feels like a losing battle.  This leads to tantrums at home, but she's always well behaved everywhere else.  I'm not sure if this is because she's more comfortable at home, or because everyone else lets her have her way before she gets to the tantrum stage. 

Are there any other parent of charismatic extroverts who can offer advice on how to make a preschooler understand that she isn't the center of attention when everyone else is making her the center of attention?  We're hoping that preschool/kindergarten will help some with the school structure and the simple fact that she'll be one of around twenty some kids in the classroom, but I wonder if I/we should be doing more to help her understand that the world doesn't revolve around her.

TL;DR:", everyone loves my preschooler and I'm worried that it's getting to her head. Should I be doing more to make her understand that she can't always be the center of attention?
277,"SUBREDDIT: r/Parenting

TITLE: My 10yo stepson has an unhealthy desire for legal intoxicants (whippits, helium, etc)

POST: He's a good kid most of the time but within the last few months he's been expressing desire to get helium balloons at the store, canned whip cream also.
Obviously we don't enable him in this regard but he pulled one over on me last night at the store. Said he really wanted whip cream for ice cream.  I got a red flag in my mind but decided maybe he just wants whip cream.  Nope. Between me putting groceries in the back to hopping in the drivers seat he had grabbed the bottle, flipped it upside down and went all '90's party time.  I got in, took it away immediately and said he just lost it.

In the past he's shown excessive consumption behavior with Helium. Going beyond just changing his voice, he ""drank"" a balloon once and got so light headed he fell down. (got right back up btw)

Also lately he's been acting out on the school bus by apparently saying he's ""high on weed"" (I smoke but keep it hidden)(we are closely monitoring this too), as well as pretending he's drunk on occasion.  

For the record: he's not actually getting any weed, alcohol or anything of that nature. We've been marking any liquor bottles we have and nothing incriminating yet. I've searched his bags and his room for weed and found nothing. (I'd be able to spot unfettered stoned behavior from a mile away)

Regardless myself and his mother don't really know how to handle this as he goes into preteendome.

TL;DR:"," kid likes the feeling of being intoxicated, pretends to be drunk/high etc. Wants helium and whippits. What do?"
278,"SUBREDDIT: r/Parenting

TITLE: Looking for advice - About to be a mom of two children under 2 and a 10 year old.

POST: More or less, my husband and I are trying currently to get pregnant with one more baby. We were married almost 2 years ago, together for 6 and I have a 10 year old from a previous relationship and our 10 month old. We wanted to have the two youngers kids fairly close in age, for numerous reasons so that part of this scenario isn't really changing much. This will be our last baby as well. 

I'm not pregnant yet (at least that I know of) but I'm just wondering if anyone who has been in a situation where they have two younger kids, close in age that has any mild regrets or advice or ""I'd do this differently"" scenarios they'd be willing to offer. 

I'm a SAHM right now and plan on being that until the kids are ready for pre-school. We're fortunate enough we don't *need* me to work which is wonderful. We're also in the process of moving to a bigger house/better neighborhood in the next 4-5 months (I know, we're nuts) as well to make everything easier on everyone in the long run. 

I know we're trying to cram a lot into a short period of time but we have our reasons, which I can get into if people want to know. I just didn't want to wall of text. 

Thanks in advance, Reddit.

TL;DR:", We're trying to have 2 kids under the age of two and I want to know if anyone has any advice or life experiences so we can try not to make any major mistakes we'll regret/poor decisions.
279,"SUBREDDIT: r/Parenting

TITLE: Hearing issues in my toddler

POST: So This is mostly just to vent. I have no other place to go with this and I don't want to burden my wife with everything as she's the one mainly dealing with it. 

Our son, 20 months old, is not talking at all. The speech therapist places him at about 12 months old in terms of speach and language comprehension. We were told to get his hearing checked, which I thought was odd because he responds to noises (he runs into the room when his show comes on) 

Well they just tried to do the hearing test and according to my wife, they think that there's an issue with his eardrum. He's not responding to any high pitch noises. They say there is a very little chance it's water on the ears, but in order to find out they will have to sedate him and run more tests. Honestly as a parent this terrifies me. Has anyone else here gone through something like this? It looks like this is why he isn't talking.

TL;DR:", I'm scared shitless that theres an irreversable problem that will cause my son not to be able to talk or hear.
280,"SUBREDDIT: r/Parenting

TITLE: Idiot children mimicking wrestling. Whats your take?

POST: So my son is 8 and has been ""playing WWE"" on a trampline with a boy who is 10 and 12. 

My issues, are 

A) wrestling entirely. But in order to stop it I have to go and complain to the other mom

B) The other boys are older

C) it's on a trampoline

So obviously they aren't doing the huge stunts some of our husbands did, or we might have done in school. But the fact that the other boys are so much older and it's on a trampline means, to me, that my child (who is not stupid but is young and there for stupid) is more likely to be the one hurt when *some one else* suggests a really stupid poorly thought out wrestling thing. 

Today he came home with his face cut up. And he was choked enough that he could not say any thing to get out of it.  

So. should I back off and let them ""be boys"". Or do I have a right to be upset and ask them to stop?

TL;DR:", 8 yo came home with cuts to his face from wrestling with 10 and 12 yo boys. Do I tell them to knock it off?
281,"SUBREDDIT: r/Parenting

TITLE: Trying to decide whether or not to have a second baby. How sure were you folks with your decision to (or not)? Any regrets?

POST: I had always imagined myself having 2 kids. That is, until I had 1. Don't get me wrong, I LOVE my baby. She is the light of my life and all in all, she has been a pretty easy baby (currently 15 months). But, now that I'm on the cusp of making a huge life decision, I can't seem to make up my mind one way or the other.

I just got my body back into shape after a year of super hard work (working out 3x a week and dieting). Not sure if I'm ready to give that up again. Plus I hear that the small amount of free time that you have with 1 kid gets reduced to zero after another one comes along. So, not sure if I'd even have time to get my body back after a second. 

Not to mention that pregnancy was freakin' miserable (and I wouldn't be excited for childbirth again, either). 

I feel like I have pressure from friends and family all of the time, not to mention internal pressure. I don't think I would want my kids to be too far apart if I do have another, so I feel pressured to make a decision soon. 

My question to all of you is: whatever choice you made (to have another or not)...what made you decide and are you happy with your decision? I know that (hopefully) everyone would love the crap out of their second kid regardless, I'm not suggesting that you would give the child back if you could. But if you had to do it again, would you?

TL;DR:", Trying to decide whether a second kid is what I want. How did you decide? Are you happy with your choice?
282,"SUBREDDIT: r/Parenting

TITLE: What's your opinion on high school proms?

POST: I didn't go to mine, because I'd been skipped up a year and really didn't have any particular connection to any of the people I was graduating with.

Now my daughter is graduating, and when I asked her when the prom is, she said, ""I have no idea.""

It turns out she has no intention of going, either.  She doesn't have any friends in her graduating class (though she's well enough liked).  She doesn't drink (because she hates the taste of alcohol).  She's not inclined to spend serious money on a fancy dress.  And, finally, no one's asked her.

She's a bit wistful about that last one.

Now I read in today's paper that one of the reasons we haven't heard anything about a prom at school is because it *isn't* held at school in our district.  In fact, our district has wiped its hands completely of the whole prom business, leaving it to students and parents to organize on their own, off school property.  There are these local companies that will organize massive multi-school prom events at various local venues.

Drinking is a BIG part of all this, since the drinking age in Quebec is just 18.  Apparently, local prom tradition is to drive across the border before the event starts, get your drink on, and come back to Ontario to celebrate.

This is all currently in the news because a young man was stabbed to death outside a hotel where students were celebrating their prom after-parties, and there's a Canada-wide warrant currently out for the young man responsible.  Both were supposed to graduate this year.

So, the more I read, the more I feel like the whole prom thing is a big fat waste of time and money.

TL;DR:", What's your feeling on the subject of prom?  Did you go to your prom?  Do you expect your children to go to theirs?
283,"SUBREDDIT: r/Parenting

TITLE: A good bike for carrying a kid (or two).

POST: Hi all. 

I wanted to get your opinion/recommendation for a possible bike that would fit my needs which involves transporting a child.

Here are the facts:

* 2 year old to take to kindergarden (pre-school) about 2km away from our house each day.
* 4km commute to from kid's school to work and about 3km back.
* Bike is primary mode of transportation. (We don't own a car).
* I have a singlespeed road bike I have been riding for 3 years but it is hard enough riding over cobble stones and anything not flat myself. Not good for a kid seat.
* 2nd kid coming soon and thinking about doing the trailer after she is about a year. 
* Under €1000 (not counting kid seat)
* We live in Germany if that matters

I had been doing some research about hybrid bikes as our city streets are not great (lots of cracks, holes, cobblestone). This looks like what I need as we are not going off roading much other than maybe a bit of grass but the streets are almost like off roading themselves lol.

After looking I picked out some in this style:

* [Cube Hyde Pro](
* [Specialized Globe Daily](
* [Giant Seek 1](
* And other similar

I just went to a local bike shop and explained what I wanted and he said those types of bikes were not good for kid's seats. He showed me [used bike this] and said it would be better.  My wife already had the women's version of a bike like this and I find it really uncomfortable to sit like that.

TL;DR:", Does anyone have any good recommendation for a bike style/type that would be good for commuting daily as well as hauling around a kid in a kid seat?
284,"SUBREDDIT: r/Parenting

TITLE: Dating a single mom. Parenting advise requested.

POST: We've been dating for 9 months now and it's pretty serious. She(24yr) has a 6 yrs old son. I(31yr) dont have any kids and have never dated anyone who does before. The father isnt in the picture at all and pretty much never has been. I feel like I am at a crossroads when it comes to the raising of her son. He spends a ton of time at his grandmothers. The problem is they coddle and baby him way too much. 

Anytime he meets failure or adversity he immediately quits whatever it is and most of the time starts crying. In turn they immediately do whatever it is for him so that he is happy. This is something as simple as trying to put on any items of clothing, playing with his toys and he cant figure something out, or he cant open a simple candy wrapper. Most of the time he doesnt even try, he just says I can't and they do it for him. He can't sleep in his own bed and when he is over my house and he can't sleep in the bed with us(I wont allow it) it causes huge problems. At his grandmothers he sleeps with her all the time. When he doesnt get his way he cries until he does. Early on I noticed that his crying stops instantly the moment he gets what he wants so I told his mom it's his mechanism to get what he wants from them. He tries it with me and I tell him I won't have any conversation with him until he stops crying/whining first. His grandmother doesnt like the way I am with him because she said I am not nice enough to him and I treat him like he isnt a kid. I've never yelled or said anything mean to him. I just won't tolerate the crying/whining/tantrums so I tell him to calm down and speak normal, he just ignores me and runs to his mom/grandma. I feel like the path they have him on will lead to bigger problems down the line. Any advice on approach? Grandma discounts everything I say because ""you dont have any kids"".

TL;DR:"," Dating single mom, grandma and mom baby/coddle kid too much. My input is discounted because I dont have a kid myself."
285,"SUBREDDIT: r/Parenting

TITLE: W-sit: yet another sign of autism spectrum disorder...?

POST: My MIL is a teacher, and a few months ago she pointed out that our son (now 22 mo) sits with his legs [in a W position] We looked it up online and saw it's bad for hips and knees, so we correct him when we see it, but it's still his go-to position. Now apparently it's a possible sign of ASD?

She also pointed out a few other red flags: occasionally runs on tip toe (we correct this, too), sometimes ignores us if he's playing, likes light switches, likes wheels, doesn't like tags in his shirt (who does?)...

I guess I'm feeling overwhelmed because I thought all these behaviors were normal for little boys, and now suddenly every little thing means there's something wrong. One thing that used to concern me was that he'd bang his head on the floor when he got overtired and upset, but that's rare now (a couple times a month). He makes plenty of eye contact, is very verbal and likes to show us things and ask questions, is somewhat physical and likes to hold hands when walking or cuddle when tired or upset. 

I thought we were taking a good stance by keeping an eye out for symptoms but not worrying about every little thing, but WHEELS? C'mon, he's a little boy. He loves trucks and tractors and trains and bicycles. And I'm supposed to take him to his 2 year checkup and tell the doctor that I'm concerned he likes to flip light switches? I guess I feel like things have swung hard from not recognizing ASD at all to seeing it everywhere.

TL;DR:", So to come full circle to the subject line (sorry for the rant) - did anyone else struggle with getting their kid to sit on their heels or criss-cross? Any tips?
286,"SUBREDDIT: r/Parenting

TITLE: First plane ride for a 3 year old, any advice would be appreciated.

POST: Ok, first, a little backstory.  I have been with my boyfriend for almost 2 years now.  He is the farther of a 3 year old that I can honestly say I love like she is my own.  I have no kids of my own, and he is the first person I've been with that has had a kid/kids.  About 6 months ago, we had to move away for several different reasons.  It was heart breaking for me, so I can't even begin to describe how he felt, but we both decided that it was what needed to be done to better our lives, and in turn, better his daughter's life.  He and the mother of his child have had a very rocky relationship, but she has finally decided to put that behind them and do what's best for the child.  So, we get to see this week for the first time in 6 months!  Now comes my predicament.

Because of his work schedule, I will be going to pick his daughter up.  Lately, she has been throwing fits over the smallest things, such as not getting to eat a piece of candy or not being able to watch a movie right then and there. (When we lived there, she was an absolutely angel.  Please and thank-yous were common, she rarely did anything that deserved a time out.)  When we come back, it will be her first time ever on a plane.  Basically, I'm worried about her attitude change, combined with being in a very unfamiliar situation, leading to a very bad plane ride for both us.  Does r/Parenting have any tips or tricks to make this a little easier on her, and as a result, me?

Thanks in advance!

TL;DR:", Step mother (for all intents and purposes) is taking a 3 year old who has been prone to temper tantrums lately on her first plane ride.  Need tips/tricks/advice.
287,"SUBREDDIT: r/Parenting

TITLE: Not a parent, but could use some advice.

POST: Hey redditor parents! Like the title says, I'm not a parent, but I could really use some advice, so here goes.

I'm 19, and I have a half brother, who's about 4 and a half. I look after him a lot, but I guess because I'm so much older I've tended to take on a more parental role. For example I do a lot of disciplining, I try and teach him things (life lessons, I guess you could call them >.>). Like, just earlier today, I spoke to him about how to be a good loser (he's not used to losing when it comes to games, because everyone lets him win all the time, which I think creates a false sense of confidence and makes everything worse when he actually does lose a game).

But anyway, the issue I seem to have with him is with food. He's always been a fussy eater (I think he was introduced to solids too early when he was younger, which turned him off on a lot of food), when he's at home, my stepmom and my father insist on feeding him because ""it's quicker,"" he gets easily distracted, and takes sometimes over an hour to eat extremely small portions of the food he actually does like.

I've tried some methods that worked on me when I was little, to get him to eat faster/eat a wider variety of food (I know, I know, all kids are different but it couldn't hurt to try, right?). I've tried eating with him, and making a game to see who could finish eating faster... To which he gives up on. I've tried setting a timer on the microwave, I've tried taking away a privilege, I've tried leaving the room, and nothing seems to work. I should also note that I refuse to feed him. He's going to be 5. He shouldn't be spoon-fed.

So I was just wondering what other parents do to remedy these sorts of issues. Anything would be greatly appreciated, I feel like I've tried almost everything. Thank you so much in advance!! :)

TL;DR:", Soon to be 5 year-old half-brother takes over an hour to eat tiny portioned meals. I feel like I've tried everything. What do.
288,"SUBREDDIT: r/Parenting

TITLE: Babysitting 3 year old twins tomorrow, and not sure what to do with them.

POST: I'm babysitting my twin 3 year old nephews tomorrow, from 4 - 10, dinner, baths and bed. 
Is there anything fun we can do together? I don't know anything about kids, and their mom is one of those new wave, naturopath, super uptight moms. She won't even let them sit and play on their own, correcting their position so they don't get hip problems. It's all kind of foreign to me, and I'm extra nervous due to the number of rules there are.  I do respect her decisions with regard to her children. 
Regardless, I don't get to see them often, and haven't had any one on one time since they were babies. I'm on vacation this week and making the trip down to spend some time with them. 
I want it to be a fun time!  They like very stereotypical boy things (trucks, handy manny, superheroes, playing ""going to work"" like daddy), but are not rough and tumble and don't like getting dirty. They have a brand new house which I'm sure will be immaculate.  I thought about baking but I'll bet their cabinets are full of agave and almond meal. 
Any advice to help ensure I am the cool aunt would be appreciated.

TL;DR:", What to do for fun in a short period of time at home with twin 3 year old boys with a sort of uptight modern hippy mom.
289,"SUBREDDIT: r/Parenting

TITLE: My son takes nothing seriously

POST: My oldest son (11) has been accused by my daughter (8) of showing her porn and trying to get her to give him a bj.  The police are involved and he will likely be charged by the ada.  He has to go stay with his dad for the time being.

Since this situation developed about a week ago, my son has continued to act as though nothing has happened.  He got in trouble at school.  He ignored his responsibilities.  He goofs off and laughs.   I am sick and can't even eat.  His stepdad and I are keeping him for the weekend so his dad can have time with his sister before he has to go stay with his dad.

I just don't know how to make him see that this is serious.  Is he a sociopath because he feels no remorse about the situation?  Or, because he maintains his innocence, is it just because he doesn't  want to make himself seem guilty?   

I'm so worried.  I'm worried for my daughter if he did do it.  She will be having therapy for quite some time.  I'm worried for my son if he did do it and the type of person he is becoming.   I'm worried for both of them if it didn't happen.   Why would my daughter lie?   What will this do to my son?  

This is awful.  Thoughts?   Anyone ever been in a similar situation?  How do I be a good parent to both of them?

TL;DR:", Son accused of attempting to molest daughter.  Police involved and charges possibly pending.  He seems unaffected.  How do I be a good parent to both of them?
290,"SUBREDDIT: r/Parenting

TITLE: Sex-Positive Parenting: The Masturbation Situation...

POST: I was reading [this] thread and there were some interesting discussions going on there, specifically around some good/bad/indifferent parenting decisions and reactions to masturbation and the adult repressions each had. I asked /r/sex first, but now I'm asking you fine folks!

So /r/parenting : regarding children, parents, and masturbation:

1.How do you handle self exploration at an early age and/or masturbation at a later age so as not to make them a hangup later in life?

2.How do you comunicate you are there to provide a ""sounding board"" or answer any questions, even if the overal sexual dialog hasn't or isn't open?

3.At what age/maturity does the dialoge go from general/clinical, to more specific/personal? (""Well... it does feel good. It's personal. That's all for now."" vs ""Son, avoid the Death Grip!"")

TL;DR:"," how do we not raise kids with masturbation hangups, how not to get arrested because we may talk about such things with our kids, and how to deal with the situations that will arise as the kids grow?"
291,"SUBREDDIT: r/Parenting

TITLE: Rant with Grandparents; Advice, please

POST: My son is almost 3 years old and he goes to my parents Monday to Wednesday nights because I have evening classes and husband works night shift.  My son is a little behind with talking.  

Both of my parents still talk to my son like he's a baby.  An example would be he would call a dump truck ""ump ump"", I even told my parents what it means and they don't correct him to say the word correctly.  My father even told my son, ""You can call dump truck ""ump ump"" because you're in my house"".  

It seems useless to talk to my parents because they don't listen to me. I have told them plenty of times what it means and it's not the first time where they did not listen to me.  There was a different time with brushing his teeth.   
We were thinking of getting a babysitter but there are nights that I don't come home til' 11 p.m. because it's a 45 minute commute; husband works til 2 a.m.

**bold

TL;DR:"," Toddler son late talker, Grandparents talk to toddler like baby, and they don't listen to me. **bold**"
292,"SUBREDDIT: r/Parenting

TITLE: Teaching almost 2-yo to fall asleep on his own

POST: Thanks for the ideas. Sounds like your son is a lot more agile and proactive than mine. That's impressive he could climb out of the crib! Mine just cries when we put him in there, and gets too worked up from that to fall asleep. So the trick is to get him to calmly get into his crib in the first place. We usually put him there after he falls asleep. 

I think this is going to be a longer process than we think.,,, thanks for the good luck wishes. We're gonna need it.

TL;DR:"," is that my son wouldn't fall asleep in his crib, only on the couch are floor and with us. New baby coming, how to teach him to put himself down now?"
293,"SUBREDDIT: r/Parenting

TITLE: Terrible guilt about daycare for 10 month old

POST: I have been a stay-at-home mother for my 10 month old son since he was born. My husband works full-time, and so far, we have been barely scraping by financially. We both went to college, but both dropped out in our third year. So, while he makes a decent wage for someone without a degree, it's still not enough for us to pay our bills and buy groceries, diapers, etc., without some help from our families. It's also been a huge strain on our marriage to be under the constant stress of living paycheck to paycheck, and having to ask for extensions monthly. It's particularly hard for me, because his parents contribute the most financially, and I feel like we are a burden. 
I have also been struggling emotionally staying at home, I am an extrovert and it's been difficult to not get out and interact with other adults. I have been looking for part-time work, hoping to find an evening job, but I ended up finding work as a decorator for a cupcake shop. My hours are pretty great, 6am-1pm, Wed-Sun, and I actually make significantly more than my husband does. It's also in the field that I want - and have always wanted - to make a career in. Up to this point my sister has been the primary sitter Wed-Fri, but she is only availabe because she left her teaching position to pursue another field, so we need a long-term solution. 
Because of our finances, a nanny is not feasible, and since there is not a family member who could be with him consistently and long-term, we are left with daycare. I have found a facility that I am comfortable with, the directors and staff are great, and it has one of the best reputations in the state, but it's still daycare. 
I guess my questions are: how did you all, as new parents get through daycare anxieties? How long did it take for everyone to adjust? Looking back, do you think it was a good decision?

TL;DR:"," Got a great job, doing something I love, but it means sending my 10month old to daycare 3 days a week, and I feel terrible about it."
294,"SUBREDDIT: r/Parenting

TITLE: Little thrills of parenting that make it all worthwhile

POST: Hey Parents,

So I was talking to my daddy-friend the other day about having kids, and the cool things they do whilst growing before our eyes. For example, my friend was telling me that he watched his 2-1/2 year-old do a kind deed for the first time, and he was just over-the-moon about it.

This really got me thinking about how it's the little things our children do that really make parenting meaningful.

So my question for you all is has this happened to you? Can you remember a specific time when your kid did something small, but your pride as a parent just skyrocketed? (Besides the cliche ""when he grabbed my finger for the first time"", ""when he took his first steps"", blah blah blah)

TL;DR:"," do you remember a time when you were just so unbelievably proud to be a parent, because of something your kid has done?"
295,"SUBREDDIT: r/Parenting

TITLE: Am I a control freak? My spouse seems to think so. Only want my kid to be healthy. Advice?

POST: So I'm not the greatest at nutrition. I was literally raised on fast food five nights a week and never learned to eat well. As a result, I seem to be okay for now, but I gain at least ten pounds a year.

As a result I vowed that I would not raise my child like that. Unfortunately he has also hit that picky stage. So one thing I know is good for him is a juice I buy that has a serving of vegetables in it but tastes like fruit. He loves it and I buy him three different kinds so it doesn't get boring.

I come home yesterday from work and my husband has substituted his healthy juice with what I consider pure sugar because he ""wanted to give him some variety"". Also his mother will give him chocolate milk in a bottle for naptime even though he is two and we're (I'm) trying desperately to get him off of it. That and candy whenever he wants.

My husband thinks I'm a control freak about what my son eats and gets pissed when I tell him what to feed him. I just don't want my son to be overweight like me when he gets older.

I've tried talking to both of them about it, but my husband just gets pissed because I'm telling him how to raise his child and his mother just goes ""uh huh, sure"", like you would at someone making unreasonable demands.

TL;DR:"," My husband thinks I'm nuts for making him feed my son healthier choices and he and his mother constantly go against my nutrition ""rules""."
296,"SUBREDDIT: r/Parenting

TITLE: Female (lesbian) writes ""contract"" with a male to not be held accountable for the child... you did WHAT?

POST: So brief back story my gfs cousin lets say Rachel is a lesbian, (bi sexual apparently.) 

She asked us our view before but she took initiative, but despite warnings she went about it anyway. She works a min wage job let's say a coffee shop. Lives with sister who has with health issues but its not effecting her day to day life now its more so down the line she will be a veggie. 
She rachel just announced Sunday she's prego. She had a friend (guy) have sex with her to knock her up. Her own cheap version of intervenious conception (artificial incemination). So to my knowledge she didn't make real legal paperwork for him to sign as the process would go legally, she has a hand written agreement with the guy that she is not to hold him responsible. 
I don't care that a lesbian wants a kid. I don't care that a single person wants a kid. I get it that is not my issue.
The issue at hand is  if she is not able to provide a healthy living condition for herself never mind a kid. but lets pretend that in a few months reality hits her, she needs to provide a better living condition or social services takes the kid. will her contract hold up in court saying that the guy is not to actually be held responsible?

I don't want kids and I felt this area would give me feedback I can talk to her about.

Any advice? Cross post to somewhere else? Possibly Ask Reddit?

TL;DR:"," single woman (lesbian) w/ min wage job had guy purposely knock her up, and has ""contract"" to not hold male accountable. what sort of issues this is going to create? legal upholding?"
297,"SUBREDDIT: r/Parenting

TITLE: Changing Daycares: how much of a difference would it make?

POST: my 2 year old daughter has been going to daycare for 6 months now. and it's has barely gotten easier, at least at dropoff. she attends m-f 8:30- usually 6:30, sometimes earlier. after 6 months, there's less tears but still whining and clinging.

about a month ago, apparently there was an accident where she was climbing a chair and fell, which lightly bruised her eye. she's fine, no need for a doctor or anything. but since then, she's been fighting MUCH harder, even at home. it's kicking and screaming to get her into the car and more crying once i need to drop her off. it's beyond regression.

only just today, i think she's easing up a little but who knows about tomorrow. we are considering changing daycares. the new one is a bit pricier ($50+/month when we are already paying $1200/month). the facilities seem better and maybe the curriculum. but more importantly, i'm wondering if the change in environment will be better or worse. in theory, she's accustomed to her current daycare because she knows the staff, some of the kids, and even recognizes our morning routine of when she has to go in. maybe a new environment will allow her to start fresh if she associates the current one as where she got hurt. this is one of those times i really wish she could talk to tell me why.

it's also a possibility she just doesn't want to be away from her parents regardless of where it is.

any suggestions?

TL;DR:", will changing daycares (ie. environment) be helpful to changing 2yo's attitude about daycare after 6 months of little progress in current situation?
298,"SUBREDDIT: r/Parenting

TITLE: I'm not sure what I should do..

POST: When my son was 4 months old, I left his father because he was an abusive asshole and didn't help out with the baby at all. 
Ever since I left he hasn't really put any effort into seeing our son unless its convenient for him, and our son will be two next month. I gave him an ultimatum and told him he either has to make a consistent schedule will our son or just stay away because it's not fair to him. He tells me that I'm being irrational and difficult.
Last time he saw our son was a couple days after Xmas, he took him out bought him some toys then brought him back and I didn't hear from him again until just the other night. 
He's saying that he wants to be a part of our kid's life and saying that his schedule is the same till August and is willing to make a routine with our son but it's going to change after that. (Sounds promising..)

Am I wrong for not wanting to let him see our son? My whole worry is this will maybe work out for a bit and he will just go MIA again, and just as our son is getting to know him he disappears. I really don't know what to do right now. 

He doesn't pay child support either.

TL;DR:"," my son's father isn't really around and randomly wants to be in my son's life more, but am I wrong for not even wanting to give him that chance?"
299,"SUBREDDIT: r/Parenting

TITLE: Respecting toddler-logic

POST: This is a bit of a long set-up, but I hope you'll find the payoff worth it.

First thing to know:  I'm majorly frugal and a big-time planner, so I buy Christmas presents throughout the year when I find them cheap, and then wrap them and stash them in closets until the actual holiday.

Second thing to know:  My three-year-old son knows I hide presents in closets all over the house, so he's gotten really interested in checking out everything in every closet.  (I had to explain to him just last week that a breast pump is not a toy.)

So, my son finds a box of small items wrapped in shiny green paper in the master bathroom closet.  Nifty!  There are lots of them, so it's probably okay to open just one.  Hey, check it out...it's fluffy and has a long string.  These must be new toys for the kitten!

TL;DR:"," I walk in a room to find my toddler dangling a tampon in front of the cat, who is batting at and chewing on it."
300,"SUBREDDIT: r/Parenting

TITLE: When should we tell our child that I am not her biological dad? (x post /r/askreddit)

POST: *(This is not my native language, so my excuse for any mistacke!)*
*(Throw Away Account for privacy, [expect for the NSA](

**Some background:**

My (*now*) girlfriend dated some guy for a while and got pregnant by accident. She decided to keep the baby, the biological father didn't. They had some counselling together but couldn't come to an mutual understanding. The outcome was that he (*the biological father*) wouldn't have anything to do with the baby.   

He didn't recognize his child as his own by law. I'm not sure how this is arranged in your country, but by not recognizing the child, the father has no legal rights to see and to make decisions for the child. If my Wikipedia-powers are sufficient today I think it is something like [Filiation] By this he also don't have to pay any [Alimony](

My girlfriend could have go to court to demand that he (*the biological father*) has to pay [Alimony] but she decided not to. She wanted to be totally [independent] of him. 

Now OP (*OP, who is for a change, not gay*) come's in the picture. I was (*still am*) a good friend of my (*now*) girlfriend. We started dating around 4-5 months after the baby was born. And got serious quickly after that. After around 1 year they (*girlfriend and baby*) moved in with me. When the child was around 1,5 I official recognized her by law. I became her dad by law. So I have all the rights a biological father would have. She also carries my surname now. 

The child who I should call [Agnes] (*for privacy*) calls and see's me as her full dad. Agnes knows nothing different from her earliest memory's. She's around 2,5 years old now. Agnes also sees my parents as her grandpa and ma. And my parents take her as her granddaughter (*they cannot get enough of her*).

TL;DR:"," Girl pregnant, [biodad] wont recognize the child. OP gets in relationship with Girl and takes the baby as his own child (now 2,5 y). When do we tell her?* "
301,"SUBREDDIT: r/Parenting

TITLE: [Update] Uncles funeral or daughters surprise

POST: Firstly I'd like to say a ridiculously huge thank you to EVERYONE who had their say on my predicament. The response was overwhelming.

I am happy to tell you that I have spoken to those who matter, my uncles wife (Aunt L) and my two cousins N & G. I explained to them the plans we already had and that I wish I could do both. They told me, in no uncertain terms, that I was being silly for even considering cancelling plans with my daughter to attend a funeral and that my uncle would much rather I spend the day making memories with my daughter.

I can't tell you how relieved I am. I had some amazing replies to my previous post (will try and link at the end, probably as an edit). I am genuinely amazed at an offer one of you lovelies made.

I am pleased to say that I have moved some bills around and will be able to send flowers to the funeral. I will also be visiting my family in the coming weeks to offer my support where I can.

Again, I can't thank you enough for your comments I wish I could have replied to all of you. Your insights, your kind words and your honest opinions meant a lot to me in this tough time.

TL;DR:", I will be making new memories with my daughter instead of attending my uncles funeral. And you are all incredible people for taking the time to make your opinions heard.
302,"SUBREDDIT: r/Parenting

TITLE: 8 month old sleeps better when helped to sleep than she does when she falls asleep on her own. Advice/experiences?

POST: Hi parents. I have an 8 month old girl who has been putting herself to sleep on her own since she was 3-4 months old. When she puts herself to sleep, she usually does it with less than 2 minutes of crying--often none at all. But recently, she wakes up wailing 30-90 minutes later. When we bounce, nurse, or otherwise help her fall asleep, she will take 2+ hour naps, 6+ hours at night.

What's with this?? I thought that being able to put herself to sleep was supposed to help prevent her from waking up before she was done sleeping. **Should we just help her every time?** I don't want her to forget how to fall asleep on her own because I do think it's an important skill to have. We've never had to cry it out with her and we aren't interested in starting that now. 

Has anyone experienced this? Is it just a weird sleep regression/Wonder Week thing?  Info about her: she does have a cold but nothing she hasn't experienced before. No teeth visible, no signs of pain. Has been crawling for about a month.

TL;DR:"," 8 month old can put herself to sleep without CIO, but sleeps better when she's put down sleeping. What gives?"
303,"SUBREDDIT: r/Parenting

TITLE: One and a half year old won't sit still for story time with books.

POST: We recently started seeing an ENT because my sons mother has previous children with hearing loss. He has perfect hearing! and can say around 3 words fairly correctly. Just to be sure we started going to speech therapy in case a problem arises. To make this as short as possible, I have a hard time getting him to sit still during reading time. He will jump up and run around the house. I try to redirect him but not 3 minutes later he's bouncing around again. His mom let's him watch a lot of TV and I have addressed this with her and she said she is cutting it back. My question is....am I expecting too much from my little guy or are there any good tactics to hold their attention?

TL;DR:", does anyone have any good recomendations to get my one and a half year old to pay attention during story time?
304,"SUBREDDIT: r/Parenting

TITLE: Just found out my 4 year old daughter has Unilateral Hearing loss.

POST: So My 4 year old daughter cannot hear out of one ear and it has probably been like that since birth.  They had some trouble with the hearing test when she was born but said she passed and they got a good reading.  She failed a hearing test in preschool and we took her to an ENT who told us she has profound hearing loss in one ear and it is not coming back.
Anyone else have this or a child with this?  I do not really grasp what this means for her life.  She is normal to advanced in terms of speech and other academics at this point.  I have incredible guilt that we did not even know.  I am a wreck right now and would love to hear from anyone who knows about this.

For those that do not know it is a bigger deal than just not hearing in one ear.  She in unable to tell where a sound is coming from.  I have witnessed this playing hide and seek.  She is supposed to have a hard time hearing in a noisy environment since all the sounds blend together.  I have never noticed a problem with this as she seems to hear fine in crowded restaurants.

TL;DR:"," daughter is deaf in one ear with normal hearing in the other.  How will this effect her schooling and social life.  (Unilateral Hearing Loss, Single Sided Deafness)"
305,"SUBREDDIT: r/Parenting

TITLE: wifes coworker was rude and judged my children. put him in his place. unreasonable?

POST: ok so one of my wifes coworkers, who we are both sort of friends with and I have helped him with a few things lately has pissed me off.  when ever he comes over its usuall because he needs to either borrow tools, or something like that.  my kids who are 2 and 4 are a little bit crazy(read: they are 2 and 4) and the last 2 times he has come over he has made off hand comments about their behavior to them and too us.  he also tries to discipline themor tell them what to do and they do not respond well to this.  he does not seem to grasp that they can understand perfectly what he is saying to them or about them.

I have thought about this at great length and while I think that his intentions are good, I think he just doesnt get what kids are actually like. 
I put him in his place tonight.  I made sure to do it in a situation where it was just me and him man to man and I told him that he cant come to my house and be disrespectful to my family and that the kids understand what he says and that they are also not adults and should not be expected to behave as adults.  I was clear calm and collected and stated things in a matter of fact way.  Then he got really awkward and then left.  I made it clear that if he can not be well behaved in the future, then he will not be welcome here.

I have recently stopped smoking pot and have found that my tolerance level for bullshit is dropping like a stone.  

Am I out of line or is this a perfectly reasonable thing to tell someone?

TL;DR:", Wifes coworker was rude to my kids and judged my family.  I put him in his place but not sure if I went to far.
306,"SUBREDDIT: r/Parenting

TITLE: My SO found out today that he might have a child with another woman

POST: Throwaway account and cross posted on r/relationships
Background
We (30sMF) have been married a little over a year.  This is both of  ours second marriage and I have a daughter with my ex-husband, whom I pretty much have full custody of.

A couple of hours ago my husband was served with court papers for a paternity test and for child support for a 2 year old girl.  I had no idea that he could've been the father of any child. He has never mentioned anything to me even though he knows about the child,  He isn't sure if the girl is his and there is no name on the birth certificate under father.  

The mother (24F), I'm not sure how long they had a relationship for but it was before we ever met, is going for all medical expenses since the child was born, child support of course, wants him to get a life insurance policy on him for the girl in case he passes away, also health and dental insurance.  I am upset that he didn't tell me about the possibility of him fathering a child, I'm sure I will get over it, but I am also freaking out a bit that we are now just starting to get settled in life, buying a house and if he is the father I hope the mother will give him some type of custody and not just take us for all our money.  Is it possible for her to get all of that of if he is the father??  
We will be getting a lawyer as soon as we can.

TL;DR:"," SO might have a daughter with someone before we ever met, but she seems to be taking us for all we have."
307,"SUBREDDIT: r/Parenting

TITLE: Early tantrums.  Ahhhhhh!!!!

POST: So the kid walks up and out of the clear blue bites me.  I do what I did with my other one and walked away from her saying that I won't be treated like that, blah blah blah.  A couple of minutes later she comes up behind me and bites me on the leg.  I get to her level and say NO and she slaps me!  WTF?  She sees zero slapping.  So I put her in the middle of the floor and she does the quiver lip for a minute and then throws herself forward in a belly flop and is SCREAMING and kicking and pounding her fists for something like 2 or 3 full minutes as my older daughter and I watch, mouths gaping, in absolute horror.

Oh, and did I mention, she's going to turn 9 months old on the 16th.

Call me crazy, but isn't this a little early for tantrums?  My oldest never really had them so I don't know where this is coming from.  She can't talk at all, just ba ba ba ba ba so I just don't know what to do.  Any advice on this?  Everything I see on tantrums is for older kids.  I'm worried that something is seriously wrong for her to act like this already.  Generally, she actually seems really bright and everything.  Maybe she is a little behind on language.  I'm not really sure actually.  But otherwise she's seemed like a normal kid until this.  Also, she's become a terror who is devoted to opening the child locks on the cabinets, trying to pry the safety caps out of the outlets, etc.  We're at a point where she can't be left alone for even a second lest she speed off and darwin out.

TL;DR:", 9 month old is having full fledged tantrums and I'd like to help her/prevent life long negative behavior.
308,"SUBREDDIT: r/Parenting

TITLE: Advice on getting mother-in-law to engage with special needs grandchild

POST: I apologize in advance for the wall of text, and I don't even know if this is the best place to put this, but this is an issue that's really starting to weigh on my family.

A little over two years ago, my unborn daughter was diagnosed with spina biffida (we found out at a 20 week checkup.) When we first got the diagnosis, my mother-in-law was very supportive -- she would go to some of our more important specialist visits, and watch out son, who was almost 2 at the time.

Once my daughter was born, though, she seemed to want very little to do with her. When my son was out only child, she would take him overnight occasionally, and drop by the house to see him on a regular basis. That all stopped when my daughter was born. At first I thought that she was just nervous about taking our daughter, who obviously has a little different needs than our son did at her age, which is understandable. My daughter is over a year old now, though, and has only seen her grandmother a handful of times. We've tried to just give her exposure to show her that really her granddaughter isn't all that different from a normal kid her age, but she still seems very uninterested in engaging with our daughter. For a while, she would just take our son out every once in a while, but when we started suggesting that she take our daughter as well, that stopped. She's even stopped visiting the house pretty much completely (maybe once in the last 6 months.)

At this point my wife is ready to just cut ties and not worry about it, but it really bothers me that my kids' grandmother, who had been a good grandparent to our son up until our daughter was born, won't be a part of their lives. Am I over thinking things? Should I just sit on it? I thought it would have gotten better by now, but it hasn't. Does anyone know of a good resource for this type of situation?

TL;DR:"," Mother and law cut ties with the family after our disabled daughter was born. Up until then, she had been an active part of my son's life. Wife is ready to give up on the situation. Now sure what to do."
309,"SUBREDDIT: r/Parenting

TITLE: Am I feeding my two-year-old too much

POST: My kid is a garbage disposal and I wonder if I'm feeding her too much. We feed her healthy snacks (fruit, cheese, vegetables etc.) and varied food at meals. Breakfast is usually eggs or non-sugar cereal (Cheerios). Lunch is usually turkey lunch meat, carrots, cherry tomatoes and such. And dinner is usually portions of what we're eating (usually a meat a vegetable and a starch).

Anyway, here's the thing. She will eat A LOT if we let her. Sometimes she will eat two bowls of Cheerios a whole apple, and then still want more. She can eat two scrambled eggs and toast and still want more. At most meals she'll just keep eating until we stop feeding her. 

She's in a healthy percentile for weight, but I'm concerned she may be forming poor eating habits, but I don't want to starve the kid because of my neurosis. If she's hungry or growing I want her to eat. 

So do I feed her (healthy food) until she stops eating? Do I portion food, and if so, how much? Any advice will help. Thanks!

Oh yeah, and we don't ever give her juice or sugary snacks. (I'm sure that time will come, but we're avoiding it as long as possible) Sometimes she'll have some string cheese or goldfish crackers, but not often.

TL;DR:", I'm pretty sure my two-year-old would eat the entire refrigerator if I let her. How much food is too much?
310,"SUBREDDIT: r/Parenting

TITLE: How likely am I to get pregnant??

POST: Ok so here's the story. I had a uti, so I got five day antibiotics, and kept taking my birth control but me and my bf didn't have sex because I told him that antibiotics took down the effectiveness of birth control. Then I developed a yeast infection from the antibiotics so still no sex while finished the antibiotics. So for the past three days I haven't taken my birth control because my period is due to start next week so I just figured I would let it start early. Then tonight before bed I went to the bath room and had spotting. My bf didn't wanna have sex tonight because he doesn't wanna knock me up, we aren't ready for a baby yet (he's 24, I'm 20). So I just figured I would go down on him till he came as a stress reliever from work for him and a sorry we cant have sex thing. Then he demanded that I ride him. I said what if we get pregnant? He said whatever we'll deal with it. So we had sex and he came and all. So your thoughts on if I might have conceived our first child tonight Reddit??

TL;DR:"," My bf and I had sex tonight without any protection but my period started right before we did, how likely am I to have conceived??"
311,"SUBREDDIT: r/Parenting

TITLE: Responsibly NOT vaccinating?

POST: This morning I went to the chiropractor and one of the receptionists had her one year old daughter there. She had told me on a previous occasion that she had decided not to immunize her child, which is her choice and nothing to do with me.    
    
However I was there with my five week old son, whom I do plan to get immunized at the recommended age of 6 weeks. Next week. The receptionist's daughter came up to me and draped herself over my legs, and was generally being friendly. I moved away, but I thought it was irresponsible of the receptionist to let her non-immunized daughter come into such close contact with a newborn who was not old enough to be immunized. And I felt bad not responding to the little girl. 
    
I respect her choice not to immunize, but is it unreasonable of me to expect that she be conscious of possibly posing a risk to other children? Or am I being an overly paranoid first-time parent?

TL;DR:", should parents who choose not to immunize their children be conscious of letting their children have contact with newborns who are too young to be immunized?
312,"SUBREDDIT: r/Parenting

TITLE: My daughter [4 F] walked in on me [32 F] and my girlfriend [29 F] having sex and has been distant ever since.

POST: Hey, Reddit. I got my self into quite the predicament last night.  
  
First off, a little backstory. I am a 32 year old bisexual woman. Four years ago, I gave birth to my beautiful daughter, who we'll refer to as Jennifer. The father left me soon after I gave birth, so it was just me and my daughter for about a year. That is until I met my girlfriend, Alexa.  
  
Alexa is the most wonderful woman I have ever met. It was love at first sight. She and my daughter mean the world to me, and I'm sure that Alexa is the one I'm going to marry. However, Jennifer doesn't know that. Although Alexa, Jennifer, and I have been living together, Jennifer has never put two and two together. She thinks we are best friends. And we don't blame her- we never show PDA in front of her aside from the occasional hand holding and ""I love you"". This brings us to last night.  
  
Alexa put Jennifer to bed (She just started sleeping on her own a couple weeks ago) and we had time to ourselves. The time we have alone is precious. We made use of this time by going to bed and having sex. However, the moment was cut short when Jennifer appeared in the doorway saying ""Mommy?"". I quickly got dressed and brought her back to her room. She said she wanted to sleep with us, so we let her.  
  
This morning, Jennifer was really distant with us, nothing like her usual cheerful self. When I tried to ask her what was wrong, she wouldn't reply. Alexa and I don't know how to fix this. She was acting like this all day, and we just put her to bed. Should we talk to her about the situation? If so, what do we say?

TL;DR:"," My daughter walked in on me and my girlfriend having sex, and has been distant all day. How can we fix this?"
313,"SUBREDDIT: r/Parenting

TITLE: Happiness is a glowing owl! (bedtime success story)

POST: Our soon-to-be three-year-old has been having some trouble learning to sleep through the night. This is mostly because we have moved various times in the past year and have been in a lot of situations where we have had to share the bed. 

He finally has his own room, but it has not been easy getting him to sleep through the night. He had been waking up on the hour to call for us and often even running into our room. This had been especially difficult early in the morning, and we would usually cave and let him sleep with us for the next couple of hours--basically delaying all of our progress.

UNTIL...we were told about [this] little gem. it is a night-light that is either pink, blue, or yellow for the night, but you set it for a specific time and at that time in the morning it turns green. We explained to our son that the green means its OK to come into our room. If he wakes up and its dark he should go back to sleep but if the sun is out and the owl is not green, he can play in his room with toys until it turns green. 

He has gotten better and better at this over the past couple of weeks we have been using it, and finally last night we had ultimate success!! This morning on the monitor (his room is downstairs) we heard him stirring and were holding our breath for him to come up to see us, but no! We soon heard the sound of him turning his trains on. Shortly after we heard, ""Yay!! It's green!"" and he came bounding up to stairs to brag about how he'd sleep by himself ALL NIGHT LONG!

Thank goodness for that awesome owl!

TL;DR:", If you're having trouble having your toddler sleep through the night and stay in his own room until it's an appropriate time to get up [THIS] may help!
314,"SUBREDDIT: r/Parenting

TITLE: Bedtimes and Waketimes

POST: Hello, r/Parenting! I originally posted this question in BeyondtheBump, but did not get many responses (I think several other parents were struggling with the same issue!). As a small

TL;DR:", My 5.5 month old is going to bed early and waking early. Can I change this? When does your little one go to bed and wake?
315,"SUBREDDIT: r/Parenting

TITLE: How do I tell the family I nanny for I need to move on?

POST: Hey all--need some advice and figured asking some parents would be my best bet. 
Some backstory: I am a nanny for a great family about 20 minutes away from my apartment. The only problem is, they are a young couple with two children aged 3 and 8 months, who just bought a house and don't have much money. I am basically working 40+ hours for only $150 a week...which is absolutely nothing. With those rates, I barely make rent and rely on my parents to help with gas money (and with the commute, it adds up). 
Now, here's my issue. I have been offered a job with another awesome family (also about 20 minutes away) who are willing to pay me $400 a WEEK. I really need that money to start paying of student loans and also just to have money in the bank for a change. This family would need me to start after the first of the year. 

So, parents of reddit, my question is: How do you recommend telling a great family I can no longer work for them?

TL;DR:"," Got an offer for an awesome nanny job, but I'm afraid to tell my current bosses I might be leaving in 3 weeks."
316,"SUBREDDIT: r/Parenting

TITLE: Any advice on getting kids to sleep in the same room?  Is it possible at these ages?

POST: My daughters are two and four months.  The younger one is a pro at sleeping.  I can put her down when she is awake and she'll fall asleep on her own.  She has a very tight schedule of her naps and bedtimes. 
She is just starting to sleep mostly through the night and I was thinking ahead to putting them in the same room in a month or two.

But the older one is a monster at bed and nap time!  She jumps on the bed and shouts, getting out her monstrous energy before a collapse.  This may just be a phase she is going through.

So does anyone else out there have kids that sleep in the same room and can offer any advice?  I may be trying it when the baby is too young.  Once they get asleep, I know it will be great.  My only concern is the older one being too loud for the younger one as they fall asleep.

TL;DR:"," 2-year-old noisy, 4-month-old good sleeper - how to get them to sleep in same room?"
317,"SUBREDDIT: r/Parenting

TITLE: Getting 7-year-old back in her bed

POST: My daughter, 7, is having a hard time sleeping in her own bed. Her mom and I are divorced and share custody 50/50. She slept in her bed fine up until January of this year when, at her moms house, a dog broke into her room and startled her. Her mom now has her sleep in the same room as her brother who is 9. At my house she has her own bed or a camping mattress on the floor in my room as options. 

I can make progress when she is at my house. We read in her bed. Then I wait in the hall till she falls asleep. She usually awakens and wanders up to my room in the middle if the night, although it gets a little better each consecutive night. However, we start back at square one after mom's time. 

I have made an appointment for her to talk with a therapist and get some professional input. I could put a bed in my son's room but he is adamant about his privacy. At this point mom is not willing to make any adjustments at her house. Any thoughts or ideas?

TL;DR:", daughter won't sleep in room because she cosleeps with brother at moms. Need help getting her back in her bed.
318,"SUBREDDIT: r/Parenting

TITLE: Talking to your (young) children

POST: Let me start with the fact that I am a single Dad raising my three sons, ages almost 7, almost 4, and 2.5 years. Their Mom is not highly involved in their lives so its me and them, day-in, day-out. 

On weekdays, its always a whirlwind of getting ready to go in the morning, fixing supper, giving baths, bedtime routine (the little two go down around 7 and the older around 8). On the weekends there are chores that must get done like laundry and grocery shopping and meal planning. I've been known to let the housework (cleaning) go in order to have more time to play outside, go to the park, etc, but it feels like a constant go go go.

I'm a quiet person by nature and I'm starting to feel like I don't converse with them enough. This really hit me yesterday at the local splash park. A little girl ran up to her mom, who was standing next to me, after slipping and falling. The little girl was crying and mom scooped her up and started a long story to make her feel better, the two chatted, and off the little girl goes. By contrast, my kiddo slips, comes over to me, I ask him where it hurts, he shows me, I kiss it and tell him to run along and play (which he happily does). 

I feel guilty about it because half of it is just the fact that I don't talk much and the the rest is that I am so overwhelmed and exhausted on a daily basis just keeping them alive that I feel like we don't have much time to just chatter.

TL;DR:", I'm a single dad with three young kids and I can't figure out how to fit conversation into our day on a regular basis. Suggestions?
319,"SUBREDDIT: r/Parenting

TITLE: New father feeling undermined by MIL.

POST: Brand new dad to a little girl born on Father's Day. MIL is in town to help with the birth and ""take care"" of my wife's sister who recovered from a psychotic episode in April. 

Birth was pretty standard, as was the hospital stay. The baby became a bit more fussy when we got her home, but mangeable.  

However, now, by day three, I feel like I have little to nothing to do to contribute to my little girl's lifw. When she cries, and mom and I try to handle it, she's constantly hovering around to take over for us. She does things her way constantly without asking me if I'm okay with it. For example, we bathed my daughter  before taking her home from the hospital yesterday. I had planned to go get screws for the baby's bath and give it to her today, but MIL swooped in and bathed her even though I had said I prefer to bathe her this evening so she'd sleep more soundly during the night.  

My wife is trying very hard to bf, and our girl won't latch to her left boob for some reason. Guess who's there after 3 minutes of her screeching with some formula? We've made it clear that we will only bottle feed after she's tried to bf, but more and more I'm feeling totally useless, like all I'm good for is to go get things from the store. I don't feel like a dad. 

I've tried to talk to my wife about this and she just makes me feel ridiculous and like I should just shut up and accept the help. I don't want to confront my MIL with this upfront, as I don't want to cause a scene,  so I feel a bit stuck.

TL;DR:"," MIL staying with us to help out after new baby. Feel undermined as a dad, like all I'm good for is errands and busiwork."
320,"SUBREDDIT: r/Parenting

TITLE: Me [40s M] with my daughter [14 F], she's upset about her Mom's boyfriends behavior. Directed here from relationships.

POST: Throwaway. I'm divorced for 6 plus years. I have a decent relationship with her Mom and tolerate her Mom's boyfriend. Let's call daughter Chiquitita and boyfriend Fernando because I like to type.

Chiquitita and I went out for dinner tonight and she complained that Fernando creeps her out and is always trying to hug her and constantly telling her he loves her. Before you get your pedo pitchforks going, I asked if it was sexual creepy, or just creepy in general. She said it was more of a boundary stomping/always in her personal space type of creepy and she just isn't a hugger.

She said when she refuses to hug him her Mom will occasionally tell her to hug him rather than ask her boyfriend to respect her wishes. Mom and Fernando have a toddler(F) together and while this is none of my business, Chiquitita told me that Fernando will punish the toddler for refusing to hug him. I feel this is teaching toddler she has no control over who touches her or when they touch her, but like I said, it's not my kid or my business. I just wanted to point out it's not isolated behavior towards Chiquitita.

I'm looking for advice to get my ex to see that Chiquitita is her own person and should be in control of her own body. If she chooses to hug Fernando, that's her choice, but she shouldn't be forced or shamed into it. Same with the constant ""I love you""s, I feel this is a form of abuse/boundary stomping?? but I don't quite know how to put it. I just know that it bothers Chiquitita so I'd like it to stop.

TL;DR:", Ex's boyfriend constantly tries to hug my daughter and she doesn't like it. I need to get Mom on board with respecting a teenage girl's boundaries.
321,"SUBREDDIT: r/Parenting

TITLE: 2.5 year old vs. Daycare Naps: Cagematch

POST: Short and sweet because I have to go to bed.

Toddler: hates naps.  Toddler is allowed to sit quietly and read at school on his cot.  Toddler has recently decided that this is horse shit.

Today, teacher told me that he not only persisted in jumping around, talking, etc., but he actually flipped his cot over to play on it and woke another child on purpose.

Toddler is an angel, otherwise.  Well behaved, intelligent, polite, friendly - the works.  But man does that kid hate sleep.

In Daycare's corner: State mandated, two hour nap time.  Inadequate staff for a room for non-napping children.  Other non-nappers are older, and will sit still and read without issue.  Books and puzzles work for only a short time with toddler.  

Toddler does not nap at home most days, and is provided with mandatory quiet time, where he may play quietly, alone in his room if he refuses his nap.  This strategy was implemented after months of trying to force nap/rest time, which resulted in a low rate of success and a high rate of frustration/tears/stress for all parties.  Toddler receives a consistent bedtime routine, is put to bed at 8 and expected to wake at 6:30.  Sleeps more consistently through the night when he does not nap.

TL;DR:", Any strategies for helping a sleep-hating 2.5 year old learn to stay on his cot for two hours straight?
322,"SUBREDDIT: r/Parenting

TITLE: Received a phone call from my sons principal saying he assaulted a girl at school.

POST: So I got the phone call and immediately called the principal back. Apparently my son had gone up to a girl and gave her ""purple nirples."" He said he saw it on the show ""chowder."" I am beyond livid and embarrassed.  My son is currently with his dad and I won't see him for a couple days. I'm trying to stay calm and come up with the appropriate actions we need to take to get past this and make sure he understands how inappropriate his actions were. I'm truly at a loss for words. I've raised him to know better and right now I really can't think of what to say/do. Oh and btw he does have adhd and is currently on medication that does help him. On that subject, he has been doing very well with the medication. I told the doctor I wanted him on the lowest dosage possible of an anti-stimulant. I refused to have him on anything similar to ritalin. I did not want my son to turn into a zombie and lose his personality and who he is. We tried behavioral therapy for a year and it did nothing. Now he can be himself and focus on his tasks. He on occasion still has problems controlling his anger. He also has trouble making friends as he is shy.

TL;DR:"," adhd son gave a girl a ""purple nirple"" and I honestly don't know what to say to him and what actions to take."
323,"SUBREDDIT: r/Parenting

TITLE: Workshops for Parents in Ontario

POST: Hi, All, 
 I am a soon-to-be early childhood educator. This means that I can work alongside children in day cares and schools. I'm from Ontario and was wondering if parents are interested in obtaining more knowledge about the issues in our day care system. Knowing the issues that our government presents, gives the opportunity to fight for our children to have better lives. I'm also curious to know what people think about Workshops that include things such as Developmental stages of development, and things like play-based learning. Knowing only a few more things from a 2-3 hour workshop could be very beneficial for future, and present parents.

TL;DR:", Wondering the amount of buzz workshops and parent development sessions would be able to get if the word got out. also wondering if people are interested in helping solve problems within our government such as ridiculously expensive child care.
324,"SUBREDDIT: r/Parenting

TITLE: My 14 year old daughter just came out to me and told me that she was bisexual. How to handle without fucking up?

POST: My 14 year old freshman daughter came to me in the kitchen two weeks ago and told me that she likes girls BUT that she also likes boys, and that she thinks that means she's bisexual. She had a boyfriend for about three weeks, and now she has a girlfriend (incidentally gf's parents are very against this relationship). I told her that I loved her no matter what and that I would support her; same rules apply whether gay or straight and especially for someone who's so young (i.e., no solo dates, go light on the physical side). 

Here's the thing: I'm not entirely convinced she's gay, let alone bisexual. She's in a brand new school, HUGE array of new experiences, and it sorta kinda feels like she's trying on new personalities so to speak to see which one fits. 

My current plan is to just wait and see and be the mom she needs me to be. I am also super scared that my fundamentalist upbringing (I'm an ex-Christian) will rear it's ugly head.

TL;DR:"," My lovely daughter came out to me as gay/bisexual. I'm not sure she's either. Plus, I'm nervous about fundie upbringing. How best to handle this? "
325,"SUBREDDIT: r/Parenting

TITLE: Ignoring rudeness as a de-escalation tactic. How to get less triggered?

POST: We are a still-new family that has come a long way over the past 2 years. Our child has been through a lot, has responded positively to boundaries and love, and is in a process of continuous improvement of both instigating and anti-social behaviors at school.

4-5 months ago, we were still having majorly escalated conflicts. Screaming kid, banging on walls, angry parents sucking at responding. 

We've gotten so much better. We have conflict, but it rarely escalates. Until tonight. 

Drilling in a bit to my own responsibility here - I was completely triggered by a rather relentless set of laser-focused comments from my 12 year old.  This was as lightly biting as being disrespectfully bossy all the way to big angry cussing and fussing. 

I absolutely 100% know that if I don't react, if I walk away, if I ignore it, then he almost always re-regulates, even apologizes, etc.  But I have such a triggered response.  I get more upset, get into a hell of a power struggle and we all end up feeling ashamed, disconnected and sad.  

How do you do this?  What is the road to letting things slide or answering them later with a consequence or connective conversation?  

Not proud that I made it worse this evening. 

Thanks.

TL;DR:"," Too triggered by rude comments, eye rolls, etc. What do you do to stay in your power? 12 yo new to family who has shown awesome progress. My reactions aren't helping."
326,"SUBREDDIT: r/Parenting

TITLE: Help with 3yr old boy potty training/intentional constipation

POST: I'm sure someone has gone though this and has some suggestions we haven't tried. Our just-turned-3 year old was almost 100% potty trained a couple weeks ago, but has taken a significant backwards slide. I know that is common, but I'm more worried about the addition of him forcing himself not to have a bowel movement. He's done this on and off for as long as we can remember, but he's more willful about it now and holding it much longer, like 4-5+ days. Needless to say, by that time it hurts, reinforcing his desire to hold it. We've tried lots of fiber rich food/juice and rewards for success (at this point, I'd even reward him for going in his diaper and start over with free potty, if he'd just go)...and yes, discipline for trying not to go, after the positive reinforcement fell flat. I'm not really ok with suppositories or enemas on a routine basis, etc. - of course I'd use them if it got really bad, but that's not my goal. What I'm trying to do is explain it to him. He's a bright child, and I think he could understand, I just haven't found logic he's interested in or a way to convince him that the only way to stop it from hurting is to go daily. To him that sounds counterintuitive. Any suggestions on how to get him to change the behavior or approaches you used?

TL;DR:", my son holds it as long as he can & he doesn't believe we need to have daily bowel movements to stop it from hurting.
327,"SUBREDDIT: r/Parenting

TITLE: Let's talk booster seats!!

POST: I guess I'm in the market (or deciding if I'm in the market) for a new booster seat for my little Peanut. 

She'll be 6 in less than 3 months, and she's at about 43lbs (she goes between 42-43). She's currently in a 5-point harness car seat, but the weight limit for the harness belt is 40lbs. We live in Washington and I could have switched her to a booster at 4 years old, but wanted to keep her in the 5-point as long as possible. 

The car seat she has is a convertible (rear/front/booster), but I don't know if I should keep using it or go with just a booster seat. 

The majority of parents in my circle of friends use Britax seats but that's mostly because the two ""hip"" moms bought Britax and now that's THEE seat to buy! 

So I'm wondering if I should buy a Britax because it's a superior booster seat, or if there's a better (safer) seat out there, or if I should just remove the harness straps from Peanut's current seat and start using the car's seat belt. 

Do any of you use the Britax booster seat and if so, how do you like it? Any thoughts or reviews on other booster seat models? Should I use a high backed seat or a backless seat? Should I find a car seat that has a higher weight limit on 5-point harness?

TL;DR:"," Please give your advice/reviews on booster seats, because I trust your opinions more than my circle of friends who tend to be all about the latest fad and brand names."
328,"SUBREDDIT: r/Parenting

TITLE: HELP Ex(27m) is trying to sabotage my relationship (25f w 23m) through our child (6f)

POST: This is probably going to end up being a wall of text, so here goes...

About 6 years ago I broke up with my ex (27m), it was a bad break up, and we had to go to court to settle our custody arrangements. Our custody agreement he's constantly breaking, trying to pick her up from school when I'm not around and not asking me for permission etc etc.

He is the kind of person where if you say no, he says f+++ you and just does it anyway. He puts himself in our lives when he is NOT welcome. He shows up to our daughters' soccer games or swimming lessons and tries to get her to go over to him, hes' tried to take her from those events as well. Once he tried to grab her from my sisters arms, I knocked his hand away and he tried to charge me with assault.

Anything he CAN do to mess with my life, he will. I see him out wandering at kids events looking for us. He went to my sisters work to ask for photos of me for a ""present collage"" at Xmas. He tells our daughter on his weeks, that we're going to get back together and its affecting my current relationship. 

My bf (23m) is great. He's been calm and as understanding as possible but I feel like my ex is really starting to mess with us. We've been together for 5 years now, almost my daughters whole life. But my daughter always brings up in front of him stuff about how her dad is gunna buy me gifts and how he wants me back and how my daughter wants me to come over to his place. Its starting to make me very uncomfortable. I don't want to lose my man because he thinks I'm sneaking around with my ex -- which would never EVER happen. I am hoping someone here can give me any advice or can talk me through this.

TL;DR:"," my ex is telling my daughter we're going to be a family again and my bf and I are upset about it, it is affecting our relationship. HELP"
329,"SUBREDDIT: r/Parenting

TITLE: Daycare concern

POST: So I've been sending my 2 (almost 3) year old to a home daycare one day a week for the past year while I've been on maternity leave, and when I go back to work in a month both my kids will be going there full time (1 and 3).

My son has been loving his days at daycare. He's had a few days where he really didn't want to go, but every time I pick him up he tells me it was really fun and he lists off things from his day. She's teaching him how to write, he's fully potty trained there (not at home), he naps and eats well there, they go outside every day, they do a variety of activities and watch some during pickup and dropoff time. The daycare is not licensed but it's very clean, she has max 4 kids, they do fire drills and she's an ECE. We always have friendly conversations at pickups and she's open about any incidents or problems.

Last week a neighbour of mine started her 1 year old in the daycare by my recommendation. But then I talked to her a couple days ago and she said she pulled her daughter out after only 3 days. She didn't want to elaborate as to why but thanked me for recommending the daycare and just said it wasn't a good fit. When I pressed her a little more she said that she didn't feel like the daycare teacher was nice to her or her daughter.

This was shocking to me because she's always been so nice to me and she has such a great rapport with my son. I can't imagine what she could have done to make them feel like pulling their daughter after such a short amount of time. I feel sick about it. It's like setting someone up on a terrible blind date but way worse. But now I'm sending my two kids there full time next year, what if there's something I've been missing with my son's experience there? I can't stop thinking about what it could possibly be about, since I've always felt really good about leaving my son there.

Does anyone have any insight? Are there warning signs I should watch for? Has anyone been through something similar?

TL;DR:", neighbour pulled daughter out of the same home daycare where I'll be sending my two kids. Now having doubts about a daycare that I have always liked.
330,"SUBREDDIT: r/Parenting

TITLE: Soon to be parents - childcare dilemma.

POST: My wife and I are expecting our first child in August. We are stoked about the idea but one thing that bothers us and remains undecided and unresolved is the childcare situation. Due to a very demanding job, wife can only take about 5 months off work after birth which I feel is not enough but we have to accept this reality. I can maybe stay for 3 months beyond that but if I do that will hurt our financial situation as I make about 30% more and my workplace offers no maternal/paternal coverage and what the government guarantees here (Canada) is very little.

No matter how we look at it, beyond the first half year or so we will *have to* leave our child with other people to look after him/her. We don't know what our best option is. There are childcare places here that will accept babies younger than 1yo but they are expensive (>$800/month) and the waiting lists are long. The other option we considered would be to hire a live in nanny (from our home country) to help with the baby and some house chores. The nanny will cost a bit more (I read somewhere it's about $1000/month) and would be somewhat more convenient than driving the infant to a child care facility every morning. 

The thing is we have absolutely no relatives here (we're immigrants) and have no friends willing to help out with the baby. It will be purely up to us to look after it. Anyway, are there other viable options for childcare besides a daycare facility or a live in nanny? Which one would you be more comfortable with given the young age of the infant?

Financially I feel we should be OK either way as we have saved about $12,000 for baby related expenses and will be adding to that sum a bit more over the next eight months. So I think we should be able to afford either option.

TL;DR:", we're having a baby soon but have no family to help out and need to return to work soon after birth. Should we go with young infant day care facility or a live in nanny or some other option we haven't considered?
331,"SUBREDDIT: r/Parenting

TITLE: Where do you stand on marine parks, circuses, zoos, etc?

POST: I have a bit of time since my little is an infant. But the Sea World float at the Rose parade today got me thinking about what I will do later. 

For me, the circus and things like the tiger temple or elephant rides or orca shows doesn't suit. But I know there will be pressure to take my son as he gets into animals. 

Already, one of the mama groups I sub to meets regularly at the zoo but I have yet to go. I understand that zoos are not as bad, as they strive to protect and educate but I still hate seeing animals unnecessarily in captivity. I do feel differently about sanctuaries and refuges and will take him to those types of places.

TL;DR:", I feel like such a stick in the mud because I do not want to support organizations that exploit animals. But I'm afraid my son will miss out too.
332,"SUBREDDIT: r/Parenting

TITLE: Husband is maybe depressed - regrets having baby

POST: Help?

My husband and I have a 9 month old son. We made the decision together to have a baby and as far as I knew, we were both on board and totally happy with the pregnancy and the baby. A couple of months ago we moved from our smallish city where we had a ton of friends with families to a very large city where we have only a couple friends who have no kids.

A couple days ago, my husband told me that he wishes we never had a baby. He loves me, loves our son, but wishes we were able to go out more and explore our new city and do new things. He said he feels bad for wishing we didn't have a baby. He emphasized that he just feels like he is missing out on...everything. He gets easily frustrated with our son and loses interest in spending time with him/doing anything as a family as soon as our son gets even a bit fussy.

I suggested we take a walk, explore a new part of town, that he join a meetup, that he go out with a friend while I stay home, etc. But he said he just wanted to go home and take a nap. He also said he wanted to go out to bars and trendy restaurants with me, not the 1-2 friends he has made here. I suggested we try harder to find a baby sitter so we can go out 1-2 times a month. He said the thought bummed him out more because of how infrequent it was.

I suspect he is depressed. He has a history of depression, especially surrounding major life events. He avoids treatment. When he tried to back out of our engagement and go back to being together without marriage, he and I both spent some time in therapy, but as soon as he felt better he stopped going.

Basically, what are some magic words I can say to convince him to talk to someone? I don't know if this is postpartum depression, seasonal depression, the same mild depression that has stopped being dormant, or nothing. I know I will have to navigate our insurance and find a suitable therapist or he will not go - what kind do I look for? Someone specializing in family issues?

TL;DR:", My husband regrets having a baby 9 months in. I suspect he is depressed. What do I say/where do I start looking to get him to get checked out and get help if he needs it?
333,"SUBREDDIT: r/Parenting

TITLE: Advice on solo sleeping for toddlers?

POST: My son is 2 1/2 and I am desperate for advice at this point. He refuses to sleep in his room alone. 
We co-slept until he was about 6 months, then he was in his crib in his own room after that. I switched him to a toddler bed shortly after he turned 1 (because he was crawling out) and it's been a battle since. 
The only major life change for him has been his dad leaving, which was a few weeks after his 1st birthday. 
He has night lights, night time music, animals, I let him decorate his room and pick sheets...anything I could think of (in addition to the bedtime routine). He stays in there for a bit, then wanders out and it continues until I lay with him or let him in my bed. It doesn't matter if I close the door with him in there, rock him...I even spanked him a couple of times with no change. He doesn't act scared of anything and he always tells me he's not scared, he just doesn't want to sleep in his bed. 
I've been strict as long as a month at a time before folding, but it's never worked for more than 2 nights. It's currently almost 4am and we've been up this late for almost a week doing this. This is so exhausting, I'm willing to do just about anything.

TL;DR:"," 2 1/2 year old had had toddler bed since age 1 and refuses to sleep in it despite every effort I've made. Not scared, just doesn't want to. Help?"
334,"SUBREDDIT: r/Parenting

TITLE: Shameless plug for an app that will change the way you track the health of your child. From one Reddit parent to another.

POST: Dear fellow Mothers and Fathers of Reddit,

I have been working very hard the last few months to design and develop an app called Baby Zoe. Baby Zoe is an incredible tool for parents to track, manage and share the health of their children. It allows parents to keep up with trackable info on their children so pediatricians will be able to make the most out of the limited amount of time they have with each child. My team and I are launching the new version of our app soon and I wanted to get your feedback on our current app. Please feel free to AMA! I really believe in this product and wouldn't be working on it and plugging it if I didn't.

Thank you all for your support.

Download the App here:

TL;DR:", My team and I made an awesome app. It helps parents track the health of their kids. Please download it and let me know what you think.
335,"SUBREDDIT: r/Parenting

TITLE: Managing Grandparent Visitation Expectations

POST: I'm having a difficult time with my parents and their expectations of how much they get to see my son, who is four weeks old today.

Let me just say up front that it's great that they are so excited and want to see him all the time.

However, they live an hour and a half away from us, so with 3 hours of driving plus visitation time, going to visit them was a day-consuming event before we had kids, and when they come to visit us I feel like it needs to be for hours because they drove so far.

This is extra complicated by the fact that my wife had to have a vertical incision c section to remove a giant cyst when the baby was born, and my dad had surgery on his spine about a week later, so someone is recovering from surgery both places.

Regardless, they are putting pressure on me to pack everyone up and come see them.

I feel like they aren't understanding that our free time is at a very high premium as we adjust to being parents, and try to get our routine more refined so we can get enough sleep to function and meet our other obligations like work and household stuff.

To make matters worse, they always tend to put their desires for stuff in my life up on a pedestal, and when I have to come in and tell them no they take it very hard and I feel like it compromises my family's relationship with them (other examples include who was in my wedding party and their general tendency to share things I feel should be private about my family on Facebook to lots and lots of people I don't know)

How do you manage grandparent expectations for visiting your newborn when visiting is highly inconvenient?

TL;DR:"," New grandparents pressuring me to drive 4 week old and recovering wife 3 hours to see them, I just want to get some sleep"
336,"SUBREDDIT: r/Parenting

TITLE: My ex-wife is threatening to pull full custody over the fact I called her names for betraying me. She says it's abuse, I say I have a right to be mad. Am I screwed here? [Serious]

POST: Wife had an affair while telling me and our marriage counselor she was committed to working on the relationship. This went on for about six months before I found out and kicked her out. She promptly and moved in with new guy. In the last two years we've shared custody 50/50 with no disputes over schedules, but whenever we communicate it breaks down. I think she's a despicable piece of shit for lying to me and betraying her vows. If she wanted out she should have left, but going behind my back like that is so disgustingly disrespectful. I've made my feelings known. We couldn't talk amicably, so things have been mostly email based, and now she has a record of me calling her every name in the book. 

Over a petty disagreement she has now threatened that she's going after full custody. My question for you, reddit, is: am I fucked? Can she use the fact that I can't bring myself to respect her to bear on my capacity to parent and take full custody of my son? He's four now, and I can't bear to think that that piece of shit is going to raise my boy.

TL;DR:"," ex-wife cheated and left, I called her a cunt, now she's threatening custody over ""abuse"". Help."
337,"SUBREDDIT: r/Parenting

TITLE: Telling kids I'm Turning off internet 12 and 13 y/o boy and girl

POST: I have a 12 and 13 year old and I have begun limiting screen time as a result of recent problems. We actually didn't have screen time issues before but the kids are more defiant now about putting down devices to do other things. 

I recently found out how to block the mac address of devices and set times and all of that at the router so I can shut down internet access to devices. 

I put in a bedtime schedule that turns off internet at 10:30 and I have also turned off their devices randomly if they are getting too sucked into their devices. 

I haven't told them I can do this however. I just started this week to see if it actually works and it does. I recently installed a new router so they have just blamed the router as being 'crappy'. 

My problem is how effective it has been. My son was being defiant about taking out the trash and doing homework yesterday so I just turned it off. He seemed to unglue himself naturally after making a comment about the internet being down and I said well take care of your things and I'll look at the router to see if I can fix it. He got back on track and I eventually turned it back on. 

My struggle is on how moral this is. The kids are so worked up about my wife and I being enemies and entering into a power struggle that we spend more time fighting than just accomplishing the task that was required. 

When I disconnect the internet I can say 'well that sucks, why don't you get that stuff done while you're waiting on it to come back up. "" 

I know this isn't good in the long run, but at 12 and 13 I think I can still get away with 'magic elves' turned off the internet. I  still take the devices when I need to, but I guess I'm trying to massage their behavior gently rather than bearing it with a stick. 

Any thoughts ?

TL;DR:", Should I tell my kids I am turning off the internet as a means of punishment or just do it and wait till they figure it out. 
338,"SUBREDDIT: r/Parenting

TITLE: How much stock do you put into this zodiac sign business?

POST: This has come up in my life recently because I'm due in August with my second child. She is due on the 22nd which puts her on the cusp of virgo and leo. However, since I have to have a scheduled c-section she will definitely be coming earlier and therefore will definitely be a leo. This is a big deal to some of my friends who are a bit hippy dippy and take Astrology very seriously. I'd like to think that I don't, but I can't help but dig around the interwebs searching for some clues as to what kind of person my daughter will be. 

Anyway, the

TL;DR:", of it is: Do you believe in that stuff? Do you see your kids displaying characteristics of their birth signs or just the opposite? Just want to hear other parents' thoughts on the subject. Thanks!
339,"SUBREDDIT: r/Parenting

TITLE: kids + fizz + teeth

POST: Hi,

I'm stuck trying to work out a suitable balance for my kids in terms of sweets, fizzy drinks and dental hygiene and would appreciate some thoughts from /r/parenting.

My 8yo son needs a few fillings in his back teeth, and it's going to be an utter nightmare getting him to have the work done as he's a very anxious and easily bothered kid. This is part of the reason that he had only been to the dentist once before when the dentist scared him so much he would fight to avoid even going near the chair for a check up. last year I noticed that his back teeth were really not looking good, much dirtier than his others etc. This was over a year after I split with my kids mother, and had been parenting in our own ways, but we'd still been living together with the kids for a good couple of years after the fateful dentist visit.

Since discovering the decay, his mother has stopped letting my kids have any juice or fizz ever, just water and milk. And says I must do the same. Also says that I must brush my sons teeth for him, after he does it himself. Essentially she blames me for the wholes the Dentist recently found in his teeth. To me, whilst obviously it's healthier to remove sweet things, good routine teeth cleaning will really cover up all these issues, and eating meals with fruit juice surely won't leave juice as a risk to teeth given everything else that's also in the mix. My new partner says that the blame should really be on my son, he needs to brush his teeth properly or accept the consequences, and that it's a really bad idea to be brushing his teeth for him.

Any thoughts on my situation? I like letting them have nice snacks and drinks once in a while (absolutely not loads), and given they're spending most of their time with their mother, does it really seem fair for her to say that *I* and the cause for holes in his teeth?? She is, of course, perfect in her own mind, and hasn't suggested any responsibility on my son either. Her ""solution"" seems very harsh and a huge over reaction to me.

TL;DR:"," My son is bad at brushing his teeth, and he likes fruit juice. Ex-wife blames me for his cavities."
340,"SUBREDDIT: r/Parenting

TITLE: Indoor activities for young toddlers.  First timer at a loss here!

POST: So winter... is coming.  

We spend an hour or two outside of the house each day just wearing her out, and I'm finding I'm at a loss for activities to fill our day when we can't.  I've been looking for ways to involve her in my chores and whatnot, but I'm really lacking creativity here. 

Kid has a snowsuit for winter of course, but it gets very cold and windy here, such that there will be many weeks worth of cold snaps to fill without playing in the snow together.

Capability wise, she's very mobile and relatively coordinated with her hands.  She still has trouble following directions that involve delicate physical skills (has trouble dumping a bowl of ingredients in for me as an example), but I can't say how fast that will come.  We spend a lot of time reading books and learning words, but I feel like I should be doing more ""fun"" things with her that don't involve her toys. 

What kind of crafts are appropriate for toddlers?  What about 'educational' activities, or motor skill practice can I do with her?

A little about her: she's 19 months, very interested in potty training atm- pushing it more than even I expected to myself, loves to dance and sing and colour and watches too much tv while she's playing... she's learned to turn it on herself when I'm out of the living room, god help me, although I do try to play music as an alternative.  All in all she's a bright girl, but sensitive to harsh stimuli and generally eager to please, but getting into some heavy tantruming lately.

I'm tired of reading nursery rhymes and dr.seuss and pointing out words for the pictures we see in her books.  It's getting dull!

TL;DR:"," So, what are some fun indoor activities that you do with your kids under 2? Assume a limited budget, but I'm open to ideas on things I can invest in that will be fun for a while."
341,"SUBREDDIT: r/Parenting

TITLE: Need advice. It's been a tough 7 days since we had our 3 year old give her paci to a baby.  Mom is ready to cave.

POST: My daughter was overdue so after her 3 year birthday we made a bid deal of putting her paci in a box and giving it to a baby at her nursery and commending on how she was now a big girl.  

The problem is that she just can't self soothe.  She is waking up Mom and asking to be held/rocked/comforted every two hours.  She used to fall asleep in 10 minutes and stay asleep.  Now it takes over an hour and she doesn't stay asleep.  We thought we just need to tough it out but it's been a week now and Mom is ready to buy another one.

We have tried to find substitute things to soothe her.  Bought her a stuffed Jasmine doll (her favorite princes) and tried playing her favorite Disney songs to distract her as she falls asleep.

Any suggestions/advice is appreciated.

TL;DR:"," 3 year old can't soothe herself after 7 days without paci, thinking about buying one so she and mom can get sleep again"
342,"SUBREDDIT: r/Parenting

TITLE: Parents, please give me your advice for young child going through major operation. How to advocate/care for them...pre/post op care...

POST: Hi everyone. My son has complex congenitally corrected transposition of the greater arteries. Catching complications from surgery and staying ahead of emergencies must be flawless if he is to survive.

I've read in years past here, awesome/amazing advice on how yall advocate for your kids, timing your arrival for when nurses get briefed for day, etc., etc.... 

I've had tears in my eyes over years reading your stories and help you've given each other. I really, really need your advice and suggestions now. Our son has two healthy older siblings but under age five and we have family in city where surgery will be performed, but we will not be in our home city. So, advice for helping siblings.... should we see a counselor to help siblings understand what is going on or how do we talk about all of this with them? I imagine myself glued to my son's side during recovery, but I don't want to damage his siblings by making them afterthought. How to juggle??!

He will have open heart surgery and actually two surgeries at same time. His surgery and recovery will be very, very intense. I've been told by mutual friend who happens to be pediatric cardiologist that I need to start advocating now, and keeping my emotions together now as well as start to accept that he might not make it--that his best hope if he makes it through surgery is my advocacy and staying on top of ICU staff. His recovery process must be executed flawlessly for him to survive unavoidable complications that will follow surgery.

Please tell me your best advice for keeping good relationship with doctors, nurses, how to be apart of his team so he has best possible outcome!!???

Thank you so much for your time and help!

TL;DR:"," son will have major surgery coming up, and I am in great need of advice on how other parents have successfully navigated this circumstance in the hospital, leading up to, during surgery and recovery in surgery! Am grateful to any help!!!!"
343,"SUBREDDIT: r/Parenting

TITLE: PLEASE HELP: Mom's boyfriend's kids have been stealing things from our home...advice??

POST: We live with him and his kids come over each weekend for only 24 hours. There are three of them: ages 13, 11, and 9. It began with the 9 year old boy taking my perfume and giving it to his mom for Mother's day...I noticed it missing and he asked the kids about it and the son admitted taking it. Next, the 13 year old was taking food and soda cans. Most recently, my mom was house sitting for a friend and had the kids over to swim. She noticed some small things missing from the bathroom, so she had her boyfriend search their things and couldn't find the items. She looked under the couch cushions where the 11 year old slept, and found the items. None of the kids will admit to the most recent issue, but clearly it was one of them.  

We have taken away privileges and done everything we can think of. How would you handle this situation? I am looking for outside perspective, we have to get this under control. I can't even feel like my things are secure in my own house! These kids weren't raised well, I want to know how to counter the lack of solid parenting to turn their behavior around. Their dad is so sweet and kind, he just doesn't know how to discipline very well. What advice do you have for him?

TL;DR:"," Kids continue stealing things from us, and are most recently refusing to admit to their actions. How would you discipline them? We need to get their unacceptable behavior under control"
344,"SUBREDDIT: r/Parenting

TITLE: Is my girlfriends 8 year old slow. I am about ready to throw in the towel and just be supportive...

POST: Ok so I feel like a dick posting this, but I just have to know...

Back story:  Girlfriends 8 year old can't read a full sentence. He will mispronounce the same word after reading 4 it seconds ago. He says he wants to move to hollywood. I said to ask his mom about california and then argues with me about how he wants to move to hollywood not california.

argues with his 5 year old sister saying ""We aren't going to the lake we are going to the beach"" Then gets really mad at her and acts like she is stupid.

Constantly mispronounces words, argues about things that make no sense etc.

Today I said that 90% of what is on tv is not real. It is all made up stories and that is why we should watch informative things that will help us learn. Then he says ""So skydiving isen't real?"" I say yes its real. Then he says  you just said things on tv weren't real...

I keep trying to teach him how to read a clock. A big hand small hand concept confuses him like no other.

Absolutely does not listen. We will tell him in great lengths why he should not do something and then he does it anyways. I am starting to believe he just can't register things in his brain.

He is the perfect example of what someone would call a ""dumb ditsy blonde"" Again I feel like a dick for saying that but it fits so perfectly :(

I really need help guys. What should I do, stop investing in helping him learn and teach him how to do a trade, or keep pushing the schooling. I am starting to think schooling won't be his thing and he will have to do a manual labor job to survive. What can I do to help him have a good future.

TL;DR:"," Kid seems to be a really slow learner. Should I throw in the towel on schooling and focus on teaching him a trade? I am so lost need help. Also is he ""slow""?"
345,"SUBREDDIT: r/Parenting

TITLE: Ridding my son of disgusting habits...

POST: Ok, I am at my wits end here.  I have 12 yo boy/girl twins and my son has always had the habit of eating his boogers.  I have tried everything I can think of to get him out of the habit and nothing has worked!  I tried ignoring it, explaining it to him, getting angry, being understanding, and anything else I can think of and he still does it!  I hadn't seen him do it for a while until tonight when we were watching a movie and I looked over to see him at it.  Someone PLEASE give me advice on this!  He knows it hurts him socially and has been teased about it in school and acknowledges the need to stop, but he still can't seem to do it!

He also chews his nails and bites his toenails, but those are other habits to work on.

TL;DR:", My son still eats his boogers at 12 years old and I can't figure out how to help him stop.
346,"SUBREDDIT: r/Parenting

TITLE: Please help me come up with an appropriate consequence.

POST: I have two children 8 and 6.

We rent an old house, at least 100 years old. Tonight I discovered that the children have been etching into the banister at the bottom of the staircase. This is not just one little scratch. It is very noticeable, goes deep into the wood, and is on the front and side of the bottom support. 

It's a big problem. Our landlord is going to shit.  There is no way to stain/ treat the wood the way it is now. We can sand and restain it but it is damaged in a way that it will never be the same again.

Obviously the kids need to understand that they cannot be destroying property whether it belongs to them or someone else. My daughter, when I yelled (cause I freaked a bit), started crying and said she was stupid. She is convinced now she is a bad person.

My husband and I have said that we need some time to think about their consequences. We explained to her (8) that she is not stupid, nor is she a bad person but she made a very bad choice and needs to learn from it. 

I am so angry. I don't want to over punish but I also feel like they need a lesson they will remember because this is not a small thing. At the same time, does it matter that they have no idea what a huge deal what they did was?

TL;DR:", 8 and 6 year old carved into 100 year old banister in RENTED house.  What are reasonable consequences for this?
347,"SUBREDDIT: r/Parenting

TITLE: How much solitary or at home time is healthy/unhealthy?

POST: I'm a SM looking for insight- but will likely repost this to /r/stepparents.

My SD is 12, introverted, and addicted to video games. My DH is the same way. We have her 5 out of 7 days a week, sometimes more- but rarely less.

With it being summer and both of us working, she has a lot of time to herself. But it's August and I haven't seen her go play with friends or leave the house without coaxing or force (not giving her an option) yet. I know she doesn't do anything at her BM house either. She will play 5-9 hours a day online when home during the week. I think there really aren't a lot of times she is out in public- especially doing something that should be fun. I personally think this could or would hinder development. Am I wrong?

I'm the odd man out in our house- as I'm more extroverted and have more interest in the world around me vs video games and sitting inside doing whatever. I understand there is a fundamental difference in personalities, but it feels like there is little to no room for compromise many times. I think we all three-or just a daddy daughter date-outside the house is important. She is so accustomed to being squirreled away that there is virtually no interest in anything outside an immediate comfort zone. She never asks to go play with friends. She never asks to do anything that she shows true motivation for. I've tried getting a bit more involved, making suggestions, doing the research and making the calls to get her into more individual or group activities she says she likes...nothing really comes of it.

Toward the end of last school year her grades began to suffer, she was losing sleep, her attitude was more negative. My suggestions to use computer access as a bargaining tool were all but thrown out the window.

What's normal for an introverted family? What's actually healthy? I need some perspective or a way to let it go- but goddamn- the laziness is killing me!

TL;DR:"," SD and DH show little to no motivation to leave the neighborhood/house. Laziness and video game use is making my skin crawl. Tired of being the ""bad guy"".***"
348,"SUBREDDIT: r/Parenting

TITLE: lying, just turned five.

POST: My boy just turned five. He told a lie here or there before hand but was usually called out on it. About the time he turned five (2 wks ago) he started  to converse to the death that he was telling the truth. If I didn't see him do it he has gotten away with it occasionally, if he hurt himself in the process I explain that its his own punishment. 

This week (as in the last seven days not just sunday) he hasn't told me a single truth other than a full summery of star wars episode 2 and how mad he is that vader wasn't in it. He is lying about things that really matter, no matter how I explain to him that I really need the truth. IE today he has a 101 fever and dumped ""some"" of his medicine in the sink while I got him a drink. I asked him to show me how much he dumped out. He went from saying none of it, to all of it and every thing in between. I explained that it would help ""his eyes and arms stop hurting"" (This plus him vomiting makes me think its the flue)  but I can't give it unless he tells the truth.  To which he told me he dumped all of it out again. I saw him drink some and could see it wasn't all of it in the sink. He then got a rather long time out for the behavior. 

For the purpose  of giving me advice, he is a child of extremes. (Old example but it works as a good one) Tantrums, its a phase whatever, went from basic tantrums (and with every ones advice that it is just a phase don't be too hard on him) turned into violent  hour long fits where he destroyed his toys. It was stopped within two weeks of me telling him to put his nose to the wall and hands behind his back in a time out (age2 into3).

So when I see lying escalate this quickly I am pretty worried about it. 

 I don't care if it is a phase, it is unacceptable, especially with how far it has gone. Yes I know he is testing boundaries, but there are no boundaries to test with me. its just wrong.

TL;DR:", freshly 5 boy hasn't told me a single truth in a week and will no longer admit at all when he is lying after being caught or having a time out. what do
349,"SUBREDDIT: r/Parenting

TITLE: Hey r/parenting. I need advice! What do you do if your don't agree with something for no real reason?

POST: Let me elaborate. My mother in-law is diabetic, and has to test her blood sugar every morning. So she does- but while she's staying with us, she allows and encourages my daughter to be involved in testing her blood sugar- preparing the strip, helping her lance her finger, and waiting for the reading. 

I'm really, really not okay with it. But I have let it continue because I don't know *why* I'm not okay with it. I feel like, without a reason, I can't defend asking her to stop (she'll be very offended and make me look like the ""bad guy"" to my daughter- something I don't mind, but I'd rather not make waves while she's visiting). 

What the eff do I do about this? I feel like I'm being silly, but it strikes me as odd and inappropriate for my 5 year old to be testing my mother in-law's blood sugar. She also allows my daughter to help with other personal grooming habits that I find ""over the line"" but allow to continue- putting her earrings in for her, adjusting her hearing aids, etc. It seems to be crossing a boundary, but my MIL proudly announces it as ""their special routine."" My daughter feels important and special, and I am loath to take that away...

But totally skeeved out. 

What would you do, r/parenting?

TL;DR:"," I'm just going to leave it alone, but I think I figured out my ""ick factor."" Thanks! Yay, reddit!"
350,"SUBREDDIT: r/Parenting

TITLE: My wife wont let my son give up his bobie (his pacifier) HELP!!

POST: Yes I am the bad guy in this situation.  I am the one who has to take it away from him. Im the one who has to yell at her for giving in ( not yell but you know) , Im the one reminding her that if we don't take it away he is going to look like a simpsons character.  I am about to just start cutting away without her knowing and then finding out later.  Am I wrong?  My son will be 3 next month.  She is ""holding on to his baby look"" and I think its pretty selfish.  I am worried about what it will do in his later years.  Any body been through this so I can have some advice on talking to her about it rather than go barbaric cutting bobies and putting my foot down?

TL;DR:", My wife wont let my son give up his pacifier. Be a dick and make a point or work it out like adults...
351,"SUBREDDIT: r/Parenting

TITLE: Need advice! Stay at home dad having trouble with toddler and newborn

POST: A little back story: I am a working mom with a 2 year old and a 13 week old. I work four 10 hour days, Tues-Fri. My husband decided to be a stay at home dad and start online school to finish his degree when our first child was born. I am able to support us financially and it ended up working out perfectly. 

We just had baby number two and our plan was the same. I go back to work after maternity leave and husband stays home with the kids. We both knew that adding kid number two would be more of a challenge, but we felt we were ready for it. 

The first week that I went back to work my husband told me that it was the hardest thing he had ever done. I figured he just needed to find his routine and the newborn needed to get used to the new routine. However, 4 weeks after going back to work, I feel like things are getting worse for my husband. Our newborn is very clingy and fussy when I am not around. He is a breastfed baby and does great when I am home on the weekends. He naps well, hardly ever fusses, and is already sleeping 10 hours through the night. When I am gone my husband struggles to get him down for a nap and endures what he calls ""mega meltdowns"" at least once daily. Then of course there is the 2 year old and she is VERY active (aren't they all). 

I get texts or calls at work where my husband is desperate. Sometimes the texts say that he is losing his mind or he will call and tell me that he doesn't know what to do and he is very frustrated. This gives me serious anxiety since I am unable to do anything while at work. I already prep all meals and clean on the weekend so he doesn't have to do busy work while he is with them. Are there any  dads (or moms!) who stay at home and could offer some advice for us? I keep telling him that the older the baby gets the easier it will get for him, but he's not so sure.

TL;DR:"," Husband is struggling with 2 year old and 13 week old while I am at work, need advice on ways to make it easier (if possible!)"
352,"SUBREDDIT: r/Parenting

TITLE: Does anyone ever ask, ""are they all yours?"" what do you say? (Rant)

POST: So once again, I was out shopping when a woman saw me with my four kids (8, 5, 3, 6 mos) and asked, ""Are they all yours?""

I don't get it, why does everyone ask me that?  My kids aren't my little clones (only one looks like me the rest look more like my husband) but they aren't that different from me either.  They aren't adopted, and yes, they are all mine.  

Why do people who see me ask me that?  It always makes me wonder if I am doing something wrong.  The kids weren't misbehaving when she asked, but my three year old had just asked to get out of the shopping cart, so I was putting him on the ground when she came over.  

Course, I may just be annoyed because she didn't end it there... she continued to say, ""There was an old woman who lived in a shoe.  She had so many children..."" and then she trailed off...  Now, I know she was on the ""children"" thing **but** calling me an ""old woman"" was just adding insult to injury.

TL;DR:"," Ranty, rant, rant, then ""Yes, they are all mine"" and btw, I'm not that old.  GRRRR...."
353,"SUBREDDIT: r/Parenting

TITLE: Anyone else have super skinny babies? (EBF)

POST: My first (2 years old) was super skinny, even with formula, until about 6 months and he chubbed up a LITTLE. (I tried breastfeeding, never should've given up but I did because it was stressing me out so much =c He was given formula from a couple days old til ... I don't remember when but I stopped trying to breastfeed/pump when he was 4 months)
My 2nd (3 months old) is super skinny and no matter how much I feed her, she isnt really getting any chub. I breastfeed her only.
I'm also not losing any weight. I look a little bit thinner but I'm not losing any numbers on the scale.
So, I'm also wondering if any parents with skinny babies tried anything to help them gain a little more weight.
Or am I worrying to much about it?

TL;DR:", Did you do anything differently to make your milk fattier? Or did they chub up as they got older?
354,"SUBREDDIT: r/Parenting

TITLE: Need advice: Toddler falling asleep standing up after sleep training.

POST: I need some help, after months and months of trying every sleep training method we have come across other then crying it out, we finally broke down and let my 16 month old cry tonight. It was not the horrible experience I was expecting. It took twenty minutes and she stopped crying, so we waited 5 more minutes then went to check on her and she was asleep standing up leaning on the side rail of her crib. Every time I would go in and lay her down she would wake up, I would leave the room and she would cry for 30 seconds to a minute and then stop. When we check again she is asleep standing up. After more then an hour of her sleeping on her feet I finally laid her down and she let out a couple cries but didn't stand up and has been asleep since. I am worried she is going to fall and hurt herself though! Does anyone have any advice or experience on what I should do?

TL;DR:", My 16 month old is falling asleep standing up in her crib I'm worried she is going to fall and hurt herself.
355,"SUBREDDIT: r/Parenting

TITLE: Advice Needed: My 9 year old son constantly is afraid of breaking boards in tae kwan do, but easily succeeds each time and loves it afterwards. I can't get him to get over his fear that he has physically conquered already.

POST: Dad here: So my son is 9, small for his age, and not very athletic. He is however, a Jr. black belt in tae kwan do and has worked hard at it for over 3 years. He has to break a board as part of the test and is given 2 board choices. 1 board is as thin as a pencil and as big as a piece of paper. The other is about as thick as a thumb and the size of an average envelope. They have him try on the thicker one, but eventually move to the thin one and just place it up higher when breaking. Here is where the problem is. The same thing happens over and over again before every belt test. He gets very anxious about the board breaking and the night before he always screams he wants to quit.
The frustration on my part is that when we practice with a kicking pad, he nearly knocks it out of my hand with his strength. He has no problem generating enough power to break 2-3 thicker boards stacked together. However, the second I bring the board out he holds back or goes through the motion and misses intentionally. He won't give me a straight answer why and I explain I'm not mad, I just want to help.

Here is where it gets even more frustrating. The day of the test comes around and he tries it with the thin board and brakes it with ease on the first try. (seriously these boards will break if you look at them wrong). After that he loves Tae Kwan do and says he will be in it for life. Also, his masters and I have both tried this. We have the pad out and as he kicks we quickly change it to the thick board and he smashes right through it no problem. He even says it didn't hurt and he is so proud of himself. Still, if we take another thick board out he goes back to his missing on purpose and then wanting to quit.

It's frustrating and I was wondering if anyone had any advice.

TL;DR:"," My son is afraid of breaking boards in tae kwan do, yet has all the ability to easily break them and eventually does with ease, but still has a fear the next time around."
356,"SUBREDDIT: r/Parenting

TITLE: Husband said he can't love 2 kids at once, is this true?

POST: My husband and I are talking about having another child (1st child is his from another marriage, this is my first child). He has had full custody of his 7 year old son since he was 1 years old and mother has standard visitation. 

We were talking and I mentioned how my grandmother said he will always love his first child more since he spent the past 6 years raising him. I jokingly brought this conversation up and he said, ""well, you might not want to hear this but it's probably true"". I was shocked and heart broken. When I asked why, he said ""because I have been the sole provider for my son and had to be both parents for him. If we have a child, I will just have to be the father and you will be there to help"". When I asked about love, he said there will always be a special place in his heart for his first son and his first son will always come first because his is the only one responsible for him. 

Is this true? Are there any fathers out there that have full custody of their child and had another child down the road? Can you really only love one of your kids? The one that you spent raising most of the time and now that you have help with the second child you can only give half your love away?

TL;DR:"," Husband has full custody of his child, we are talking about having a child together and he said he won't love our child as much as his first. Is this true?"
357,"SUBREDDIT: r/Parenting

TITLE: (Advice Request) How can I help my wife's friend's daughter?

POST: So my wife and I have talked about this more than a few times now and are on the same page. One of her best friends has a daughter who is 6 now and is the sweetest little girl ever. Unfortunately, her home life isn't so pleasant. As a rundown of the backstory:

- Neither her Mother or Father like kids. Never have. They are very open about this, and seem to pride themselves in it.

- The only reason she is around is because they accidentally got pregnant while using no means of contraception.

- Both parents are the shut-in types who don't like to socialize.

- Dad in particular does not want anything to do with her, along with being manipulative to her Mom (Whenever she goes out anywhere on a very rare occasion, he is texting her non-stop and guilt-tripping her with statements like ""your daughter is hungry and misses you"")

- Mom is very much the indi-goth type, and has a distaste for the princess-and-castle type ""girly"" girls. Her daughter is exactly that type.

When they have come over, their daughter has been ecstatic to see both my wife and I, and we make a point to give her attention and tell her how smart and wonderful she is. We ask them if they want to come over frequently, they rarely do.

My wife's friend will complain to my wife about how she wants to go do something sometimes, and every time my wife will offer to go with her to get mani-pedicures, walk somewhere, go out for coffee, etc. She then says that she cant because (husband) will throw a fit.

We offer to babysit the daughter for free so that they can go out and have adult time together. They say they'll think about it, and their daughter gets excited, but then they never do.

We are not trying to come across as rude or anything, but we are both legitimately concerned for their child as the years go on. I feel bad because I see how they treat her when we are around, and I can't do anything about it.

TL;DR:"," Wife's friends have a strange and mostly negative relationship with each other and their child, wife and I are concerned and want to help her."
358,"SUBREDDIT: r/Parenting

TITLE: Step Parent Adoption- Questions/Advice/Experiences are much needed!

POST: I found out today that my oldest child's bio father is fighting our step parent adoption. There are a lot of facts so bare with me and thank you for reading. I've been crying all day about this.

-He abandoned my child at 5 months old. No contact, no support, etc. My son turned 6 in May.

- He lives out of state and it took us a couple of months to find him because he was off the grid. Probably hiding because of court ordered child support

-I am married, been with the man since my son was 2 1/2, we were friends and co workers before so he knew my son since a month after his bio dad left (started a job after he left us). 

- I have sole custody. It states in our custody paperwork  (he did a no call no show to our custody hearing) that I have the choice for visitation. As in, it's my call to let him in my son's life.

-I had a protection from abuse order against him. He threw a controller at me and almost hit my son. He also had said and done some stuff to me in the past.

-He's owed child support since March of 2012 and has paid $0. 

-My husband and I have taken care of him, always. Daycare, doctor/dental visits, t ball, you name it. 

-I haven't changed my phone number since before the initial court hearing in 2012. I've had the same number since January of 2012. Same email since 2008. So not getting in contact shouldn't have been an excuse. 

There might be other details. Can anyone help me ease my mind about what is to come? Does it look good for us? The last time I have heard from this guy was before our trial in 2012 when he told my lawyer he would be there. I'm so scared and worried. 

I know my custody arrangement won't change, but I want my husband to be able to officially adopt him. My son knows him as dad and calls him such. Any anecdotal stories or websites would be amazing.

TL;DR:", My son's bio dad treats my son like his property and is trying to fight against my husband adopting him w/o seeing him for almost 6 years.
359,"SUBREDDIT: r/Parenting

TITLE: My parents let my drug addict cousin move into their home. When should I tell them that I don't want my future son around my cousin? (Wife Due Nov 1st)

POST: So I have this cousin on my mothers side who has been in and out of prison as long as I can remember. He's 34 years old and is always in and out of the system for drug related crimes. Sometimes it's possession, sometimes it's dealing, and sometimes it's stealing to get a fix. As far as my knowledge goes he's not really violent but he is very desperate and he has tried many times to get back on his feet only to end up back in his old habits. 

He most recently got out of prison a year ago. Our uncle ran into him shortly after at the grocery store and my uncle said my cousin was so drugged he didn't even recognize my uncle. My uncle passed away shortly after from lung cancer. My uncle always lived with my grandparents. 

Well now that my uncle is gone my cousin asked if he could live with my grandparents and they told him no. Well he showed up at their door step begging so they let him stay a few nights. Eventually they kicked him out because they never wanted him there in the first place. 

So my parents picked him up and brought him to their house to live with them. 

So here is my issue. My wife is 25 weeks pregnant.  When the baby comes I am not comfortable with my parents having my son alone if my cousin is going to be at the house. My question is if it would be a better idea to bring this up now or wait until the baby arrives? Am I being unreasonable?

TL;DR:", my parents let my drug addict cousin move in with them. When should I tell them that I don't want my future son around him. 
360,"SUBREDDIT: r/Parenting

TITLE: I Received an Inappropriate Message from my Daughter - What's the best course of action?

POST: I had a birthday recently and received an email from my 20yo daughter wishing me a happy birthday. The body of the message was very thoughtful and sweet, but she linked me to a music video by Katy Perry that I found to be utterly inappropriate. Here is the link for anyone unfamiliar with it:  

I think I would be brushing this off as an awkward mistake and assume she was not familiar with the entire song and its lyrics, but she's always been a Katy Perry fanatic, so I can't believe that's the case, and a few weeks ago I received a photo text from her trying on a swimsuit at Target. By the time I saw it she had already sent another one saying ""oops sorry that was supposed to go to Megan"". I didn't think anything of it at the time, but now I'm starting to freak out.

I'm in my mid 40's and have always had a good relationship with my daughter. I wouldn't say we're very close, but we've always gotten along well and there's never been anything like this before. We don't have any daily contact right now. She's in college about an hour and a half drive from here and this is her first year staying off campus so she's working there through the summer. But she's driving back this weekend to celebrate my birthday and Father's Day, and I'm not sure what to do.

Should I just ignore the video completely and act like I didn't open it? Should I tell her I found the video inappropriate and it made me uncomfortable? Should I try my best to make light of it? Nothing like this has ever come up before so I'm at a loss for the best course of action. Does anyone have any suggestions? Could someone please tell me that I'm just reading way too much into this and everything will be fine? Or that it's a new trend for girls to prank their dads?

TL;DR:", My daughter emailed me on my birthday and included a link to Katy Perry's birthday song and it made me extraordinarily uncomfortable.
361,"SUBREDDIT: r/Parenting

TITLE: Opening a debate on stranger danger. Is it good for your child to be social or terrified of every one? I have two IRL examples that have had me thinking for a while.

POST: OK First, I am sorry if this has been posted before.  And I am not judging any one here, I am just curious.

My first example is my child. He is super social, he will talk to any one. The conversation usually goes as such, ""hi"". ""Hi"". ""Whats your name?"" The stranger usually answers and then asks my son for his name. My son tells them and then the conversation ends or continues based on if the stranger just walks away.   

I have had MANY parents compliment this, specifically siting that it is so sad to see kids his age terrified of every one.  

Small tangent, I want to specify, he knows not to answer the door at my home, or talk through it (he is a smarty pants). We talk about not leaving at night and that some one can hurt him, and that asking nicely will not mean they will take him home. 
Many of the bad people in my life were not strangers and thus I don't feel the need to scare him away from them, as your closest relatives are just as likely to hurt you. 

EXAMPLE TWO
My buddy back home has a kiddo that they have scared to ridiculous amounts about strangers (also some kids are just shy, that is totally fine too).  IE a stranger says hi, and the child jumps behind the parents back and refuses to talk. If pressed further (or if around my child, who is furiously trying to strike up a conversation) the child will whine and tell the stranger they are a bad person. 

These two very different extremes got me curious as to how other people handle this in today's day and age.

TL;DR:", is it healthier to have a child who is so scared of people they won't speak or a child that is so hyper social it can be down right embarrassing?
362,"SUBREDDIT: r/Parenting

TITLE: How to stop a hair grabbing toddler?

POST: My 15 month old has always liked hair. When he was an infant, he just enjoyed running his fingers through hair, enjoying the texture, but the older he gets, the more he grabs. I don't notice it too much on a daily basis because I usually keep my hair in a bun. He will still occasionally grab at the strays around my neck or forehead. 

I realized just how bad it is this past weekend with my SIL. He absolutely loves the 10-year-old and loves her long curly hair. It started with his hands accidentally tangled in her hair when she was holding him, but quickly moved on to him purposefully grabbing fistfuls. He was even grabbing after she put her hair up in a ponytail. It really doesn't help that she's a dramatic preteen who absolutely must keep her hair fashionable. 

He doesn't seem to be doing it for any other reasons than he enjoys the texture and any reactions he might get. One of the biggest suggestions I see for reaction-based bad behavior is to put them somewhere away from people or turn your back on them and not give them any attention. Two problems with this. First, it takes a lot of effort to remove the victim from his grasp, and second, he's equally as happy wondering off and entertaining himself. 

For biting, I've seen the suggestion of offering an alternative teething toy. Are there any good alternatives that can be offered in this situation? Or does anyone have any other suggestions for putting a stop to this behavior?

TL;DR:"," How do I stop a toddler with an iron grip, who usually doesn't mind if you ignore him, from grabbing hair?"
363,"SUBREDDIT: r/Parenting

TITLE: SAHD  - Wife having a hard time with it

POST: SAHD of 14 week old here. I'm loving every second of it, and it's even better than I imagined. However, my wife is having a real hard time with the adjustment. There's a couple issues at work:

1) She doesn't see the baby nearly as much as she would like to. She leaves for work at about 7, and gets home at about 4, so she sees the baby only about 4 hours a day during the week. And he's usually asleep for an hour or 2 of that time. 

2) She's jealous of me, and the things I get to do with him. (She's told me as much)

3) She feels like she ""isn't taking care of us (or the house)."" When she comes homes, I make sure everything is done, so she doesn't have to worry about it and can spend time with our son. So when she walks in the door, the laundry's done, house is clean, dinner's in the works, etc. We're pretty progressive and not into gender roles, but this is one of her idiosyncrasies, she feels better when she cooks for me or does the laundry. I'm not sure what to do here, as I don't want to leave stuff for her I could easily do, especially when she gets so little time with him. 

The decision for me to stay home was mutually agreed upon, but also partly circumstance. We both made about the same amount of money (she made a couple thousand more). However, she loves her job, and I hated mine (I was already looking for a new one before I decided to stay home). Most importantly, she carries the benefits. She's a member of a union, so family HC is like $100 a month, where it was $1000/month through my job, with less coverage. After our son was born, we couldn't find a day care we really liked, and really looked at the cost of day care, and decided if i could bring in some PT money, we would be in the same spot. So I left my job, work PT a few hours a week, and it was settled. Or so I thought. 

Things at home have been really tense and emotional lately.

TL;DR:", How can I help my wife be ok with our decision for me to stay home? What can I do to help her with this transition?
364,"SUBREDDIT: r/Parenting

TITLE: Providing for a family (how much is enough?)

POST: Hey there, all.

So I've got a bit of a conundrum. Now, I'm a pretty young guy (22) -- but this doesn't keep me from thinking about my future and the family I will most likely raise in the distant future. The most important thing to me at this stage is family. I would love to be able to see my family every single day and be a part of their lives and support them all that I can.

That said, I'm at a stage at which I have to decide which route to take in terms of a career. But herein lies the issue: do I take a job that will provide guaranteed, high pay (but requires 80% travel) or do I take one that is relatively flexible, local, and doesn't pay as much?

I understand that there are a ton of different factors in this, but can some of you provide household income and comment on how comfortable you are supporting a family?

I appreciate any feedback. I know it's early to be thinking about this, but I like to have my bases covered. Thanks!

TL;DR:"," I'm a young professional whose first priority is being able to spend time with family. Wondering what dollar amount is enough to live comfortably and provide for a family of say, two children."
365,"SUBREDDIT: r/Parenting

TITLE: Smacking back...

POST: A little background, my son is 1 at our home he has an entire loft and bedroom that is child proof (there's nothing he can't touch) which works well for us and he loves running back and forth playing and exploring. The problem I'm having is that when we go to other people's homes he doesn't understand why he can't touch everything, if I try to smack his hand and firmly say no he thinks we're playing and tries to smack me back. If I have to come to him to scold him he runs away giggling, thinking I'm chasing him. I just don't know what to do anymore he needs to learn ""no"" but it's hard at someone else's home. Any advice?

TL;DR:"," My son thinks I'm playing when I spank him or laughs and runs when I try to punish him, I'm at a loss"
366,"SUBREDDIT: r/Parenting

TITLE: How to address daycare forgetting our requests?

POST: In an effort to limit our 2 year old son's sugar intake, we've requested his daycare to not give him any juice or sweets – all was good until Friday when we went to pick him up….he had a sucker in his mouth.  My wife and I were both shocked, but did not say anything since we were on our way out of town and wanted to get out of there. 
So – I've been elected to address this situation when I pick him up today.

Two things concern me:  First – although he was in his secure seat, I was not comfortable with him having a stick-based sucker in his mouth (choking concerns). And Second, if they're giving him a sucker at the END of the day – knowing full well that we'll be picking him up soon – what else have they given him during the day with little chance we'll pop in?

Has anyone experienced anything similar?  I'm pretty civil and tactful with addressing these types of situations, so I'm trying to come up with a good strategy to address this situation – any suggestions are welcome.  We really like one of his caregivers and don't want to necessarily get her in trouble (she was in charge when we walked in)

TL;DR:"," – We requested no sugar.  Daycare gave my 2yo a sucker, which is unacceptable.  Best way to address?"
367,"SUBREDDIT: r/Parenting

TITLE: My 7 y/o is acting out because we are moving again.

POST: We moved across the country to Arizona in March and she took it very well. We made it an adventure, plus we had been homeschooling her, and although she had a good group of friends in Indiana, one of the perks to her was we put her in a charter school out here and she loves it and made a ton of friends. We lost our business in late August and have been unemployed since then. My husband has an opportunity to get a grant to get his CDL renewed and has a job waiting for him when he is done with the course making twice what we ever made with both of us working. We would be financially secure, I could afford to go back to being a SAHM, and we would still be close enough to my parents for them to be in our lives, which was a big reason for moving here. The issue is we would have to relocate. We would still be in Arizona, but 1 1/2 hours away so we would obviously have to put her in a new school. She seemed fine with it at first, but this morning she was a total mess. She was alternating between crying and giving major attitude, which is not like her at all. We got her calmed down and to school, but I am really not sure how bad this is going to blow up or how to handle it without losing my cool. My husband and I are stressed out to the limit and don't want to take it out on her because she is resisting the one good thing to happen in over 2 months.

TL;DR:", after over 2 months of NO $ coming in my hubs got a great job offer in another town and my 7 y/o is freaking out about moving again.
368,"SUBREDDIT: r/Parenting

TITLE: Grandparent rant; need advice

POST: My son is almost 3 years old and he goes to my parents Monday to Wednesday nights because I have evening classes and husband works night shift.  My son is a little behind with talking.  

Both of my parents still talk to my son like he's a baby.  An example would be; he would call a dump truck ""ump ump"", I even told my parents what it means and they don't correct him to say the word correctly.  My father even told my son, ""You can call dump truck ""ump ump"" because you're in my house"".  

It seems useless to talk to my parents because they don't listen to me. I have told them plenty of times what it means and it's not the first time where they have not listened to me.  There was a different time with brushing his teeth.   
We were thinking of getting a babysitter but there are nights that I don't come home till 11p.m. because it's a 45 minute commute; husband works til 2 a.m.

TL;DR:"," Toddler son late talker, Grandparents talk to toddler like baby, and they don't listen to me. "
369,"SUBREDDIT: r/Parenting

TITLE: Did we shoot ourselves in the foot? Trying to transition our 6 month old from co sleeping to sleeping in crib and he is not happy about it.

POST: When our son was first born we were terrified to try co sleeping. didn't want to roll over or have the lil guy on his stomach. He was a bassinet baby until about 4 months old. He never slept great in there and it took 1-3 tries of putting him down in there to actually get him to stay asleep most nights he would wake up for no reason and need to be lulled back to sleep.

After the 4month mark we discovered the miracle of co sleeping. He stayed asleep the first time, every time. my wife sleeps on her back and the baby sleeps on her stomach. It's been great the amount of sleep we (the parents) can get with the baby so comfy on his mom, he only wakes up to eat now.

Not sure when to start putting him back in his crib, we decided to try it now. For the passed week we've been trying to put him in his crib when he first falls asleep for the night (after he's had 30mins to get into a deep sleep laying on his mom), but no matter how deep of a sleep he's in, he instantly wakes up when we lay him down in the crib. Reminds me of the old days when he was less than 1 month old and we would lay him in the bassinet.

Is it critical that we do this transition now? We're not sure when we should start.

TL;DR:", Any tips for getting a 6mo to sleep better in his crib when hes been co sleeping for the passed two months?
370,"SUBREDDIT: r/Parenting

TITLE: Fun stuff for sick 4-year-old?

POST: So after a quick (no really, FAST) trip to the ER Sunday, we discovered my 4-year-old DD has strep throat. She is a VERY active girl. Her unmedicated temperature is over 102. When she is unmedicated, she has no problems laying still, because her entire body hurts, however the moment the Tylenol kicks in, she wants to play. Of course, I understand, but what can I do to keep her still AND pain-free? We've been doing movies and coloring and one puzzle, but she gets bored with these activities, as any child would. Books can keep her attention, but again, only for so long. Even though most of today was spent alternating or sleeping, I am worried about the rest of the week.

TL;DR:", I am at home with my sick daughter. What can I do to keep her from being too active? What are some calm games/activities we can do?
371,"SUBREDDIT: r/Parenting

TITLE: Mom-starved children

POST: My wife is a nurse and works typically three to four 12 hour shifts a week, though she goes in at 5:30am and sometimes doesn't get home until after 7pm. My children (daughter 3yrs, and son 11mo) usually wake up early, but there are times when they don't wake up early enough to spend time with their mom. Even if they are up early enough, the time they get to spend with my wife is not quality time as she is frantically getting everything ready to leave on time. Sometimes at night, the 11 month old will be asleep by the time my wife gets home. Long story short, the kids don't get to see their mom on the regular like they see me.  

 
 
  The decreased time spent with their mom has created some separation issues for my children. And in particular, my daughter. While at day care or at home with me, she is absolutely fine. But when my wife decides to take the kids for the day instead of taking them to daycare, it becomes a train wreck. Melt down after meltdown; constant attention seeking; creating failures out of nothing to get sympathy attention. It has become very draining for my wife. She is getting to the point of wanting to not keep them home on select days despite the fact that she misses them greatly.

We are at a loss of what to do.

TL;DR:"," Wife is a nurse, is gone a lot. Children go nuts for her attention when she is home to the point of it creating a stressful home situation."
372,"SUBREDDIT: r/Parenting

TITLE: Why milk?

POST: When I weaned my first kid off breastmilk, I asked her pediatrician whether I could skip introducing cow's milk to her daily diet. She would still have yogurt and cheese and milk sometimes, just not every day. She never took a bottle except on the few times that I pumped. He didn't bat an eye, said it wasn't really necessary so long as I provided her with a balanced diet. So I did. At 3, she's bright and thriving and loves veggies, fish, falafel - whatever. She drinks milk sometimes, like with cookies or cereal. Sometimes she just asks for a glass. We buy the full fat organic kind.

Anyway, people find it strange that I never gave her milk! And that I am not giving it to my second, either.

""But how does she get to sleep at night?"" (Bath & book routine.)
""But doesn't she miss/want the comfort of a warm bottle?"" (I don't know.)

Does anyone else not give their kids warm milk at bedtime? I'm not anti-dairy or even anti-milk. And I didn't ""substitute"" with almond or soy, either. Just nada.

TL;DR:", I don't give my kids warm milk at bedtime (for no good reason) and people find it weird. 
373,"SUBREDDIT: r/Parenting

TITLE: DAE have a pre-schooler who is on a hunger strike?

POST: My 4 year old son has never been a big eater, but for the past two weeks or so he's been particularly averse, almost phobic, of eating.

He's been waking up every morning for the past couple of weeks asking whether it's okay if he doesn't eat anything that day, and when it's time for meals he appears very apprehensive and uneasy. In the past week he's vomited about six times in total on separate occasions, always during meals.

He's never had a big appetite and has always hovered around the 10th percentile for weight/height. Not wanting to create an unhealthy obsession with food and eating, my stance so far has been to let him regulate himself and eat when he wants to and however much he wants, as long as he properly sits down at the table during regular family meal times. But the problem these days is that he can and will seriously go through a day without eating anything whatsoever unless I put my foot down, so my laissez faire approach isn't helping much. If he continues this way, he'll be considerably malnourished very soon, if not already.

But then when I put my foot down (ie, say ""you MUST eat X number of spoonfuls of this"") he gets worse and even more averse to eating, and it seems to ultimately lead to vomiting. The only thing he asks for is milk or juice.

I've talked to a gastroenterologist and three pediatricians in the past about the vomiting/the small appetite, but it's never lead to anything concrete. But the food phobia has never been as bad as it is right now. (I scheduled another pediatrician visit for this week to discuss the problem.)

Has anyone else dealt with a pre-schooler on what seems to be a hunger strike? Anyone have any tips on how to handle it? I'm at wit's end as to what to do about it.

TL;DR:"," 4 year old does not want to eat, is preoccupied with negotiating ways to avoid having to eat at meal times, and can/will go through days of ingesting nothing but milk or juice if he can have it his way."
374,"SUBREDDIT: r/Parenting

TITLE: Crying it Out Sleep Method

POST: Has anyone here done this successfully...or unsuccessfully? Here's a bit of background: My 8-month-old daughter has co-slept with us since she's been born. It worked pretty well until last week. She slept, we slept, everyone was pretty happy. 

Last week, she started waking up every hour or two and crying at us. The only way to get her to reliably sleep was to pace around the house with her over my shoulder at 3am. Obviously, this isn't a sustainable solution, so we decided to try letting her cry herself to sleep in her crib. 

We've had her in there for four nights now, with mixed results so far. She cries for anywhere from between 45 minutes and two hours when we put her down, and then she wakes up again during the night and cries more. On the other hand, she also sleeps for 4, 6, and on one night even a straight 8 hours. I'm OK with continuing on this path, as its only been a short time, and I expected some resistance. My wife, however, has a really hard time listening to her scream, and we ended up pulling her out of the crib last night and bringing her back into the bed. I'm kind of stumped at this point.

TL;DR:"," trying to get my child to sleep in her own crib, my wife is having a hard time with it. Has anyone else done this successfully?"
375,"SUBREDDIT: r/Parenting

TITLE: How do I know if me being a SAHM is for me and my family?

POST: My husband (32M) and I (32F) recently moved back to our hometown with our son (1M) due to personal reasons. Both of us were working before and our son stays at home with a live-in nanny/housekeeper. I left my job 3 months before we moved out and have been a SAHM since then. 

We have some money saved up that is enough to cover all our expenses for more or less a year. My husband is now actively job-hunting. I have also sent out my CV, but I can't seem to bring myself to be thrilled with the idea of running in the rat race again. 

I loved being a SAHM. I had issues with our nanny and, as grateful as I am for all the things she had done for our family, I was quite relieved when I finally let her go. I find joy in personally taking care of our son, however taxing it might be on some days (he is kind of a high-need child). Also, I am not very domesticated so housekeeping on my own is a new and exciting experience for me. 

With all this said, there is also the thing of our financial needs. It is difficult for us to know whether or not we can live on a single income or not since my husband has yet to land a job. He, however, has selflessly given me the freedom to choose and said that we can adjust accordingly. But I know that this is an understatement, since our lifestyle has been well-adjusted to that of a double income household. 

I am also open to the idea of freelancing from home but I don't know how WAHMs actually make it work.    My previous job allowed me to work from home once or twice a week and I know that I couldn't have had any work done if my nanny wasn't there. 

Is being a SAHM really worth the sacrifice of my career and the extra income? Is there a way I can get the best of both worlds? Not sure if this is the right thread to post this but any advice/comment/suggestion is welcome. I am truly losing sleep over this and I know that I have to decide soon. Thank you very much.

TL;DR:"," My husband and I are out of work, have 1 y/o son. I want to be a SAHM, but not sure if this decision is financially feasible for our family."
376,"SUBREDDIT: r/Parenting

TITLE: How do I stop my son from headbutting... at night??

POST: Hey Reddit,

So my 19 month old has been headbutting every since he was about 4 or 5 months old. Our pediatrician said it was normal and that it would go away. We asked again when he was 16 months, because he had not stopped head butting. She suggested to buy a toddler that, because, that will **surely** stop it.

So now he is 19 months. We got him a twin size bed on a box spring because he actually gave himself bruises on his head from head banging so hard!! We were excited because we thought he would stop headbutting now. It is night two and it seems like he is doing it harder than ever. And now he is headbutting into his wall rather than the crib wall.

Does Reddit have any tips or advice to make him stop? Thanks fellow parents!

TL;DR:", My 19 month old is head butting and has been since 4 months. Hes in a twin size bed and it doesn't help. Any tips?
377,"SUBREDDIT: r/Parenting

TITLE: So my FIL keeps making a joke that bothers the crap out of me about my daughter, how can I make him stop?

POST: My father-in-law and I don't get along all that well but I put on a good face and push through. Because of this I try not to say anything about how I don't agree with some of his parenting choices on my 2 younger sister-in-laws (9-10), but he keeps making a joke about my daughter that I have mentioned to him, on several occasion,s that I am not comfortable with. He says it jokingly but I am still not ok with the constant mockery. The joke is, ""Oh you will grow into those ears"" as he plays with her. Small I know but I can't get over how he won't stop, I may be over reacting, but what can I do to either calm down and just say ok, or can I actually get him to stop.

TL;DR:"," father-in-law jokes about daughters ears being big (they aren't) even after I have asked him to stop, should I STFU or make him stop somehow?"
378,"SUBREDDIT: r/Parenting

TITLE: Baby going to bed very late

POST: So something concerning me. My wife and I have terrible schedules. We both work at restaurants and both get home late. Recently my 16 month old son has started finally going to bed at 1 or 2 in the morning
The thing is, he gets plenty of sleep. He will sleep for 10 plus hours if he needs to and takes a nice long nap around 4 or 5 in the afternoon. 
We also have a blackout curtain for the room so that he can sleep in darkness for these recent late nights.
What I'm asking is if it's okay for him to go to bed this late as long as he's getting plenty of sleep? 
Just to mention, he's a happy, energetic, well behaved, hilarious little dude. Any input would be greatly appreciated.

TL;DR:", my son goes to bed way late around 1 or 2 am but gets plenty of sleep. He is healthy and happy.  Is it okay?
379,"SUBREDDIT: r/Parenting

TITLE: My wife hit my daughter. She is crushed with guilt. I am unsure of what to do. Does anyone have advice ?

POST: My wife slapped my daughter. My daughter is 10 and has been diagnosed with adhd. She has problems with impulse control and on occaision throws massive tantrums.  We didn't know she was different until we had two more children, that do not have these issues.

Anyway , last night my daughter was mid tantrum and she kicked my wife hard. My wife reacted by slapping her hard in the face, causing a bloody nose and some very small bruising around her eye.

My wife is crushed with shame and dread for what she did. After the tantrum, when everyone had removed themselves from the situation and calmed down she spent hours explaining how sorry she was to my daughter. And also explaining why it was wrong and talking about what they could do next time to deal with things better.

After my daughter went to sleep my wife spent the rest of the night crying and beating herself up.

I tried to be supportive, but at the same time I am a little in shock by what happened.

I don't believe there is any history of abuse, and I believe my wife is a wonderful mother and person. 

I'm just not sure what to do. My wife wants to report herself to authorities.

TL;DR:", My wife hit my daughter. She is crushed with guilt. I am unsure of what to do. Does anyone have advice ?
380,"SUBREDDIT: r/Parenting

TITLE: Too little for bed, too big for a crib

POST: My daughter is about 16 1/2 months old.  About a week and a half ago, she managed to climb out of her crib.  Previous to this, she would typically cry for three to ten minutes when first put in her crib for the night, unless already asleep, and usually sleep anywhere from all the way through the night to somewhere between 4 and 6 am, at which point I would get her and bring her to bed with us.  I had just started trying to acclimate her back to spending the whole night in her crib (going in and holding her for a few minutes, then putting her back in her crib again instead of bringing her back to bed) when she pulled the monkey routine.  Concerned she might hurt herself (we have hardwood floors), and having already lowered the crib as long as it will go, we gave up on the crib for the time being and let her sleep with us.  

This past weekend, we converted her crib to a toddler bed, and last night we finally got her baby gate set up.  I can settle her in the bed, as long as I'm cuddling with her, but the moment I move away, she freaks out.  She can't get out of her room, so I'm not worried about safety, but I am concerned we're expecting too much of her; she understands ""bedtime"" and that we expect her to go to sleep, but I don't think she has the emotional wherewithal to stay in bed.  But none of the three of us get very good sleep with us all in my bed-- my husband and I wake up stiff and sore from unnatural positions, and we're paranoid about rolling over on her.

TL;DR:"," We need to figure out a way to get her sleeping safely and more comfortably on her own, for everyone's sanity.  Anyone have any ideas?"
381,"SUBREDDIT: r/Parenting

TITLE: My ex-wife cut my son's hair into a mohawk with ""buzzed"" in designs in the side. Unfixable. How should this be handled?

POST: My 5 year old came back to me this last Monday with crazy-mohawk style haircut.  He is 5 years old and this, in my opinion, is not appropriate for kindergarten.  No other kids in kindergarten have anything even close to this drastic.  I think it borderlines on the pseudo-punk from the late 80's.  She says that he picked it out, but it looks ridiculous. I asked her to please not get this done again and she just went into defense-mode.  My ex does things like this all the time and this was the final straw.  We were going to have holiday pictures taken, but there is nothing I can do about this insane haircut. Even his teacher in school asked me ""what is that!?!?!""

Before anyone judges me for not respecting his individuality, keep in mind he is 5 years old! If he's 15 or 16, I wouldn't even care. I would never tell him that I don't like it in order to spare his feelings, but how do I deal with this?

TL;DR:"," Ex-wife cuts my son's hair in a crazy, unfixable mohawk and I can't stand it."
382,"SUBREDDIT: r/Parenting

TITLE: Value of working from home?

POST: My wife and I recently had our third kid and will need to move soon so that we can have more space.

We have the option of moving far enough away from my office that commuting would not be possible and so I would work from home. The downsides are we would also be away from my family and our friends, and I would be away from my office and coworkers which can make work a little more difficult.

The idea of being home all day with my family is very attractive to me. Even though I'd be working during the day, I would have the 2 hours I normally would have spent commuting each day plus my lunch break to spend with my kids. So an extra 3 hours each weekday.

My question is: how valuable do you think it is for me to be home and available to my kids for those extra few hours each day? By valuable, I guess I mean making a positive difference in their lives and their development.
  

Important details:

- either way, my wife will also be home with the kids all day

- the kids are all under 6 years old

Obviously no one can answer this for me, but I would like to hear your thoughts or related experiences.

TL;DR:", is it worth moving away from family and friends if it means Dad gets to work from home and spend more time with the kids?
383,"SUBREDDIT: r/Parenting

TITLE: Birthday party guests

POST: So I'm in an.. odd situation. Well probably not because I'm sure some of you have been here. 

I'm planning my soon to be 6 year olds party, and I have a friend that I nearly feel obligated to invite. She's a good person, has gone through a lot and frequently puts the spotlight on her. That's not the really the issue here though. Her oldest is 99% ADHD and she has decided not to use drugs. I""m usually fairly anit-drug, but this little boy truly needs it. I won't go into all that, lets just leave it as he is one of the few that does.

The problem is her little boy isn't a great influence on my kiddos. When he's on his meds (He's been on them before) he's much better and less of the lets go color on the walls. Now yes, it is definitely partly my kids fault for going along with it. I don't deny that. The other is when she's here, mom doesn't really pay attention to her kids. That adds to the issue.

The reason I'm debating on inviting her is her daughter. Sweet little girl, she and my kiddos get along great. 

SO the question, should I invite this friend or not?

TL;DR:"," 6 year olds birthday party coming up, friend doesn't always watch her kids, her son is not the best influence mostly due to his untreated ADD, but her daughter is wonderful. Should I invite or not?"
384,"SUBREDDIT: r/Parenting

TITLE: Would you allow someone you never met to watch your 10 year old for the night?

POST: Last night I ended up watching some 10 year old kid I never met. My fiancee's sorta-friend's friend's kid. She doesn't know the parent. I don't know the parent, we had never met the kid before, yet somehow it was okay for her to spend the evening with us. 

She was going to stay the night at the fiancee's friends house with her son and no supervision for the night (both are around the same age) but when my fiancee found out she said they could stay at her place. There was no emergency or anything like that, the mom is just in a different part of town. 

If I were a parent, I'm pretty sure I would never allow this to happen, but  maybe this is way more common than I think?

TL;DR:", we watched a kid last night that we never met before and never met the parents. Would you allow your kid to end up in this situation?
385,"SUBREDDIT: r/Parenting

TITLE: One and done but nagging thoughts about Baby #2?

POST: Mom to an amazing 16mo son. He's the bees knees. Hard-won after a four year battle with infertility and IVF with (known) donor eggs. We'd always said we'd be one and done, for a lot of reasons: financial, emotional (bc IVF), we could just devote all of our attention to one child. 

In the last week, I've been thinking a second might be nice. It's not that I'm bored with our son; I just don't want him to be lonely. I work from home, so it's the Mom and Baby show pretty much around the clock. Lol, if anything, he's gotta be bored with me! ;)

We have a few frozen embryos and my chance of getting pregnant with them is high, but based on some issues with my first pregnancy, would put me in the high risk category this time around (GD and a preterm birth). I'm just really torn. And before anyone says ""just adopt"" that's not off the table, either. We're just not at a point financially to drop $40k on domestic adoption right now after still recovering from $27k in fertility treatments.

TL;DR:"," any parents of singletons find themselves ""craving"" another baby and how did you deal or what did you ultimately do?"
386,"SUBREDDIT: r/Parenting

TITLE: Issues with in-laws and vaccination

POST: I know I've read posts like this on here before, but am looking for some unbiased guidance.

We have two sons 3.5 years and 4 months. Our 4 month old was born premature and after a devistating time in the NICU (2 collapsed lungs along with a huge array of issues), we made a very clear rule that no adult could see the baby without their TDAP booster, and he would remain away from unvaccinated children until he was fully vaccinated.

The big problem with this is that my husbands sisters (plural) don't agree with vaccinations and thus their 5 (combined) children are unvaccinated. 

We lived out of state with our first until he was over a year and over the vaccination hump before they were ever around him, so we never had to deal with this the first time. 

My husband and I (after countless messages/conversations) sent out a mass email to all his family members explaining the importance of his health first and foremost and we would not allow him around adults unless 1. They've had their TDAP booster or 2. Until he is fully vaccinated against Whooping Cough.  In addition, we would not allow him around children unless 1. They were vaccinated or  2. Until he is fully vaccinted.

They all seemed to understand, but now my mother-in-law is planning Thanksgiving (my baby will be 9 months) and is expecting the baby to be there (around the other children).  It's as if she pretends we never had a discussion about this in the first place.

Anyway, I guess I'm just looking for guidance on how to deal with the in laws.  We are very strong in our beliefs and have done lots of research on the matter. We are pretty sick of reiterating ourselves, but at the same time trying to tip toe as to not hurt feelings.

TL;DR:", We won't let our infant around unvaccinated children. My in laws have only unvaccinated children. They keep trying to make us concede and have him around them earlier than we feel comfortable*
387,"SUBREDDIT: r/Parenting

TITLE: Anyone dealt with Montessori schools and discipline, or lack thereof

POST: **Background**

The wife and I have a son, age 5, that was recently selected for a Montessori program in our school district. The school is publicly funded and spaces are given away by lottery due to overwhelming demand. He joined the school in April under the pre-k program and will remain in his current class for kindergarten. 

**The problem**

The school thinks that my son is having behavior issues and that he may not be cut out for montessori. They cite the fact that their students are supposed to be independent, but that my 5 year old is incapable of even going the bathrooms by himself (they often find him crawling under and over, yes over, the stalls). He only completes one ""section/center"" or ""activity"" per day, whereas his peers complete anywhere from 3-5.

**My take (and my wife's)**

While there is a chance that our son has a mild attention disorder we don't see much difference between his behavior and that of his cousin (same age) or our neighbors kids. They're all rambunctious boys with lots of energy. We think the issue is a lack of discipline in the school. The teacher seems very hesitant to call us about behavioral issues and apparently there is no consequence for any bad behavior (all redirection)

**The question/s**

1. What has been your experience with Montessori education and discipline?
2. Any suggestions?

TL;DR:"," My childs Montessori teacher thinks our son isn't a good fit for Montessori, but we think he just needs a firmer hand when it comes to discipline. Thoughts?"
388,"SUBREDDIT: r/Parenting

TITLE: I [25 M] need help preparing to be a father figure to SO's [F 30] son [M 7] (x-post from /r/relationships)

POST: We've been in a relationship for a year now and it's getting to be the point where we're talking about the future, moving in together, and so on. I can see myself being with her indefinitely.

I wasn't intentionally seeking a girl with a child, but it's been all right so far. Me and the kid get along well and I'm a part of his every day life. But with the future in mind, I'm having a little bit of a struggle. I guess I'm wondering: how do you prepare for being a long-term father figure? I think the thing I'm having the hardest time with right now is the sacrifice I'll be making. I went from having all the freedom in the world to having a 7 year old child under my care. Which, as many of you probably know, significantly constrains your freedom.

You're probably thinking ""is he ready to settle down?"" And it's a good question. I think I am ready -- if not pretty close to being ready. I've had plenty of time to do the college/partying thing. I'm just about done with school and looking toward a good career in the sciences. And I like the kid. But I do sometimes struggle with the idea of the responsibility, the time commitment, and so on.

I'm mainly looking for some real life suggestions. I know I'm not the first person ever to be unsure about their possible role as a father and to wonder if they are 100% prepared to handle it. But I really love this girl, and I'm up for the challenge. Just needing a little guidance. Thank you so much.

TL;DR:", Thinking of being long term with a girl who has a 7 year old son. Looking for guidance on how to prepare myself mentally for the journey.
389,"SUBREDDIT: r/Parenting

TITLE: Going to a party with my boyfriend and his kid, need some advice.

POST: A little background: My boyfriend is 10 years older than me, and has a five year old son.  We have been together for 2 years and have a great relationship, but we always seem to run into the same problems regarding his son.

We were invited to a party at one of our friends houses.  All of our friends , the people at the party, are around my age (20-24) while BF is 31.  This party falls on one of weekends that he has his son.  His band has been asked to play there as well, so there will be about a half hour of time when he will be completely unable to watch the kid.  there wont be any other kids there, either.

My issue is that whenever he is with a group of kids with his son, he leaves it up to everyone to watch him, he will walk away without saying anything or get focused on something and lose sight of his son.  The rest of us are still young, we want to be able to hang out and have a good time without worrying about a kid, so everyone sees it as not their responsibility.  Unfortunately, this leaves me with the responsibility, because I'm the girlfriend, to make sure the kid isn't doing something dangerous or more often, getting into and potentially destroying other peoples things.

I've told BF that this isn't my responsibility, and that when his son is around it's up to him to be 100% focused on what he is doing. He isn't around that often so it shouldn't be too difficult to give him the attention he needs when he is here.  This always turns into ""If I wanted kids I'd have my own,"" and him telling me that I need to do more for his kid (although that's not exactly how he words it, that's what his actions imply).  He also get's mad at our friends for not hanging out when his kid is around, but they don't hang out because they are also frustrated with feeling responsible for him.

So basically, I'm considering not going to this party just to avoid that.  But everyone will be there and I'll just spend the day home alone if I dont go. As parents, do you have any insight into this?

TL;DR:"," When in a group of people, my bf ignores his kid and leaves it up to everyone else to watch him."
390,"SUBREDDIT: r/Parenting

TITLE: Fully potty trained 3.5 y.o. son has gone back to wetting the bed nightly. Seems like we've tried everything. Advice?

POST: Our three and a half year old has been fully potty trained since before he was three and has not had any issues with wetting the bed up until a month ago.

We've tried making sure he has had no drinks after dinner; he has to use the potty before bed even if he doesn't want to; tried putting him in pull-ups to discourage him since he hates ""wearing diapers like a baby""; we've given him beach towels to use as blankets as a hopeful deterrent; we've tried both positive and negative reinforcement to see what will help.

Part of why we're trying to ""dissuade"" him is that we don't believe they are all quite accidental. He has also wet himself a number of times while awake and then won't alert us to the problem, and he even once pooped in his sister's bed, yet took the time to go grab toilet paper to wipe and left it on his sister's table.

We are at a loss here. Last night even, he went to bed about three hours later than usual, had nothing to drink after a normal-timed dinner, and used the potty right before crawling in bed. And he still peed.

Any advice?

TL;DR:"," Son has been wetting the bed consistently for past month, and nothing we do seems to work and we can't figure out why he's doing it. Please help."
391,"SUBREDDIT: r/Parenting

TITLE: How do I respond to my son's new behavior of denying himself want he wants?

POST: My son is almost 5 and a few weeks ago he started a new behavior. I don't know why he's doing this or how to respond. I would love some insight or some response suggestions. 
He first states something he wants to do then says he's not going to do it. Then he talks and whines about it. He says ""I really want to use that blanket but I'm not going to."" He doesn't have a reason why not or else the reason is really flimsy. I let him know he can do or have it but he refuses. 
My working theory is that he's creating a safe place for him to experience ""negative"" emotions. There have been a lot of changes lately, all positive, but still stressful. I don't think he feels ok expressing his jealousy of his little sister or anxiety about school because he really loves both of those things. But you can love something and still have a lot of upset emotion about it.
By creating the trivial conflict he is creating a definable space to express himself. I'm not sure that's what it is but it's the only thing I can think of that fits. 
I've switched my responses to try to address his emotions in the moment. I give him words he can use to talk about his feelings but he hasn't responded much to that. I want to help him feel what he needs to feel then navigate his way out of the conflict. And I want him to stop the whining! I don't deal well with whining (although I'm sort of doing it now here myself).

TL;DR:", My son is creating impossible situations for himself. I'm not sure why he's doing this or how to respond to the whiny self-denial.
392,"SUBREDDIT: r/Parenting

TITLE: 3 & 5 year old sons posting school/art work all around their room.

POST: I am always very cautious about not over doing the praises and say things like, ""That is some good work, you must have worked hard on that.""  Followed up with ""Are you proud of the hard work you have done?""  Sometimes we post things on the fridge, sometimes we don't.

So my son comes and gets me and says he wants to show me his work.  Not unusual, so he takes me to his room (which is unusual to show me his work).  All over the walls was his and his younger brothers work EVERYWHERE!  It was quite impressive to see.  He started by showing me his brothers work, then his own.  I again repeat the same kind of statements I usually give.

I go ask my wife if this was her idea, she said no, that it was our 5 year olds and she just helped hang some of the harder to reach pieces and helped our 3 year old hang his pieces.

I think it is great, but in the back of my mind I wonder if this is the start of being vain.  Then I start to think I am over analyzing.  Anyways just wanted the collective input from other Reddit Parents.

TL;DR:"," Son fills room with his and his brothers work, is it a little too much?  Or am I over analyzing?"
393,"SUBREDDIT: r/Parenting

TITLE: Helping my shy daughter

POST: Since school started this year my daughter has been bringing home work from school that she didn't finish during class like she was supposed to. Her teacher (who is awesome and was my son's teacher last year) told me that it was because if she got stuck she wouldn't ask for help. She never really talked to any of the kids in her classroom besides playing at recess. At parent teacher conference a couple weeks ago her teacher talked to me a little more about how quiet she was in class but that he thought she could do it. Afterwards I was trying to think of how I could get her to open up to her teacher and talk in class and for some reason jokes popped into my head. Parent teacher conference was right before fall break and the first day back afterwards I had her go tell her teacher a joke. She went up and whispered it in his ear so quietly that he had to ask her to repeat it a few times but he eventually got it all. Every day I'd look up a new joke and run a few by her until we found one that she liked and could repeat. After a few days she would whisper the joke to him a little louder if there were no kids in the room. Today I had her stand with me by the door to the classroom and say the joke loud enough for her teacher at the back of the room to hear WHILE there were other kids in the room and she did it! I think that was the first time the kids in the class have heard her voice clearly AND she hasn't brought home any unfinished class work since we started the jokes. I just wanted to share this in case other people have shy kids like my daughter. Maybe it could help :)

TL;DR:", My daughter was shy and not doing well in school until I started having her tell her teacher jokes every day and it's helped a ton
394,"SUBREDDIT: r/Parenting

TITLE: Anyone else out there think birth pain is over estimated? I didnt think it was that bad am I nuts?

POST: So ive done two natural births with 2 8lb healthy babies and I was expecting the worst but over all it was just really uncomfortable. I even had bad tearing but didnt realize until they told me. Am I just lucky? Whats with all the drama? I was so worried because your whole life you hear its going to be the climax of pain but its just really crampy and tiring.  Anyone else have the same experience?  Anyone have a totally different experience with super natural pain that haunts them still? Its such a fascinating subject and yet both times I was pregnant and trying to research what it would feel like there was very little out there of much use. Half the people I encountered described misty-woo-woo enlightenment with metaphorical butterflies and unicorns bursting out of their pussy chacra, the rest made it sound like a battle with a live 10lb  kidney stone dragon. Only one woman said to me its like a bad period. What was yours like? Dads- is it worse that we remember? I once read that after birth you get a brain chemical dump that makes pain memories fade so we don't fear having more kids.

TL;DR:", I completely respect every birth experience out there! Thank you for the helping of humble and the fresh perspective. I really just didn't know.
395,"SUBREDDIT: r/Parenting

TITLE: I'm (25f) scared to leave my daughter (2mof) alone with my mums bf (40+m)

POST: Since being pregnant and after having my daughter, I've started to get anxious about the idea of my mums partner being left alone with her when they are babysitting. He is difficult to describe as a person, but there is something about him which has always given me the creeps. 

They have been together for over ten years, but my brothers and sisters and I have always felt there was something not quite right about him. The only real example I can give which confirmed his creepiness was when I was still living at home with my sister who was 16 at the time. She had gone to her prom and I was in my room when I heard her come home at about midnight. I then hear my mums bf start talking to her as she comes in the door, he had been sitting there in silence on his own. He starts asking her if he could take some photos of her in her prom dress and tells her that my mum had asked him to. I can hear my sister trying to ignore the subject and go to bed, he then follows her up the stairs and again asks for photos. She says no and he finally leaves and goes downstairs. I asked my sister about this the next day and told her to ask mum about it, she told me she spoke to our mum who confirmed that she had asked him to take photos but I know this can't be true as my mum had taken photos before my sister had gone to the prom. 

We have never spoken about it since and I know it is only one incident but it has stuck with me ever since. I do not trust this man with my daughter but I don't want to stop my mum from looking after her grandchild, I honestly cannot think of anything I can do. I worry that maybe I'm being completely irrational but my instincts are telling me to be careful of him.

TL;DR:"," Mums BF tried to take photos of my teenage sister and now I'm scare of leaving my daughter alone with him, but I don't want to stop my mum from looking after her granddaughter"
396,"SUBREDDIT: r/Parenting

TITLE: Daughter (6) has just experienced her first lot of bitchiness from girls that she considers friends. Parents of reddit, any suggestions as to how I can help her?

POST: My daughter is just about to turn 7 and has been best friends with the girl across the road for about three years. They used to have sleep overs and were pretty much inseparable. All of the kids on the block tend to hang out together and ride scooters, and just generally be a roaming pack of young girls.

As of last week, the neighbour girl out of the blue decided my daughter was no longer cool and has since started intentionally leaving her out of conversations and the group dynamic. The other girls seem to be joining in when in a group and ostracising my daughter, but they do play with her peacefully when her (i guess now ex) best friend is not around.

I've tried encouraging my daughter to ask this girl if there is an issue, to which this girl has become snarky and claims she has no reason, and even if she did it was none of her beeswax. I tried speaking to this girls parents (as we are friendly) but when she asked by her parents, she denies picking on my daughter at all, nor singling her out.

 My daughter now comes inside in tears every night shortly after this neighbour child gets home. She's clearly cottoned onto the fact she needs to hide this behaviour from adults, and is encouraging the other girls in the neighbourhood to leave my little girl out. The whole thing reeks of 'teenage popular girl bitchiness'  but they're 6 and 7 dangit! Does it start this young? How can I help her navigate this horrible, but common experience? What have you guys done, when faced with similar situations?

TL;DR:"," My daughter is on the receiving end of young girl bitchiness, how do I make sure this doesn't effect her self esteem?"
397,"SUBREDDIT: r/Parenting

TITLE: What's your best ""traveling with kid(s),"" advice?

POST: In January we will be moving to Hawaii. We'll (husband, 6yo daughter, cat, dog, and myself) be looking at (I'm assuming a hectic) one night at a hotel, then up bright and early (you have to be at the airport quite a few hours ahead of time when traveling with a pet in cargo) to spend several hours at the airport, then roughly a 6 1/2 hour flight.

Now I've traveled with the kiddo before, but plane rides have been a maximum of 2 hours,  and the longest trip being a 5 hour car ride with a couple well planned out stops at local parks to stretch and burn some energy. Also, I'm not sure how well she'll sleep the night before and the darling little angel is an absolute beastie without a restful night of sleep. 

So, I'm feeling rather apprehensive/anxious about the impending travel day. I really have no idea how the kiddo is going to do with the long day, but I'd feel more at ease going into it being as prepared as possible. 

QUESTIONS:

*I've found some cute ideas on pinterest for things like travel/airport bingo, travel activity binders, etc. but do those things really work? 

*She doesn't play video games, but I'm open to the idea of putting some games/apps on the tablet, what are some really good ones for kids? 

*Should we invest in a mobile dvd player? Any models better/worse than others? 

*Any tried and true advice or techniques you've used to make traveling with a kid go as smooth as possible? 

*Any other advice, anecdotes, words of wisdom/encouragement you're willing to share?

TL;DR:"," Long flight with a 6yo coming up, halp!! How do I best prepare for a hectic travel day?"
398,"SUBREDDIT: r/Parenting

TITLE: Parents with autistic children- can you share any resources that has helped your child socially with me? I am mainly interested in videos about social skills but anything is good. :)

POST: Hi all :) I spent hours scouring YouTube with my son the other night after he behaved inappropriately after losing a game. It was meant to be one quick clip about being a bad sport, but it turned into hours. We watched short clips about how to be polite, what impulsiveness is, how to behave in certain situations, how to accept no for an answer etc. (I can provide links if any one is interested- we watched so many) 

After each video we would talk about it, we would discuss what they were teaching in th video and he would tell me what he learnt and we would practise. It. Actually. Stuck. I have noticed he has been using different language and has been trying really hard to improve certain behaviours that he learnt about in the videos.

However we hit a brick wall when I tried to find a video about body language, personal space, social cues, how to tell what emotion people were feeling etc. I am sure stuff like this exist. How do I find it? How do you teach your child about these things? Do you have any resources you could share with me? Or even how to explain these things to him?

It's worth noting I have pretty shitty social skills myself and was recently diagnosed with Aspergers. I know that I have shit social skills and it's not just me being anxious because people have made alot of comments that imply this. -I don't think I have the skills to teach him myself without a outside resource. 

He doesnt see a therapist at the moment (he is 5). And no one else in his life (kindergarten teacher included) recongises my concerns and agrees with them. But I have bought it up with his teacher for next year and I will see what she thinks. He may just have very poor social skills that need working on. Anyway, I digress. The internet is the only way for me to find resurces to help him :)

Thank you for taking the time to read my post. And thank you if you took the time to reply to me.

TL;DR:", my son learns very well from videos and needs to improve on his social skills. I suspect he is autistic. Do you have any resources you could share?
399,"SUBREDDIT: r/Parenting

TITLE: I wasn't sure where to post this question about my godson's behavior, could you all help?

POST: Hello parents of reddit. As the title states, I wasn't sure where to post this question, if you feel it should be in a different subreddit I would appreciate direction. 

I'm a single female in my twenties with an adorable godson (""Nolan"") who is going to be 2 years old next month. He's a pretty typical toddler, adorable when he wants to be and an absolute terror when he doesn't get what he wants.

The question I have is about Nolan's response to girls. He has an older sister who is in the second grade and is often at school. His mom works and his dad mostly stays at home with him, but works part time. When his dad is at work, their ""man-ny"" (""Jason"") comes to watch him. 

Jason and I don't see eye to eye on a lot of things for personal reasons and I'm hoping my concern isn't coming from just disliking Jason, but it might be. 

Nolan has started to show definite dislike to all girls. When a girl asks for a hug he'll scream and try to find another boy or one of his parents. He very nearly ignores his sister completely. Even tonight when I went over to visit with my brother, I asked Nolan for a kiss bye-bye and he instead insisted on giving one to my brother and not me. He's even taking to screaming at his mother and calling her stinky. 

All this to say that his parents and I are hoping to try and do something to influence him to a more balanced view on girls. Or to at least stop hitting and kicking them. Do you all have any advice? Or a more appropriate subreddit? (Again, sorry if this is the wrong place)

TL;DR:", 2y-o godson hates girls. His male babysitter is arrogant. Is there anything his parents or I can do to help the situation?
400,"SUBREDDIT: r/Parenting

TITLE: how to talk to a 6 year old boy about sex

POST: I'm a single mom of a six year old boy. He's usually a smart smart child (I'm not just saying this because I'm super biased, I swear), but the other night he came into his room with his iPad and said, ""Just wondering but how do you spell naked?""

""Why? What are you doing?""

""Nothing, I swear!"" 

Well obviously I didn't believe him, even though I hoped he didn't actually think I would accept ""just wondering"" as a reason, and I looked at his searches. He was searching for boobies. I felt equal parts shocked and amused that in his innocence he searched for ""boobies"". I'm getting off topic here.

I didn't think I would have to talk to him about this so soon. I made sure he knew that there was no reason to be ashamed, that I wasn't mad at him for being curious and being curious is a natural thing. I just don't know where I go from here. My parents are conservative, and I am not, so I don't think talking to my mom would help me very much. 

Anyone have any experience with this? Anything would be appreciated!

TL;DR:", son is curious about women's bodies and I don't know how to talk to him about it or what would be appropriate given his young age.
401,"SUBREDDIT: r/Parenting

TITLE: Trouble transitioning to toddler bed

POST: We have a 2.5 year old daughter, normal, healthy child, goes to day care.  Over Christmas break we transitioned from the crib to a toddler bed which is right next to the crib.  Nothing else changed with the bedtime routine.  That was two weeks ago.  Since then, bed time has been drifting later and later, last night it was 9pm, tonight I think she may be asleep now (8:30).  It's been very difficult as she is up at 6am, so she lost 2 hours of sleep.  She has yet to nap in the toddler bed either, and we have resorted to driving her around late in the afternoon (or at sign of fatigue).  

Her bedtime routine starts around 6:30, and it's very very constant,sippy cup of milk, youtube videos, up to bed, play for another 10 minutes, lullabye, and that's it, usually she is asleep 5-10 minutes after (around 7:15 or maybe 7:30).  

Any suggestions?  I think I am just going to insist on 7:30 bedtime, quick lullabye, and she can scream her head off.  (We've been rescuing her on things like poop, pee etc (yes she is holding it specifically for this....sigh), and we'd have to intervene for this since I don't want her poop to go everywhere.  Basically cry it out again.

TL;DR:"," Basically the loss of my sanity time is driving me nuts, chores are not getting done, I'm getting no down time, kid is losing 1-2 hours of sleep a night."
402,"SUBREDDIT: r/Parenting

TITLE: 8 yo son suddenly VERY curious about female anatomy.

POST: My son was out of town visiting my mother for a few days and she texted me that she caught him googling ""girls pee pee"" (We all have the normal safeguards on our computers and we scrutinize our kids online activity). My mom handled the situation without making him feel awkward and definitely didn't make him feel like he was ""in trouble"". He came back today and went back to his mothers (who is aware of the situation) and she texts me that she caught him doing it again. She proceeded to let him have a Q&A about human anatomy (we're both in nursing, so we know how things work) and dug up her anatomy book to show him how the body works (physiologically not sexually). Now he's even more curious about it. My question is: how do we handle this without making it awkward for him or giving him any long term ""issues""? Also, some suggestions about safeguarding your computer might help others that might read this, so add those as well.

TL;DR:"," My 8 yo was googling about the female anatomy and after a Q&A, he is even more curious. What's a parent to do?"
403,"SUBREDDIT: r/Parenting

TITLE: Toddler acts like she hates me since newborn arrived

POST: Hello fellow parents, I need some advice or even just a pep talk at this point.

We have a 22 month old daughter and I just gave birth to our second daughter on May 10. Our toddler has always been a little clingy toward Dad but ever since we brought home the baby, she wants nothing to do with me. She pulls at dad when he holds baby and clutches at his legs when he walks. She is fine to me if Dad is not around, but if he is, she will literally say no if I try to play with her or even shove me away. This on its own is a lot but add postpartum hormones and sleep deprivation on top of it and I have been crying every day. I feel like my relationship with my toddler is ruined. The weather has been bad and I am still sore and in pain from my delivery, so it hasn't been the easiest for me to spend one on one time with her out of the house. I am starting to fear my relationship with her is screwed and she will never come back around to me. I feel like I have to ""win over"" my own kid. Part of it may be I do most of the domestic stuff like taking care of basic needs and keeping the household running. My husband does his fair share but he is more of the fun, Get down on the floor and play type.

TL;DR:", don't know how to make my toddler be less cold to me after the birth of our second child. She has went from a mellow child to cold toward me and being extra whiny and rambunctious.
404,"SUBREDDIT: r/Parenting

TITLE: Everyday events with your kids; when to 'pre-load' and when not.

POST: If you have young kids you might have come across the problem of mentioning you're going to do something good, and then have them ask you a million times when you're going to the party, the park, the shop, whatever.... They get ramped up with excitement and if you haven't gone made by then, they'll at least be overexcited, emotional, possibly not able to cope with it. Sometimes it's unavoidable, like birthdays and Christmas, other times you have control.

One approach is to not mention the event until the very last minute. Partly because circumstances like weather can dash any plans you had. But mainly because they don't need to know too much in advance, and it deals with that overexcitement issue. And it's less tiring for you. 

But other times, it is useful to preload events and experiences. One such example: this weekend we took my son cycle racing, the last of four events he's been at. He'd seen other kids throughout getting trophies and been getting a bit tearful that he wasn't getting them. It was announced for the last event there would be winner and runner up trophies for the whole series. I knew he wouldn't get one, so the morning of the race I told him there would be trophies, but he wouldn't get one because he's just started, he's young for his age category, etc. We talked about what it meant to be 'sporting' and clap and celebrate other people doing well, and he listened. When it came to it, he saw the kids get their trophies, and ran up to tell me excitedly ""I saw someone get two trophies!"" with a big smile on his face. I was so proud. Especially as the other kids were in tears because they may have had higher expectations and then got nothing.

TL;DR:"," look ahead a few days and try and figure out what your kids need to know, and what they don't. It will save you all a lot of tears, hassle and headaches. "
405,"SUBREDDIT: r/Parenting

TITLE: Feel like the daycare blew it, but wanted some opinions on how bad.

POST: So, I picked up my daughter at daycare yesterday.  She is about 2.5 years old.  Ladies tell me she wasn't listening that well.  I pick her up and get a bit of a poo smell from her, but I ignore it because of the distractions of getting her coat on and picking up her stuff etc.  We go to the car and she is complaining about having to sit in her seat and crying to some extent.

I get her home and she has poop stains on her pants that look like they have been there for a while.  So, I go to change those and she is complaining bitterly about having her diaper changed.  I open up the diaper and there is some poop in there, not a huge one, but enough and it looks like it has been there for a while and she has a really bad diaper rash, like really red and all over her bottom.  It's obvious she is in pain as I am cleaning her up and putting the rash cream on and later she lay on her stomach on the couch rather than sit and she didn't even want to get into her bath obviously because of the rash.

I sent a really stern email to the daycare (mostly because the owner isn't always there at beginning or end of day and I might miss her) about the situation and pointed out how they dropped the ball and that I expected better.  It seems as if the younger women at the end of the day aren't as vigilant about this stuff as I've noticed one or two other incidents where she hasn't been that clean when she came home, but nothing this bad. I admit that my daughter tends to not say anything if she has pooped, but she is a toddler and it's hard to reason with her at times so you kind of expect that they should be vigilant and it's not like the pants and the smell weren't a clue.

My wife was nervous about my email, because she thought they might respond negatively and I just said that if they did then that the place isn't the right one for us anymore and that if anything they should be mollifying us and assuring us that they would make this right.

TL;DR:"," Daycare let my daughter sit in her own poop for a while and she came home with a bad diaper rash.  I told the daycare in a stern, but polite way that they blew it."
406,"SUBREDDIT: r/Parenting

TITLE: To the woman I accidentally took a picture of while she was breastfeeding... I'm soooo sorry!

POST: I'm hoping that the mom/someone who knows her sees this.

I was at the Westfield Topanga Mall in Woodland Hills CA for lunch today with my son.  We were chowing down on Hot Dogs on a stick.  A couple came up to the table next to us with newborn triplets!  I was in awe.  She started breastfeeding and I stopped gawking at the kids so she wouldn't add me to the list of people giving her looks for breastfeeding in public.  

I am totally in support breastfeeding in public by the way.  No one should have to feel shame about feeding their child wherever they like, and to the jerks who say to go to the bathroom: Do you eat in the bathroom?  but I digress.

We were finishing up and I wanted to take a picture of his empty sticks to show off to my wife.  I brag that he eats better with dad.  I took the pic and sent it off.  Wife replies that a woman was looking right at the camera in the background.

I was totally mortified.  This poor woman who has probably endured too many looks from people, taking care of triplets in the mall thinks i'm the worst kind of person.  I'm not!  I swear!  I'm sorry.

I didn't get my wife's response until we were in the parking lot.  I came running back hoping to find her and apologize, but she was already gone.  

As an aside, i normally keep my flash off, but it was on for this pic, so it was blatantly obvious that i was taking a pic.

So, anyway, if you are or know a mom of newborn triplets in the San Fernando Valley please accept my apologies.  I'll buy you some hot dogs on a stick to make up for it, and I promise I'm not a creep.

I can't get it out of my head so it's now here to at least get it off my chest.

TL;DR:"," Took a pic of food, accidentally took a pic of breastfeeding mom.  She knows, but doesn't know it was an accident.  Feel like shit."
407,"SUBREDDIT: r/Parenting

TITLE: Please help me with baby proofing a house for a 1 year old

POST: Hi everyone! I'm hoping I can get some assistance here with baby proofing a new house.

 Background story- I have two daughters, ages 3 and 1. We just moved from a ~600sq rundown 2 br/1ba cabin to a 2500sq 4br/2ba house with dining room, living room, office, etc. I'm not too worried about my 3yr old but the 1yr old is a different story. She is very adventurous, curious and puts absolutely everything in her mouth that she can. And she is walking too. 

 How do people typically baby proof a large home for a 1yr old? No stairs to worry about, thank goodness but I work two full time jobs from home and will be stuck on my computer most of the day which means she'll probably be in another room than me throughout most of the day(I doubt she's going to want to sit in the office and watch me work). With the old house it wasn't an issue because I worked in the living room and that was really the only place for her to hangout so I was always able to keep an eye on her. 

  So what should I do? There is a HUGE bonus/play room in this house. Maybe I can set up my computer in there and block off the entrance so we're both in the same room all day? Or should I work in my office and let her have the run of the house(after locking up all cabinets, wires, etc)?

 I have a video baby monitor but i would need about 6 or 7 more to adequately cover the entire house(even with bathrooms, bedrooms etc blocked off).  

 My 3yr old goes to preschool fulltime so it'll just be me and the 1yr old during week days. That's another thing I'm worried about too- she has a lot of toys and other little things  she sometimes leaves laying around that the 1yr old could choke on.

 The more I think about this, the more anxious I get :/ please help me fellow parents!

TL;DR:", My family moved from basically a tiny shack into a big hour and I'm freaking out about keeping my 1yr old safe.
408,"SUBREDDIT: r/Parenting

TITLE: Should I allow my father to watch my 16 month old for 5-7 days?

POST: Hey guys, so my wife and I are going to Florida for a week to visit family.  My dad and her mother both live down there so it will be a nice trip to visit the grandparents.  At the end of the trip my father asked if he can keep my son for 5-7 days, I said no problem, it would be nice to have a break.  My wife however is fighting me and coming up with all these reasons why he shouldn't.

A little background on my dad, he brought up 3 boys (including me) and we were NOT easy kids to deal with.  My son is a very strong willed 16-month-old and can throw a tantrum at almost anything and also does not sleep very well.  She's afraid my dad won't be able to handle this and also afraid that it is too long away from her (my kid is very attached to his mother.)   

She thinks this is far too long and also at the end of the trip, my dad plans on driving up to us in New Jersey (21 hour drive) to drop my son off and stay for a few weeks.  The drive is also a major concern of hers, but my dad will be with his girlfriend and they have both taken care of my son before.  

Am I being too relaxed about this?  Is my wife being too strict about this?  I think it will be good for my child to be away from mom for a bit since he is overly attached.  I also think my dad deserves time with his grandson who he adores.  Please any advice would be helpful!

TL;DR:"," My dad wants to watch my son for 5-7 days in Florida and then drive 21 hours to drop him off home to us in NJ, wife is having issues with this, I am not."
409,"SUBREDDIT: r/Parenting

TITLE: My son is being bullied at school, looking for advice.

POST: My son (8, 3rd grade, small) has, for the past few weeks, been telling me about this other boy at school who has been bothering him.  The other boy is in 4th grade and is big for his age.  Apparently this older boy has been calling my son names and pushing him down on the playground.  Today, my son came home with a huge scrape on his arm from where he fell when this other boy pushed him down; this was when he finally admitted it had gone beyond verbal stuff.  He says he talked to his teacher, but he now he does not feel safe at school.  We lost his dad last year, so his ""protector"" is gone and it's just me.  I'm so upset I'm shaking, and I'm trying to formulate a plan for what to say when I talk to his teacher and principal.  Any of you out there have a similar experience or advice to share?  I'd be very grateful.

TL;DR:"," Older kid picking on my son, and hurt him today.  Looking for help from anyone who's been in a similar situation."
410,"SUBREDDIT: r/Parenting

TITLE: SO and I disagree about dolls. What do you think?

POST: My SO and I have an almost 5 month old baby boy.

For Christmas this year, my SO's aunt sent our son two beautiful handmade knitted dolls, Santa Claus and Mrs. Claus. We love them, my son loves them(as far as I can tell, he likes to chew on them at least). 

Tradition and sentimentality are both very important to me. I think it would be a fun tradition to keep the dolls with our Christmas tree, and bring them out every year for the entire month of December. So it's as if Santa and Mrs. Claus come to visit us every year. I also think that would save a lot of wear and tear on the dolls, as they're just wool and they'll probably be ripped to shreds by our son. I like to think that we can eventually give them to him when he has kids of his own, so he can continue the tradition... but realistically they probably won't last that long. Or he'll grow up to be a cynical realist like his Dad. (lol)

SO is not even remotely sentimental, he thinks that our son should have them access to them all year, so that we can ""get as much use out of them as possible"". He said that ""saving them for some arbitrary reason is just dumb""

Our son has an entire shelf of ~20 plush toys, including dolls, along with pretty much every other toy you can imagine. 

What do you think?

TL;DR:"," We have two handmade Christmas dolls, I want them to be saved as a Christmas tradition so that they stay special and don't get destroyed. SO want our son to have them all the time. What do you think?*"
411,"SUBREDDIT: r/Parenting

TITLE: Kids exposed to Leptospiriosis?

POST: Okay, I can't believe I have let it come to this. My husband's grandparents live in filth. I've thought I was just being snobby or neurotic, but now I know I should have kept my son out of that house. I never said much because I really wanted to keep the peace with my in laws. I would just try and get us out if there as soon as possible. I am angry with myself beyond words for this mistake.

We took to their cat to the vet, thinking it had tapeworms. It turns out, he is infected with leptospirosis. A quick google search reveals the nastiness of this infection in humans and animals. The back room my son (5 years) disappeared to for about an hour the other day with an older cousin was filled with feces. As is probably the rest of the house. Apparently, the grandparents lock the cat in that room (they even call it the playroom) and can't clean up after it, so there is just filth everywhere. I had no idea what the conditions were like back there (please don't judge me too harshly--I am mortified and do very ashamed of myself), or I would have probably picked my son up and ran out. I know now that the feces, or any bodily fluids, from an infected animal should be considered as biohazards to health.

My son spent more time than usual at this house this holiday season, and I specifically remember seeing him with a cat toy . 

I've been researching, and I am just freaking out more and more as I discover that kids are at the most risk of catching this from household pets. I'm going to call a doctor tomorrow to see what we should do, or if there is anything more we can do but watch for symptoms (which can take up to 4 weeks to manifest).

I am throwing this out there for any advice/information fellow parents might have with this or something similar. Did your kids get it? What did you do and how bad was it? Thanks!

TL;DR:"," My 5 year old son was exposed repeatedly, unbeknownst to me, to leptospirosis. What do you know about this? Any advice or information would mean the world to me."
412,"SUBREDDIT: r/Parenting

TITLE: Helping mom find ways of falling back to sleep after getting up to nurse 6 month old in the middle of the night.

POST: So to expand on the title we have a 6 month old whose been pretty up and down with the night feedings. Started waking once a night to feed, then twice, then once again, then 3 times, now she's been waking pretty solid twice a night. Can't complain really, but we started seeing a sleep consultant to get more consistency and fix some troubles with naps.

Now here is where the problems come in. In the little one's 11-12 hour overnight period mom gets to bed about an hour later, and I follow suit so as not to disturb her by crawling into bed after she's fallen asleep. Mom falls asleep pretty quick as she's usually pretty exhausted. When she gets up for the first feeding she can have some trouble getting back to sleep, sometimes lots of trouble. After the second feeding she might not sleep at all again. Once I'm already up I take the little one for playtime after her morning feeding (if I'm not working that day) and mom crawls back to into bed and tries to make up for what she lost. 

In that whole overnight period that the little one sleeps my wife might get anywhere from 3 to 7 hours sleep. She's the kind of person that before we had a baby would sleep 9 hours regularly and if she got less than 8 hours was a bit of a wreck. So for this to be going on for the last while its worn her down. Any suggestions on how to help her fall back to sleep? I've tried giving her some melatonin (3mg) supplements but it's pretty hit or miss. What else can we try?

TL;DR:", How can I help mom fall back to sleep after getting up multiple times to nurse a baby in the middle of the night?
413,"SUBREDDIT: r/Parenting

TITLE: Have any of your kids felt awful after coming home from spending the night in a smoker's house?

POST: My daughter (I'll call her L) is 8 and she stayed the night at a friend's house last night. I knew L's friend's parents smoked... but holy shit. As soon as L walked in the door I wanted to vomit from the smell. She was almost in tears when she came in and said that she really didn't feel good at all, even though no one at home or at her friend's house are sick. 

She says that it all started last night when she was in her friend's mom's car. Friend's Mom was smoking, and L started to get a sore throat, headache, and dizzy feeling. Apparently they didn't even give her supper last night! Or any snacks at all! I'm pretty pissed off about that.

Obviously she is never staying there again, but my question is, do you all think this is related to the smoke? And if so, what can I do to make her feel better? I thought some food in her tummy and some fresh air might help, so I tried to give her saltines and she ate half of one, and she only took one drink of water. Obviously she's already had a shower since she reeked so badly of smoke and I washed all of her clothes immediately. She just doesn't seem to be feeling any better, but I really doubt that it is the flu or anything like that since she's had her flu shot and no one else we know is sick.

TL;DR:", I think my 8yo daughter is sick from too much exposure to cigarette smoke. What can I do to make her feel better?
414,"SUBREDDIT: r/Parenting

TITLE: What do you all think about spanking your kids?

POST: I got in it this morning with my four year old before Kindergarten and she absolutely shut down.
And I have a sneaking suspicion that it was my fault for the whole ordeal and feel terrible now about it. 

We were running late (again my fault) and she didn't want to walk or take her bike because she assumed I would carry her today. She was dismayed to learn other wise and just wigged out to say the least. After a few minutes of consulting her she calmed down then I said ""OK lets get goin.""

NOPE! started all over. I lost it and gave her one on her little butt. She go louder but then hopped to it and we were underway. She cried the whole way to school and then wouldn't let me go. I felt terrible and just wanted to take her home and call it quits. Her teacher intervened and guided her to the room which aloud me to get out of there without being to late.

TL;DR:", I spanked my 4 year for being a 4 year old subsequently causing more stress than needed and I have been hating myself the whole day.   
415,"SUBREDDIT: r/Parenting

TITLE: Parent publicly hits child.

POST: Dear /r/parenting, 

As I didn't know where I should put this, I decided to come to you guys for advice. 

Today, I was on my way to work when I decided to stop at the local Walgreens to pick up a couple of movies from redbox for a date tonight. Upon approaching the Redbox I noticed a mother with three children playing merrily around her. The mother became irrate and ordered the children back to the car. Two of the three complied and returned to the car, but the poor third child who refused received a quick, impulsive smack to the shoulder. The child of four or five, crying, returned to the car immediately. The mother then spotted me, turned cherry red, and apologized directly to me, as if I was the one she hurt. I thought I should say something to her about hitting her child, but I quickly passed it off as she is a grown woman and I am seventeen. So I quietly replied ""It's cool"", but no it wasn't cool. What should I have done in this situation?

TL;DR:", A mother hit her child for disobeying her in public and then apologized after she saw me witness it. I told her it was cool and went about my day. What should I have done?
416,"SUBREDDIT: r/Parenting

TITLE: Co-sleeping with a 2 week old baby. Need advice on how to convince my wife it's a bad idea.

POST: So our son was born on the 18th. My wife, being the oldest on 13 children, thinks having a lot of siblings makes her an expert on babies. Tonight after she was done nursing and the baby had fallen asleep, she got mad when I tried to take the baby to his bassinet (about 3 feet from the bed.)

Now, neither my wife or I are large people, but we sleep in a full size bed and she had a c-section less than 2 weeks ago. I tried to argue that the baby sleeping in the bed with us was dangerous for many reasons, but her ""experience"" says otherwise. Once again, she has never been a mother, only an older sister. I tried researching the subject, but once again her ""experience"" is more definitive than even the American Academy of Pediatrics' recommendations.

So now it's 4:30 AM. I'm on Reddit and sleeping on the couch because I assume mother+baby in bed is less dangerous than mother+father+baby in bed.

I'm not sure how to convince her that she's putting the baby at risk and she is not the best listener in the world. Any advice would be appreciated.

TL;DR:"," Wife wants infant son to sleep in the bed with us even though we spent money on a bassinet, a crib, a baby monitor and various beddings, and refuses to acknowledge that it would be putting the baby at risk."
417,"SUBREDDIT: r/Parenting

TITLE: Present ideas for a 3 year old boy?

POST: So my sister-in-law recently got married to one of my high school friends who has a two year old who is about to turn three in August.

I've been trying to figure out some things to get him for his birthday in August and for Christmas and since I don't have kids of my own I'm going on what he has told me he likes and what I liked as a kid. 

Right now I know he likes Thomas and Friends, Cars, dinosaurs, and he loves painting.
I also would like to buy him some dvds of kids shows to watch since his parents don't have cable. I don't really know where to buy cheap dvds (except for ebay) but even if I found some I dunno what to get him. Two ideas that came to mind were Pokemon and Ben 10.

As for toys I know I loved Legos as a kid but he is probably too young for regular legos so I was thinking of getting him some Duplo blocks. 
Maybe some dinosaur toys and some matchbox cars.

What about books or should I wait off on those?

TL;DR:", I recently became an uncle and since I don't have kids of my own yet I don't know what to get my nephew.
418,"SUBREDDIT: r/Parenting

TITLE: Having difficulties with my 13 year old, need advice.

POST: First time mother here looking for some advice. My son has always been what I would consider a ""high needs"" child, but lately I've been feeling very frazzled with him and kind of at the end of my rope. We've had a few problems develop over the past few months that I'm not quite sure are entirely normal or how to remedy them.

Firstly, he has taken to biting. A lot. Almost compulsively. I know that hair pulling, hitting, etc. are normal at his age, but his biting behavior is very unusual. I've never seen another baby do it. He does bite when he's frustrated with me or upset, but even when he is going about his business playing or checking things out, he will suddenly stop and run over to me and start biting at my knees or fingers. If I attempt to stop him he just keeps trying until I physically detach myself from him. If he isn't biting at me, he'll often stop to bite our mattress or the couch, anything soft enough to not hurt him. My first guess would have been teething but he isn't as far as I can tell, and it's been going on for a while and escalating with time. He doesn't do this with anyone else.

The second that he absolutely does not listen to me at all. I mean, I know, he's 13 months old. But he minds his grandmother and father as well as you could expect. On the other hand, if I try to tell him ""no"" to playing with a forbidden item or to stop hitting me, etc. he will either ignore me entirely or laugh at me quite hysterically and ramp up his behavior. I feel like this is normal, but it's frustrating beyond all explanation that I'm the only one he does this with, and I have no idea of how to fix it.

TL;DR:"," 13 month old is obsessively biting me and will not listen to me what-so-ever, and does not exhibit these behaviors with anyone else."
419,"SUBREDDIT: r/Parenting

TITLE: Baby-Proof android tablet.

POST: I am going to get an android tablet for my 7 month old son.
  
Now, before I get any backlash of parents who say this isn't a good idea, I will also add that I'm a game developer, and will be making him his own custom games/toys in accordance with what I know of developmental psychology, and am doing this from a standpoint of creating enriching applications for his education, not distraction. 
  
If a Xylophone is considered a good toy, surly a Xylophone application isn't going to rot his brain. I'd also like preempt any additional criticism I may receive about the importance of interacting with psychical objects in the development of hand-eye coordination. Rest assured, we're very active in exposing him to opportunities to experience different objects, textures, and he will continue to receive a copious amount of physical toy playtime. 
  
Disclaimers aside, all of my research indicates that early music-education is very good for the brain, and that's the first app I intend to build. A baby-friendly musical instrument that can make pleasant noises and images even in absence of fine motor-control, and I will continue to make age-appropriate toys/games as he gets older. 
  
Anyway, I'm looking for a tablet-solution for this purpose.

TL;DR:"," What I want is a water-proof tablet, with a gorilla-glass display covering, and some parental-control software [something like this] to make the tablet baby proof. "
420,"SUBREDDIT: r/Parenting

TITLE: Daycare called CPS on us. Anyone else have experience with this?

POST: 2 weeks ago my infant came home with a tiny bruise on her arm. It was small and reddish and after some panicky googling, I concluded that maybe she got to sucking on her arm, or it possibly got pinched in the Velcro of her sleep sack. Of course it was all speculation, but regardless, I figured that it wasn't a huge deal because it didn't bother her, and it was so small. 

Fast forward to Tuesday, I am changing her (now 11 week old) and notice the same thing on her leg. I was quite faint, and I touched it to see if it was sensitive, and it didn't phase her. I got her dressed and took her right to daycare. 

That night, my husband calls me in tears saying that a social worker has been there asking my family very slanted questions. I rush home and got interviewed which was so hard. We rush her to the local children's hospital to get her evaluated to make sure there wasn't a medical cause for the easy bruising. There, we were treated like child abusers. They had a security guard sitting outside of our door the entire time. They left the the door open so staff could keep an eye on us. A forensic photographer documented took pictures of it. It was humiliating and awful. I just held my daughter and cried. No one has even been close to rough with my daughter. 

Once a few doctors and nurses saw what we were there for, they started being really friendly to us. I think a few realized that we wouldn't hurt her, but they had a job to do, which I understood. If they didn't investigate hard enough, and a child was being abused, it would be terrible. 

I'm not even sure that the bruises didn't come from the daycare itself. I came in to her laying in a seat on the floor, and a toddler crawling all over her once. She just wasn't hurt, so i wasn't really upset about it. Not to mention a toddler busted his head open there last week on a sharp wood corner.

Anyone else have experience with this at all? How did you handle the situation? 
Here's a picture of the bruise.

TL;DR:"," daycare called cps over a small bruise on my infant. We don't know how it got there, could have been daycare. Have an open case so everyone can make sure we're not abusing her. "
421,"SUBREDDIT: r/Parenting

TITLE: 3m old going through Ponseti casting for clubfoot.  HELP!?

POST: Has anyone else gone through this? He started his treatment a little late, so every time he tries to move his leg and realizes he can't, he flips out. This results in TONS of crying, and him being overtired because he isn't sleeping for more than ~45m to an hour at a time, when my kid usually sleeps about 6h straight at night. This is my first baby and I can't find any information online about how to care for an infant with a leg cast.  What can I do to help him be more comfortable?  We have 6 weeks of this coming up and I'm pretty sure neither he nor I are going to retain our sanity unless something changes.

TL;DR:", 3month old in a leg cast for the next six weeks and won't stop crying.  How do I help him?
422,"SUBREDDIT: r/Parenting

TITLE: Today I became a father for the first time.  My newly  adopted son is five years old and has ADHD

POST: Reddit, my wife and I signed the papers today to adopt a 5 year old boy from Children's Aid.  It's all surreal right now, but it's been a blast so far, but it's like the honeymoon.  I'm waiting for the other shoe to drop constantly.

It's been a long time coming for us, but we're so happy with him and his personality that he has (very similar to a nephew of ours).  He's got a case of ADHD right now (Yes, he's on meds for it) and he's definitely not afraid of any strangers.  Taking him walking, he says hi to everyone and even pointed to someone and said out loud ""Daddy, he's black.""  *sigh* Youth...

Trying to get him to concentrate at times is like pulling teeth.  I'm not really used to this type of behavior and don't want to get frustrated by it, but sometimes I just want to know what is going on in his mind.  He's sort of like the Dug from the movie Up.  Always looking at different things, different distractions and it's so difficult to even try and look him in the eye to speak to him.  I get down to his level to look at him but he's never looking back at me.

TL;DR:", Adopted a 5 year old boy w/ADHD.  Need advice and suggestions to work on his concentration.  Please.  :)
423,"SUBREDDIT: r/Parenting

TITLE: Questions about entertaining neighborhood children on Halloween night

POST: First off, I apologize if this is not the appropriate place to ask this, but I figured parents are the people I need to talk to so I came here first! If there is another subreddit where this would be better suited, please let me know!

So, I am just starting my own princess part business (where a princess comes to your house for your kid's party) and I thought Halloween would be an excellent time to advertise and at least get my name out to my neighborhood, as well as do something fun and free for all the little kids that live nearby. 

My idea is to dress up as a princess, say Cinderella, then give her a little costume accessory (a small mask, witch hat or cat ears and face or something little like that) so that it is Cinderella dressed up as a cat and not some grown up dressed as Cinderella. Does that work? Will kids get that? Or will they just think I am someone dressed as a princess?

Then I was thinking of sitting outside with my candy and some story books (Princess Halloween stories of course) and read stories to kids and pass out candy. My only thing is, would kids even be interested in stopping to hear a story while they are trying to gather candy? I thought it might be a good chance for a break but I'm not sure kids are even in to that. Would your child want to stop the candy hunt to hear a story from a princess for 2-5 minutes? What would they want to do if they encountered a ""real"" princess while trick-or-treating? Pictures? Autographs? Nothing? 

Does any of this sound like something kids would like on Halloween or would I just be sitting there all alone dressed as a princess dressed as a cat? 

Thanks for your input! If you have any other ideas of what I can do, let me hear 'em!

TL;DR:", Own a princess party business; want to advertise in my neighborhood on Halloween by dressing up as a princess. What should I do to engage the neighborhood kids other than just handing out candy?
424,"SUBREDDIT: r/Parenting

TITLE: Should I be concerned? Low weight, short, and not as verbal as I was told he should be...

POST: My son just turned 2 in June. He is a smart little booger and keeps us on our toes. I always thought he was perfect until I went to his 18 month check-up and was told he was too small and that he should be talking more. After that appointment, I started comparing him to other toddlers his age and realized he was behind. He communicates in all ways possible except not much verbally. Momma, Daddy, Nana, yes, this, and don't are all he says, though I feel this is just due to us giving in to what we know he is trying to say. I am not worried so much about his talking as I am about his weight... at 25 months he is a tiny 22-23 lbs! He was 19-20 lbs at a year :-( Other toddlers his age are at or around 30 lbs. 

We have been struggling to get him to eat. He nibbles and picks at his food. He is very picky about textures and won't eat anything slimy, mushy, or anything strange in general. Even if I make his favorite foods (which really has hardly any nutritional value like mac n' cheese or pancakes) he eats so little it stresses me out! I don't force him to eat and let him come back later if he decides he is hungry to nibble on it some more. We always make sure he eats with us, and if we are eating outside of the normal meal time, he will munch on what we are having as long as he likes it. His regular babysitter makes sure he eats eggs, oatmeal, sweet potatoes, and a protein shake to help with his weight but even that doesn't seem to be helping. Am I going about this all wrong? Any tips and suggestions are much appreciated! We were told to enroll him in an Early Learning program for his speech, but I think we will wait on that until he is closer to 3. I am mostly concerned about his weight.

TL;DR:", 2 year old is a tiny 23 lbs and doesn't talk as much as we were told he should. Any suggestions on how to try to catch him up?? Anyone else experience this?
425,"SUBREDDIT: r/Parenting

TITLE: Should I be worried about my 3 years old niece behaviours?

POST: I live with my sister and my 3 1/2 years old niece in my parents' house. My niece is a sweet kid. She is smart and social, and very stubborn.  Sometimes I worry that she seems to be too sensitive. She has some behaviours that I'm not sure if they are normal for her age or if are signs of something going on. 

1) She has been going to kinder garden for the past two years and despite some bites from other kids, she has never had problems. Up until last year she would refer to the other kids as friends, and would come home telling how she spent the day playing with them. For the past months, though, she tells she's been playing by herself. The other day they had an activity that involved clowns and she when I asked why she played by herself she said it was because she doesn't like clowns. The next day, though, she just preferred to play alone, for no good reason. 

At home, however, she makes everyone to play with her because she doesn't like to play alone. 

I already asked her if her friends are being mean to her and she said no. 

2) She pisses and poops on the floor for no good reason. She is potty trained, but every other day she does her business on the floor and blames her toys or says she did it because she is the dog. 

Today my sister asked her why she pooped on the floor and she said she didn't know. 

When she pees in her pants she says she couldn't hold it, but when she does it on the floor or carpet (and once on my bed) she knows it's wrong and does it anyway. 

Should I be concerned that there is something going on with her or is this normal behaviour at her age?

(also sorry for grammar mistakes, English is not my first language)

TL;DR:", Niece plays by herself at kinder garden and poops on the floor. She doesn't know how to explain her reasons. Should I worry or is this normal?
426,"SUBREDDIT: r/Parenting

TITLE: Repost from r/askscience: A question about Downs Syndrome risk in subsequent pregnancies.

POST: I posted this over at r/askscience and got nothing.  Any parents/ pediatritians/ otw interested parties over here in r/parenting?

Some friends were recently told by their pediatrician that their newborn has a marker for Downs Syndrome-- not that he HAS Downs--he clearly doesn't--but that he has a single physical trait characteristic of Downs (missing palm crease).  They have freaked out a little bit and now say that they don't want to risk a second pregnancy.  Additionally, the mother says Downs ""runs in her family"".  

Reddit, does this make any sense?  My understanding of Downs Syndrome is not profound, but, since it's a chromosomal disorder, how is it possible for it to run in a family (unless there's something about chromosomes segregating poorly in general-- but if that were the case, wouldn't there be lots of other weird health problems, plus a history of miscarriages?).  It seems more likely to me that either the doctor was just wrong (babies are chubby!), that there was just a random *slight* chromosome 21 duplication for this child, or that it's just a quirk that's totally unrelated to Downs in the first place.  It also seems to me that there should be no reason to think that future pregnancies would carry any special risk for Downs (besides advancing maternal age, obviously).  I'd hate to think these sweet parents would choose not to have any more children based on their doctor's bad bedside manner plus some misconceptions about genetic risk.  But I don't want to say anything in case I'm wrong.

TL;DR:"," is it possible to have a high GENETIC risk of downs syndrome (i.e., not heightened risk due to advanced maternal age)?  Are my friends worried about nothing?"
427,"SUBREDDIT: r/Parenting

TITLE: Moms: I'm Making Jewelry for My Mom, Aunts, and Grandma - Could I Have a Little Help?

POST: So, I found out this past weekend that I can make jewelry (bracelets, rings, necklaces) using handwriting. The women in my family are super close, and we get together every August. I am looking to make some kind of group necklace/bracelet/ring/anklet/whatever for all of us, but I'm only 20 and don't have a great idea of what my mom and grandma and aunts would ACTUALLY like to wear. All of the daughters in the family are in on it, and we are all young'uns looking for advice.

So Moms, tell me, if you don't mind: would you be excited to wear a necklace or bracelet of your name (or your last name? or your daughter's name? or initials?) handwritten by your daughter? Would you prefer to wear your own handwriting? Any style preferences (size, material, etc?)

TL;DR:"," To you, what is the most meaningful way to combine wearable handwriting+the mother/daughter/family bond? Thanks so much!"
428,"SUBREDDIT: r/Parenting

TITLE: In response to ""My Kindergartner is already learning about black history ...""

POST: So, when I first read [this post]  I was surprised because it made me think differently about Black History month being celebrated in younger age groups. As a teacher and mother of a 2nd grader, I thought this parent may have a point. I read the comments, most everyone disagreed, and I moved on. 

Cut to a few nights ago, my second grader (who is a white female) tells me she isn't proud of being white because white people did such bad things to brown people. I was floored. I have never really questioned teaching Black History month before this and I still think it is an important history to teach however, my 7 year old experienced white guilt and that sucks. 

I stammered, trying to explain that most every ""kind"" of people (whether is be gender, race, religion, etc) had something positive and negative to add to society. Jumped back and forth about issues with today and Women's rights and gay rights. I couldn't figure out how to approach it all gently and was starting to fail. I finally just explained to her that she cannot blame herself for the history of others and it is up to her to create her own legacy. 

I understand that children see color. I've had to explain that it doesn't make a difference what the outside looks like, etc. But, how much detail should we go into with our kids? Is it detrimental to our children for them to know about civil rights atrocities at the age of 7 or should we be encouraging a future without those atrocities?

TL;DR:", 7 year old feeling white guilt because of Black History Month. Are we giving these kids too much of a history lesson?
429,"SUBREDDIT: r/Parenting

TITLE: idea: diy educational pc games for your kid

POST: a few months ago, trying to teach my son some letters I whipped up a quick prototype for a flash app which consisted of letters he had drawn with added sounds of how these letters are pronounced.

then i had an epiphany: what if i could make an app where my wife could just drop pictures to a specific folder, name them correctly and my software would fire up speech synthesizer - presto, new game every time! 

well, it was a failure - i haven't tried synthesizers for other languages, but the one i found for estonian (from ~1999) was a full-blown robot. to make the matters worse, my kid thought it was hilarious and sounded like r2d2 for the next few weeks.

back to the drawing board - only way that i could try again was if the sounds could be recorded (rules set by wife) by the user AND it had to be easy. challenge accepted.

last weekend i bought some stuff needed and threw together another quick prototype: [gamele](

if you have a minute, it would be superb if you could check it out. as i need a way distinguish users, you have to register (or you could use the account gamele:gamele, but.. who knows what the last user left for you to find). 

it has 2 games (memory cards and word search), the user interface is utter BS, i'm pretty sure it hangs up for hours if there are more than 2 guests and please-oh-please if you register - don't use your everyday password. i just threw it together with some duct tape and gum.

why: i met with a guy from laboratory of phonetics and speech technology to ask him one question: would it be possible to compare the player's pronunciation with the prerecorded sample and got back a truckload of documents about dynamic time warp, hidden markov models and other kind of mathematical/technical models to use for the task. i would like to try it out, but i would like to know beforehand - would there be any users?

p.s. sorry for errors in the text, not a native speaker.

TL;DR:", made a quick and sucky prototype for making (hopefully) educational games: [gamele] & would like to know if you would use it. *if it sucked less*
430,"SUBREDDIT: r/Parenting

TITLE: I believe my sister's 4yo has an eating disorder. I've supported my sister until now, but don't know how to *gently* confront or bring this up.

POST: This is a combination of discipline and my sister not noticing. She regularly rants to me about how other people tell her to raise her kids.. I hate to be that person! I believe the 4yo daughter (call her Jane) has an eating disorder. Jane is a bit of a ""black sheep"" and has a very dynamic and moody temperament. The older daughter, age 6, eats most things ok and never pitches a fit at the table.

I hate doing meal times with them. 

For example, saturday night was a big dinner with my sister, her 2 kids, my parents, and my daughter (age 2).

Jane did not eat a single bite of dinner besides biscuit. There was chicken + ketchup, mashed potatoes, corn, and biscuits. Grandmother insisted that I spoon-feed the kid. I didn't want to AT ALL. Grandmother had to plead, beg, and coerce, then threaten the kid to take maybe 6 tiny bites of chicken. And yes, Grandma spoon-fed every single bite. This is a typical family gathering event.

She eats bread, crackers, cookies, donuts. It is known that she pretty much will not eat any fruit or vegetable, besides maybe applesauce or french fries. I have regularly seen her take the minimum amount of food before darting from the table, leaving most of the remainder behind. She will not drink milk and only drinks water (if forced), OJ, or apple juice.

I know some kids have ""phases"" but this has been getting progressively worse for 2 years. I've heard that a diet of roughly 12items is disordered for children.

What is your recommendation on this? How do I put it gently?

TL;DR:"," 4yo won't eat any fruit, veggie, milk, and is limited to maybe 1dozen food options. This is abnormal. How to approach this to hot-headed sister?"
431,"SUBREDDIT: r/Parenting

TITLE: Violin Practice vs the 9 year old female

POST: In the wild of home and school the 9 year old female is intrusive, emotional, and wildly misunderstood by her parent figures who don't ever ""get it"". There are tears over peers and parents body language and the world appears hard to the 9 year old. 

The 9 year old also attends violin instruction once a week with a private instructor. The instructor goes through the 30 minutes of instruction and teaches new techniques at every meeting. The 9 year old is informed of how much and of what they should practice. 

The 9 year old as previously mentioned views the world as an unfair and unkind place to her people of 3rd grade. So the 9 year old appears to get one, that is right one, solid practice a week in. 

Ok now that I have written that out in a non-frustrated tone, here is my dilemma-- She keeps progressing at an astonishing rate, I am very open with the teacher and so is she about her practice habits or lack there of. The teacher set a goal last week and she actually followed through and picked up violin 6/7 days which was huge and her normal growth was multiplied. 

The teacher has said things repeatedly along the lines of ""I can guide you to the moon but I can't take you there, you have to meet me halfway."" 

It is apparent in her lack of effort yet multitude of growth that she has a knack for it, like an actual gift, but how do I harness her love of it (She's only been playing for 2 months and in those 2 months she is nearly through the first book that the teacher plays out of) and it was her choice to play. She adores lessons and showing the teacher what she can do when she is there but at home there is no gumption to practice. 

Her own personal goal is to be able to get into the children's orchestra here in town which is a definite possibility in a year or so but if she isn't practicing how will she adequately advance?!

Her teacher suggested printing out a 100 day practice log and we found a heart shaped puzzle log. So we are going to try that out but any other advice?

TL;DR:", My 9 year old is doing violin and continuing to grow but lacks the follow-thru of practice/self-discipline what do I do?
432,"SUBREDDIT: r/Parenting

TITLE: My kid is picking up on bad habits from a friend with a delay. Really need some help.

POST: Background- My very good friend and I have kids who are 2 years old but 5 months apart. My little one started talking early. She was well over 100 words before her first birthday and now, she's talking in 8 and 9 word sentences. My friend's little one has a delay. They just started with early intervention and are taking all the appropriate steps. 

The problem-  My daughter is picking up on HORRIBLE habits. She is mimicking her little friend's ( for lack of a better word) ""baby talk"" .  At first my daughter would stop as soon as we came home... but now it takes longer. This morning I took her to a play date with a new friend who's daughter is at the same speech level and my kid talked baby talk to try and communicate with her. 

I'm frustrated and I need advice on how to handle this. What do I say to my child?   Not letting her hang out with the friend is NOT an option. This is a dear friend of mine.

TL;DR:"," My kid hangs out with a kid with a delay, how do help her from picking up bad habits/regressing???"
433,"SUBREDDIT: r/Parenting

TITLE: How far do I take ""this is what I've made us for dinner and if you don't want it then you can go hungry""?

POST: My 3y9m son would rather go hungry than try something new and is starting to lose weight because of it. Luckily he has got a bit of extra weight as he was a big baby/toddler, but he's definitely slimming down to the point where trousers are falling down that once fit (and not really growing taller, so I don't think he's stretching).

I am previously guilty of making things I knew he'd eat rather than have the fuss involved with trying new things, but now he's older and has a little brother (who eats anything we put in front of him) he has to learn to try new things. He also starts school in September and will have to have cooked school dinners, so I am worried about him being hungry during the day because he won't eat their food.

We all eat very balanced healthy diets, but he has always been very stubborn and would never even chew on a vegetable out of curiosity as a baby. He was weaned fairly early at 4 months because he was a big hungry baby and happily ate the purées and mashed up food we made, but as soon as he moved onto feeding himself he has become more and more stubborn. His brother wasn't ready to be weaned until 6 months and refused to be spoon fed, so we have gone down the baby led weaning route with him and he happily eats anything and everything. I wish I had done the same thing the first time round, but hindsight's a bitch!

Do I let him go hungry if he won't eat what I've made, or should I let him have a bit of something boring like bread and butter to fill him up? I don't want him to turn into one of those children who only eats certain foods, I want him to enjoy food and the ritual of mealtimes like we do! Letting your child go hungry seems to go against all natural instincts as a parent to feed your child, but I don't know what other options I've got. We've done sticker charts for trying new food, but once he fills it up he says he's tried all the new food and doesn't want to do it again!

TL;DR:", My son would rather be hungry than try something new. How long do I let this go on before letting him eat? I've been doing it strictly since before Christmas and he's losing weight!
434,"SUBREDDIT: r/Parenting

TITLE: Found out my Babysitter has been smoking weed with his pregnant girlfriend in the house while watching my child ..

POST: background story: my SO had made a friend at work who happened to have a pregnant girlfriend. I was currently on mat leave and she was going on soon as i was coming off. she offered to watch my child so i agreed as i felt more comfortable with a friend watching my child while i was at work instead of sending them to a sketchy private babysitter. things went fine for awhile..over time i noticed she was not the cleanest or most organized mother. i was okay with that because everyone has different styles of parenting. time had past and she got pregnant again, she went back to work and her boyfriend got fired from his job and went on ei. to help him out with money we offered to pay him for the babysitting services, he agreed and things where fine. i noticed my child getting dirtier and dirtier. he came home with bum rashes, piss soaked pants and a dirty face everyday. occasionally he would have shit residue on his diaper from when he was not wiped properly. Today was the kicker for me, i came in after work to pick up my child and the house reeked of weed. i knew they smoked but didn't think they did it while my child was home. i am pissed. the worst part was he was with his 9 month pregnant gf who was also high.. i dont know what action to take. my boyfriend doesnt want to press charges because they are his 'friends' and it would cause too much trouble. i want to call the police and report it and i also want to call cps because her children are treated the same way. advice

TL;DR:", my child comes home smelling like urine and feces while the babysitters smoke weed in the house and neglect my child. want some advice on which route to choose.
