,prompt,completion
0,"SUBREDDIT: r/travel

TITLE: RTW ticket vs. a la carte: Which makes more sense?

POST: Hello fellow travel fiends. I'm currently in the planning phases of doing a trip around the world with a good friend of mine. We'd like to take off on our adventure sometime in April and we're trying to determine if it makes sense to go with these Round-the-world tickets (RTW) or to just buy a bunch of one-way fares a la carte. I'm not convinced that RTW tickets are better value, though of course they can be depending on where one is going and when. Maybe this is simply too general of a question based on the conditional nature of where we're going, what the supply/demand is of the routes in question, etc. In any case, I'm wondering if any of you out there have put in the time or have the experience to offer me and my buddy some good advice. Thanks!

TL;DR:", Have any of you ever priced out a RTW itinerary a la carte and compared the cost difference? What did you find?
1,"SUBREDDIT: r/travel

TITLE: Going to California this July- need help making an adventure!

POST: Hey r/travel! I'm a 17 year old high school student from Canada, I'll be graduating this June and heading to University next year.  Before I head off to University I want to experience California. I'll be 18 when I go.

I'm going to be adventuring by myself, I'm planning on bringing a backpack with a weeks worth of clothes and my Longboard.
I really want to backpack/longboard throughout California

Here's the plan:

-Leave for San Diego July 3rd

-Stay in San Diego for a few days

-Make my way to Palm Springs
-See LA

-Go to San Fran for a few days

-fly back from San Fran to Canada July 24th

What do I need to do in between these stops?
What do I need to see at these stops?
Any special towns, beaches, people to see in Cali?

I'll be bringing about $1000 to last me the three weeks.  
How should I shelter myself- hostels? Couch surfing? Hospitable redditors?

TL;DR:", Going to California for three weeks in July with nothing but a backpack and a longboard.  What do I do to have fun and survive?
2,"SUBREDDIT: r/travel

TITLE: Suggestions for a strict 10 day trip in Sept'15 on a tight budget?

POST: Hello fellow travelers! First off thank you to all who have posted reviews, guides, budgets and itineraries for all to share. This community is great because of you.

I'll start by apologizing for the length of this post.
I currently work full time and do a master's program on nights and weekends, so free time is a thing of the past for me. My longest time between classes is 10 days, so I'm planning to save up until September, cash in some vacation days, and wander. I'm here asking for your suggestions on where to go.

Last year, I had the most amazing trip of my life with just a backpack across Dublin-London-Rome-Barcelona-and Munich for Oktoberfest in 14 days. Much fun and joy was had by all. This time, I want to settle in a little more and really get to know a place. My first thoughts have been along the lines of Istanbul, Budapest, Prague, Philippines, Thailand, Greece..... but in the end I eventually want to see the world, so I'm not committed to one place. I would much enjoy another visit to the heavenly Oktoberfest, so if I happen to be in the area I will certainly try to stop in for 2 days, but it's not required.

Budget: under $2000 firm, ALL expenses included, flight, taxes, fees, alcohol, meals, accommodations, everything

For reference, I'm 30, male, extremely comfortable traveling alone, just think some Anthony Bourdain No Reservations style world exploration. I did my trip last year under $2000, using Ryanair and Airbnb the whole way (transatlantic with aerlingus, FYI flying LAX to Dublin in Sept was $830RT incl all tax/fees vs 1100-1300 for most other European dest., the difference more than covered all my travel costs Ryanair and bus/rail throughout the trip).

Anyways, let the ideas flow!

TL;DR:"," 30/m/ca, 10 days in late Sept '15, under $2k total max, depart Los Angeles, wanderlust, walkabout, no reservations, hit me with it!"
3,"SUBREDDIT: r/travel

TITLE: First trip, probably solo, looking for input

POST: Copy and paste from the ""excellent"" post. I'm 24, live in Los Angeles, and looking to travel abroad for the first time. Will most likely be a solo trip. So far I'm looking at England/Ireland/Scotland, but open to other suggestions. If other, I'd prefer it to be a single country, not multiple. I've had Germany, Italy, and Sweden recommended for other locations.

My main goal is to understand the Aug-Sept vs. Dec-Jan decision. And, I'm also wondering if how much I can/should fit in, or if maybe Scotland would have to wait for another trip. And if there are any other location suggestions, I'm all ears.

**I have already traveled to:**- A few places in the US and a quick trip to Vancouver, Canada.

**Length and Time**: Either Aug 27- Sep 13 or Dec 26-Jan 10-17, including travel days.

**Budget** Not a huge deal, but I'm not trying to break the bank. Willing to stay in cheap motels, couch surf, etc. Never stayed in a hostel but willing to give it a try. 

**Climate** I'm a little worried how cold it will be if the trip is Dec-Jan. Any issues here? Is that sufficient reason to go Aug-Sept?

**Interests** - I have no idea, since I haven't traveled before. I'm open to other locations, but assuming the England/etc trip: Guinness Brewery would be cool, a soccer/football game, some history, although I'm not a huge museum fan. Military history and aviation is pretty cool. I do enjoy a relaxing breakfast with coffee if that helps. Oh, and water! I can do short trips without water, but I do enjoy being by it and boats and the like. Also open to suggestions here!

**Safety** I'm not worried about this with the baseline trip. But if you have other ideas, something friendly to a big white American guy would probably be good.

TL;DR:", is England/Ireland/Scotland reasonable for 2-3 weeks? Is it better in early Sept or early Jan? Any better destination ideas?
4,"SUBREDDIT: r/travel

TITLE: Argentinians refused into USA w/o. Visa under Canadian immigration procedure. Consequences?

POST: Hello Redditors,

In 2005, my family and I moved to Canada from Argentina. We are all Argentinian citizens, my father had a two-year working contract with a Working Visa and my mother and siblings had a Visitor's Visa to accompany my father.

As time went by, my parents decided to stay in Canada for good and applied for the whole family to become Permanent Residents. We were accepted and as part of the procedure, the Canadian government required us to leave the country and re-enter in order to change our status from Temporary to Permanent (no idea why they insist on physical travel.)

Instead of flying to Argentina and back, relatives we had here and my parents figured that we would travel to the US and back into Canada. We somehow figured that the US Immigration folks had a procedure for what we thought was a common occurrence. So we did, without an American Visa. We were obviously refused, American Immigration Officers took our prints, pictures, the works; and we were duly sent back. At the Canadian border, we explained the situation, they gave us our Permanent Resident papers and that was it.

Fast forward seven years, we will soon be Canadian Citizens and will be able to travel under a Canadian Passport. My question is, *how will this refusal of entry to the USA under these circumstances affect our chances of traveling to the States with a Canadian Passport in the future?* (None of us have tried to go since, and we had never been to the USA before either. We don't have a criminal case nor have any trouble with the law and my siblings and I were minors at the time.)

Thanks!

P.S.: I get a feeling that I'm worrying too much, am I not?

TL;DR:", Argentinians traveled to US without Visa as part of Canadian immigration procedure; got refused. What are the consequences of this?
5,"SUBREDDIT: r/travel

TITLE: 5 College Grads Planning a 1 Week Trip out of USA w/ Budget of $1500/person - Any Advice Reddit?

POST: Hi All,

 
As mentioned in the title, a few friends and I graduated this past May and are looking to have a reunion of sorts sometime next Spring / Summer 2016 by traveling for a 7-10 day trip together. Because of work and student loans (fun!), we thought a budget of $1500-2000/person could be reasonable. Beyond that, our only other ""requirement"" is that we want to go somewhere not in North America (aka no Canada, USA, Mexico).

 

We've been looking into flights and Airbnbs for random places in South America/Europe/Asia and figured we could keep those costs in the range of 750-900 per person, depending on where we go. We've been on trips across America and in Mexico together and have been able to do so on minimalistic budgets, so we're not too woried about trying to live minimalistic/cheap when traveling abroad (even more important in countries with non-favorable fx rates). Aka we're fine eating cheap home cooked meals and enjoy walking around sight seeing; we don't need to spend a bunch of money on fancy tours or excessive expensive cuisine. For example -we get that the point of traveling is to experience new cultures so eating out will be a portion of the costs obviously, but we're fine having 1 meal out a day instead of all 3 meals.

 

Based off that info, does anyone have any suggestions on where to go on a cheap budget? Has anyone here done a cheap trip like this in the same timeframe? Alternatively, if you don't think it could be done on this budget, what kind of budget do you think is reasonable? We're trying to plan ahead so we can set up a savings schedule. Sorry for the long post, thanks in advanced!

TL;DR:"," For $1500 per person, where would you recommend a group of 5 new grads to travel that is not in North America?"
6,"SUBREDDIT: r/travel

TITLE: Going on a trip with my class next year, any tips?

POST: So I am studying engineering in Sweden and my class has decided that we want to take a trip in our last year of upper secondary school (is it called that 16-19 years of age). We get some contributions from our school if we go somewhere and making a visit to a place where we can look at some new technology as well, like visiting the indoor ski resort in Dubai. 

The only real suggestion we have had is Dubai, do you think this would be a good idea, what things are there to do for entertainment that will be? Everyone who is going will be 18 years or older. 

Are there any other cool countries/cities to visit, as we live in Sweden the only real demand is that it should be quite warm as we are tired of the cold climate here.

TL;DR:"," What is a cool place to visit with your engineering class (18 year olds), the place has to have some possibilities to make a technical related ""field trip""?"
7,"SUBREDDIT: r/travel

TITLE: HELP!!! Passport was accidentally donated this morning, my flight leaves Tuesday!

POST: So I arrived home at my parents house after an 8 hour drive and put my things by the front door. This year my parents decided to put a donation bin by the front door as well. I just found out that my mom put my backpack outside for donation pickup last Tuesday, so it is officially gone. This backpack had my passport, clothes, and all of my (replaceable) medicine. I have contacted the donation service, but they are closed since it is the day after Christmas, along with through the weekend. 

I am supposed to be flying this Tuesday (Dec. 30th) from SFO -> Bangkok. I called the National Passport Agency in S.F. and the automated service said they are booked until the 31st, so i booked an appointment just in case all else fails. Is there anything that I can do to get a passport before I leave? Any suggestions would be greatly appreciated!!

TL;DR:"," Parents accidentally put my backpack and passport out for curbside donation pickup. Flight leaves Tuesday, nothing is open until Monday."
8,"SUBREDDIT: r/travel

TITLE: Advice on a Trip to Greece?

POST: Hi Reddit! This summer mark's my mother's 50th birthday and her and my father's 20th year anniversary- and to celebrate my family was going to go to the one place she always wanted to go, Greece (Athens, Santorini and Crete.) However, with all the economic/social turmoil lately, we are starting to worry (we will be there in late June/ early July right after the next set of elections.) Is this worry valid? Is there a chance that we could be stuck there in the midst of a currency change? Will there be continued rioting/ political turmoil (i.e the continued election of ultra nationalists like the Golden Dawn?) Because of the ""Grexit"" will there be shortages of fuel/other supplies? Thanks in advance Reddit- my family is counting on you!!

TL;DR:"," Family has a trip to Greece, will we be there during a major economic/social collapse and should we reschedule our trip?"
9,"SUBREDDIT: r/travel

TITLE: Two Highschoolers with an Urge to Peace Out!

POST: So I suppose I'll begin with a bit of context.. basically a friend of mine and I have begun considering the option of travel for.. well for a period of time to keep it general..  I've had the thought for a while now, and have always just wanted to kind of get away from North America in a non-all-inclusive fashion.  Some perspective-attaining experiences if you will.  Note that we are both male and Canadian, and both 18 years old.

Also note that by highschoolers I mean that we've both graduated with grades that can get us into whichever schools we'd prefer to attend for the most part, and this is our 12+ year.  I guess neither of us are really too certain as to what to do next, and we've never been the types of kids to like to feel enclosed and in our own little shell, which is essentially where we've spent our whole lives (in Canada).  I guess that's pretty much it regarding history / current situation... if you want some more details feel free to ask.

As far as the trip itself goes...

Funds: I have no issue with money whatsoever as I've been working for most of my teenage life.  He currently has a part-time job but is definitely more stressed than I when it comes to finances... so the main point of this post is something to get us TFO in a semi cost-effective manner.

Duration: However long our funds can support us or until we get tired.  Anywhere from several months to half a year or beyond has been discussed.  Like I said, we're just trying to figure some shit out.

Location: We have no idea.  It will likely be related to funds... but I guess that's mainly why I'm posting here.  Not necessarily for inspiration but more for the actual carrying out of the idea.

So everything I've said is pretty general and I realize, but..

TL;DR:", every tip or piece of information / advice to give for 2 18 year old canadian males to GTFO including suggested locations and approximate pricing or where I can go to get said information
10,"SUBREDDIT: r/travel

TITLE: ""Here are some pics from my trip"" [50 total.] I love seeing travel pics, but less is more--give 5 highlight pics first and another link to the rest

POST: I thought this was just me who felt this way, but after talking with a couple of other people, I realized it's not, so I thought I'd say something here. 

I love people's travel pics. Don't get me wrong. But it seems like the tendency here is moving toward ""here are a few pics I took on my trip to ____,"" and then there's an album with 30+ pictures. I've seen people post albums of 60+. Frankly, unless the first two or three are incredibly spectacular, I'm not going to look at all of those. I'd like to see maybe 10-20, but when someone posts a large album, chances are it's not carefully curated.

**Remember, you want to tell a story with your pics, but your readers may not want the whole novel at once!**

What will get me to look at people's photos:

1) 1-5 excellent ""teaser pics"" (preferably with a link in a post to a full gallery)

2) Specific title (not just ""here are some pics from my trip to Europe."" Europe is an entire continent. Where in Europe did you go?)

3) Not necessary, but really nice: how many photos are in your album

4) Keep your albums smallish--around 20 pics seems to be good. More than that and the ""am I still scrolling?"" starts to set in.

TL;DR:"," Less is more. Give us a few highlights and a link to more pics, or at least write the number of pics in your gallery in the title of the post."
11,"SUBREDDIT: r/travel

TITLE: Reddit, my brothers and rarely see each other. I want to plan something fun for this holiday. What do?!(Long Island, NYC area)

POST: I have two older brothers. They both live in New York, but I live in Boston. I want to plan something really fun for the three of us to in the Long Island/NYC/Westchester/North Jersey/South CT areas, since I'm visiting for the holidays. I want it to be their Christmas gifts.

We're young (21,28,31 y/o). I'm thinking something along the lines of gun lessons, high speed go karts, etc. Just semi-extreme fun stuff. Oldest brother is deathly afraid of heights, so things like skydiving/bungee jumping are out (but something like a helicopter ride would be okay).

I'm on a somewhat tight budget, but if there's something that I HAVE to do, please let me know about it. I've searched for hours at this point and I'm having no luck, so I figured I'd see if Reddit could work its magic.

TL;DR:", Three 20-30 y/o brothers need something memorable to do this holiday break in the New York Tri-State Area.
12,"SUBREDDIT: r/travel

TITLE: What are nice national parks to visit in the US in November?(would prefer no snow)

POST: Hey there,

I've got some vacation time left I have to use this year, but it's only really possible in November. I would love to travel to the US again. I was there two years ago doing a roadtrip visiting several national parks in california (joshua, death valley, seqouia, yosemite), arizona (grand canyon) and Utah (bryce and zion). 

I really would love to see similar things to those nationalparks (especially Zion was great), also for example yellowstone. But I guess November is already a time where you got cold weather and snow in many of those parks, and while I'm used to snow (from austria) I would prefer not driving through snow and wandering around in cold weather.

Currently I'm looking into basically everything in that line from arizona to georgia, but I'm pretty sure I can get some great advice here.
So what's your favorite nationalpark to visit in november? 

And if there's a nice area to see, even if it's winter with snow there you can let me know, I'm open to different ideas too.

TL;DR:", Want to see some nice nationalparks/areas in the US in November while not having snow. Any advice?
13,"SUBREDDIT: r/travel

TITLE: How would you handle this situation?

POST: In light of recent events, many travelers are on edge.  I choose not to let acts of terror affect my travel plans, but I do try to stay vigilant while in airports or high-traffic tourist areas.  During our trip through CDG yesterday, we encountered a very uncomfortable situation, and I am curious how any of you would have responded.

My wife and were waiting in a lengthy line at passport control (outside of the security checkpoint).  When we reached the middle of the line area, the man directly behind us set his carry-on bags down and ran up the escalator, leaving the area.  He did not say a word to anybody, simply left.  

A few people noticed the bags unaccompanied in the middle of a crowd, and alerted an airport employee.  She asked if the bags belonged to anyone.  At that point, I told her exactly what had happened and asked for the bags to be removed.  She nodded and walked away... 5 minutes pass, bags are still there... Most of the line is silent and very tense at this point.

I contemplated removing the bags myself, but I did not want to be detained, or worse.  The tension was palpable, before the man finally returned a few minutes later.  I was appalled that airport security did nothing.  

What would you have done?

TL;DR:"," Man left bags unattended in a crowded airport line, outside of security checkpoint.  Airport security did nothing when alerted.  What would you have done?"
14,"SUBREDDIT: r/travel

TITLE: Hey /r/Travel, I'm in the beginning of planning a trip far in the future. Can you help me out?

POST: Alright, to start this off, my girlfriend and I just got back from a trip around Ireland where we were there for 12 days and stayed in 3 city's for 4 days each. A small town, a medium sized city and a big city. We rented a car and had a map with a wide range of points of interest on it. We decided the day before where we would go depending on weather and how tired we were. We really enjoyed this style trip and would like to do something similar somewhere else. 

We like history, architecture, and beautiful scenery. Night life is cool but not mandatory.

Alright, there is the back story, thanks if you read this far in.

This next trip should be between 15 and 20 days including travel from the east of Canada. 

So right now I'm deciding between a very similar trip around Italy staying in the south, middle and north. Sticking to one country was fun and we learned a lot, but I'd like to see more if it is reasonable.

 Or a trip starting in Croatia, staying there for a couple days in a couple different cities(no idea yet what to see or where to stay). Maybe heading to Venice, maybe not. Travelling up through Slovenia, Austria, Germany(maybe Munich stop over for a couple days, no idea) and ending in Zurich, Switzerland. I have no idea about what I should see or if I should stay a bit in Slovenia, or Austria or even Germany or Switzerland. 

I would be free for an March/April trip. 

Is there a thing you would change? I'm open to pretty much starting anywhere and ending anywhere, this was just a preliminary idea to run past some fellow travelers.

Is it even possible to rent a car in one country and leave it in another? should be use a train between the countries? Plane?

TL;DR:"," Idea for a trip, Croatia-Slovenia-Austria-Germany-Switzerland. Good or bad idea? "
15,"SUBREDDIT: r/travel

TITLE: I need help & advice! Traveling the Pacific North West, summer 2015.

POST: I would like to travel to Portland & Eugene Oregon, Seattle Washington, and Vancouver Canada before flying back home to Los Angeles this summer. (F/21)

I would like to spend a total of 8 days traveling:

*Day 1: Flying + Portland + sleep in portland

*Day 2: More portland exploring.

*Day 3:Wake early, drive or bus to Eugene. Spend day in Eugene, sleep there.

*Day 4: Wake in Eugene, bus/train to Seattle. Spend time in Seattle.

*Day 5: More Seattle, bus/train to Vancouver at night.

*Day 6: Vancouver

*Day 7: Vancouver

*Day 8 Vancouver in morning, and fly home.

>>WHAT I NEED HELP WITH:

>-Best ways to afford this. How can I travel cheap? Should I take trains instead? How do I find affordable lodging?

>-I'm just a starving student looking to explore on my little summer trip before the next semester and I want to be as cheap as possible while still remaining safe.

>-Is this realistic? I have never traveled alone before.

TL;DR:", I'm a 21 year old female who is traveling in the pacific n/w for 8 days this summer. How can I make this trip as affordable as possible? Any other advice?
16,"SUBREDDIT: r/travel

TITLE: Group vs self-guided travel for disagreeing couple

POST: My wife and I are Americans who like to travel internationally, but disagree on how. I like to deep dive on travel sites and cobble together an independent experience. My wife has been advocating for group travel.

Before we met, my wife did study abroad in Europe and has the stories to prove it - going to Oktoberfest, wandering around Spain for a month, dodging scam artists in Tangier - while I have traveled little outside the U.S. 

My experiences with group travel are limited to high school trips within the U.S. that were dawn-to-dusk on packed coach buses, and I felt stymied by how our time was allocated. As an adult, I don't want to be told when and where to be every day on my precious time away from work.

Recently we did an independent trip to Jamaica, and I think my wife came away scared of the experience, like knowing which drivers and people to trust and occasionally finding ourselves in dodgy areas. 

There were occasional hiccups but I felt richer from the experience - of course I would feel differently if we had been hurt or robbed for example. That said, most of the questionable experiences came when I ignored the advice I'd found online, and the travel agent we used to book the hotel found the same places and prices we did.

We are interested in similar destinations like Europe and South America, earn a middle-to-upper-middle class income and are not into ""roughing it"" - for example, no AC at night in a hot climate is a dealbreaker for me.

TL;DR:", How can we marry the independence of self-guided travel vs the ease of group travel to find an experience that works for both of us? 
17,"SUBREDDIT: r/travel

TITLE: Cash or Credit? In Austria, Switzerland, Italy.

POST: Question: Are these countries more *cash culture* like Germany, or more *credit card culture* like France (and Canada and USA)?

I've found that some countries had much more of a credit card culture and some have a cash culture.

Background: I'm from Canada. Last year I travelled through northern France, Belgium, Netherlands, and northern Germany.  I took some Euros but planned to use my credit card whenever I could.  This worked well until I got to Germany, where, other than big purchases (hotels, gasoline/petrol), most places wouldn't let me pay with anything other than cash unless I spent over X amount (10 euros or whatever).  This meant that I had to use cash at many cafés for quick lunches, admission to many sites, etc.  So I ended up burning through more cash than I'd planned and had to get more from an ATM.

Plans: This summer, I'm going to Switzerland, southern Germany, Austria, and northern Italy.  I want to be prepared.

TL;DR:"," In Austra, Switzerland, and Italy, can I use credit cards almost everywhere (except street vendors), like in France, Canada, USA?  Or are they like Germany so I'll need to bring more cash?"
18,"SUBREDDIT: r/travel

TITLE: GoPro or Camera for Travel

POST: My brother is studying abroad in Australia next semester and is debating between a GoPro and a dSLR for his trip (and future). This will be a gift from our family, so the price isn't a huge issue except that he won't get both. 

As his technology consultant (you redditors know what I'm talking about) I'm having a hard time deciding what to recommend. Personally, I have both and use them both fairly regularly, but picking one is hard.

I'm leaning towards the GoPro for him as he has an iPhone that shoots decent pictures and having the waterproof/action features will be good for the adventure stuff he's planning on doing in Australia. He thinks the SLR is better for after the trip and I don't think it would go to waste on him (ie not using 90% of the features on an SLR). 

That should he do?

TL;DR:"," Brother going to Australia for study abroad, debating between SLR and GoPro. Help me decide pros/cons of each."
19,"SUBREDDIT: r/travel

TITLE: Use Gchat without paying for Gogo.

POST: On my last Virgin America flight, I didn't want to pay for in-flight internet ($12.95 for the flight), but I still wanted to use my laptop. I had an open browser and noticed, to my surprise, that my Google Reader tab continued to receive new items.

Turns out, not quite everything redirects automatically to Gogo's paywall. Google Reader loaded (did not load pictures/videos and obviously no links, but I can read all the text I want), and more importantly, Google+ loaded, and that has a chat window. This ended up being crucial, as I could get a message to my friend who was picking me up at the airport.

And if you use [Gtalklet] the Chrome extension, you can put a Gchat window on any webpage. This setup worked for me on Virgin America (via Gogo In-flight), on my Macbook using Chrome (but not Firefox).

If anyone has an explanation, actually, of why this work-around would have let me get through the paywall I'd be interested in hearing it.

TL;DR:", Google > Gogo. Use the chat window in Google+ while on Virgin America (running Chrome on a Macbook) to continue chatting while in-flight.
20,"SUBREDDIT: r/travel

TITLE: Need to find a cheap way to get from TAL or JAX to Vegas on Saturday, help!

POST: I am hoping to travel from Tallahassee or Jacksonville to Las Vegas for a pool tournament. I need to fly out August 20th and return on either August 23rd or the 24th. There is a little (+1/-1) flexibility on the return. I can leave anytime those days. I have a place to stay there already. I'm a student, and I was considering AirTran U standby, but I'm afraid of the possibility that I will end up stuck in the Atlanta airport since I'd have to stop there and buy another standby flight from there for Las Vegas. The total for the airtran U standby tickets there and back would be $300. All other tickets I'm seeing for roundtrip JAX to LAS are upwards of $500. Help please?

TL;DR:"," Need to get from north florida to Las Vegas August 20th, return the 24th. Student, need cheap flights or other options. Thank you in advance!"
21,"SUBREDDIT: r/travel

TITLE: Traveling Amtrak in the South in Late July - yes/no?

POST: I am planning a trip from SEA/PDX > NYC on Amtrak this late Summer.  I have taken the Empire Builder (between CHI and SEA) twice now, and have my sights set on a more Southern route.

My plan:

I'm going to buy the 15-day [Amtrak USA Rail Pass], which gives me an 8-leg Amtrak journey in 15 days.  Having seen all of the West very thoroughly, I'm wanting to spend some time lingering in the South.  My itinerary looks something roughly like this:

Depart appx: July 21

* Seattle/Portland > Los Angeles - [Coast Starlight](

* Los Angeles > New Orleans - [Sunset Limited](

    Likely layover visits - Alpine/San Antonio/Houston, Lafayette, New Orleans

* New Orleans > NYC - [Crescent](

    Likely layover visits - Hattiesburg, Tuscaloosa/Birmingham, Charlottesville

My Question:

It is my understanding that July-August holds the highest temperatures and humidity of the year in this region.  I'll be in a metal tube going from place to place, staying in budget accommodation (CouchSurfing/hostels/cheap hotels), relying on public transportation, and trying to fill a day or two at each of my stops.  Though I'm from the Seattle area, I am accustomed to high temperatures in my past travels.  The humidity, on the other hand, is a new beast.  Will I be miserable?  Will I want to go outside to see sights, or just stay inside by the AC?  Should I just scrap the whole idea?

TL;DR:"," I'm Seattle-born pantywaist wanting to travel in the deep South in July/August.  Do I pack my Goldbond, or retreat to Alaska?"
22,"SUBREDDIT: r/travel

TITLE: Advice on tramping around the U.S.? xpost from r/Askreddit

POST: Hi everyone!
A little about myself, I'm 25 married (wife also 25) and we have both always had some serous wanderlust. Recently we came up with the idea of leaving our old life behind and buying a motorhome and go wander. We both are dissatisfied with our jobs and have no possesions that we are terribly attached to.
We plan on leaving Jan 2013
Our main idea was to work on selling as much stuff as we can until the day our lease is up (July 1st). By then we plan on having our motorhome and living out of that in her parent's driveway (lame I know) and continue working at our jobs until our tenative leave date. This will allow us to make extra money - almost entirely to be dumped into savings and to pay off any remaining debt. Then with only a month or so before we leave, we sell both our cars and wave goodbye to our old lives for a while.
The trip is going to be open ended meaning we don't have a definite return date but our guess is probably a year.
We plan to stop in towns and get basic labor jobs once in a while to supplement our savings. She's excellent with money and can stretch a dollar. Also at the advice of Cheap RV Living we can also find jobs at campgrounds doing maintenance in exchange for a free site and after a determined amount of hours: cash.
Our biggest concern so far is lack of health insurance. Which to me, is nothing, I lived half my life without insurance and I rollerbladed, skateboarded, etc.
When we decide we had enough we plan on either heading back to our hometown or to another town we found along the way and living out of the RV but having real jobs until we can afford an apartment and rebuild our lives again. We both have handy skils I'm a truck driver and she's a certified English teacher.
What I'm asking is what else should I be worried about? Ideally, I'd like to hear from people who have done something similar.

TL;DR:", My wife and I plan on selling all our stuff and living a life on the road for a while. What should we know?
23,"SUBREDDIT: r/travel

TITLE: First time putting together a travel plan for a trip in Europe....Help

POST: My parents are taking me to Europe this Summer and they gave me the task of putting together a travel plan (sort of) for maybe about a week to ten days in Europe. I don't need to worry much about financial issues like what hotels we should stay in and how much it would cost to travel from place to place or how we would travel (I'm guessing a rental car) for I am only fourteen but I do need to write down where we are going, what we will do in each city and places I would particularly like to eat at. When I go to Europe, I would love to experience the food and the feel of being there as in pretty much all the amazing things that are there. My main goals are London, Paris, Prague, Munich, and Venice. I've looked at a map and I'm not too confident that I chose the best places because of the distance and placement of each city as this is my first time doing this but this is why I ask Reddit for help and tips. I don't ask you guys to do all the work for me because this seems like a good lesson for me but I would appreciate little tidbits of info to make this an efficient trip.

TL;DR:", I'm organizing a travel to Europe but I need info and tips from people who have been to this place and can provide tips on where the best places are.
24,"SUBREDDIT: r/travel

TITLE: Convince me and/or give me advice - I have a week in November to travel and I'm conflicted between places.

POST: I'm currently in the south of Switzerland, and I'll have a free week to travel in November (the 12-17, though I can also leave late the 11 and come back early the 18).  

I was thinking about doing a long trip in one place, or trying to do multiple places and giving only two or three days to each place.  

On one hand, I really, really want to see Lisbon, and I could see myself staying there for the week.  

I also would really like to see more of Central/Eastern Europe - I was in Budapest before the semester, and would love to hit up Prague.  One of my potential ideas was Prague -> Germany/Austria -> back home, or Prague -> Copenhagen -> back home.

TL;DR:"," Short or long travel, and places? I usually travel fairly slowly, so I think that I might stick with the one city idea, but I'm torn between having to choose between Western and Eastern Europe.  Thoughts or recommendations?"
25,"SUBREDDIT: r/travel

TITLE: Please suggest a city to visit in Europe.

POST: Hello I will be in Europe with a few friends from July 21st - August 8th, We have decided to go to London from the 21st - 26th departing from London the morning of the 27th then going to a SECOND DESTINATION (or second and third) from July 27th - August 1st, departing the second destination morning of August 2nd to Rome and then flying back home the 8th of August. We like cities that people stay up late, with a good nightlife and a lot of sightseeing. What would you suggest? (If you suggest two different cities please recommend which one to go to on the weekend)
Excluded: Madrid, Barcelona, Paris

TL;DR:"," Help me pick a destination (or two) in Europe From July 27th - August 1st. With great nightlife and a lot of sightseeing. Excluded: Madrid, Barcelona, Paris"
26,"SUBREDDIT: r/travel

TITLE: How does one prepare for/plan a solo trip around the world?

POST: Hi guys,

I am a 19yr old student, and I will be graduating in a little under 2 years. I have always wanted to take a solo trip to many places around the world, because I love traveling and I want to see the world before I start my career life.

There are SO many places I want to visit. But I have no idea how much time to allocate for this, what kind of budget I should expect, and how to plan/prepare for it. Can anyone advise a nub on this? I have some basic ideas from what I've read on the internet (lots of solo travel blogs and other stuff), and I would really like to bring a camera so I can document my tavels.

Planning this is definitely going to be quite the task but I want to start now.

TL;DR:", how can I best plan a trip around the globe? Should I just select places I want to see and connect the dots?
27,"SUBREDDIT: r/travel

TITLE: Help me plan a trip to South America!

POST: I'd like to plan a trip to South America for after I graduate in May. I would be looking to go between 3-5 weeks between May 18 and June 15.

I'd love to get a really great overview of the continent during my time there, hitting the highlights of a handful of countries. Additionally, I'd like to spend some quality time at a few places to really understand the culture/people/landscape.

I've traveled extensively in the U.S. and Canada (14 States left to visit) as well as three weeks in Switzerland, Austria, Germany and France last summer. Basically what I'm trying to say is that I'm a decently experienced traveler. I'm very open to trying different kinds of food and I love spending time in the outdoors. My Spanish isn't great, but I can understand the basics of conversation. I'm not looking to spend a whole lot of time lounging around, my trips have historically been very fast-paced and chock full of activities.

Please let me know if you have any questions!

TL;DR:", Have 3-5 weeks to spend in South America and would like to know what the best places to visit are. My goal is to stay around $3k for the entire trip.
28,"SUBREDDIT: r/travel

TITLE: 4 weeks December vacation - where to find the perfect summer?

POST: I am writing this post, because there are so many possibilities where to go and we cannot decide which place is best. I hope with this reddit post we will get some impressions from your experiences which will help us find the perfect place. 

So what are we looking for? 
- Beaches, summer
- Would be nice to learn surfing
- Nightlife, culture, restaurants, etc. We don't want to be locked up in a hotel complex.
- Adventures?

Basically everywhere in the world is fine if the points mentioned match.

3 years ago we visited Hawaii islands during the same time period. Hawaii was perfect, we did some island hopping, the weather was perfect, we could travel around with our rental car, visit amazing places and go out at night. But as we already have been in Hawaii this is out of scope. For everyone who hasn't been in Hawaii yet, you have to go! :)

- My favourite spot so far would be french Polynesia. Air Tahiti even offers a flight pass, where you can explore multiple islands..  But I am not so sure about the weather condition as there is the rainy season in December.
- Australia would also be great, but I think 4 weeks is almost too short.. I would like to go to Australia once for 2-3 month and travel around. If we would go for 4 weeks and do some surfing we would miss a lot I think.
- South America?
- Thailand?
- Maldives, Seychelles would be amazing for the beaches. But I guess this is more Hotel-Complex vacation, where you cannot do many things.. 3-4 weeks is too long there.

I am really curious about your experiences!

TL;DR:"," 4 weeks vacation in December. Want to go to a warm place where you're not locked up in a hotel complex and can learn surfing. Hawaii would be perfect, but we have already been there."
29,"SUBREDDIT: r/travel

TITLE: Family Beach vacation recommendations

POST: I've been researching family beach vacation destinations, but coming up short.  I was looking at Captiva, Florida, but apparently this year's slow season is pretty well booked up.  I'm looking for a family destination (hence, Captiva) where I can find an ocean view, and semi-private pool, and walking distance to restaurants for ~$3k condo rental.  I've checked Hilton Head (never been there), but again pretty booked up.  Key West has availability, but it's not an easy destination for young kids to reach (2 flights or 1 and a long drive from the mid west, UA), and there's no beach to speak of.  Any thoughts?

TL;DR:"," Family beach destination with a semi-private pool for under $4k, direct flights from the midwest US, that's not already booked this summer.  Ideas?"
30,"SUBREDDIT: r/travel

TITLE: How do you sell a timeshare?

POST: While on vacation, my wife and I bought a timeshare. We were a bit on the fence about it, but the sales guy showed us a starter plan that seemed to make really good sense. There were also perks for members such as super discounted hotel stays with any hotels in their program which made great sense for weekend getaways. I even asked about what happens if we changed our minds and they assured me that their company has a buyback program.

Well long story short, a few months later we're still on the fence about it. We recently found out the weekend getaways are actually a minimum of week long getaways, so finding the time to take the family and a sitter for the pets becomes far more difficult.

To make things even better, I asked how their buy back program worked, just saying that I was curious for more information as well as what would need to be done if we found a new owner for it and was told they don't do that and referred me to a few outside sources that typically facilitate timeshare sales.

I'm feeling a bit screwed over. I was the idiot who bought a timeshare, and I can deal with that, but I'm looking at what my next best steps are now. I'm curious about unloading it and taking as little of a hit as possible, and it looks like finding out how to do that is entirely on me now. I've never owned a timeshare until a couple months ago so I'm in the dark on the best way to sell it. I'm hoping there's a few of you in here who might have been through this before and be able to share your advice/experiences.

TL;DR:", bought a timeshare and found out it wasn't all they presented it as. Now I'm looking to sell it and wanted some advice on how to do that.
31,"SUBREDDIT: r/travel

TITLE: Travel from Milano (Italy) to Loussane (Switzerland). Some doubts.

POST: Hello next 23 of July I'll arrive to Milano to visit a friend of mine. I will be there just 2-3 days and then I'll go to Loussane (Switzerland), I didn't bought any ticket that part because I was unable to buy a train ticket and there was no planes.

So, what options I have to do milano-loussane? (train, bus), could any local citycen tell me prices and ask in the train companion if trais use to be full or I could just bought the ticket when I arrive there.

Sorry for my english, I'm spanish and I'm bad with grammar if you don't understand something I'll write it in another way.

TL;DR:", Price of a train ticket from Milano to Loussane and if I could buy it the sae day or it will probably be full/expensier?
32,"SUBREDDIT: r/travel

TITLE: Need some advice on my specific predicament regarding Turkey

POST: I know there have been a ton of posts on here about whether it's safe or not to travel Europe, all of which have been quite helpful and I've taken into account. I'm 18 yrs old (M) from Australia currently on my gap year, and I plan to go travelling for a couple of months in June.

I'm of the belief that you shouldn't let terror affect where you should travel; however, I am also Jewish, and as a such come from a typically conservative and neurotic community.

Turkey is one of the highest places on my list of places to go, but the group I was travelling with have decided that due to the recent attacks, they don't think it's safe enough to go anymore (a response we both view as an overreaction). My twin brother and I want to travel Turkey on our own - we thought maybe its better we aren't in such a large group. We plan on flying from Israel (a country that has sent numerous warnings not to travel Turkey and suggested all Jewish people leave) straight to Istanbul, and then catch a connecting flight down to the south-west coast for a couple of days (Bodrum/Ölüdeniz/Fethiye). Can anyone who has been to this area of Turkey please offer their opinion - are my brother and I naive to think it is safe to travel Turkey coming from Israel, or is our slight paranoia unwarranted?

TL;DR:", Two Aussie Jews want to travel Turkey on their own for a couple of days. Good idea or not worth it?
33,"SUBREDDIT: r/travel

TITLE: Traveling to the UK in a few weeks... how can I go about being able to use my smartphone still on the cheap?

POST: I'm a Canadian traveling to the UK for 3 weeks in June, and I just realized that I haven't yet figured out a good way to be able to use my smartphone while I'm over there without incurring gigantic roaming charges.

I have a Nexus 4 smartphone with Koodo. Ideally, I would like to be able to use the phone over there as much as I do over here: as a navigational tool (GPS/maps), as a search engine on the fly, and perhaps for texting back home to Canada as well. At first I was thinking of just limiting myself to free WiFi only, but I realized this would severely limit what I'm wanting to use it the most for (navigation and Google while on the go).

Is there some way I can buy a prepaid card or something to plug into the phone so that I can use it over there on British networks for relatively cheap?

Any help would be AWESOME!

TL;DR:"," traveling to UK, hoping there's a relatively cheap and easy way to get my Nexus 4 on UK networks so I can use it while I'm there"
34,"SUBREDDIT: r/travel

TITLE: Can you bring alcohol back to the US from abroad if you are not 21?

POST: I'm going to Scotland in April and I am 20 years old. I thought it might be kind of fun to find some sort of alcohol there that they don't sell in the US for some friends, but I don't know the policy for transporting it. Obviously it's legal for me to buy it there, but is it illegal for me to bring it back in my checked luggage?

I'll go ahead and ask the immature question. If it is illegal, what are the odds of them finding a bottle or two of wine or w/e if it's in my checked luggage? If they do find it, will I get in trouble or will they just take it? And even if they do find it, will they know how old the person carrying it is?

TL;DR:"," I'm 20 going to a country where I can legally buy alcohol. Can I bring it back to the US in my checked bag, if not, what will happen if they find it?"
35,"SUBREDDIT: r/travel

TITLE: Alternative to GoogleMaps for saving a map of your (long) trip?

POST: Hey guys! 

I've been traveling for eight months now and I was using GoogleMaps to keep track of where I've been/where I'm going next, so that my family & friends could see my progress. I went into edit today and, Ta Da! I'm now being forced to used whatever this horrible ""upgrade"" to My Maps is. I can no longer create a 'snapped-to-road' line, only straight ones. The snap-to-road option just up and disappeared without a word. Why GM would take out this crucial, simple editing feature...I have no idea. You can now ""Add ___ Route,"" which creates the line I'm looking for, but it adds a new 'layer' to your map and you're only allowed 5 layers. (For whatever reason, the lines I made *before* ""upgrade"" are all saved under one layer and snapped to roads, all 132 of them. Figure that one out.)

I searched high and low for a solution to this problem, so as not to lose my *eight months* of mapped out travels by switching to a new program, but it would appear that there simply is no fix. Google Maps has royally screwed up their editor, and I'm gonna have to move on if I want to continue mapping my trip...

So, that being said, does anyone here know of a simple, free mapping platform that I could save my travels to? I figure I'm not the only one saving a map of their travels, and maybe someone else knows of a better system/platform/program/whatever.

Thanks in advance!

TL;DR:", GoogleMaps' new editor is horrible and useless to me now; is there a different map editor I could use to save a map of my travels 
36,"SUBREDDIT: r/travel

TITLE: United Airlines: Paid $400 to reschedule my flight, Rescheduled flight was delayed 6 hours and then cancelled. Am I entitled to a refund?

POST: Hi there. My fiance and I recently flew United from LAX to O'Hare and back for the holidays. During our visit, I had to reschedule our return flight due to a pretty terrible dog bite to my face :( (I'm doing much better now!) I went ahead and paid the $400 to reschedule for a week later. 

We get to the airport to find that they delayed our flight because they swapped our plane with an international plane. (45mins) Then, once we boarded, we were stuck on the runway for numerous delays. Finally, our plane started to taxi to find out there was a maintenance issue that required us to return to the gate. Once there, they fixed the problem, then found another issue. At this point, we had been on the plane for about 4 hours when they told us we had to get off and go back to the gate. 

Once at the gate, we were told to go to a different gate as they were preparing a different plane for us. Soon after, we were told this plane was also cancelled and we'd all have to reschedule our flight. At this point it was about midnight, 6 hours after we were supposed to leave, and we were being shuttled off 30 mins to a hotel for a few hours to return for a 10AM flight. 

While I am grateful that we actually got put in a room for the night, I still feel jipped when I paid $400 for my fiance and I to have our original return date changed only to have United reschedule on us and only put us in a hotel for a night and give up 40 bucks in food vouchers. Can I get my $400 back?

(Fiance has been on their customer service phone line waiting for about half an hour so far, so I decided to turn to reddit in the meantime!)

TL;DR:"," Rescheduled flight and paid $400. New flight was delayed, then cancelled and reschedule for next day. Can I get my $400 refunded?"
37,"SUBREDDIT: r/travel

TITLE: My buddies and I are traveling to Chile in December. Any tips or recommendations?

POST: Hey r/travel, my three best friends and I booked tickets to Santiago, Chile in December. We're going to be in the country for three weeks including during Christmas and New Years.  One of us is fluent in Spanish and the rest are Californians and can get by at an elementary level.

We want to spend at least a few days in Santiago right when we get there.  I understand it's an affluent city, and can get expensive.  As 4 kids just out of college, we are trying to be frugal, but are willing to splurge on once-in-a-lifetime opportunities. 

From what I've heard, most people have found it too difficult or rushed to visit both the Northern and Southern region of Chile and recommend tourists to pick one or the other.  Because of the draw of the Patagonia region, we have tentatively decided on going South.  Should we rent a car to maximize our time and freedom?

Please let us know any recommendations of where, what, and how to see the most important part of Chile.  Also, some tips on what NOT to do.  THANKS!

TL;DR:", Traveling to Chile in December for 3 weeks with 3 friends.  Need some tips on what not to miss in this beautiful country.
38,"SUBREDDIT: r/travel

TITLE: Three Guys Extending our International Choir Tour in Spain/Portugal and possibly more of Europe. Suggestions?

POST: Hi everyone. My university choir from the States is doing an international tour in Spain and Portugal for about two weeks next May. The itinerary isn't final yet so i'm not sure what we will be seeing/where we will be singing, but its safe to say we'll have seen the major tourist attractions in Lisbon, Barcelona, and Madrid. My two best friends are kicking around the idea of staying around in Europe, as we will have just graduated so it's perfect timing. There is also a possibility of my family joining us post-tour and meeting up with our friend who is doing a Eurotour. She also happens to have a summer home in Croatia/is a native so she could show us around there. 

Basically, recommendations for how to plan for this or where to begin? Do we do a whirlwind tour of as much as possible or spend more time on ""the road less traveled"" sort of trip? If my family comes, do I spend a week with them and then do ""young people traveling"" with my friends? If I was traveling just with my friends, we are obviously more comfortable with lower quality accommodations but my parents have never seen anything in Europe...  Obviously I am looking for this to be as cheap as possible, but I'm not sure what to do.

TL;DR:"," Traveling with friends and/or possibly family in Spain in May/early June: how long, where, and how?"
39,"SUBREDDIT: r/travel

TITLE: Caution while filling out comment cards...

POST: While travelling to Ubud, Bali recently, my girlfriend and I dined at what seemed to be a reputable looking establishment.

After the meal - which was great - the waiter asked if we would fill out a comment card.  He also asked that we leave an email address, so the manager could thank us.  Given the service, we were happy to oblige.

Fast forward a week later, I receive four emails from TripAdvisor, thanking me for leaving reviews of various restaurants/hotels around Ubud... one of which was the restaurant we dined at.  I've got no doubt it was that restaurant who created a fake profile and reviews from me, because the review correctly listed what we ate.  

I've since contacted TripAdvisor and asked them to bring them down.  The thing is - had they asked me to write a review, I would have happily done so.  But this rubbish shouldn't go on.

TL;DR:"," left my email on a comment card, restaurant created a fake TripAdvisor profile in my name and wrote favourable reviews for them and their friends."
40,"SUBREDDIT: r/travel

TITLE: Potential trip to Southeast Asia, but I have some questions

POST: So, first a little background: I'm going to be a junior in college in the US. This upcoming spring, I will be studying abroad in Buenos Aires. I am really excited, but due to the opposite seasons, I don't actually start my program until the end of February. I really wasn't sure what I was going to do for all that time, but now I'm thinking I want to backpack in Southeast Asia for about a month starting in early January. Obviously because I'm a college student (and because I'm going abroad) I want to save as much money as possible, so I have a few questions:

1. Is this a good time to go to Southeast Asia?
2. Where would the cheapest flights fly into? Bangkok? 
3. Where should I go when I'm there? As of right now, I want to go to Thailand, Cambodia and Vietnam, but I'm really open to suggestions as my knowledge of the area is relatively limited.

TL;DR:"," I want to go backpacking for ~a month in SE Asia, but I'm not sure if January's a great time to go, and what sort of expenses I can expect at that time of year."
41,"SUBREDDIT: r/travel

TITLE: I'm driving i-80 in PA from coast to coast tomorrow. Looking for scenic spots close to the highway to stop and take pics along the way.

POST: Hi r/travel! My parents live in Connecticut but I go to school in Michigan. Tomorrow, I make the drive back to the midwest. I think the drive through PA is *gorgeous* (I've made this trip 5 times now) but while I see so much while driving, there are absolutely no available spots to pullover (legally) and enjoy the scenery! I love my camera and am completely willing to take a detour to get some pictures. If anyone knows of any places (I'll say 20 minutes max off the highway) that are really beautiful or lend themselves for some nice shots please let me know! Thanks everyone! :)

TL;DR:"," what are some beautiful places in PA close to i-80 that I can pull over and take pictures? Any pretty scenery (forest, waterfall, parks, etc.) would be great, thanks!"
42,"SUBREDDIT: r/travel

TITLE: I'm tired of Machu Picchu

POST: This amazing and historical side is being absolutely destroyed by tourism. I went to Cusco, specifically to climb MP, and when I got there, I simply didn't.  There's an entire industry around the train station, the hostels in Aguas Calientes, and a race every morning to get there first before the influx of tourists. There's too many people, and I knew if I went, the experience would be completely spoiled. 

I was told of hiking the Inca Trail, you pay locals to literally run up before you and set up your camping spot for you. If you decide to simply do the day trip, the reason you have to wake up so early is not to catch the sunrise, but to beat the other tourists.

TL;DR:"," I was there and didn't go. The whole experience is ruined and spoiled, and we're destroying the site. "
43,"SUBREDDIT: r/travel

TITLE: HELP! Trying to get on a connecting flight mid way through trip.

POST: I recently bought my sister a ticket to San Francisco from Toronto and LA this month. The itinerary looks like this :

**YYZ > JFK > SFO** then **SFO > LAX > YYZ**

I booked this before figuring out that she really wanted to see LA. I booked all of us Virgin Air flights to LA thinking what the hell, she connects in LA anyway.

Just to make sure I called American Airlines to double check it's cool that she miss the SFO > LAX flight and just hop on her LAX > YYZ flight home. Hell, maybe they could fill that seat with someone else. That's when I am told that there is NO WAY that they would let her on the flight in LAX as it would be considered canceled when she no shows at SFO, even thought I am on the phone telling them she is already here. The only option is to change the flight for one low cost of **1200 dollars plus a 200 dollars change fee, this is TWICE the cost of the entire return trip**. At least they were nice and offered me the option of booking her a $300 additional flight to take a red eye home tonight from LA to SF just so she could catch her SF to LA.

If it were just me I would show up early and demand I get on the plane but I can't expect my sister to do that. I just bought a whole new ticket on US Airways and I cannot believe how ridiculous this is. Does any one have any idea of what I can do / could have done?

TL;DR:", It supposedly costs $1400 give a seat back to the airlines and take the second half of your connecting flight. I needed to book an entire new trip home on a different airline because we didn't need part of a flight.
44,"SUBREDDIT: r/travel

TITLE: Planning a New Orleans adventure

POST: Well...not really planning it, just heading down and hoping for the best. Two friends and I (NC State graduate and 2 current students, all engineers) are driving down tonight in a tiny truck with bicycles stacked in the bed. 
Can any NOLA redditors recommend some places worth seeing or events to attend? Not too interested in the Bourbon St. scene, but I'd love to check out some other bars. I was there a couple of years ago and had a great time running between the Apple Barrel and Spotted Cat at 4 o'clock in the morning.
We're on a budget, of course, and are hoping a few CouchSurfing requests will pan out. If that turns out to be a dead end, does anyone have a backyard we could camp in? We're all semi-mature almost-adults, happy to pay through a little yard work if necessary.

TL;DR:", heading to NOLA with bikes this weekend w/ 2 (edit) friends. Suggestions for things to do or places to stay?
45,"SUBREDDIT: r/travel

TITLE: Planning a trip around the world.

POST: I've been wanting to do this my whole life, and I've been talking with my parents about it and they say I should just go for it. I will be graduating college in two years and then I want to take a year and a half or more to go see the world.
I was hoping you all would be able to recommend some books or resources for me to look in to while I begin the planning process. I have two years to plan this but I figure the sooner I get started, the better.
What I'm looking for is information on solo travel. I also hope to cross off some bucket list items like visiting the south pole. No one in my family has done a trip like this before, though we are pretty experienced with backpacking and more 'traditional' vacations.
Please let me know of any good books to look in to! Thanks.

TL;DR:"," Im planning a solo trip around the world, I'm looking for a book or information to help me plan a successful trip."
46,"SUBREDDIT: r/travel

TITLE: Advice Wanted - Heading to Paris, St. Etienne & Marseille for Euro 2016

POST: Hi there,

I am headed to France in June 2016 for the Euro 2016 soccer tournament, along with 2 friends (all American). We're spending two days in Paris before traveling to St. Etienne and then Marseille by train. We are very excited!

I was hoping for some advice on our [hotel] ( in St. Etienne. We are not familiar with the area, and it is hard to find reviews of this hotel. Many have been booked already for the game that evening. How should we safely get around the city? (To and from stadium, train station, city centre, etc.)? Any Redditors going to this game? What are the things we should see in town on a one-night stay (6/17-6/18)?

In Marseille, we will be staying in an AirBNB apartment very near the stadium. Is this a safe/walkable area? Advice on safe transportation methods in Marseille as well as any other tips for a visitor would be greatly appreciated. As above, what are some things we should prioritize seeing on a two-night stay (6/18-6/20)?

TL;DR:", Very excited to come to France for Euro 2016. Hoping to hear from those with travel experience or those who may be in these cities as well!
47,"SUBREDDIT: r/travel

TITLE: [HELP] Who here has been to Spain or is familiar with the customs? Need ideas for a craft!

POST: Studied abroad in Andalucía (mostly Sevilla).  I bought a small, unfinished wooden box from a craft store and plan to put little keepsakes I brought back in it.  I'm looking for ideas of something I could paint/draw/put on exterior of the box, representative of the country and time spent there.  [HERE IS THE BOX 

The box is about 4.5"" high x 7"" long x 4.5"" wide (or 11.5cm x 18cm x 11.5cm).

Ideas I've thought of include:

-----polka dots/lunares, representative of some more-typical flamenco dresses, [red and white like these](

-----[a symbol/logo of sevilla ""NO8DO"" that is seen everywhere and on everything around Sevilla]  It's a play on words coined by one of the past kings roughly translating to ""she (the city) hasn't left me.""

-----Covering the box in maps and mod podging them down.

*I'd like to stay away from flags, both Spanish and Andalusian.  I just don't think it'd look that cool.  Also, not that into putting a bull on it.  I understand the symbol and tradition, but I never went to a bullfight while I was there; not that in to supporting it.

Any ideas/feedback is appreciated!  Anything mentioned, even small or simple, can stem to an even greater idea!  I've also included pictures of a finished box (same model), which holds keepsakes from the awesome time I had this year in the dorms (where I lived on 7 East).

TL;DR:"," I'm looking for ideas of something I could paint/put on exterior of the box, representative of the country and time spent there."
48,"SUBREDDIT: r/travel

TITLE: San Francisco - April 16th to 20th - Ideas?

POST: My wife and I are headed to San Francisco from April 16th to the 20th.

She is a ""foodie"" who should have gone into some sort of culinary profession, while I am a ""techie"" that loves to drink and merely follows her foodie desires.

We have about 2k in spending cash for the week. Hotel and Airfare are already taken care of.
Staying in Union square somewhere. We will mostly be walking, but take a cab if we need to get to someplace that needs to be seen.

Can anyone that lives there or who has travelled there during the mentioned times of the month list a few things for us to do?
Bars, dives, restaurants. Tours to take. Anything is open.
Even a really good guidebook that I could read in the room but not take with us while we are out.

Right now, we plan on an Alcatraz tour. A Golden Gate boat tour. Eating at someplace on the bay a few times. But that is it!

Any help will be appreciated!

TL;DR:"," Going to San Francisco, 4/16/2012 to 4/20/2012 - Need ideas for fun and food!"
49,"SUBREDDIT: r/travel

TITLE: Where to go with a little over $2000

POST: So Reddit I was wondering if you could help my find a nice place to go with a little over $2000.

I guess a little bit about me so that your advice might be more directed I guess. I just turned 16 years old and for my birthday my parents promised to give me 2k to take myself and one other person(probably one of them) on a trip somewhere in the world. After some research I've discovered that airfare is...well...expensive...and ive landed on Istanbul. However, I figured with reddits large user-base there might be someone who has a cooler destination..or advice on going somewhere...Anyways, thank you for reading and replying.

TL;DR:", 16 year old got 2k for birthday to go somewhere with one other person where can I go to get the most bang for my buck?
50,"SUBREDDIT: r/travel

TITLE: A week to myself in Buenos Aires! Suggestions?

POST: This February, I'll be starting my semester abroad in Buenos Aires, Argentina. However, the cheapest tickets I could get (arriving Feb. 14th) are scheduled for a week before my program starts (Feb. 20th). I have family friends who I can stay with, but I'll be largely on my own for the duration of the week. Does reddit have any suggestions about where I should go or what I should do?

Over the course of the 5 and a half months I'll be there I plan on making my way to patagonia, mendoza, and iguazu (mostly adventure/outdoorsy activities), so I mainly want to familiarize myself with the layout of the city, mass transit system, and ""tourist-y"" type places. I'm a total foodie and love exploring cities, with a passion for trying everything at least once. I'll have plenty of time to explore further and I'm looking for a general introduction to the city. Any help is GREATLY appreciated!

TL;DR:", I'm going to Buenos Aires and have a week to myself before my study abroad program starts. I need suggestions about what to do!
51,"SUBREDDIT: r/travel

TITLE: Airline Lost My Luggage And I'm Abroad With Nothing - Advice Welcome!

POST: Every bag-checker's nightmare was made real for me yesterday. My luggage did not turn up in Paris after I debarked an Aeroflot flight from Washington Dulles to Paris CDG via Moscow SVO. I could use advice on how to handle this situation - see additional details below and thanks in advance!

I scheduled a last-minute, 3-week trip to France to stay with a friend. It's my first time in Europe. 

I booked with my Amex through a 3rd party (Vayama/ Kayak) with Aeroflot because of the cheap price. I intended to carry my bag on the plane, but a gate agent informed me my bag was too large and needed to be checked at the gate.

I didn't put up much of a fight, and she prepared the proper tags, ensuring me that I would reclaim the bag at the Paris baggage claim. I left my bag with an attendant at the entrance to the plane, who confirmed I was leaving it at the right spot (similar to how you do it on any domestic flight). That was the last time I saw my bag. 

I arrived in Moscow for a 6-hour layover and then in Paris after a short second flight. My bag did not turn up on the belt, and I received help from an Aeroflot attendant at baggage claim. I completed a lost baggage report and was told that most bags were found within 48 hours. 

I made it to my friend's place in one piece but feeling uncomfortable. I have my toiletries and valuables, but my luggage contained all my clothes for 3 weeks in France - estimated value around 3,700 USD. 

Today I had trouble connecting with the Aeroflot reps, but when I was finally able to make it through they informed me that my bag was not found in Paris CDG. They will begin searching the Moscow SVO lost and found tomorrow, which isn't a hopeful update. 

Any advice? Has anyone experienced this before? Thanks!

TL;DR:", My luggage for 3-weeks in France was lost on an Aeroflot flight from Washington to Paris. Looking for advice on how to handle my situation.
52,"SUBREDDIT: r/travel

TITLE: Advice for a Peruvian Honeymoon

POST: Hey r/Travel, my fiancee and I are getting married in November, and we are hoping to start planning our honeymoon.  Right now, we are set on doing Peru.  I was hoping this sub could give me some pointers, experiences, advice, etc.

Departure date will be Sunday, 11/16/2014.  We are hoping to fly from Philadelphia, but may have to do JFK or Newark due to prices.  We will be returning on Wednesday, 11/25, which makes it a 10 night trip.  

We are hoping the frame of the trip will be something like this (please excuse any idiocy/ignorance, as I'm still in the process of educating myself):

* 3 or 4 nights in Cusco/Macchu Picchu area.

* 3 nights in a beachy, relaxing type place.  Possibly an all-inclusive?  So far, we are looking at Mancora, 

* 2 or so nights in Lima.  One of our friends who was in Peru for a month or so was skeptical of this being necessary, but I feelthe restaurants/museums may be worth it?

We are trying to balance relaxation/beach life with outdoor adventure /historical/archaeological tourism, and urban tourism (Lima).  I greatly appreciate any and all advice.  Our interests are hiking, history, ruins, food, wine, adventure.  Thanks!

TL;DR:"," Hoping for advice on 10 nights in Peru.  Balancing Cusco, beach town (maybe Mancora?), and possibly Lima."
53,"SUBREDDIT: r/travel

TITLE: Where to go after graduation? British couple, £4k budget, 2 weeks

POST: I finish my university course next May and I'm looking to take a post-graduation trip with my husband.  We're in our late twenties, based in the UK and want a trip of approximately two weeks in July or August next year.  Our budget is £4k / $6400.  I really want this to be ""the adventure of our lifetime"" and the ideal trip is a destination outside Europe with some overland travel included. 

Originally the plan was the Trans-Mongolian Express with some time spent in Paris, Beijing, Lhasa and Shanghai but I don't think our timescale really fits as my husband can't get any more than two weeks leave.  Alternatively, I've thought about renting an RV and driving down the West coast of the USA.  Then again, travelling around New Zealand is on both our bucket lists, but possibly too expensive when you factor in flights.  

We love visiting stunning landscapes, learning about the history and the culture of our destination, as well as eating the local food.  We'd like a trip that kept us busy but also had some time to relax here and there.  We're not keen on hostels or dormitories, but we don't need 5* hotels either.  Neither of us like visiting places that are overdeveloped with tourism, but we don't like being the only tourists around either.  

Places either one of us have visited:  Ibiza, La Palma (Canary Islands), Iceland, Maldives, Kos (Greece), NYC, Turkey, Bali, Mexico, Florida, Netherlands, Germany and Cyprus.    

Please help me plan the trip of a lifetime.

TL;DR:"," Couple, late 20s, £4k budget, 2 weeks, July/August 2015, not in Europe, good food, pretty landscapes, decent hotels."
54,"SUBREDDIT: r/travel

TITLE: Redditors, if I were to travel abroad, where should I go?

POST: Hey, 
Currently 20 y/o and in college in Canada, living with my mom <3, and from Canada's murder capitol (somewhat) this year (100k pop).

Africa, Thailand (the islands south), some Europe (the really unique (cheapest)), aaaand China (the country that didn't have history destroyed basically after the great wall). I'm kind of pretty excited about all this stuff but I am here to ask for advice from reddit.

Since I will be going with a small amount of money in the future $6-8k and I want to stick around for a couple months, I need to learn some kind of plan of attack. How should I be sleeping at night, where to be buying food, how should I be going about meeting locals, and part time job maybe?

There are (6) different thing I am looking for: Wildlife, Nature and Landscapes, Beaches, Wellness/Relaxation, Adventuring/Exploration, and finally Cultural Encounters. Does anyone have any past experience, advice or tips for travelling, just post anything, and everything will help! Thanks

TL;DR:"," student wants to travel to far away lands, $6-8k, where to go, how to live, any and all advice :^)"
55,"SUBREDDIT: r/travel

TITLE: I'm giving up on NYC and have been thinking of moving to Tokyo to get away from it all. Convince me to make the jump r/travel!!!

POST: Hello fellow travelers! 

I need your advice! A lot of things have happened to me in my life recently and I have this itch to escape for a while.

Over the course of this year I was betrayed by my fiance of six years, got fired from my job for something I didn't do, can't go to college for the 2014/15 year because of a lack of enough financial aid, and got laid off from my other job two weeks ago due to NIH cuts and our imminent research grant expiration. 

The brighter side: I have a place to stay in Tokyo which would be rent and utility free, a bunch of good friends there, and about $3000 in spending cash after the flight ticket. 

Essentially, I won't be doing much of anything until September 2015 when I can return to college and finish my last semester. I'm in my late 20's and I don't really have anything keeping me here. So honestly, would you make the jump for about a year? How would you go about finding a job there? Have any of you just said f* it, and left? Anybody have any experience in Tokyo and can throw me some tips? 

So overall, convince me to go (or not go)!

TL;DR:", I'm sick of NYC and want to move to Tokyo for a while. Need a little convincing to get me off my ass and go!
56,"SUBREDDIT: r/travel

TITLE: One Day in Tunis, Tunisia and we want to go to a Berber Village.

POST: Hello terrific travelers at /r/travel,

  I always get the best advice on this message board and am hoping it'll pan out again this time!

  My husband and I are taking a cruise this summer through the Mediterranean and we have one day at port in Tunis, Tunisia. I have only been to South Africa and Lesotho, but adore Africa and want my husband to fall in love, too. 

  I've been reading about the port on CruiseCritic and people have lots of negative things to say about staying near the ship (aggressive salespeople, etc). 
  
  I did see something that interested me, apparently you can get to Berber Villages on tour. I know it won't be entirely authentic, per se, but I'd love to see, if possible, a little bit of the people in Tunisia. 

  We are there from 8:30-5 and would be happy to hear any advice (particularly from those of you who have been to Tunis before).

Thanks so much!

TL;DR:"," How can we get away from our fellow cruisers for a bit and see something a little more authentic in Tunis, Tunisia?"
57,"SUBREDDIT: r/travel

TITLE: American Airlines... Just Wow

POST: Needed to vent here because I think this outrageous. Last week, I booked a way overpriced ticked to visit family back home for the holidays. A normal fair would have been $200-300, I paid $649. I got out of work early and decided to hang out at my gate. Sure enough there is an AA flight headed to the same layover city as my purchased flight, but an hour earlier. I spoke with the AA agents at the gate and they said I do not qualify as a passenger who can switch to the other airline for no cost, I could do so for $50. Seeing that I paid well over double the cost of a normal fair I asked at what price would I qualify, their answer, $770. Albeit, there are several empty seats on the plane, and also, my connection only has a 30 minute layover. Out of principle, I refuse to pay more for an already overpriced ticket but I simply cannot believe that AA wouldn't work with me. 1) there are empty seats on the plane. 2) I have an extremely short 30 minute layover. 3) If I miss my layover they will need to place me on another flight, possibly bumping others. I have recently hopped on earlier flights with United and Southwest. United once sold my ticket and placed me on another airline because they knew their planes ran late that day. Fuck American Airlines.

TL;DR:"," Paid over double price for a ticket, AA wouldn't place me on an earlier, empty seated flight for not cost. Also have a hard to cut 30 min layover with my current ticket."
58,"SUBREDDIT: r/travel

TITLE: Please help. Leaving for Europe next week. Washed my passport.

POST: So I washed my passport. Needless to say I am not the first, and won't be the last. I dried it as well, naturally I didn't realize it was in the laundry til it was too late. After leaving it under a heavy object for the last few days, the only serious damage I can see is the back page with the numbering, it has lifted from the back cover. However everything in the passport is still readable, the laminated ID page and signature do not appear damaged. It's a little bent at the corners but nothing that wasn't fixed by the weight. 

I scheduled an appointment with a passport agency to get it replaced. However I lost my birth certificate. Called the passport agency back. They said I could try to renew it, since they'll take the old passport as ID, if that doesn't work I can immediately file for a replacement passport, however that voids the previous passport so I'd need the birth certificate and I'd basically be at the will of the employee I get. 

My question is, what should I expect. Should I even bother driving 5 hours to the agency? Have any of you had a similar situation and had any problems? Am I overthinking this while situation? Are they more reasonable than I'm assuming?

Thank you

TL;DR:", freaking out about maybe not being able to take a trip I planned for the last 6 months. Passports are not waterproof. Do not attempt to machine wash clean.
59,"SUBREDDIT: r/travel

TITLE: Looking for a good travel backpack for 1-month field school.

POST: In July I'll be going to Fiji (Vanua Levu) to do ethnographic research in a village for a month. I'm trying to find a decent-sized backpack that can fit:

A sleeping bag (Compressed)

thermarest

clothes 
2 pairs of hiking shorts, one pair of gym shorts, a pair of pants with zip-off legs, 2 t-shirts, 1-2 tank tops, a rash guard (need this because Fijians have prohibitions on going shirtless), underwear and socks, a pair of shoes. This isn't including the t-shirt, ratty old button-up, Buff and shorts I'd be wearing on the plane. 

Various Misc Items for hygiene.

My professor wants us to try and limit ourselves to one bag: last year we each had about 1-2 carryon/personal items along with the main checked bag and it was a mess. 

Ideally, I really want to find a bag with a detachable daypack, and I was looking at the Osprey Farpoint 55, but the lack of external straps and only being 40L for the main seemed like a turn-off. I was also looking at the Deuter Quantum 70+10, but it's slightly out of my price range at $260, and it seems a little overkill. If I can't find one, I don't mind bringing a small satchel to carry things in, but the easier to deal with, the better.

Finally, am I packing too much? I definitely need the sleeping bag and pad. If I didn't have to find a way to store them, I'd simply just bring the Thermarest, a blanket, and try to find a bag that I can use as carry-on.

TL;DR:"," need moderately-sized backpack to fit 1 month of things inside of it. Prefer to have detachable daypack, but not required. Am I packing too much?"
60,"SUBREDDIT: r/travel

TITLE: Planning to travel the world for a year and want to take my two cats. Thoughts and suggestions welcome! Any advice?

POST: So here's the deal: I'm dying to travel the world. I've got the itch again and I've gotta get out of here except this time I have two wonderfully friendly and amazing cats. They're brothers and I can't separate them and just take one. I saw this video of a guy backpacking with his cat just chillin' in bag and it was really inspiring! I know that people take their pets along on trips all the time, and a lot of the time those pets are dogs, haha, I AM aware of this fact, but I'm trying to think if this is at all possible. 

I would have to train them to get used to their harnesses and leashes of course but this was kind of what I was thinking:

I'm hoping to Wwoof in a destination or two destinations for a few months, in which case it would be up to the hosts to approve having pets of course, but my real question is about the traveling in between and there-after? Does anyone know whether most hostels are pet friendly? Or just some of them?

Sorry for the long post but any advice and or suggestions are welcome! If you don't think it's possible, I get it, but please only productive suggestions here :)

TL;DR:"," want to take my cats traveling with me, need advice on the short trips like backpacking and staying at hostels. Thanks!"
61,"SUBREDDIT: r/travel

TITLE: 3 Weeks in China. What am I missing?

POST: I'm spending about three weeks in China, hosteling my way from Beijing to Shanghai by train, hitting a bunch of cities along the way. Here's my itinerary:

Tianjin (2 full days): Wudadiao, Old Town, antique market, Ancient Culture St., Tianhou Temple, Tianjin Eye (at night)

Kaifeng (1 full day): Shanshagan guild hall, Yellow River, Longting Park

Luoyang (1 full day): Longmen grottoes, Ancient Store st., some parks

Xi'an (3 full days): Terracotta Army/Qinshi Huang museum, other tombs, Muslim Quarter, Banpo Village

Nanjing (1 full day): Ming Dynasty palace ruins, mountains, tombs

Suzhou (1 full days): gardens (not sure which ones to go to), boat rides

Hangzhou (3 full days): West Lake, Impression West Lake, tea houses, parks (not sure which ones to go to), relaxing

Shanghai: (4 full days): Fuxing park, Ding Tai Fung, Dongtai Rd, the bund, Jishi

Any recommendations of sights to see, restaurants to eat at, bars to drink at, or hostels to stay at would be greatly appreciated. I especially need help with which parks/gardens in Suzhou and Hangzhou are worth going to, and which are worth skipping. 

I'm not married to this itinerary at all. I'm open to adding or subtracting cities. Should I be spending more time in some and less in others?

TL;DR:"," I'm visiting Tianjin, Kaifeng, Luoyang, Xi'an, Nanjing, Suzhou, Hangzhou, and Shanghai. What should I see, and where should I eat?"
62,"SUBREDDIT: r/travel

TITLE: Europe on a Budget?

POST: Hey r/travel.  ive been posting stuff here every so often lately because i'm studying abroad soon.  i really want to go to a decent amount of popular european destinations, but don't have a terribly large sum of money to go about doing this.  i would say about 5000 dollars for 4 months of predominantly school, as well as 5 to 6 trips in europe (paris, amsterdam, italy, maybe austria, germany)  as well as quite a few day trips or longer around the UK (where i will be staying)

my question to you is, what are some methods that i can really get the most bang for my buck.  i dont feel comfortable enough couch surfing, but i got the whole hostel idea.  what are some other money saving opportunities where i can still experience some of these cities?

TL;DR:"," i want to go to european countries, but have a limited pocket book.  what are some money saving tips around europe?"
63,"SUBREDDIT: r/travel

TITLE: Question about flying to China

POST: I'll be flying to Bangkok this coming May on a volunteer trip, and I have a stop over in China. It's a very long flight (the flight to China from Toronto will be roughly 15 hours, and then the flight from China to Bangkok is about 5 hours), and I'm an avid knitter. This leads in very well to my question: Can I bring knitting needles to and from China in my carry on. I've never had issues before - i.e. flying into Europe - but I've never been to any Asian countries, and I'm travelling alone.

I have done a fair bit of googling, but I haven't received a concrete answer. Although other travelers have offered advice on blogs, most of them are only about domestic flights. I also found a  [list of prohibited items] provided by China Airlines (which is not the airline I'm flying) but that didn't really provide much more clarity. I'm just wondering if any of you fellow redditors have had any experiences with this.

TL;DR:", I'm flying to China with my knitting in my carry on bag. I want to know if anyone has had experience with this/if it's allowed.
64,"SUBREDDIT: r/travel

TITLE: Lost baggage on a Mega bus trip - Please help me out reddit

POST: Greetings.

I'm making this post because i really need help to try to resolve this even though it's probably not possible.

I recently went to the UK for some days. I made the trip from Portugal to London in the 26th February and came back in the 1th of March. In the 28th February i went to Manchester and for this trip, i've chosen Megabus since its cheap and all.The bus made the following trip: London - Manchester - Liverpool.

So, when i embarked the bus in London, i've left my baggage in the place where all the Manchester baggages were, like the driver instructed us to (it seems the Liverpool ones were in another side for easy handling).
When i arrived in Manchester, a lot of bags were already outside the bus (don't know if all of them or not), so i've noticed my bag (or so i thought) and took it to a friends place (near Shudehill Interchange). When i arrived there, i've noticed that that bag was not mine, so someone must have mistaken and taken my bag, and because of that i've took theyr bag. So i went back to the bus station to report my situation, and left the bag (that was not mine) in the megabus office in Shudehill Interchange and reported the issue both to the people there and to the customer support via telephone. 

The good thing is that i had a backpack and i had all the most important things in there (Identity card, documents, wallet, all the chargers for my electronic devices, and all) because if not, i would not be able to return to Portugal the next day. Still it sucks because i had all kind of necessary items in the bag that was mistakenly taken.

When i came back to Portugal, i also contacted the megabus customer support via email but until now, they didn't do that much to resolve the issue. The most basic and quicker way would be them contacting each customer of that particular trip and ask them if they were not missing a baggage with the description that i've given.

Anyways, what else can i do reddit?

TL;DR:"," I've made a trip with megabus, arrived in Manchester, someone mistook and took my bag, i reported to megabus but the issue is still not resolved."
65,"SUBREDDIT: r/travel

TITLE: Girl in a first-world predicament: Bahamas or Barbados or Hawaii?

POST: Hello all!

I want to travel during my Xmas break, and am torn among the aforementioned three options.

I'm currently located in western Canada, the weather's pretty cold where I am. I want to spend my vacation in warmer shores.

I might be travelling on my own, I'm a 20-something female and safety is a concern for me.

I'm still undecided on whether I want to do Couchsurfing/Airbnb or stay in a hostel/a cheap hotel.

Things I usually do when travelling:

* walk the hell out of the city/town/village/hamlet I'm in.
* eat local food, drink local alcohol.
* check out local museums/galleries.
* be near the water (I'm an awful swimmer, but would still go for a dip anytime!).
* and of course, try to meet local people/travellers to check out cool spots/events.

If you've been to any or all of those three places, could you share your experience? Which one would you recommend for a trip in December?

TL;DR:", Travelling in December. Where to go: **Bahamas** or **Barbados** or **Hawaii**?
66,"SUBREDDIT: r/travel

TITLE: Leaving for Europe tonight! Spending 2 weeks there. I'm a long time lurker but y'all have encouraged me to step out of my comfort zone and just do it!!! Still need advice?

POST: I (28/m) just graduated medical school and I'm spending two weeks in Europe with one of my fellow graduates (27m). 

Overview of itinerary: ATL --> London --> Barcelona --> Rome --> Prague --> (possibly Edinburgh) --> London  --> ATL

We've got a few things planned, such as an international friendly football, checking out Rome and the Vatican for a few days, and going to the trooping of the Colour in London for her majesty's birthday. 

Our loose packing list is:

 Passports 
Chargers w adapters for phone, tablet, laptop (on the fence about if I want to bring it)
1 weeks worth of close (will do laundry), including some colder wear in case London is London and cold/foggy/wet. 
Medications
Cash (hid in different bags so we can weather a possible theft scenario)
Sunglasses 
Toiletries 
Shoes (flip flops, dress shoes and waterproof tennis shoes)

Furthermore, were changing our phone plans to international. We have both hard copies as well as mobile (phone) accessible itinerary and tickets. We've downloaded what's app to save on messaging fees, mobile pass app in case a passport is stolen, hostel world app to quickly book places quickly in case anything falls through. 

Four questions: 
1. Whats listed above, have we covered all the bases?
2. Is Airbnb as good in Europe as it is in Europe?
3. Do you have any bucket list/cannot miss type of recommendations for the locales we are visiting?
4. We're thinking about Edinburgh Bc we wanna do a scotch distillery type thing. Will that be too much to fit into a 15 day trip?

TL;DR:", plz read the post. It's not long and this is my first time outside of the US aside from the Caribbean. 
67,"SUBREDDIT: r/travel

TITLE: Getting conflicting money advice for my trip to Europe. Help!

POST: I am leaving from JFK to Italy in 9 days, and I have never been to Europe. This is my first int'l trip that I am paying for with my own money and I am getting a lot of conflicting advice about which cards to use and the best way to get Euros:

**Question 1: To bring my ""small bank"" card or not?**

- After doing research, I've found that most folks recommend taking the currency they need out of the ATM in their destination's airport. This is fine except my credit card that I'm taking, while there are no foreign transaction fees, charges outrageous cash advance fees, so it would be best to use my local bank card for this. 

- However, I was told not to bring my local bank card because if that gets stolen, that money is gone for good and can't be returned. I've been told that credit cards are best. Should I just give up and get my Euros before my trip, facing stupid exchange fees?

**Question 2: What are chip cards and can I get a prepaid one?**

- I've been advised by coworkers and my credit card company that Europe uses chip cards. None of my credit cards have chips. Can I get one prepaid without foreign transaction fees? Because that would be the BEST. 

- Folks who have been to Italy (Milan, Florence, Rome, Venice) did you frequently have trouble using cards that did not have chips?

**Any information regarding handling your money in Italy would be greatly appreciated. This is a once in a lifetime trip I'm taking with my mom who has cancer and the LAST thing I want to care about while I'm there is money. Thanks guys!

TL;DR:"," Do I bring my small bank card on my trip? Where do I get my euros? Can I get a prepaid card that is ""chip"" friendly?"
68,"SUBREDDIT: r/travel

TITLE: I am meeting my friends in Russia but I have 1-2 days to go ANYWHERE in Europe before then. Where/what should I go/do??

POST: I am an American 25 year old man and will be traveling to Russia this summer. My friends are going to iceland first then meeting me in Russia. The flight was booked so I am going to go to Europe by myself for 1-2 days before and then fly to Kiev and meet my friends.

Where should I go for 1-2 days and what should I do while I am there?

Background info: I am a 25 year old man, I have a girlfriend, and I am about to graduate from 3 pain in the ass years of law school. I want to experience the world/culture really bad. I would like to go somewhere historical but I am all ears to any experience. I think maybe a guided tour would be good since I will be alone, but whatever. I only know english.

If you have any advice on places to visit near St. petersburg, Russia, I am all ears.

TL;DR:", I am a 25 year old man graduating from law school. Going to Russia in the summer. Have a chance to go anywhere in Europe for 1-2 days before Russia. Where should I go?
69,"SUBREDDIT: r/travel

TITLE: India vs Thailand in September -- what's the best choice?

POST: Hello /r Travel,

I'm in a complete pickle at the moment and hoping you guys could advise:

Basically taking a three week vacation this September from work and looking to do an adventurous trip with my s/o.

I've narrowed the choice of destinations down to two options:

1) North India (Delhi, Taj etc) with three day stopover in Dubai

2) Thailand with three day stopover in Hong Kong

I'm leaning more towards option 2 of SEA, but I'm concerned that the weather (monsoon season) makes it the worst time of year to visit... could be a major gamble.

I've been to neither Thailand or India before. In terms of Asia, I've been to only North East China. 

Anyone have an opinion? What would you choose?

Any advice or suggestions greatly appreciate!

TL;DR:"," Three weeks in September, trying to decide between India or Thailand. Leaning more towards Thailand but worried that it could be a gamble because of monsoon season weather."
70,"SUBREDDIT: r/travel

TITLE: Traveling in Central America during November? (3/4 weeks)

POST: Hi /r/travel 
So I have just gotten a job starting in Jan and want to go travelling asap. I live and am from the UK but will be looking to spend xmas in Tennessee with my Mum. So I figured I have 3 to 4 weeks. I speak Portuguese and very basic Spanish. S America could also be an option.

Budget: I should have enough for the time period, around 8000 USD in savings

Looking for: I love the beach, hiking and would love to see historical monuments

Concern: Weather. Since it is such a big place (Incl SA) I am having trouble in figuring where to go for the good weather. It is the rain that is worrying me.

If anyone has any experience or knowledge I would be very grateful to hear from you.

TL;DR:"," Where are the good places to go visit central america or quite possible south america during November/early Dec for beach, hiking, meeting travellers?"
71,"SUBREDDIT: r/travel

TITLE: Stopping over in Los Angeles en route to Brazil from Canada in early Dec. Am worried about TSA horror stories!

POST: That pretty much sums it up. All I hear is horror stories about ""cupping"", assault, radiation, asshole TSA employees.... the last time I had to stop in the United States was with United Airlines on the way back to Canada from Brazil four years ago and it was a nightmare. Hour-long lineups for customs, immigration and baggage check and then hustled along like sheep to my next connecting flight.

I fear this one will be worse. I am a Canadian citizen, born and raised. But I'm NOT looking forward to having to go through all this again.

Can some enlightened folks (read: folks with first-hand experience or knowledge) give me the lowdown? Am I going to get patted down, or worse, CUPPED? Or is that just a random sample of travellers being pulled aside for this? And does everyone have to go through that godamned machine? Again, is that just a random selection?

Any info would be greatly helpful.

TL;DR:", Going through L.A. from Canada to Brazil in early December. Concerned about all these TSA horror stories. Want to know what to expect and what not to expect.
72,"SUBREDDIT: r/travel

TITLE: Hostel in Mui ne, Vietnam. How well would it run??

POST: Dear fellow travellers!

I want to do a little research on this before I actually bring up the idea to mu parents..

My parents own a nice many story mansion in the middle of the town in Mui Ne, Vietnam.

Everytime I go there I always thought that it would make a beautiful hostel. Perfect location to everything. The beaches, the local market, internet cafe, I got lots of connections to taxis and/or biketaxis in that area.

Now see money isnt why im doing this and as a traveller with an adventurer in heart I always wanted to provide and motivate people to explore the world. Running a hostel is one of my humble dreams (that and space exploration)

How well do you think it will run?

TL;DR:"," Wanna turn my parents mansion into a hostel to give people cultural touch of Mui Ne, Vietnam and help boosting local economy."
73,"SUBREDDIT: r/travel

TITLE: How to Best See London with Wheelchair-Bound Dad?

POST: Hey Travelers of Reddit!

I've been lurking on this page and reading the wiki for months, and my dad and I finally bought tickets to come see London. He's wanted to see it his entire life, and I'm finally in a spot where I can travel (23F, Texas).

The only hangup is that he is in a wheelchair (zero walkability) and I'm wondering what recommendations you might have on how to most easily see the city as well as which attractions to see/avoid. I've read through attraction websites and mobility websites, but it would be nice to hear from a real human about it.

We'll be in town from December 21-January 3 and the below is my super-enthusiastic wish list. (Recommendations welcome!)

* London Eye
* Natural History Museum
* Big Ben
* Houses of Parliament
* Westminster Abbey
* St. James' Park
* Buckingham Palace
* Science and Natural History
* Hyde Park
* Thames
* Shakespeare's Globe
* Tate Modern
* St. Paul's Cathedral
* British Museum
* National Gallery
* Tower of London
* British Library
* Camden Town
* Geales
* Harrods
* Millenium bridge
* Victoria & Albert Museum
* The Tower Bridge
* Windsor Castle
* Stonehenge
* German Christmas market along the river
* Westfield shopping centre
* Bath (daytrip)
* Oxford Street
* Regent Street
* Trafalgar Square
* Maritime Greenwich
* Tate Gallery
* Neal's yard london
* Charles Dickens Museum
* Dennis Severs House (just me)

Additionally, any tips on which area to stay in, or what to do on Christmas or New Year's would be greatly appreciated. I know a lot won't be open, but even sights to see would be great.

Also, my dad likes to sleep in a bit (until about noon) and I'm more of an early riser, so I'd love to hear recommendations for coffee shops or shopping (particularly rain boots!) that I can look into while he's still asleep.

Thanks in advance for your help!

TL;DR:"," Coming to London with my dad, would love insider knowledge on getting around and what to see with a wheelchair-bound companion"
74,"SUBREDDIT: r/travel

TITLE: Traveling with multiple passports: they still ask for both! Is this avoidable?

POST: Among the various benefits of being a dual citizen and having multiple passports (visa fees, need for a visa, etc), one of them for me is distributing the stamps so I don't run out of pages on either passport.

It was with this idea that I traveled to the Philippines recently. I live in the States. I have a US passport and a Philippine passport. Typically, a Philippine passport holder needs a visa (tourist or otherwise) to go the US. A US passport holder can freely enter the Philippines.

My intention was to get the Philippine passport stamped as my US passport was filling up.

I followed the steps I'd read about when traveling with multiple passports:

1. I booked the ticket with the Philippine passport
2. I exited the US (no immigration out of the US so no passport to present).
3. I entered the Philippines with my Philippine passport. Stamped.
4. Here's the problem: I exited the Philippines with my Philippine passport. The lady at immigration asked how I was entering the States on a Philippine passport without a visa. I couldn't think of a way around that so I declared I have a US passport. She asked for that and stamped both. Fail.
5. Entered the US with the US passport. No probs.

TL;DR:"," One passport can enter the US, one cannot without a visa. How do I avoid getting the US passport stamped when I leave countries that I entered with the passport that cannot enter the US?"
75,"SUBREDDIT: r/travel

TITLE: Australian Travelling to New York - Where should I go? What should I see?....90s grunge kid at heart...

POST: Hey ppl.  30 year old Aussie here trying to get some advice for my time in New York, ie - What should I see, where should I go, etc.  I'll be in New York for 2&1/2 weeks in late September/early October and will be staying in Queens for a few days and then hopefully somewhere in the east/west village area via AirBnB.  I'll have around $2000 for whatever comes my way so money won't be too much of an issue.  My interests are music, art, politics, history and standup comedy.  My tastes are more alternative/counter culture, etc, as I'm still stuck in the 90s a bit.  Im planning on seeing the usual sites like MOMA, the MET, the WTC memorial, Central Park, etc, and I'll probably take one of the usual touristy sites tours and a music tour, but aside from that not much is planned.  Is there a particular area where people between 25-35 go for decent bars, music, parties, etc?  I have tickets to Tame Impala at Radio City Music Hall, but apart from that my trip is unplanned.  Im open to any suggestions from museums and art galleries, sites and lookouts, pubs and bars, suburbs and villages.  Also any websites you recommend for whats going on in New York would be great.  Thanks ppl, it means a lot.

TL;DR:"," What is a 'must-see' for should a 30yr old Australian 90s-kid interested in alternative music, art, politics, history and culture see in New York?"
76,"SUBREDDIT: r/travel

TITLE: Moving to (Cartagena/ Medellin/ Bogota) Colombia. Need help with a potential change in plans!

POST: American here. I was planning on moving down to Colombia and spending 2 weeks in Bogota before settling in Medellin for a few months. Things changed though because I injured my ankle. So I delayed my trip by two weeks so that I can walk upon arrival. 

The thing is, my flights were nonrefundable so I get to buy new tickets.  I am now thinking about flying into Cartagena and spending a week or two there before I settle down in Medellin. I am looking for your thoughts and opinions on Cartagena. Cool things to do, places to see, people to meet, food to eat, etc. 

I have done some research and I am very fascinated by the history of Cartagena as it has been sacked several times by pirates.

TL;DR:"," Injured ankle, delayed trip, flying into Cartagena instead of Bogota, what do you know about Cartagena and what there is to do there?"
77,"SUBREDDIT: r/travel

TITLE: Planning to cycle from Phoenix AZ to Calgary Alberta, starting in March ending in May/June. Looking for suggested stops in AZ, UT, CO, ID WY, MT.

POST: Hey everyone, my brother and I have been talking about doing a backpacking/camping trip through the U.S for a while now and I would like some help putting together destination points for us to plan around. We would be cycling roughly 30-50 miles on a travel day and then we would spend 2-3 nights camping and hiking before we set off again.

The rough plan I have right now is to start in Phoenix at the end of February and travel to the Grand Canyon over the course of a week and a half, stopping at Humphreys peak for a few days. We would then want to head towards Colorado but it seems like a large patch of desert between the Grand Canyon and CO. Busing to CO and then riding to Utah, or riding through Utah and into CO are my other two ideas. We have no particular stops in mind for CO. A view of the mountains without biking uphill for a full day is the only deciding factor. 

From Colorado the next destination point would be Yellowstone NP, but with no knowledge of Wyoming we need some serious help planning this route. (Once again we might bus to Colorado then ride through Utah and Idaho before getting to Yellowstone) And from Yellowstone we would head NW toward Flathead Forest and Glacier NP before crossing the border and heading towards Calgary.

Help from anyone who has seen National Parks in these states would be awesome as I would like to start planning this now so we're prepared for the end of next winter.

TL;DR:"," We want to see mountains, lakes and waterfalls while travelling through Arizona, Colorado, Utah, Idaho, Wyoming and Montana. Grand Canyon and Yellowstone are on the list of places we would like to see."
78,"SUBREDDIT: r/travel

TITLE: Need help planing a trip to the USA (East to West)

POST: Hello fellow travelers. 
First of, sorry for my English, Norwegian guy here.
I and a buddy of mine are going on a short summer holiday to the USA. We are first starting of in PA and want to travel to the West Coast, the usual American holiday I guess. 
Sadly we don´t have much time, only three weeks, so we want to make the most out of this. 

Basically what we want is to travel with bus/plane over to the west coast, maybe stop on two/three places on our way over (any recommendations where to stop?) 
Most of our time we want to be at the West Coast, so wondering if any of you guys have any particular places that we should visit and see? 
Oh yeah, we are both 21/22.

Quick about us, we want to see some ""touristy"" stuff, but not for the most part. Want a fun experience and summer holiday. 
Thank you for responding, the floor is yours.

TL;DR:"," Two Norwegians going to the USA, East to West (Mostly staying at the West coast). Tips for how to travel, where to travel and what to do."
79,"SUBREDDIT: r/travel

TITLE: I'm an inexperience traveler wanting to volunteer in Africa for about a week, haven't a clue where to begin. Details inside...

POST: Hi guys. I am not a traveler...like, at all, but I've wanted to visit Africa for a long time now. I have some vacation time coming up, and can't get more than two weeks off from my job, but I'd like to spend at least some of that time volunteering in Africa. Specifically, countries that interest me include Tanzania, Ghana, Kenya, Namibia, South Africa, although I'm open to other places as well.

I am hoping to use this trip as an opportunity for personal exploration, to help others, immerse myself in a culture outside of my own (I am American) and to provide a chance for me to visit some of the places in the world I often dream about. 

So, with that said, I want to find probably a non-religious organization (I am not open to participating in a Christian orphanage for example if I am expected to spread their message). If it helps in finding places, I am Muslim and I'd definitely be open to working for an Islamic organization. Or, are there other ways to go about finding a place you guys know about?

I'm also trying to book this trip as soon as possible, within a week or two if that's not unrealistic (or at least notify my company). I can take vacation pretty much until September, but I want to go sooner than later for many reasons probably not worth explaining. If I can book it soon though for August / early September, that's ok too.

Also wondering the cheapest way to travel, although I understand if I go through an organization I can just work with them. 

Thank you very much for any assistance at all.

TL;DR:"," Want to volunteer short term in Africa, not sure how to go about doing so on short notice, and how to find a good place."
80,"SUBREDDIT: r/travel

TITLE: Just booked a weeklong trip to Madrid over Thanksgiving... suggestions appreciated!

POST: I'll be traveling solo for a week in Spain, arriving and departing from Madrid. While I'm there I'd love to hear about can't miss attractions in Madrid city and also any suggestions on where to go within the country via train.

I'm a 29 year old straight man, single, American. I'm a seasoned traveler, though I have not been outside the states in many years. I speak pretty decent Spanish, meaning I communicate vocabulary very well but my grammar is atrocious! I'm looking to see a few great museums, hit up fun bars and clubs, do a bit of shopping and spend some quality time outdoors, hiking, rock climbing, biking, skiing, etc. I plan to eat some delicious cuisine and drink some fantastic wine.

My budget is reasonably flexible, meaning I'm fine to stay in a couple of reasonably priced hotels, but I'm definitely interested in staying in some hostels, especially in Madrid and larger towns. I think it would be great to meet other travelers who are flexible in their itineraries and who may even be interested in taking a cheap flight elsewhere in Europe for a couple of days. I hear RyanAir is really cheap... is that the case? Perhaps Vienna, Berlin, Munich, Prague, Riga??? The point is I'm not at all locked to Spain, but I'd be fine staying here. I could probably extend my trip a few days if necessary.

I'm kicking out on this trip because I need a little adventure and I'm tired of ""talking about it"" and really needing to ""be about it."" I'm not worried about traveling alone and haven't really even asked any of my friends if they want to go because I'm more interested in having a great experience on my own.

I'm planning to pack lightly so I can pick up some new gear... perhaps I'll take just a backpack. I suppose my worries are getting my cards/passport/wallet stolen. Should I bother getting a cell phone? I do plan to bring my netbook, which I'll probably wipe clean before I go for security purposes. 

Any input would be great. **I'm SUPER PUMPED!!!1

TL;DR:"," Banging off to Europe solo for a week, in and out of Madrid, looking to do cool shit in some cities and countrysides, meet some people and have an awesome time."
81,"SUBREDDIT: r/travel

TITLE: Help with my second Euro Trip.

POST: I went a few years back in 07.  Next winter I am planning to go back and could use suggestions on where to go and what to see.  I am going to likely be basing my travel in Lund, Sweden since I have family there and it is free room and board.  I want to go to Norway and check out the Fjords.  Germany is high on my list, but not Frankfurt (been there).  Meusse-Argonne battle site (where my great grandpa was shot, I have his diary and it has a map of exactly the hill side he was at when he got shot....its kinda bloody its creepy), Vendome (to visit my study abroad family again), and anywhere else people suggest.  England and Scottland, not Ireland.  Possibly Spain. Vienna and Switzerland depending on funding, I know it is super expensive in Switzerland.  And never ever ever again Bratislava. So if anyone has suggestions on what to see when I am there or places to visit I would appreciate it.  Time wise probably 3-4 weeks in late Feb early March.

TL;DR:"," Base of operations in Lund, Sweden.  Looking for recommendations on where to go and what to see in Norway, Germany, GB, France, Austria, Swiss? Spain?  "
82,"SUBREDDIT: r/travel

TITLE: Avoid Cheapoair for Booking Flights

POST: The amount of B.S. I had to deal with using this company is truly too long to place here.  After a mix-up with their website and booking the wrong tickets, we were told our airfare would be reimbursed for our trip back home.  After checking with the company to ensure everything was on the up and up, we go to the airport only to discover our tickets were not in fact reimbursed and we would have to pay $350 (which we did not have) to get home.  I called Cheapoair and after being placed on hold for 30 minutes and finally speaking to a rep, i was placed on hold again and hung up on, twice.  United Airlines was amazingly kind to offer us a ride back home for $30 total.  They claim to have no record of the alleged free reimbursement because it was handled by an administrator who went by the name of Annalisa Ford who called the airline directly.  She straight up lied to me and so did the numerous other representatives and left me in the dark when I needed them the most.

TL;DR:"," Once Cheapo gets your money, they don't care about you. Their customer service is the worst I've ever come across."
83,"SUBREDDIT: r/travel

TITLE: Help! Excursions or Adventures that are good for someone with an identity crisis

POST: Ok ok, so I know how corny and cliche it is to go ""travel on some adventure and find yourself."" But seriously, I have had this uncontrollable urge to get out and see the world, I don't care what part. I have had only very mild traveling experiences in my life and they have been on cruises/ overpriced tour groups with lazy fat old retired Americans. I long to go somewhere and see the back roads and the people.

Here is the catch, I am a poor college student (art student at that, so extra poor). I know that there are certain opportunities to live somewhere foreign in exchange for volunteer work or labor. I am desperate, I will gladly shovel poop or clean toilets and sleep on a cold floor if it means living in a different country and being immersed in an unfamiliar culture for a time. I've been raised in a upper-middle class white protestant American suburb my entire life, and I have never had to do a bit of hard work outside of studying books and drawing pictures. 

I know, I know, you are probably thinking ""you are just a spoiled American who thinks you could last more than two seconds without your cellphone."" But I at least need to find out if I can or not, right? That would be a solid confirmation of identity and help me to enjoy what I take for granted here, and if it turns out I like living in the other country more, then all the better. 

Bottom line, can you recommend any services that will allow me to go somewhere other than America and be immersed in culture (ie volunteer work, peace core, working on a ship, anything)? Bonus upvotes to anyone who can recommend an opportunity based on experience.

TL;DR:"," Sheltered American art student is poor and wants to be an indentured servant in a far off location, any suggestions? "
84,"SUBREDDIT: r/travel

TITLE: Need help with a flight search engine with specific parameters.

POST: So I have been using the standard flight search tools (Kayak, google flights, hipmunk , etc) and I have been having trouble meeting the specific parameters that I need. Here's the story:

I am deepply and passionately in love with a girl. She is on a solo hike through england until june 15th. She arrives in Edinburgh on the 15th for 5 days, and her flight back to where Toronto(where we both live) is on the 20th of june. Once she gets back she has about 10 days before leaving to go out east for the summer, potentially not moving back(whole other story). 

We thought it would be amazing to spend that 5 days in edinburgh together, and to make it more worth while I would go a few days earlier to explore the city by myself, probably friday the 12th or thursday the 11th. 

I don't care how I get there, how painful it is or long for the flight to get there. I just want cheap. BUT the return flight, I want to be on her flight in her class so we can sit together. Herein lies the problem. I know her flight details for the return flight, and I want to just input that exact flight to one of these engines, and say THAT is my return flight, find me the best(cheapest) flight there. None seem to be able to pick a specific flight, just search based on price. 

I know i am crazy, please don't try and talk me out of it.

TL;DR:"," I need a search engine that lets me pick a specific return flight, and then just search based on price and a general initial flight out with a few days leeway. "
85,"SUBREDDIT: r/travel

TITLE: I need help with my ticket reservation.

POST: Okay I don't know where to ask anymore. 

Here's the story. I left Canada to attend my friends wedding that's gonna be on the 14th as I'll be his best-man. Being the good friend that I am I went despite me having school. Now originally I planned to stay a month from Oct. 1 to Nov. 1 knowing that I'll be enrolling January 2013. But when I already bought my ticket the profs said there'll be no enrolment for January 2013. So here I am shortening my trip by 2 weeks.

I considered cancelling my ticket but they're cutting back too much like 20% of the ticket price + $150 on top of it (my ticket is $1100). I said okay, I'll just reschedule my flight then so they did. I have a flight from Manila to Taipei but my flight back to Toronto is still on the waiting list til today, and it's been 5 months, it's not even peak season! 

The airline (Eva Air) constantly says that my flight for the 15th is still on the waiting list. My family called the agent I bought the ticket from and she said that if I will pay $500 she'll do something (which is disgusting). The weird thing is that before I left for Manila I went and visited their office at Toronto and the lady said they still have 40 seats! 

So here I am asking for help if someone could negotiate for me. Someone who works maybe on an airline company. I really have to get back to college as I'll be missing a lot of work. I'm doing my projects here and sending them to my classmates as it is but 3 more weeks will be too much.

TL;DR:", Wait-listed for about 5 months now. It's not even peak season. Need to get out of Manila by the 15th to 18th.
86,"SUBREDDIT: r/travel

TITLE: A few questions about luggage and security

POST: Hi, I'm traveling to the US in December and I'm someone that does not like to leave things up to chance. That's why I'm planning so far ahead and I'm worried about the security of my luggage conflicting with TSA regulations. To protect myself from someone putting drugs or whatever into my luggage ([yes I'm a bit paranoid] and simply for durability I want to get a suitcase that doesn't close with a zipper but with a clicking mechanism. Is that going to be a problem with the TSA, I mean, are they going to want to open a suitcase because it is more suspicious when securely locked, or am I fine when nothing shows up on the scanner/screener because I will only put clothes in there?

TL;DR:", Are normal suitcases without zippers allowed in the US or will I have to get one with a special TSA lock?
87,"SUBREDDIT: r/travel

TITLE: Need advice regarding an overbooked hotel and Travelocity.

POST: Back in December, my girlfriend and I booked a room through Travelocity at the W Hotel in San Diego for next month's ComicCon.  We knew that hotels in the city were going to fill up fast once people got their passes so we made a point of booking as early as humanly possible in order to get a reasonable room rate and ensure that we had a place to stay for the weekend.

Unfortunately, Travelocity called us yesterday to tell us that the hotel was ""overbooked"" and they'd need to relocate us.  The hotel that they want to relocate us to is a 20 minute drive from the convention center.  Normally, this wouldn't be an issue but we're taking the train to San Diego and staying at the W meant we would never be more than 2 blocks from the train station and 4 from the convention center.

Has anyone ever dealt with this sort of thing before?  I suspect that the hotel is hoping to release our room to get more money from folks who want a last-minute booking.  Why else would it take them 6 months to notify us that they have no room for us?  Any advice would be appreciated!

TL;DR:", Booked a hotel room 6 months ago. Now Travelocity is telling us we have no room because of overbooking.
88,"SUBREDDIT: r/travel

TITLE: Transatlantic Travel and Customs and checked baggage.

POST: I'm flying to Atlanta from either Glasgow or Edinburgh on the 14th of August and I will be going with a changeover at either London Heathrow, Amsterdam Schipol, Newark New York, or Toronto - atleast they seem to be the most common ones. 

I know that going via Newark I will have to retrieve all my baggage and pass customs before rechecking for the domestic flight, but I can't find any information about having to do the same at any of the other airports - I know I won't have to at London as I will not have passed customs yet - but Amsterdam and Toronto are the other options and I'm not sure which to go for. 

The main reason being that I will likely have 2 or 3 checked bags and I would like to avoid lugging them around an airport if I don't have to and also I have been told that with that amount of stuff, and with my Student Visa that I am almost guaranteed to be pulled at US Customs and as such I would possibly miss my connecting flight.

TL;DR:"," Coming from the UK, will I have to collect my baggage to pass customs at a European or Canadian Airport before rechecking them for a flight into the US (all on the same ticket/booking)?"
89,"SUBREDDIT: r/travel

TITLE: Struggling to prioritise regions to travel to. I.E. I'm having trouble getting past the 'I WANT IT ALL' mentality.

POST: Ok so I've been going back and forth planning a travel route through India + SE Asia over the space of 6 months starting mid 2014. I've managed to cut out some countries that I wanted to see (Singapore, Japan, the two Koreas, Burma, Tibet. Potentially the SE Asia islands but I'm still trying to fit them in because Borneo is high on my list.) but India is a killer because there's just so much there, I've done SE Asia and Goa in my more in depth plan so far (the plan is to start in Sri Lanka and work my way north) and I'm already up to about 3 months once travel time is factored in and there's still so much of the country to see. What I'm considering is potentially flying out from Goa to Laos and continuing my planned route from there (Laos - Vietnam - Cambodia - Thailand - Malaysia - Brunei - Indonesia - Philippines) 

But then a ginormous chunk of India is left out, and I had it in my head that I was going to explore right through India. So my request is:

HELP!! I'm struggling to prioritise because there's so much to take in, would you agree that just doing South India + Goa then moving on to SE Asia could be a good plan potentially? After all, I can always go back to India in the future, but I haven't really researched North India that thoroughly yet, I've focussed largely on the South as I'm building my way up so I don't feel like I've given North India a fair crack of the whip but it's obvious I'm either gonna have to delay the trip or make some cuts. If I stayed with mid 2014 start and saved hard I could maybe get enough money for 9 months travel, which could ease my pains about missing such a big chunk.

TL;DR:", Would you rather see all of India and less of SE Asia or just see South India and see much more of SE Asia?
90,"SUBREDDIT: r/travel

TITLE: Traveling to India with dyed hair

POST: Hey /r/ travel! 

I am a sixteen year old male and I am traveling to India this August to stay for twenty days with very close family friends.

I recently got an undercut and dyed the top part of my hair blonde, leaving the sides brown.

I have received warning from my own family about being treated differently in India because of my ""strange"" hair. I know that because I am a foreigner I will be treated differently without saying. But my question is will I receive more trouble for this? I don't plan on cancelling my trip, but I would just like to have a fair warning. My family has been stressing me out about it and I would like to be able to enjoy my trip without that lingering stress if possible.

TL;DR:"," My hair has been dyed a strange colour, will this affect my stay in India even more than just being a foreigner?"
91,"SUBREDDIT: r/travel

TITLE: What, as a female, do you find most difficult about travel?

POST: Hey everyone, mostly the ladies of /r/travel -- I know that there are now sites and travel groups that are dedicated to women-centric travel, and ""Women's Only"" Travel is becoming more popular. 

One of the sites I've found has a lot of great travel tips for women. I mean, like where to buy tampons or how to refill your birth control type advice, along with the general how-to-stay-safe/women-friendly types of tips.

That got me thinking about some of the more difficult aspects of traveling as a female rather than as a male. Safety can be included in this as well, but I'm mostly interested in what you think is harder about being a female traveler and what sorts of things do you think we have an easier time with? Also--what are your must-brings on trips that you know you can't find abroad?

TL;DR:"," What do you find is harder/easier when traveling as a female? What sort of things (tampons, hair ties) do you find are harder to get abroad?"
92,"SUBREDDIT: r/travel

TITLE: Question about US Passport renewal?

POST: Hello all, first my apologies if this is the wrong subreddit for the question.

basically my wife's passport expires next april
we currently live in monterrey mexico.
she is travelling to the states on the 28th of this month and will be there for about a week, should she start her passport renewal process?? All we have read online is that she has to submit her current passport is there another way?

she also plans on travelling to the states in novemeber/december, which means she will be under 6 months of expiration, which from what i read online means, that she could have issues on the return flight.

so what can she do while in the states next week?

sorry we are new to travelling and passports so we are kind of clueless.

online we found that processing can take about 3 weeks...she would rather not spend that long in the states waiting for the passport.

and we know we she can go to the US consulate in monterrey, however she rather have it done in the states, as she didnt have a very good experience at the US consulate here while getting her passport card.

TL;DR:"," How to renew US passport in the states, while living in mexico, without having to live in the states for 3 weeks and wait for processing"
93,"SUBREDDIT: r/travel

TITLE: Terrified to travel alone. Please help.

POST: I've been planing on traveling to Thailand now for months, but the two friends that where supposed to travel with me bailed. I've had many friends that have already been and flew there on their own, which is what I'm planning on doing. From what I've been told its basically impossible not to meet people. They all tell me to just go find a good hostel and just go with the flow from their. I consider myself a very sociable person in a group setting, but I find it very hard to approach people. I Basically need someone to straight up and tell me START HERE to make friends, and from their I can handle the rest.

TL;DR:"," which hostel in Thailand did you find easiest to meet new people. Preferably the south or Bangkok, but I'm open to anything."
94,"SUBREDDIT: r/travel

TITLE: Going on 6 week (study tour + road trip) to USA, need advice on what to do/see. Any tips appreciated! See text for more info

POST: Hey guys,

Me and about 30 other guys are going to the U.S.A. on a study tour for 3 weeks, starting on the 26th, to visit (in order) Boston, NYC, Washington DC, Seattle, San Francisco and Los Angeles. We are students from Twente University in the Netherlands making this study tour to gain international experience and knowledge (in our case of the U.S.). We will be visiting organizations such as Valve Software, nVidia and MIT as for our research on fields such as AI, augmented reality and serious gaming. We will be staying a couple of days in each city, doing a (number of) company visits and some activities/sightseeing. We will be watching an American Football game to give you one idea of what we'll be doing.

After these 3 weeks, me and 4 other students will be making a road trip, starting and ending in Los Angeles. We have planned to visiting some cities (San Diego, Las Vegas) and some NP's (Grand Canyon, Zion, Bryce, Death Valley, Yosemite). 

We are still not sure of what we can see/do there. Therefore my question is, are there any sights we should absolutely see or activities we should absolutely do, which are in one of the places (or close by) that we will travel to? Any questions or tips are welcomed and appreciated!

P.S.1. Most information on the study tour can be found on the website: www.pixel2010.nl (redirects to a page on the website of our student association)

P.S.2. The link to our road trip: 

P.S.3. If there is any other company we should absolutely visit and you might be able to get us in, please p.m. me!

TL;DR:"," I would like some tips on places we really need to see in Boston, NYC, Washington DC, Seattle, SF, LA, CA, Arizona, Utah."
95,"SUBREDDIT: r/travel

TITLE: Need help finding good hikes in Southern NJ

POST: I've been browsing this sub for a while now and have become insanely jealous of the amazing places some of you have been. I don't really have the means, or the time, to travel abroad to some of the awesome places I've seen on here, so I figured that I should start in my own state (NJ).

I live in Southern NJ, and have been to a few places the pine barrens numerous times. I'm looking for places to hike (with or without a destination), with great scenery and wildlife. I have lived in the Philly area for most of my life, and I have actually never been to the southernmost part of NJ. Looking at Google Maps, it looks like there is a plethora of marshlands, wildlife preserves, state parks/forests, etc, located on the southern coast of the state. I have been somewhat ignorant of their existence until very recently, as I've been inspired to go out and observe these personally undiscovered places for myself.

TL;DR:"," Does anybody have any suggestions, or know of a website/service where I can find out more about hiking/discovering new places in general?"
96,"SUBREDDIT: r/travel

TITLE: Ting! New mission slots available!  I need two missions to accomplish in Brussels, and at least one for Copenhagen.

POST: Myself and a friend are travelling from the US in Amsterdam right now.  We are going to go to Copenhagen Tuesday and Wendesday (7/12  7/13) and Brussels Thursday and Friday. (7/14 - 7/15)   

In Copenhagen we are going to go to the Armory museum (that is a thing, right?) so that will be at least one mission, but we will need an objective for the other day in Copenhagen.  

In Brussels we currently have no set destination for either day.  I had just heard it was pretty good, and we got a decent deal on train tickets. I really like trains.  

If left to our own devices we would probably just end up wandering around the cities relatively aimlessly having an ""okay"" time.  With some set goals we can have at least one activity to do each day.  

About Us: We are both pretty laid back guys.  We like drinking booze and beers, but not necessarily super crowded ""club"" places. Neither of us are particularly into smoking or looking to get prostitutes or anything like that.  We do enjoy doing physical things.  For example today we went out and walked 15km for basically no reason, and tomorrow we are going for a bike ride.

TL;DR:"," Oh, you went to {Copenhagen;Brussels}? Did you ______?  Fill in the blank."""
97,"SUBREDDIT: r/travel

TITLE: Traveling to Italy. Is this bag safe?

POST: I have a [Timbuk2 Classic Messenger Bag] I love it, and I've carried it with me everywhere for the past 7 years. It is, however, a messenger bag, and as such, has no zipper to keep it closed. [It's like a bucket with a cloth lid.] I've never had much trouble with it (taken it to New York, Boston, DC). But I've heard that the touristy parts of Rome & Florence can be really bad with pickpockets. [I wear the strap over my head] so I'm not worried about the bag being snatched, but do you think I'll have trouble with pickpockets trying to reach into it when I'm not looking? I wear it on my chest when I'm in the subway or other close places. I'd like to keep my iPad and camera when I'm not using them. Otherwise, just travel plans and journals. Is this too risky? I'd love to hear from anyone with experience. Thanks!

TL;DR:", Are messenger style (no zippers) bags (relatively) safe from pickpockets in highly tourist areas of Rome/Florence?
98,"SUBREDDIT: r/travel

TITLE: Travelling and working soon, want to explore the US and go abroad for a couple months after that. Cheapest way to go?

POST: I'm a work-from-home programmer cooped up in NYC and decided that I there's no reason I couldn't travel while I work.

I'm still gathering my papers so that I can get my passport together, but I wanted to see a little more of the US before I left the country for awhile anyway.

Are there any caveats to leaving the country for 2 months that I should be aware of? Any cities in the US I should see in particular?

I've been poking around Airbnb, but it looks like the minimum I'd be looking at is $50/day and if I'm lucky, $400-500 for a month in the US.

Should I just check out the couchsurfing community if I want to go cheaper, or are youth hostels viable/safe?

I know I just made the reddit account, but I haven't really had a permanent account since I deleted one due to a creeper. (and I don't mean SssssSSSSS r/minecraft :P )

TL;DR:"," traveling US and soon, out of country too (Malaysia's on the short list), looking for ideas for saving money and location suggestions. Ideas will be edited into this."
99,"SUBREDDIT: r/travel

TITLE: Backpacking Spain and Morocco with a 6-year-old in February. Looking for gear suggestions.

POST: My partner and I are heading to southern Spain and Morocco for a few weeks in February with our 6-year-old. I'm hoping for some gear suggestions that will make our trip more comfortable.

My partner and I will obviously have to carry a majority of his stuff, so I'm looking to upgrade my backpack to accommodate this. I managed Costa Rica for 3 weeks in a 2800 cubic inch pack with a small daypack, but this will be a colder environment, so I might need more room to accommodate that as well.

I'm thinking the 67L eagle creek rincon travel pack will do the trick, but I'm not sure. The most important thing is being able to carry it (I'm 5'11""/F, so too big isn't usually a problem), and having a detachable daypack for flights and in between locations. 

As mentioned, we plan on sticking with southern Spain and Morocco (Seville, Cadiz, Algeciras, Ronda, Grenada), so I'm also hoping for some insight on clothing. Good walking shoes and layers for the 6-year-old, but what about jackets? Is rain protection or warmth more important? (Like, should I bring a soft shell or packable down?) 

(And good god, I'm a hot mess when it comes to cool weather travel. Tropical? No problem... Bikinis and dresses for days. Slightly cold weather? No idea. I end up looking like I'm about to go hiking every day! But that's probably a post better reserved for FFA.)

TL;DR:"," I'm open to any and all suggestions, but hoping for some insight on clothing choices for a 6-year-old, as well as a travel backpack for me for a few weeks in southern Spain."
100,"SUBREDDIT: r/travel

TITLE: I'm planning to Travel around Europe for a year or two and am looking for help/advise.

POST: I'm an American planning on traveling to a city and working there(washing dishes or something) until I have enough money to move to a different one. There are three major parts I'm concerned about: Housing, working, and transportation.

**Housing** - I plan on either [couchsurfing] or staying at cheap [hostels](

**Working** - I'd likely wonder what ever town I arrive in asking restaurants if they need dish washers ect. **will I need a work visa?** if so do I need a new one for every country, is it likely enough that I could just do under the table work the whole time?

**Transportation** - Things like Eurorail seem nice but I don't thing I'll be traveling as often as I'd have to for that to be coast efficient, I suspect I'll just have to pay for a train, plane or bus dependent on the current city I'm in and the one I'm headed too.

Sorry I don't include specific times or places but part of the trip is supposed to be somewhat spontaneous, not know what city/country you'll travel to next or how long you'll be there.

Is a trip like this even possible? I've herd about stuff like this but not as often recently.

Will I need some kind of Visa?

Extra information:
- I have enough money to get to Europe and get started but not enough to leave this isn't a fully financed vacation, I will have to work as I go.
- Time isn't much of an issue, I'll leave shortly after I figure out the details and the amount of time I spend in each city/country will most likely be determined by how much time it will take to build funds to move on.
- I have travel experience but none like this and none in Europe.

TL;DR:"," Looking to travel around Europe and make enough money at each destination to pay for the move to the next, I'm looking for advise of how best to do this."
101,"SUBREDDIT: r/travel

TITLE: 5 students traveling in South East Asia

POST: Hi reddit, as part of our school curriculum (we're in 11th grade) we have to plan and take a 1 week unaccompanied trip to somewhere in south-east Asia. We have 3 months to plan it and we have a budget of 1000 Singapore dollars (or about 700 USD) we have to book flights and accommodation with this money.

We have no clue where to go and what to do as we have to incorporate some sort of action activity in to our week, eg. white water rafting, kayaking, mountain climbing, biking etc. The only idea we've had so far is downhill longboarding as we're all longboarders. Aside from that we have nothing, we would really appreciate if anyone could give us some advice as to what places in south-east Asia are nice and cheap and what activities we can do that are maybe a bit unusual.

TL;DR:"," 11th graders budget of 1000 sgd or 700 usd, looking for activity and place to go in south east asia for a week. any advice would be appreciated :)"
102,"SUBREDDIT: r/travel

TITLE: Taking a road trip, with my SO, from Florida to New York. Looking for recommendations for places to stop along the way to stretch our legs...

POST: So my girlfriend of 5 months will be moving from Florida up to NY in a couple of weeks. Me: M29, her: F25. Prior to this we've had a long distance relationship, seeing each other, on average, once a month. This doesn't exactly lead to us being extremely comfortable around each other as we haven't had much time to be alone. 

I'll be flying to down to Florida to join her on her move up the coast and we decided along the way that we'll be taking our time to turn it into a mini vacation. We've already found a place in Georgia (Beachcomber BBQ & Grill) to stop for lunch and we'll be stopping in North Carolina for the first night. From there the only other thing that is planned is driving to D.C. and staying a couple of nights there to give us time to visit some museums and the planetarium. I know the drive straight from Florida to New York is only 20+ hours and this gives us plenty of time in between Florida and DC and DC and NY to stop at other places, I just don't know where to even start researching places to stop along the way. Reddit, Any help would be appreciated.

TL;DR:"," Taking road trip from FL to NY, looking for places to stop along the way to make the three day road trip more enjoyable. :)"
103,"SUBREDDIT: r/travel

TITLE: Two days in Ireland and I want to make the most of it

POST: Hello r/travel, thanks to all of you who take the time to read this post. I am going to be in Ireland for two days before studying in Italy for the summer and I want to make the most of my time. I will be there on the 10th and 11th of June and am willing to spend a fair amount of time in transit if I get to see some amazing places. I am much more interested in seeing the natural beauty of Ireland than say staying in Dublin and exploring the city life. My current tentative plan is to jump on a bus right after I land early in the morning to head to Galway for the 10th and then jump over to the Cliffs of Moher for the day on the 11th. I'd then head back to Dublin that night for my flight early on the 12th. I'm pretty excited about this plan, however, I was wondering if anyone had any other suggestions for my time. I've heard that the Cliffs of Moher can be kind of underwhelming if its cloudy and there is a forecast of scattered showers as of now (but I mean, who trusts a forecast 10 days in advance?), so I just figured it would be a good idea to maybe come up with a plan B. Any and all suggestions would be greatly appreciated :) Thanks!

TL;DR:"," Gonna be in Ireland for two days and don't mind traveling a decent ways away from Dublin to see some awesome stuff, what should I do?"
104,"SUBREDDIT: r/travel

TITLE: Fun tour company for 30 year old single traveller to Europe? (x-post solotravel)

POST: I'm a 30 year old female who is single.  None of my close friends are interested in travelling (read: they have kids and/or mortgages), but I really want to go on a multi-country European trip in the next year or so.  I've done the backpacking solo thing before, but I feel for my first big Europe trip, I'd rather sign up for a tour (versus independent travel).

A few people have suggested something like Contiki.  I'm concerned that I'll be a bit too old compared to other travellers (I don't want to be ""that old girl"").  At the other end of the spectrum, I'm concerned that more expensive tours geared at older people will either be filled with married couples, or just a bit dull.  I'm young enough that I still like a good night out!

TL;DR:", Can anyone suggest a good tour company specializing in European tours that would be suitable for a fun-loving 30 year old single female?
105,"SUBREDDIT: r/travel

TITLE: Help me convince my parents that traveling isn't as dangerous as it seems

POST: As the title says I need some help convincing my parents that travel isn't dangerous. I'll be traveling around Europe for 2 months beginning in June along with my brother (he'll only be going for a month). He'll be 20 and I'll be 18 by the time we arrive. We have family in cities over there (London, Barcelona, Milan) and friends (Amsterdam and Stockholm). I've tried telling them that if anything were to happen we would family and friends to fall back on. To no one's surprise they don't listen. I've extensively looked into the cities I'll be staying in and have only seen others talk about pickpocket and scams. No big deal, I'll be aware of my surroundings and have others with me. It's gotten to the point where I'm looking up statistics to show to them but still nothing works.

TL;DR:"," help with some kind of witty thought out explanation to get my parents to chill out about me traveling ""solo"" for a month."
106,"SUBREDDIT: r/travel

TITLE: How does Hotel booking work? Do I have to pay up as soon as I reserve the apartment? (Going to LA 2015)

POST: Hi everyone, 
Me and some friends (4 all together) are going to Los Angeles in December 2015 (from the 1st-10th) for my 21st birthday. We are all from Australia.
This will be the first time I have ever left the country and I have no idea how hotel booking works, let alone in another country. 

At the moment for the period of time we will be in LA, the bookings haven't opened, and the place I'm looking at sells out pretty fast. It's really cheap and a nice place. I'm just not sure how booking works. Do I place the reservation and pay it then or when we book in when we arrive? I'm a poor uni student and I don't have $1500 just sitting around. More like $5.

TL;DR:", I'm a noob at travailing and I don't know if I need to pay upfront when I make a reservation at a hotel a year in advance or when we arrive a year from now.
107,"SUBREDDIT: r/travel

TITLE: Travelling to the East Coast of America, where should we stop?

POST: Hey guys,

Some mates and I are looking to travel over to the US in late Feb/early March next year for a month or so. We're all about 24yo, from Australia, and keen to see what the EC has to offer.

We play and watch sports (ice hockey, soccer, NRL, NFL, basketball), go out and party, stay in and party, we're involved in politics, play guitar and drums,

Keen to do the normal tourist thing by day, but also want to know what to do at night. Where do we go that isn't pretentious, doesn't cost a bomb, and we can have a good time meeting people. AA isn't an option.

Anyway guys I'm hoping to get some highlights of places to go/stay, things to eat, see, watch, and what to do at night.

We're keen to start from NY and make our way down to Miami before swinging by Vegas on the way home.

Big thanks for any recommendations you guys have! Might even be able to bring some Australian delicacies over (like Vegemite, I know you guys crave that stuff) if we catch up with someone.

TL;DR:"," Travelling to EC of the US. Where should we visit, and what are the 3 things you recommend we do there?"
108,"SUBREDDIT: r/travel

TITLE: Freshman College Move: Flying cheap and the legitimacy of ""student price"" sites?

POST: Hey there. I'm looking to fly from SPI to LAX on Saturday 8/15/15 or Sunday 8/16/15. I've thoroughly checked ticket prices and the best prices I found were from StudentUniverse and STATravel. I need to be in LA Sunday morning, before noon. 

I'm seeing one-way flights on Saturday for $185-$220 at the cheapest, and on Sunday $250. If I take a Saturday flight I'll have to get a hotel in LA for the night, and I haven't yet looked into prices for that.

The main reason I'm making this post is because the prices that I'm seeing posted on StudentUniverse and STATravel aren't on the actual airline websites or SPI's website. Is this normal? Also at least STAT seems to have 1 or 2 student cards that I have to buy in addition to get the student price, $25 each? Do I actually have to buy these cards? Has anyone bought through them before? I can't even tell if I'm going to actually get a ticket for sure if I buy through them. How do I tell if they're a scam or not?

Aside from that, if you have advice on getting my things to college that would be helpful. I assume shipping is the way to go if I fly, but maybe checking bags is better/cheaper? I question how I would get my ukelele, bulky PC (custom built desktop), and fireworks to college. I think fireworks might be impossible as I know that won't go over for a flight, and assume it's the same with shipping through UPS/FedEx/USPS.

TL;DR:", Are StudentUniverse and STATravel legitimate? Should I ship my things to college or check them as bags for a flight?
109,"SUBREDDIT: r/travel

TITLE: Need Tips for Saving Money on Resort Vacation

POST: In about two weeks, I'm headed to the Bahamas for a much-needed vacation and a friend's destination wedding.  The problem is, that over the last few months, all my careful financial planning and saving went down the drain since I got a new job that actually pays me less than what I would make on unemployment. So, all savings are gone and I'm left to take this trip with whatever money I have left over after I pay rent this month.

So, obviously I have to save as much as I can while on this trip. My question to you is, what are some of your best tips for saving money while traveling? 

A little about the trip:

The bride and groom have covered the airfare and lodging for now (I have amazing friends and if I ever do anything great with my life, I'll dedicate it to them).

I'm going to be in the Florida Keys for 3 days and in the Bahamas for 7 days.

One of these days will be a wedding, so the food and booze will be covered that day.

This is a resort island. Once I'm there, there'll be no leaving. 

Seriously, I don't know how much I'll have. It could be as little $300.

TL;DR:"," I'm going on a 10-day resort vacation absolutely broke. Give me your money-saving vacation tips, please."
110,"SUBREDDIT: r/travel

TITLE: Passport Insanity: United States to China Edition

POST: Hello, r/travel:

I recently competed and won in a virtual reality shooter tournament for an experimental game developed by a studio in China. They are super eager to fly me over after seeing videos of me sperging out and going full tryhard. I probably looked like a lunatic with a bucket on his head, since I was shouting orders like I was getting ready to personally love to death each and every enemy combatant, which turned out to be mostly little kids. It turns out, that was the easy part.

The hard part is, the trip is on the 30th. Yeap. This month.

So now, r/travel, I need a passport and a visa, tourist, expedited and ready to go by the 30th. I found one agency that did it, for close to a $1,000.00, a grandarino.  I booked an appointment for Saturday morning. However, they seemed like they might flake as this all runs according to whether the Fedex truck decides to be particularly timely on all dates when my papers are being shipped all over the U.S., and then back to me.

Can someone PLEASE help me by advising me of the most likely route to get my papers on time? I am a United States citizen.

The tournament will be during a huge international tech expo in China, and a Chinese celebrity was invited to announce the tournament. Oh, and did I mention the grand prize is $10,000.00? Between this and shooting little kids in the most legal way possible, this is more than enough motivation for me to want to go.

Please, please, please, I beg for your advise.

TL;DR:"," What is the fastest way to get a passport/visa for a tourist stay in China, that is also reliable? Time sensitive, trip is on the 30th of December. I am located in Miami, FL."
111,"SUBREDDIT: r/travel

TITLE: A friend and I are flying into LA from Ireland and staying 30 days! Need advice on a few things!

POST: As i said, me and a friend are flying to LAX from Ireland on the 15th June and staying for a month! We plan on renting a car for the month! We are both 24 and not 25 until september! So i believe renting a car will be slightly more costly. Is there anyway to talk them round on cost or will they be strict? Is it better to avoid renting from the airport?

I have purchased tickets for WWE Money in the Bank (I know, i know.. but its a childhood dream) which happens in Vegas on the 19th June so we will be heading there first. Any wreslting heads that can give advice on my first PPV would be great without me clogging up /r/SquaredCircle.

We have a cousin in San Fran who we will visit and we plan on going to San Diego with him for the 4th of July, other than that we have no real other plans and are going to plan as we go along!

Any tips in general for two Irish guys that like to drink and will talk to a wall if necessary? We're pretty frugal so any cost savours are welcome. Are there hidden costs in stuff we wont realise til we get there? we dont mind sleeping in the car or pitching a tent if we must.

Thanks in advance :)

TL;DR:"," Two Irish guys want to rent a car in LA for a month and visit Vegas, San Fran, San Diego and mayb Tijuana. General tips and cost measures!"
112,"SUBREDDIT: r/travel

TITLE: Thailand Pro Tips?

POST: I just booked a flight to Bangkok from June 7 - 28.  I am a 28 year old single canadian male and will be travelling with my buddy of the same demographic.  My brother is a journalist in Phnom Phen Cambodia and I'm going to visit.  I do not have any accomodation booked, nor do I have any plan as to where I will be going.  I am thinking about staying in Bangkok for about a week and then renting scooters or something and travelling around to different parties and islands, etc.  Not too sure if I want to go to Phnom Phen or not.

TL;DR:"," If anyone has any pro tips on accomodation in Thailand, where I should go and what I should do over 3 weeks would be great."
113,"SUBREDDIT: r/travel

TITLE: /r/travel Help me plan the perfect Eastern Europe Vacation!!!

POST: I live in Austin, TX.  I have an old friend who is Hungarian--I grew up in Dallas, she went to grad school there (at SMU).  She is now in Budapest teaching English to middle schoolers.  I am about to buy round trip tickets (Austin-Dublin, then Ryanair Dublin-Budapest) for the two weeks of 5/21 to 6/6.  

There are two purposes of this trip:  1) I am finishing my first year of graduate school and need a break 2) I am interested in finding out if I can get a job either teaching English or working administration at a university (my degree, in May of 2011, is going to be a Master of Education).

My plan as it stands right now is this.  I will fly to Budapest, check it out.  I will buy a rail pass for Hungary, Croatia, Slovenia.  I want to check out some/all of these cities: Pecs (in southern Hungary, there are some universities there), Zagreb, Rijeka, Dubrovnik, Split (all in Croatia), Ljubljana, Trieste (in Slovenia) and maybe make a trip Cluj, Romania or Vienna.

I want to find places that are off the beaten path...I can't get excited about Prague or Vienna, I want to avoid places that American tourists frequent.  I really do want to investigate what it would be like to try to find a teaching/admin job in one of these countries and get a feel for what it would be like to live in this part of the world as an expatriate.

TL;DR:"," American flying to Budapest end of May/beginning of June.  Interested in adventure/looking for a teaching job in Hungary, Slovenia, Croatia, Romania or Austria.  Advice?"
114,"SUBREDDIT: r/travel

TITLE: Debit Cards (especially TD Bank) abroad

POST: I have TD Bank US.  My chip-less debit card works in many countries, but not Czech Republic, Austria, The Netherlands, and Hungary.  This is due to TD Bank being part of a very small ATM network.  While it works universally in the United States, this is not always the case abroad.  I have just found a solution:
* call your bank and request a debit card with a chip
* check VISA for their ATM locations.

The second point here needs some explaining.  In much of Europe, Debit Cards with the VISA insignia can work at and VISA-branded ATM, but only if they have a chip.  I thought my card was damaged, as ATMs were simply not accepting it.  Once you have your chip-card, there are two ways you can check for VISA atms.  Some of them will work with chip-less cards, but ALL will work for chipped cards.  They can be found:
* in a browser: [VISA ATM locator](
* on mobile: download the Visa Travel Tools app, by Visa Europe LTD.  It does not matter if you are actually based in the US.

I did not know this was even a thing, nor did the 10+ TD Bank customer service representatives I called from Netherlands, Czech Republic, and Prague.  I wish someone told me this before I traveled across Europe.

TL;DR:"," TD Bank Debit Cards (and possibly others) don't work in many countries.  Make sure your debit card is VISA-stamped and contains a chip, and check VISAs website for compatible ATMs."
115,"SUBREDDIT: r/travel

TITLE: 30th Bday, Big Trip, Want Advice - Details Inside

POST: Ok, for my 30th bday, my wife and I get to take a BIG trip and I'm looking for suggestions on where to go...  We have about two weeks.  I've been lucky enough to do a fair bit of travelling and have been through Francy, Italy, Sweden, Norway, the Netherlands, England, Morocco, Viet Nam, Singapore and the Caribbean.  

We live in the Northeast US, and I'm not interested right now in going back to Europe (will be doing that later, on a smaller trip) but am open to pretty much the rest of the world, although most of what I'm looking at right now is in SE Asia - Cambodia, Laos, Bhutan, Bangladesh.  I'm fascinated by going to Mongolia.  South America doesn't hold much allure for me, but that's mostly b/c I know almost nothing about it.

We were in Viet Nam last October and loved it.  Loved the people, the food, the scenery and being slightly out of our element.  But, I kept wishing the whole time that we had been there 10 or 15 years before - before the tourists, before the expectation that b/c we were white and western we had money to give away, before every stall in the local market was selling the same touristy stuff.  We were also primarily in the main cities, which I do eventually get overwhelmed by.  

I want to go away, far away.  I'd like to do a day or two in a couple of cities, I'll try eating virtually anything (but my wife can't eat meat), I would prefer that it not be blazing hot or freezing cold but can deal fine with each.  

I do not like being around abject, crushing poverty, particularly in cities (ie, I do not want to go to the slums of Mumbai).  I don't want the entire trip to be about seeing shrines and temples.  I do not want to be worried about safety the entire trip (I do not, however, have a problem with being aware about surroundings and making prudent decisions).

TL;DR:"," big trip coming up, want to go far, far away and do something entirely different.  Two weeks - where would you go?"
116,"SUBREDDIT: r/travel

TITLE: I'm spending a month in Italy. Any last minute suggestions?

POST: I recently graduated college here in the fine city of Charleston, South Carolina, where I majored in historic preservation. Early American architecture is classically inspired, so for the past three years I've planned to go spend a month traveling Italy to see the many sites that I've studied so much about and the time has finally come. 

From September 3rd to October 3rd, my girlfriend and I have our entire trip booked between airb&bs and hotels. Here's where we will be going in the following order.

Paris - 2 days (flying off a layover), 
Venice - 4 days, 
Florence - 5 days (possible day trip to Pisa or Lucca, 
San Gimigano - 2 days, 
Siena - 2 days, 
Rome - 5 days, 
Pompeii - 1 day, 
Positano - 4 days, 
Capri - 1 day, 
Naples - day and fly out. 

We both work in the food&beverage industry so we're planning to eat and drink our way through this country as best we can. Aside from the obvious sites and 'must do's, our trip is pretty open-ended.  We're completely fine on just getting lost and exploring these cities and towns, but with only two weeks our from our departure, we'd love to hear some feedback.

TL;DR:", if you've been to any of the Italian cities/towns listed above and have had some memorable experiences please share. Thanks!
117,"SUBREDDIT: r/travel

TITLE: How should I fly frequently? (x-post from /r/Frugal)

POST: In December I will be moving from Maryland to Spokane, WA. My young daughter is staying in Maryland, so I plan on, starting in January, flying from Spokane (GEG) to Maryland (BWI or PHL preferred) at least once a month for a weekend with my daughter. I'd also like to bring her back with me a couple times a year (meaning 3 round-trip flights: I'd fly to MD to get her. We'd both fly to WA, then I'd fly back to MD with her, then fly back to WA alone. Not cost-effective but she's not even 3 and her mother and I are both MUCH more comfortable with it this way), and have extra trips for holidays, etc. I'm thinking around 20 round trips a year? I'll be making enough money that I should be able to do this without too much strain, but I really want to do whatever I can to ensure that I'll be able to see my daughter at least once a month.

Any tips or advice for this? I'm primarily asking about frequent flyer programs, I suppose. Should I pick one airline and stick with them for every flight, even if some months they aren't the cheapest? Which airlines are best for this? Which airports? How much chocolate should I bring to bribe the flight attendants with?

Any advice you can give me, at all, is GREATLY appreciated!

Frequent Flyer Credit Cards are not an option (as far as I know) because my credit is SHIT and I doubt anyone would approve me for one.

TL;DR:"," recap: flying out of GEG. Destination northern MD, so BWI or PHL are preferred, but Wilmington and DC could work, too. At least once a month, would prefer more like 20 rt flights a year."
118,"SUBREDDIT: r/travel

TITLE: I am hopefully going to be traveling in May. Which places are a must?

POST: I am an 18 year old kid who has been dreaming of going to Europe and experiencing the history, the different lifestyle, the beauty and the incredible atmosphere. I live in Edmonton, AB, Canada!

**Places I and my Group will be traveling to:** We're looking at France - Netherlands - Germany - Switzerland - Italy - Greece. Where else should we go? Obviously we have a few specific cities we'd like to head to; Paris, Nice, Amsterdam, Munich, Berlin, etc. 

**Length:** Thinking about 4-6 weeks depending on costs, etc. 

**Budget:** Looking at spending about 5000-6000 (including flight, I've looked at the flights and it's about 950 for a round trip to Paris and back when we're done, which means we need to head back to Paris at the end.) Not sure if that's too little amount, we're just 18 year olds!

**Interests:** From museums and sightseeing, to the nightlife. I myself am really interested in the Paris Catacombs, Louvre, Vatican City, Hitlers Bunker, Anne Frank house, etc. But I am also down for the nightlife because I love EDM music and I hear the music in Europe is incredible.

**Where to stay:** We're looking at hostels, they're cheap and affordable! 

So yeah if you need any clarification on the trip let me know, it's not set in stone yet because I am the only one with a goodish paying job, one of my friends is in school and working so he doesn't know if he can get the funds, my other friend has a hard time getting jobs, the other guy probably can get the funds but he also wants to get a new car. It's just things like that, that might push the trip to next year which would bum me out more than anything. Help me out guys!

TL;DR:"," Basically where should we go, what should we see, what is a must, restaurants to eat at, places to stay at, clubs to go to, places with good beer. Help me have a good time!"
119,"SUBREDDIT: r/travel

TITLE: Language classes in Madrid (and where to stay)?

POST: Hello, I posted something similar in [/r/Madrid](/r/Madrid) but in Spanish, so if you've seen this already, I'm sorry!

Anyway, I'm planning on travelling to Madrid this summer (I had posted a while back about Madrid or Barcelona).  I'm going on a tour of Spain with my grandma, but I'm thinking of heading out there two weeks earlier to help me learn the language.

I have seen a number of schools that offer intensive classes that you can take for short amounts of time, with start dates every Monday (so I'd try to arrive on July 1/2 and then my tour with grandma starts July 14 I think).  Has anyone taken classes like these?  The ones I found were AIL Madrid and International House, although I know there are tons of others, which brings me to my first question: **Which language school should I check out in Spain?  Or, which one(s) should I avoid?**  Also, I'm not an absolute beginner; I've been studying Spanish for about 5 years, but I can't converse, but I could tell you (written) ALL about Cervantes and Dalí and Los Reyes Católicos... 

And I know there are tons of different accommodation types that I can have.  I am not sure if I'd want to be in a student residence or doing a homestay/host family or something else.  I'm 23/f/Canadian (well I'll be 23 when I go ;) ).  I drink, but I'm not into drugs/smoking anything if that makes a difference.  **Should I do a homestay or student residence or something else?**  Have you done either/both?  What were your experiences?

One last thing: **I need to keep the class+accommodation under 1000€ for two weeks** (food, transportation to Spain and spending money is coming from somewhere else, although if I have to use public transit to get from home to school I need that factored in).

Does anyone have any stories to share about their experiences with this sort of thing?  I'd love to hear stories and get an idea of what I'm getting into.

Thanks for reading my essay!

TL;DR:", do you have experience with language schools in Spain?  Homestay or student residence (or other)?  Tell me your experiences
120,"SUBREDDIT: r/travel

TITLE: Seeking Advice on Planning a Caribbean Honeymoon for January 2012

POST: My fiance and I are about 5 months away from the wedding and are thinking now is a good time to start planning our early January honeymoon. We're looking to go some place where we'd be able to get away from the cold weather, enjoy the beach, and do a few fun activities (e.g. horse riding, swimming with dolphins, scuba diving, etc). 

Our budget for the whole affair is flexible ($3k to $5k) and we're trying to make it last as long as possible (5 to 7+ days).
We've done some research and found a few all inclusive resorts that looked reasonable, however, we feel like there's a TON of information/options and it'd be great to hear from someone who's already done something similar. Right now we're eyeing all inclusives in Punta Cana as they seem to be the simplest and most complete deal, however, we not committed to anything.

We'd love hear of any trip suggestions, similar experiences, or any advice more seasoned travelers can share. Ideally, it'd be great to get some solid resort/hotel recommendations, islands to consider, activities suggestions, and cost-cutting ideas. 

If you have any questions about what we're looking for please ask! Thanks for your help!

TL;DR:", I want to go somewhere beachy for a January 2012 honeymoon. Currently considering the Caribbean but not sure where to start and how to tackle research. Hoping for advice!
121,"SUBREDDIT: r/travel

TITLE: Mom was diagnosed terminal in October and wants to go on a cruise. Help!

POST: My mother has been fighting breast cancer for the last two years and has just been diagnosed terminal (approximately 1 year) in October of 2012.  I was living in LA for the last 5 years and moved back to Michigan in order to be around the family.  Since I have been home she has expressed a few different things that she would like to do if she is truly living out the last year of her life.  The one thing that she seems to really get excited talking about is going on a cruise as a family.  I am getting a decent tax return this year and would like to surprise her, my dad and sister by booking a cruise.  I am looking for unique experiences at a somewhat reasonable price. I haven't ever been on a cruise, don't have any experience planning for one and need some help. I am 27, my sis is 25 and my parents are 53 and 51 years old, so I am looking for something that will be a good time for all of us (Gambling, Clubs/Bars, Pools for my sister and I but also relaxing for my parents) Where are good places to visit? What has been the most relaxing cruise experience you have ever had? What are good places to look for deals?

Thanks for your help!

TL;DR:", I need help finding a unique and relaxing cruise experience to take my family on and surprise my mother with a dying wish.
122,"SUBREDDIT: r/travel

TITLE: Is it worth it to prepay for Gas when renting a Car? a short study (US)

POST: This may be just USA, but Car Rental reps will ask you this question: Do you want to prepay for the gas? We charge so less than the normal gas prices..you can bring back empty...<< insert siren song>> 

I thought about this a little too much. In the end i decided to do a hypothetical study. If the local gas price is 2.48 (current lowest in my area) and hertz says you can buy a whole tank for 2.00 per gallon, should you go for it? For this study i assumed a full-size car -nissan altima which has got avg. 33 MPG for a city-highway mixed trip, and has an 18 gal gas tank. I checked the situation for different lengths of trip. from 200miles to 1000 miles. 

You can see my calculations on google sheet: 

Feel free to check and question my findings. I would like to know this too. 

From my calculations, it seems that if the number of miles drivable on a full tank of gas is less than your total miles to be driven, there is no financial point in prepaying for gas. So the more you need to drive, more sense it makes to buy that gas.

Caveats: 
1. You are returning to an airport and saving time on return trip is paramount.
2. If you are going to travel through some areas with much lesser gas prices as a norm, better gas from there when you return. (Gasbuddy is your buddy).

TL;DR:"," In most cases, if you are driving more miles than a full tank will take you, prepay is a good option."
123,"SUBREDDIT: r/travel

TITLE: I have £12k saved up and I've never left the UK. My dream is to travel Asia for as long as possible. Can anyone share their experiences and offer advice on how to do this with what I have?

POST: So to expand a bit more on the title:

I want to travel the world, but my dream has always been to visit various parts of Asia, including China, Japan, Thailand, Vietnam, Malaysia and so on. I want to actually get the most out of these places though. While it would be nice to see some tourist places, I want to immerse myself in the culture. The bits behind the scenes that a typical holiday-goer wouldn't get to see, and experience some truly unique and beautiful locations.

I have a lot of ""stuff"" in my house, so although I have £12k saved I expect I can increase that if I tighten up on my spending and start selling possessions that I really don't need.

I'm open to the idea of backpacking and making various stops as I go, but the idea of this feels a bit daunting at this stage. I have lots of fears like, what risks am I likely to encounter? i.e., what risks to being attacked or mugged? What happens if I get sick? And so on.

I've been looking up some sites online to help me with this and I've found 2 in particular so far that seem quite useful. But again, as someone who has never done this it's hard to really verify the authenticity of them. Here are the links:

Ideally, what I'm hoping for is that some of you might be willing to have a 1-to-1 chat to talk to me about your experiences, to help me consider things that I might not think about before going, and to help guide me to useful resources that can help get me prepared. 

I'm happy to add anyone on Skype if you drop me a private message.

Thanks in advance

TL;DR:", Never travelled; want to. Got a starting budget of £12k. Asia is the goal. All advice welcome. Would like to consider disappearing for a few months to really immerse myself. Would consider backpacking. HELP!
124,"SUBREDDIT: r/travel

TITLE: Egypt Travel - Is It Safe? Any Ideas On Where to Go?

POST: Hi All,

I am a 23 year old male, planning a trip to Egypt in mid to late January (1-2 weeks long) and I am currently working out my itinerary. I really want to go to Cairo, but I just saw this video this morning, and holy shit... 

[Video Link](

I have a pretty good head on my shoulders / a definite sense of adventure, but now I am having second thoughts given the environment. I really want to see Cairo for the whole mega-city experience / great archeological finds, so this bums me out. I was also planning on going to Luxor and Dahab, (but I feel like I would need to go to Cairo to get to Luxor anyway).

I guess what I am wondering is this: have any redditors been to Egypt recently or knows someone who has? What are your thoughts? Should I avoid Cairo altogether? If not, where would you go instead?

Current itinerary: 
Dahab - 3-4 days
Cairo - 2 Days (on Hold)
Luxor - 2 Days

TL;DR:", Planning a 1-2 week trip to Egypt. Wondering if I should visit Cairo given the current environment? Where else would you recommend I go?
125,"SUBREDDIT: r/travel

TITLE: Planning a trip to Europe and the UK soon! I have a couple of questions about prescriptions and weather.

POST: Thanks for reading! My boyfriend and I will be headed out (from the US) for about the second half of October. We're flying into Dublin and out of Barcelona. We are definitely hitting England, Scotland and France, and other areas that aren't set in stone yet are Germany, Switzerland, the Netherlands, and possibly travel through some other places like Belgium/Austria/Italy on train or something to get between those areas; we aren't sure exactly yet.

So here's my main question: does anyone know of a good resource about rules for prescription drugs for these countries? I have read that you should carry a doctor's note or prescription for all the drugs you are using, so we will have that, but I just want to be sure we don't run into issues. The main one I'm worried about is ritalin. The other two we will probably be carrying are just generic zoloft and xanax; not sure if xanax will give any trouble.

Finally, any advice on what to expect weather-wise would be appreciated. I've done some research but mostly just found things like ""it varies a lot"". We will definitely be bringing raincoats and layers to wear...should I even bother with T-shirts/shorts or is late October too late for that? Maybe just one set for Spain? We're trying to pack light and only bring one big backpack and two carry-ons.

TL;DR:", Should I expect issues carrying ritalin/xanax in Europe/UK? Where can I find out? How chilly/warm will it be in mid-late October? 
126,"SUBREDDIT: r/travel

TITLE: Road trip Victoria BC to California

POST: Driving from the Island to Cali and looking for good places to see. We are kinda winging it, looking for good sights to see. The preliminary plan is an 8 day road trip, leave Victoria and catch the ferry to Port Angeles, drive to Portland and stay a night or two there. Then drive down to California along the coast - really no idea if this is a good way to get there but would prefer a scenic route if possible. Then spend 4+ nights in California wherever we decide to go. This is where we are looking for guidance the most. San Fran is the plan but we are open to anything.

Any and all info is welcome, we are trying to keep costs down. At the moment we are googling hostels on hostel world  and adding up costs but we'd like to explore our options. Thanks!

As for what we're looking for not too picky at all. Looking to see the sights and have a few nights out. Planning on staying at hostels whenever possible which seem to range from $45-65/night. If someone could confirm that that is a typical price that would be a great help. Cool places, restaurants, hostels, anything is much appreciated.

TL;DR:"," Two guys driving from Victoria to anywhere in California over 7-9 days. Looking for things to see, places to go, hostels to stay at"
127,"SUBREDDIT: r/travel

TITLE: Need rail advice - budapest, prague, berlin, amsterdam

POST: Booking my first euro trip and I've got everything set except for the trains. The trip is from may 20 to june 5 and apparently booking trains more than 60 days out isn't possible.

I was able to use bahn.com to figure out the fare from berlin to amsterdam (~$57 each, there are 2 of us). You can't book anything on that site for travel between the other two cities. RailEurope.com is showing fares averaging $150-250 per trip which doesn't really even make sense.

I've read that trains between these cities (7 hour trips) can be booked for something like 60 euro. Should I just count on booking the day-of at the station? We've already booked our lodging in each city so fucking up/not getting a train and losing a day would be a problem.

A lot of people talk about the eurorail passes (forget the name) but apparently they usually end up being more expensive. And we don't want to drive/fly/bus it.

TL;DR:"," I need a reasonable site to book rail travel, unless figuring it out at the station the day-of is recommended."
128,"SUBREDDIT: r/travel

TITLE: My girlfriend is going to several countries in central/southern Africa. I need advice.

POST: Hey guys. Let me get straight to it:
My girlfriend is 21 years old, Swedish and has never travelled alone before, ever. She is dead set on going to Tanzania, Uganda and South Africa (among other countries) at the end of the year over a 6-12 month period. She is also adamant that she will do this alone, so she won't travel with a group of people or an organization. This has been a dream of hers for a long time, and as usual, she tends to see past the uncomfortable stuff when she really wants to do something.

**My question is if you guys can provide me with an as unbiased account as possible about the facts around travelling these parts of Africa as an alone, young western woman who isn't used to travelling alone at all?** (or even in a group, she hasn't done that either outside of a few european cities)

A couple of things: she wants to climb Mt. Kilimanjaro at one point or another, which means that she will travel with a lot of expensive gear that she has already invested in. Of course, this irks me.

I feel like such a cynic and an asshole for thinking and worrying so much about this trip of hers, but I can't allow myself to make the mistake of not questioning it either, hence this post. Looking around the web gets me nothing more than racist remarks and the odd blog that says ""come over, it's all great and wonderful"". Has anyone done this? Am I overthinking it? Please put my mind at ease, or tell me to talk to her about it. I don't want to ruin this for her, but I'm worried you know.

Thanks beforehand.

TL;DR:"," GF wants to travel around central/south Africa alone over a 6-12 month period. Western girl, 21 yrs old, has anyone done this? Is it a feasible idea, or just naive?"
129,"SUBREDDIT: r/travel

TITLE: Need guidebook and travel tips for New York and the West Coast

POST: Hello! A friend and I will be travelling to New York for about a week, then we will fly to LA and end up in San Fransisco somehow where I'll travel home. The entire trip will last a month, and will be without a car as neither of us can drive. We wont bring a tent either. Neither of us have been to the US before.

I've been looking around for guidebooks, specifically Lonely Planet, but a few searches quickly made me realize there are other great resources like Rough Guides. Which should I get? 

For Lonely Planet, there are so many books to choose from. Travel guides, pocket books, ""Make My Day"". I don't know which to choose. We haven't done much planning for the trip and we're expecting to sort of wing it once we land. Should I buy travelbooks specifically for LA, New York and San Fransicso? Or maybe exclude New York and get one for just California or the entire West Coast? (My friend will probably hit Seattle as well, and we might go to Las Vegas for example).

We'll be carrying the guide book(s) with us in our backpacks, so I assume a huge thousand page book is out of the question. We sort of just want good information on what to do once we're in the city. We will both take with us a smartphone (and possibly a tablet) so we could use that if free wifi is widely available. What are your thoughts on that?

I heard that LA is a terrible city for public transporation. Do you guys have any advice regarding that? Can we get around with taxis or Uber for a decent price?

TL;DR:", Which travelbooks should I buy for a month trip around New York and California/West Coast? Should we expect terrible transportation in LA (and elsewhere for that matter)?
130,"SUBREDDIT: r/travel

TITLE: A happy ending.

POST: I have been traveling Europe since late May and on a whim ended up in Montenegro.  It was the best four days of my trip so far.  The country is amazing and the people are incredibly kind.

Yesterday I decided to venture from my hostel in Kotor to the Skadar lake in southern Montenegro.  It is about 100 km and took about two hours to get there via bus.  It was beautiful and I ate freshwater fish at a lovely restaurant for 5 euros.

I had a great day and was on my way back to Kotor when I realized I didn't have my camera. In a panic I thought of the last two months of pictures that had yet to be uploaded and the next three weeks of my trip that would go undocumented. 

Fairly sad, I return to the hostel and the receptionist immediately knows something is wrong.  I explain the story and he is sure that I'll get it back.  I describe the area I was in and he knows the place I ate at because it was one of the few eating establishments in the national park.  He calls and they have it, the owner of the restaurant says he is going to take it to the other hostel in the capital city of Montenegro, Pogorica that night.

Once my camera was at the other hostel, they said they were going to put it on a bus up to Kotor in the morning.  

In the morning, I got my camera and restored my faith in humanity.  I am fairly certain that in any other country, my camera would have been lost forever but the absolute kindness of montenegrans returned my camera to me less than a day later.

TL;DR:"," I left my camera in a restaurant in Montenegro, 100 km away from where I stayed and got it returned to me."
131,"SUBREDDIT: r/travel

TITLE: Need advice for a europe trip in winter

POST: Hello, I am really keen to do a trip to europe at the end of next year (its like a million years away but I need to save after my trip to asia this year) but I've just got a few questions about that time of the year, and travelling europe in general. Unfortunately it's pretty much the only time of the year I get a decent enough holiday to spend bulk time travelling (Australian Student)

- Has anyone done europe at this time of the year (mid-November - February), how did you manage it weather wise? obviously it means packing more heavy winter clothes. Obviously its the off season, did you find it annoying?
- How long did you spend over there? I have to go to Norway and Spain because I have very good friends in both those places, so the plan was flying into England, going over to France, working my way down to Spain, heading over to Italy, back up the guts through Switzerland + Germany, Through Denmark to Norway and down maybe back down through Amsterdam and Belgium to Fly out of England, or maybe fly out of Amsterdam.. It's a pretty loose plan so open to ideas
- Budgets? just that, how much do you need for a month or two in europe.. obviously Norway is super expensive but I won't need to pay for accommodation (or in Spain)..

TL;DR:"," want to go to europe, what's it like in winter, how long should I spend there and how much should I budget..."
132,"SUBREDDIT: r/travel

TITLE: What destinations could you recommend me in the Phillipines?

POST: I'm going to visit an old friend in HK, and I don't have too much time off work, nor the money to go for too long. But we're trying to fit in a brief jaunt to the Philippines. I'm only going for 10 days-ish. So I was wondering if you guys could recommend me a destination in the Philippines, that is easy to access from HK, i.e. shortish flight times and simple transfer, that offers all or some of the following things:

* Nice beaches. White sand, clear blue water, decent snorkelling, maybe some rock formations, palm trees. That sort of thing, not necessarily all of that though.

* A reasonable amount of night life.

* Adventure activities e.g. possibly some fishing, hiking, kayaking, boating, that sort of thing.

That's all really. I'm not too fussed about being too authentic, or getting off the beaten path necessarily, as I don't have the luxury of the time or the money to do that this time (I've got my sights set on Palawan in the future). I'd just like somewhere I can get there and back within 4/5 days from HK that reasonably matches our requirements, without wasting too much time on planes or having to cut it extremely fine with transfers to make our flights on time. Boracay looks reasonable, but from HK you're looking at a 6/7 hour flight without transfers, as I'm struggling to find direct flights to Kalibo. Perhaps you could recommend any airlines or routes that would enable me to get to one of these destinations better.

I did do a brief search on /r/travel but it didn't bring much up of use.

Thanks in advance for your help. I don't need you to go into too much detail, even if you could just fire me one word answers or a quick sentence, I don't mind doing the rest of the research myself. It's just there's so many islands it's a bit confusing to someone not au fait with Philippine geography.

TL;DR:", Looking for somewhere that's easy to get to from HK but has a decent bit of nature and some night life. Might not even be the Philippines. Preferably not Thailand though. Thanks again.
133,"SUBREDDIT: r/travel

TITLE: We're 2 guys RVing around the U.S. filming an amateur survival web-series.

POST: Late one night we were talking about how we would love to see the world and how life changing it would be to take a road trip across America. Soon the topic of camping came up and we had a laugh about which one of us would be eaten first if we had no food and how hard it would be to start a fire. Suddenly, a moment of clarity, what if we tried everything we've learned from survival shows and put them to use? We had to wonder just how effective most of the things we learned on survival shows would be to everyday folk like ourselves. So we want to put it all to the test, everything we've learned will now be put to use in real situations. We decided we would record this all and make a funny web series out of it but at the same time make it educational for everyone.

Fast Forward 9 months and now we're here, February 27. We've been working hard to save up all the money we can up to this point. We realized now that this would be a lot more expensive then we anticipated. We've bought an RV, which was definitely the largest investment, and most of our camping gear as well. We've set a deadline for mid-June at the latest to start our travels. The most scary part of all is the thought that we won't be able to meet this deadline. 

We've opened up a kickstarter account with some pretty nifty rewards (at least we think so) and invite all of you to be a part of this trip as well. All the kickstarter funds will be used for cameras, production equipment, and the web-series solely. We wish to thank everyone whether you can lend a hand or not, we'd understand. Doing something as simple as spreading the word or upvoting can help just as much as donating a dollar. 

We hope that this idea will be something that reddit will find interesting. We'd love to hear any feedback you guys might have, whether it be a suggestion, a question, or just to say hi.
Have a wonderful day reddit and thank you for taking your time!

TL;DR:", We're 2 dudes driving around in an RV throughout the U.S. looking to film an amateur survival web-series and would appreciate any contributions to help this idea flourish.  
134,"SUBREDDIT: r/travel

TITLE: Need help finding a way to stay in Italy/Schengen zone for 6 to 9 months

POST: My boyfriend and I (both American) are graduate students and he is an exchange student going to Padua/Venice,Italy for 6-9 months. He would like for me to join him, but we're running into issues with a visa for me.

I do not plan to have a job or take classes. I plan to stay in Padua with him, but travel.  I will be on a leave of absence from my degree program in the US. 

What I'm looking for is a way to by-pass the 90 day rule- a visa of some sort, but what?

My first course of action is going to be asking his University in Padua to help. Will they be more willing to help if we're 'engaged'?

If that doesn't work, does some Shengen country offer a tourist visa for >3 months?

TL;DR:"," Boyfriend studying abroad in Italy, we don't want to be separated & need to figure out how I can bypass the 90 day rule. "
135,"SUBREDDIT: r/travel

TITLE: Traveling off the beaten path: The best small towns in the world.

POST: I am looking for the best small town you have ever found. I am traveling this Christmas (no idea where to yet) and prefer small towns over large cities. My bf and I like to fly into large cities, stay there one day, then drive to a smaller city or town. 

Last year we flew a red eye from Philadelphia to Madrid, landed at 5am Madrid time, checked into our hotel for a nap until 10am. Went sightseeing from 10am until we left a bar around midnight. The next morning, around 11am we rented a car and drove three hours to a small down called [Villabuena de Álava] and stayed at [Hotel Viura] This town had 300 people and **48** wineries. Close by was [Laguardia] another beautiful small town. 

The following day we drove to Barcelona, stopping off to see Zaragosa along the way. We spent one day and two nights in Barcelona before driving southwest to [Teruel] where we stayed in a hotel sooooo tiny that the hotel owner took us down to the basement to show us the underground tunnel that ran under the city streets to a church. 

The next day we toured Teruel a bit, then drove back to Madrid for New Years Eve. It was the best trip I've ever had, and I'm looking to repeat it in another country. I loved Madrid, Barcelona was nice, but the small towns in between and driving through the Spanish countryside is something I will never forget.

TL;DR:", Has anyone ever been off the beaten path and stayed in small towns throughout the world? Which were the best? The Worst!?
136,"SUBREDDIT: r/travel

TITLE: Best of brocation for Europe in September?

POST: Been to Europe many times before. When I am left to my devices planning a trip I always gravitate towards, a culturally enriching, romantic getaway. This has lead to some awkward circumstances with my bro friends. 

Last time we were in Paris, and my friend asked me ""is this a date"" as we took our romantic river cruise down the Seine. 

This time will be different! I am charged with showing my bro a good time for 8 days of debauchery on his first trip to Europe, in mid September 2016, and God dammit I want to make sure he doesn't think I am waiting for the right time to pop the question. 

Caveats: we are both pretty fancy, and firmly into ""hello fellow kids"" mid 30s. So puke stained never ending EDM dorm hostel is not what I am looking for. 

Just wondering what a good reliable trip would be if your main goal was strictly to have a rowdy time. So far I am leaning 4 days Amsterdam, and 4 more days in London. However world is my oyster money is no object, and I am open to anything.

TL;DR:", where would you take your male buddy if your SOs gave you carte' Blanche to run wild in Europe for 8 days unsupervised.
137,"SUBREDDIT: r/travel

TITLE: Portugal in January: Lisbon & Porto or Libson & Madeira?

POST: Time and cost wise there's not much difference for me. I've got a week off work from Sun 17th Jan.

I like nature, beaches, swimming so I'm keen on Madeira as it's warmer at that time of year. However, it's far from guaranteed to be warm, and if the weather's not great then I imagine there's not so much to enjoy there.

Porto seems the safer option as being a city there will be a lot of stuff to do regardless of the weather. I'm a big fan of food as well, and especially markets. I hear Porto has a great market, whereas Lisbon does not.

Also torn on how much time to split between the 2. Heard such good things about the food in Porto so I think I'd be happy to spend more time there than most people.

TL;DR:", Is the weather good enough in Madeira in Jan to make the most of it or would a city trip be more reliable? Should I split 3 nights in Lisbon and 3 nights elsewhere?
138,"SUBREDDIT: r/travel

TITLE: Wanting to visit France from Canada

POST: Hey guys, thanks for taking the time to read this.

I have the opportunity to visit a buddy in France for a week, everything taken care of, all I need is a ticket. Got my passport done, bags packed, and then I remembered one last thing.

8 years ago I made a stupid mistake. I got Peace Bonded for uttering a threat. I was not convicted of a crime, upheld the requirements of my Peace Bond, and the bond itself was up 7 years ago.

I have a record of being charged, but not convicted, of a crime, for which the charges where withdrawn, but still show on a search of my name. 

My passport was renewed just fine, everything else is great except this thing from 8 years ago I forgot about >.>

I'll be honest if questioned about it, and have the paperwork that shows I was bonded and not charged etc etc, but is it worth risking going?

From what I have googled, it will be harder to get into the states as a tourist than France, but with that said, I really don't want to be put on a plane back to Canada.

TL;DR:"," Was stupid 8 years ago, charged but not convicted, charges withdrawn but still appear as withdrawn if searched, is international travel possible?"
139,"SUBREDDIT: r/travel

TITLE: Looking to take a road trip around the US. What do?

POST: 22M in Northern California and I'd like to see the US. I've done very little traveling and never taken a road trip before except one from Norcal to LA and back. That really short road trip was one of the most magnificent experiences of my life. I got lost all over and found amazing things by getting lost. I had rough goals which, once attained were awesome but they were made infinitely more awesome by the journey to get there. I want to do this again but, this time, across the whole of the US.

Now, I don't need to see everything the US has to offer; I'm sure that would take years of slow travel. I'm saving up my pto and holidays and have at least 9 days that I can take off as is (which can be stretched creatively to about 2 weeks) and I'm gaining more little by little. I assume that this will be very expensive so I'll need to save for a while anyway, during which time I'll earn more pto. 

Now, again, I've never really done anything like this to anywhere near this scale before so I need all the advice I can get. Things like, how much money should I have saved up? How do I stretch the money on the trip but still get to experience the places that I go to? Where should I go? How long should I expect such a roadtrip to take? 

I love sampling foods and seeing sites and hearing stories. While I'm out, I'm also going to be looking for what certain areas are like to see where I might want to move to. Also, please note that I would like to do this as inexpensively as possible because saving up is rather hard for me currently so the more money I'll need to spend on this, the longer it will be before I can go. 

I should also note that I'll likely be going alone because most of my friends suck and the most adventure they want in their lives is found in World of Warcraft (nothing against the game but it's not an acceptable substitute for all of life).

TL;DR:"," trip around the US from Norcal (probably alone). All advice and help appreciated. I'm cheap so help there is awesome. Also, I like food."
140,"SUBREDDIT: r/travel

TITLE: Planning our honeymoon. Advice greatly appreciated. (X-Post from r/Thailand)

POST: Greetings and sorry for such a long post,

I am sure that this has all been hashed over many times in this sub and with a bit of searching and a little luck I could undoubtedly find the answers to all of my questions, but here we go anyways... We are planning our honeymoon trip for next year, probably around September or October (2016), as of right now we know that we will have a 7 day stay in Koh Samui (my parents are gifting us their Hilton Grand Vacation suite as a honeymoon gift), we will however be in country for 12-14 days and have yet to make any plans for the remainder of the time. 

For me, I would like a mix of off the beaten path/tourist fun.  For my wife to-be, she would almost certainly prefer a 14 day spa/beach session but she's excited to try new things as well (it is also the first time she will be leaving the country (USA) and she is understandably a bit nervous and incredibly excited).

* We were thinking of flying in to Bangkok and spending a couple days there.  Can you recommend any activities? Can we go to a Muay Thai fight? 
* We love to hike and would really like to spend a couple days taking in the beauty of the country as well.  How easy is this to do as far as getting to where we need to be? Are there any recommended must see hikes/attractions? Any cool temples or anything like that? 
* We absolutely love Thai food (one of the reasons we have decided on Thailand in the first place).  Beyond any recommendations for amazing food to eat, are there any other places of cultural significance in relation to the cuisine? I have heard of Samui Institute of Thai Culinary Arts and will be checking that out, any others? 
* Before I get into this one I would like to say that I understand DO NOT DO DRUGS IN THAILAND... However, whats up with the mushroom shakes or spliffs I have seen on what appear to be some local menus?

Really just looking for any recommendations as we are just starting to plan. Thank you all for your suggestions, help, and recommendations in advance it is greatly appreciated.

TL;DR:", Looking for some really cool shit to do before arriving in Koh Samui as well as while we are there.  Would love hiking recommendations as well as anything of cultural significance. What's up with the mushroom shakes? Thanks!
141,"SUBREDDIT: r/travel

TITLE: So I have Jan. 16th-23rd off for vacation and I have no plans.  Anyone have an idea?  Anyone need help with anything?

POST: So we have to pick vacation a YEAR AHEAD of time (I hate this about my job)  Anyway, so all my friends are doing stuff in March/April and well I have nothing to do.  My budget is about $700 and I live in Cleveland.  Ive been to every state East of the Mississippi and West Ive been to Nevada and Arizona.  Weather isn't great out east so outdoors stuff is limited, I'm looking for something to do basically for a week or so don't really care where or what. I'm more looking for the adventure I guess. I like to drink (moderately) and since its vacation Ill probably toke a bit as well.  As far as the Eastern US goes Ive gone camping as far north as Bar Harbor, Maine and Para-sailing as far south as Key West, Florida (both trips were road trips, no flying) I have a brand new car also so I can get around to where necessary.  

As far as help goes, hell got something interesting your working on?  Need help?  I'm pretty intelligent and highly observant.  Ive worked many trades and could contribute in some way.  You never know, I figured Id at least offer.

TL;DR:", Need ideas for vacation from Cleveland.  Budget $700.  Looking for adventure and/or possibly to help someone as well.
142,"SUBREDDIT: r/travel

TITLE: Ok travel, I almost booked a flight yesterday for 76 dollars from New York City to Frankfurt!

POST: Yesterday I was out and about for most of the day so I didn't really have anytime to check my facebook or twitter or anything like that. Well turns out a few hours after I left a fellow vagabonder friend of mine posted ""NYC to Germany for 76 dollars on momondo.com one way on april 7th"" I checked the exact criteria and sure enough he was right! I jumped through all the hoops and when I submitted it was already sold out. I realize flights like these are probably only good for a few hours, but /r/travel needs to start posting deals like this!

These kinds of opportunities happen all the time but most fly under our noses. It's time to collectively spot great airfare. Yes, I know about cheapoair.com and all of those sites.. I'm just bummed that I missed out :(

TL;DR:"," IF YOU SEE A GREAT FLIGHT, BOOK YOURSELF A TICKET, AND THEN COME SHARE ON HERE!"
143,"SUBREDDIT: r/travel

TITLE: Quick Travel Report: Bangkok, ""Protests"", ""Unrest""

POST: I spent a week in Bangkok in January just before the shit hit the fan, and I've been back now since the elections at the beginning of January.

I've been to Bangkok 6-8 times in the past two years for anything from a few days to a few weeks. I'm no expat, but I know and love this city as a traveler.

This past few days has been, by far, the most enjoyable experience I've ever had in Bangkok.

The protests: Basically, the protesters have blocked on a lot of Sukhumvit and other areas in downtown Bangkok near many of the main BTS (SkyTrain) stations. The protest areas feel like huge open air markets. There are stages set up with huge TV screens, and they always seem to be live streaming a speech or performance from another stage.

There are normal thai people meandering about, some tents set up in the streets and parks, and lines and kilometers and kilometers of food and t-shirt and tchotchke stalls.

Previously these areas were kind of anonymous, traffic clogged sidewalks outside of malls with a food vendor here or there. Not very fun, nor something you'd enjoy wandering around for hours on end.

There have been some bombings and shootings. I believe through all of that, the most serious clashes happened two months ago and resulted in the deaths of 4 people. More recently there was a shooting where an older man was paralyzed, and a grenade thrown into a crowd with a few minor injuries. You're still more likely to be hit by a cab than anything else :)

You can read more about the protests here:

TL;DR:", If you are on the fence about going to Bangkok during the protests - don't hesitate! Come! It's fantastic and fun. Drop me a line and we can even hang out!
144,"SUBREDDIT: r/travel

TITLE: Places to stay in Chiang Mai/Phuket/Krabi?

POST: So we booked Le Meridien in Bangkok for a couple of nights while we unwind from the flight. We are taking the train to Chiang Mai. After looking at some of the hostels, I am not sure they are up to our standards (which aren't all that high). So, does anyone in [/r/Thailand](/r/Thailand) know of a good hotel, or even hostel, that is clean, close to the touristy things, and reasonably priced? We are looking for under $50/night. 

We are looking to get massages often, do some trekking, do the elephant deal, maybe some zip lining, check out the markets, temples, and more. Also, we are going to be taking a day trip (most likely) to Chiang Rai. We don't necessarily want to be right in the MIDDLE of the touristy stuff, but within walking distance would be nice. Does anyone have any recommendations for us? 

Side Note: We are flying to the south (Phuket area, staying in Krabi most likely). Any advice on places to stay down in that area would be greatly appreciated. Thanks!

TL;DR:"," Looking for a place to stay in Chiang Mai, and down near Phuket/Krabi that doesn't suck."
145,"SUBREDDIT: r/travel

TITLE: Traveling to Europe and I'm having a hard time figuring out if I'm trying to do to much.

POST: I've booked a flight to London from LA in early March.  My plan in the simplest form is Lon-France-Florence-Rome-Munich-Prague-Berlin.  I'll be in Europe from March 8th-April 18th.  Trying to figure out dates and it just seems like I'm cramming a lot in but this may be a once in a lifetime trip.  I'll be staying at hostels and for my major cities buying passes to the big ticket items, such as the Berlin Pass and musuem tickets for France.  Am I doing it right or do I need more time?  I've done a ton of research on the places I would just like some input from some people that have traveled.  Thank you!

TL;DR:", How much time for a trip to Lon-France-Florence-Rome-Munich-Prague-Berlin?
146,"SUBREDDIT: r/travel

TITLE: Just had a terrible traveling experience with Delta...Need help

POST: My girlfriend and I were scheduled to take a two week trip to Europe that had us leaving the US on the 17th and returning home July 2nd. When we arrived at the airport on the 17th our original flight to ATL was delayed due to weather (totally normal, I know), however, after being delayed for two hours ( last hour was inside the plane) we were told by the captain that there would be an additional 30 minute delay for the flight being 800 pounds overweight. This now 2 and half hour delay caused us to miss our connecting flight in ATL that was going to take us to Stuttgart. We waited for over an hour an a half in the ATL to speak with Delta about our situation. We were told in the counter that the best that they could do for us was to put us on a flight to Paris that then connected to Stuttgart over 24 hours after our original scheduled arrival in Stuttgart. The representative offered us a discounted hotel voucher in the lovely COLLEGE PARK area of Atlanta (very sketch and unsafe). The following day we boarded our flight to Paris and then to Stuttgart which were both issue-free. However, when we finally arrived in Germany, our bags were still not with us and we were told that they would not be in Germany for at least another day. We didn't receive our bags until after midnight the following night, so 3 nights without any luggage. 

But it gets better.... Our returning flight to the states was to land in BOS first. Upon arrival to BOS we were informed that our connecting flight to RDU was cancelled for ""Crew Issues"" and that the best flight they could do was 24 hours later on the exact same flight. They also managed to leave my girlfriend's luggage in Europe. 

How should I approach being compensated for this disaster? So far the only helpful rep we spoke to gave us 5000 Sky Miles and a $100 voucher, which I feel is absolutely unsatisfactory.

TL;DR:"," Delta sucks, went 4 days without luggage, multiple cancellations/missed flights that were Delta's fault, how should I go about getting compensated for this?"
147,"SUBREDDIT: r/travel

TITLE: Is this illegal? I don't have much money and I want to cut corners. [travel question]

POST: I live in Michigan and the nearest airports are in the Detroit metro area. I need to fly to Madison, and I noticed that if I fly out of Flint, it costs substantially less ($300 less to be precise) than it does to fly out of Detroit. Sweet!

Here's the stupid thing: the plane has a layover in Detroit. So I can buy a ticket flying out of Flint and fly over for like 5 minutes to Detroit and then get on a direct flight to Madison from Detroit. But if I just buy the one-way ticket to Madison from Detroit, it costs me $500. wtf? I know it's the city's taxes and all, but if I just bought the ticket from Flint to Madison, could I just show up to Detroit and get on the plane using my connecting ticket that I printed? Is this a no-no or what?

also: I have a 15 month old daughter and I just want to get on one plane and get it over with. Unfortunately, I really cant afford a 500 dollar ticket :/

TL;DR:"," Can I purchase a ticket, but only get on the second flight at the connecting airport instead of the origin airport?? And further, would they let me check baggage at the connecting airport?"
148,"SUBREDDIT: r/travel

TITLE: I have a question for either Europeans or someone that travels in Europe frequently.

POST: Hello! I am flying into Dublin in a few weeks, and I've purchased a round-trip ticket that has me booked to fly back to the States in March. I want to travel around Europe while I'm there, and I'm not sure if I'll be ready to leave by then! So, my question is this: some countries (such as the Republic of Ireland) require a travel visa for tourist stays exceeding X number of months; I'm wondering if I decide not to fly back in March if I can just leave Ireland and keep traveling around without any problems with customs and such. Thank you for your help!

TL;DR:", I'm going to Europe and I want to know about the legalities of staying for a long time while travelling around.
149,"SUBREDDIT: r/travel

TITLE: Rent a car or pay for a guided tour (N. Ireland & Scotland)?

POST: Both options have advantages and disadvantages. I will be traveling with my wife and two boys (10 and 7) if that affects your answer. I've done a ton of research and have a pretty long list of things I want to see and do. 

My biggest question is whether to rent a car (I know most people recommend) or to pay for a guided tour. 

Renting gives us freedom but also added stresses of planning meals, lodging, and details I'm not even aware of. I don't want to miss things because I'm focused on driving (on the other side) all of the time either. How do you plan lodging if you don't have concrete plans? Do I need to worry about finding gas stations in the Scottish highlands? We want to go to the Outer Hebrides - do we park our car and take a ferry? If it was just my wife and I it wouldn't be as much of a question but having the boys with us makes it more harder to answer.

Tour companies obviously work out a lot of those details for you can enjoy the ride rather than having to drive. They also provide educational information along the way. The downside is they have set itineraries. There are some family ancestry things we want to see and I'm not sure a guided tour will work for specific things like that.

TL;DR:", Convince me to either pay for a guided tour and let them worry about the details or rent a car and wing it with two kids.
150,"SUBREDDIT: r/travel

TITLE: Krabi, Ao Nang, Ko Lanta, Phi Phi, how do you chose?

POST: We are going to be landing in Phuket in early Feb, and will probably take the ferry over to Krabi. We have about 5-6 nights in that area. We were initially thinking of staying in or around Phuket, but Reddit users have since almost completely turned me off to the place. Any thoughts on that? If we do take that ferry to Krabi area, where would you recommend we stay? We are looking at approximately $50/night as a room rate. We would like something close to the beach. We are looking to do the long-tail boat rides, some hiking, swimming, maybe some SNUBA/Snorkeling, trekking to waterfalls, etc. We have done extensive research on the rest of our trip (Bangkok & Chiang Mai), but we are neglecting the best part of the trip I think! Any advice is greatly appreciated.!

TL;DR:", Looking for opinions on Phuket; also looking for awesome places to stay (around $50/night) in Krabi area that will give us close access to do many other activities.
151,"SUBREDDIT: r/travel

TITLE: A sort of unique Mother's Day request

POST: My parents are going to Russia in 6 weeks to celebrate their 40th wedding anniversary, and are both very excited about it as it is one of the few countries they haven't been to together.

The only thing that's detracting from their excitement is the fact my mom had to have foot surgery done in late January, and is still recovering. She can walk around in an aircast now, but she still gets tired pretty easily because she hasn't been able to build up her stamina. Both of my parents are in pretty good shape for their age, so they would like to still be able to see and do as much as they can while they are in Russia (they will be in the St. Petersburg area).

My mom's doctor thinks she will be in pretty good shape by then and will be able to walk in shoes with orthopedics in them, but again she may not have the same stamina as she used to.

So, on that note, I was wondering if anyone could provide some tips for how to see Russia with less walking (but not touristy bus tours), or similarly if anyone can think of a really good Mother's Day present that would somehow be helpful while she's out there.

TL;DR:", My mom had surgery on her foot and is going to Russia in 6 weeks. What's a thoughtful present that will make her trip more comfortable? Thanks!
152,"SUBREDDIT: r/travel

TITLE: 20 year old yearning to travel the world, tips?

POST: I'm a 20 year old former Ohio State student still living in Columbus. Don't get me wrong, I love the experiences Columbus has offered me and I have some friends I'm sure I will keep for the entirety of my lifetime, but I can't help but still feel unsettled. My mother is from the Philippines and travelling there with her there to visit family and experience the different culture is something that I have treasured. 

I don't know a lot about where my life is headed, I recently left school to pursue my dream of starting my own clothing company which is still in progress, but I do know that before I die, I want to visit and experience everything I can in the world. It's unrealistic but my hope is to emulate Anthony Bourdain's travels, though on a smaller scale. Documenting, writing, photography, I want to capture as much of the world as I can and I want to see it through my own eyes.

For you

TL;DR:"," 's: I need some tips on cheap and effective travelling, places to see, and the best ways to get the most out of your experiences."
153,"SUBREDDIT: r/travel

TITLE: Honeymoon Question: Virgin-Atlantic is my normal Airline to EU from SAN/LAX. Looking for alternative without sacrificing quality!

POST: We normally fly Virgin-Atlantic when going to Europe. This time we might have to choose a different airline due to the departure times not lining up with our schedule.  

So we are looking into the flights, leaving in late September, and coming back in Mid-October. Our flight is a bit tricky, as we plan to do the following:  

* Depart from **SAN** (Or LAX, but SAN is preferable), to **CDG** (Paris)  
* Depart from **FCO** (Rome) to **SAN** (Or LAX, see above)

As an alternative, we could fly home from Athens, or even Spain. We are looking for the best value in flights, with the shortest legs obviously. We found some on British Airways, but they are being operated by American Airlines and I have heard very few good stories about AA. We'd prefer to use our rewards club membership to Virgin-Atlantic (which works with BA), but it is looking more and more like we won't be able to.

TL;DR:"," Looking for the best alternative airlines to France and back home from Rome, which compares in quality of service/food/IFE to that of Virgin-Atlantic."
154,"SUBREDDIT: r/travel

TITLE: Planning a trip to the US - advice?

POST: After much deliberation I've decided to get my act together and organise myself a trip to the US (from the UK). Basically, my current contract expires in August, I have plenty of savings, so why not eh?

I envisage travelling to the East coast for maybe 1 month (could be extended) in September and visiting New York City, Washington DC and perhaps Boston. I'm a big museum junkie, and would be spending a lot of my time visiting museums or just generally wandering around the nicer parts of the cities. How long would people recommend staying in each city, and is there anywhere else in that general area they would highly recommend visiting?

I'm rather fond of hiking and did originally plan to hike the Appalachian trail this year, but basically life got in the way! As I've got quite a bit of time now, I was wondering if there was any great hikes people could recommend in the general area (a big area I know!)? I'm not planning on bringing a tent with me, so I would appreciate hikes that go via a hostel (or whatever) and accessible to a tourist without a car!

TL;DR:"," Going to NYC, Washington DC, Boston for ~month in September. How long to stay in each city, other city suggestions, maybe hiking suggestions?"
155,"SUBREDDIT: r/travel

TITLE: While backpacking through Europe, I accidentally wingmanned someone and set them up for an unforgettable experience

POST: I was waiting in line at the train station to get my ticket to Kraków from Budapest, so I pulled my number and waited on a bench. I accidentally took an Australian backpacker's seat. He had just missed his train to Romania, and he was waiting in line to buy another. Since I took his spot, he moved over to the next bench near a cute Hungarian women. They got to talking a bit, and they were really hitting it off, when her number was pulled. She went up to the counter and started to buy her ticket to Vienna. But to everyone's surprise she turned around to this Australian stranger and said ""Come with me to Vienna.""

He looked proper surprised, he thought for a second and replied, ""fuck Romania, I'm coming with you.""

I just sat there in shock, looked at him and asked ""Did that really just happen?""

He replied, ""this is the craziest thing that's happened to me in Europe so far.""

I winked at him and said, ""That's traveling.""

TL;DR:"," sat in the wrong seat at the train station, causing two strangers to hit it off and travel together (and most likely fall in love)."
156,"SUBREDDIT: r/travel

TITLE: Just moved to Metro Manila area for 6months and want to do some Traveling

POST: Hi everyone,

I am an American student and I am doing an exchange program for UP Diliman and just arrived a few days ago. I am taking classes lightly here because I want to do a lot of traveling while I am here. I live in the Metro Manila Quezon city area.. My questions are:

1) What are the must see areas/cities/islands of the Philippines that i should visit while here?

2) What are some good attractions in Manila and surrounding areas? Clubs/Bars/Beaches?

3) Where should I go if I want to go to the beaches and go snorkeling/diving/try surfing...

4) I also want to go hiking in the mountains in the north, anyone know anything about those??

Thank you!

I have asked quite a few Filipinos and other international students about these sorts of things but I want some input from you guys as well!!

TL;DR:"," Wondering what are the must see's, must do's, and some fun night life in philippines, manila, or other islands?"
157,"SUBREDDIT: r/travel

TITLE: Euro-trip from 9/23-10/8. Barcelona, Prague, Vienna, Munich, Budapest, London, Galway! Looking on advice on must see attractions

POST: This fall I'm going on a trip of a lifetime! I know I might of packed too many countries into this trip, but i don't know if I'll ever get a chance to do it again. There are 3 of us going ( all 31 y/o single males).

We are from the US, and I have been out of the country only once(Ireland) and it was last year. We will be in Munich for Octoberfest which be great. Prague/Vienna/Munich/Budapest are all part of a basic tour with hostel and bus included but I'm not quite sure what sites I definitely can't miss, so I would love some tips and suggestions.

London and Barcelona I would love some advice on hotels or hostels that are nice but won't break the bank. Also I would love some suggestions on sites to see in Barcelona.

Sorry for the long winded write up! Thanks again!

TL;DR:", Euro traveler newbies looking on advice for Barcelona/Prague/Vienna/Munich/Budapest/London
158,"SUBREDDIT: r/travel

TITLE: Need some advice on hair straighteners/flat irons for an upcoming trip to Paris...

POST: Currently I have a Chi.  Five or six years ago, it was just about the only straightener that would actually work on my hair and keep it under control all day plus some.  Well, in April I'll be in Paris for about 3 weeks and have heard that basically, a Chi will melt itself and/or your hair if you try to use it (even with a power converter).  So I'm looking for a somewhat cheap dual voltage alternative to buy for the trip.  Any first hand experience or advice?

I've heard good things about the Remington Wet 2 Straight flat irons, but after doing some research... I'm confused.  I've read several posts saying that it said on the box that it's dual voltage... yet when you look at the manual on Remington's site... it says no such thing.  In fact, it says it is NOT intended for use in that type of outlet.  But there is an older looking model (with the same exact name) that says it is dual voltage... after that I just sort of gave up and came here.

TL;DR:", I need advice on a decent and affordable dual voltage alternative to my Chi hair straightener for my trip to Paris in the Spring.  The world is not ready for the fuzz ball that is my head when I am without straightener.
159,"SUBREDDIT: r/travel

TITLE: I'm travelling to Singapore, late March to early April. Should I split my trip between Singapore & Thailand?

POST: I am a 20/21 year old student from Belfast, Ireland (so will probably be departing from Dublin Airport.). My older sister has set herself up with a job in Singapore for a few years and I wanted to go over and visit. Her boyfriend will also be visiting about the same time so I was considering spending half my holiday in Thailand (or some other nearby location).
*I'm moreso looking for what to do in Thailand/another suggested location than Singapore, as I'm sure my sister will have an itenerary planned*

**Length** Probably about a 1.5 - 2 weeks.

**Budget** I went interrailing around Europe last year with a few friends and it came to £1500 overall. I'm willing to splash out that amount again but would obviously appreciate any amount of dolla' I can save.
*Note*: Accomadation wouldn't cost anything in Singapore as I would be staying in my sister's flat.

**Interests** - I havent had a beach holiday in yonks so am really looking forward to blue waters/ snorkelling etc. Seeing as I'd be on my own, I'm looking to be able to easily socialise with other travellers my age. (trying to recreate Interrail Hostelmates kind of relationships). I'm very keen on outdoor activites and the like. (e.g: kayaking, caving, hiking, rock climbing) Also, interested in the culture and cool buildings but moreso after the social, beach & adventure side of things.

TL;DR:"," week in Singapore with sister, ~week in Thailand(?) - what should I do there? Beaches/ other student travellers/ Adventure"
160,"SUBREDDIT: r/travel

TITLE: First solo travel, looking for some advice and itinerary help

POST: This will be my first solo travel, so I'm looking for some advice from all of you travel veterans. I am from Canada and I speak English and a bit of French so I don't expect to have any troubles communicating. I'm not terribly concerned with safety either, the places I am going seem fairly safe plus I could hold my own if I got in some kind of trouble. Is there any thing that I may not be expecting that you could offer advice on?  I am camping for the first leg of my trip so I will have to carry all of my gear with me, has anyone had troubles with this / advice?

I will be doing archaeology in Romania for 5 weeks and then I am travelling through Budapest to Vienna for around 7 days (10th-16th  July), and then going on the Venice for around 5 days (17th to 22nd) and I will finish off in Rome (23rd to 30th). What are the top places to see? I'm a student so money is a bit tight. Thanks for the advice.

TL;DR:"," Looking for general backpacking advice, have to bring camping gear for first part of trip in Romania, and best spots around Vienna/ Venice/Rome on a tight budget."
161,"SUBREDDIT: r/travel

TITLE: I decided I want to take a motorcycle trip ""across"" the United States.

POST: I'm planning on going next summer, I just wanted to get a good head start on saving and planning, and I figured a good place to get advice would be from r/travel. I know my questions are going to be very general right now because I haven't bought a motorcycle yet, and am not sure if I'm going with a larger group or just myself and a friend. The basic idea is that we want to bike from southern California up into Oregon and Washington state. From there head south east and see where the road takes us. 

I'm looking for advice from people that have traveled via motorcycle and with limited supplies. We're planning on camping or couch surfing when we decide we want to stop for a night or so. I'm open to any tips or suggestions for making this a great trip. I hope this wasn't too general of a question, if you need any clarification I'll try and answer as many questions as I have answers to, but I am just in the beginning stages of planning so I haven't made a ton of final decisions.

TL;DR:"," taking a long motorcycle trip with a limited amount of supplies, what is some general advice, suggestions, do's/don'ts?"
162,"SUBREDDIT: r/travel

TITLE: Worst Hostel/Hotel you have ever stayed at?

POST: This is mine here:  - The reviews are hilarious! 78/111 rated 'terrible' on trip advisor. 

It was in Downtowner Inn, in Toronto and it was an absolute disgrace.

I got a 4 bed dorm for $22, which at the time seemed like a reasonable deal. I quickly changed my mind when I opened the door to the stench of what can only be described as rotting food, dirty laundry and mould.

I was warned by an overweight and disheveled looking guy that everyone in the room was suffering from bed bug bites. I quickly removed all the sheets off my bed allowing me to sleep on a vinyl mattress safe from the blood sucking teeth of the dreaded bed bugs. A man across from me was asleep with his back exposed. The bed bugs had absolutely gone to town on him. His back looked like a pizza.

TL;DR:"," Stayed in a room in Toronto and it was filthy, falling to pieces and riddled with bed bugs. Have a read through some of the reviews from the place. They're hilarious."
163,"SUBREDDIT: r/travel

TITLE: Need a remote, forested area near a river where I can escape for four months in the United States (preferably NW). Ideas?

POST: I've been practicing law for a year. I'm 27 years old. I've been a musician my entire life, writing music, etc. I've had this feeling lately that I need to give writing something really good a good faith effort. I've been trying to write music at home, but, between my cell phone, my email, friends, etc., there are so many distractions. These distractions limit my creative output.

I've cleared it with the partner at my small law firm, and he has agreed to allow me to do an unpaid sabbatical as long as I check in a couple times a week to get projects that I can work on for a few hours a week. Ideally, I'd only dedicate 10 hours a week to work and the rest to writing music in total isolation.

I'm hoping to leave in July.

I've been trying to think of where I would go though. I haven't done a lot of traveling in the Northwest. I love trees and rivers, but I don't have any where I live (the southwest). I'd love to be able to flyfish one day a week.

If you guys give me some good ideas, I'll check back in with an update on how things are going while I'm out there. I would rather not call it a ""blog"" or a ""vlog"" if possible.

TL;DR:"," looking for a secluded area where there are lots of trees, few distractions, running water, and electricity, so I can go there and try and write some decent music in isolation."
164,"SUBREDDIT: r/travel

TITLE: OK, /r/travel, I need your help with a potential Bolivia trip!

POST: I'm applying to loads of different volunteer organizations in Bolivia and looking to spend about 2 weeks serving the communities there. Afterward, I want to travel. I'm a teacher. I don't have a lot of money, however, my mindset has always been that there is no price on experiences. So while I'll be paying rent back home in the US, I'm willing to extend my trip after volunteering for as long as I need to.

So my question to you: Where should I go and how long would it take me to do it. My guess is that I would not like to exceed another two weeks. However, I'm thinking that maybe an extra week might be more realistic. Is that too little time?

TL;DR:"," If you had one-two weeks in Bolivia, what would you do, and how long do you realistically think it would take you do it/experience it all adequately? "
165,"SUBREDDIT: r/travel

TITLE: Two weeks to travel over Winter Break - suggestions for a a low-cost, high experience trip for a 23 y/o in California?

POST: As the title says, I have two weeks off during Winter (**12/19/2014 to 1/5/2015**) and I am looking for some suggestions for a low-cost adventure! I would just go camping, but I have been camping ALOT recently and am looking for something that doesn't involve tents. ;-)

I am based in California, just north of Los Angeles so I'm in LA all the time. To give you an idea of what interests me, my most recent trips included Vegas (November), France/Amsterdam (Summer), San Francisco & San Diego (Last October) and Turkey (Winter 2011/2012). 

I'm familiar with Airbnb, Zimride, shopping around for flights, etc. so it is a cool/affordable destination with lots of activities that I am looking for here.

/r/travel, please tap your collective experience and bestow your wisdom upon me!

TL;DR:"," I have a valid passport, about $1000 to burn, and a thirst for adventure. I especially love nature & preserves, interesting urban architecture, history, museums, FOOD, and culture. Affordable destination suggestions please!"
166,"SUBREDDIT: r/travel

TITLE: Options for traveling with only one working foot?

POST: 7 weeks ago I stepped on a sharp object and lacerated the bottom of my foot. I was told that I could walk again in 3-4 weeks, and at the 2 week mark my wound ""looked great"" and the doctor said I would definitely be good to go for Spring Break. So I booked some flights to Munich, Athens, and Rome with my SO for 3/19-29 because flights were selling out and getting more expensive daily. All told, we've invested $2800, and we won't have another opportunity to travel again soon. So we'd like to still go. 

However, my foot healed much more slowly than expected, so it most likely will still have to be mostly/completely nonweightbearing during the trip.

Currently I'm using crutches. Don't underestimate how much of a pain in the ass it is to crutch long distances. I have trouble going 100 meters, but I usually walk 5-10 miles per day when traveling. 

I'm thinking about getting one of these [knee walkers] which apparently are fast and easy. But they're *expensive*, draw attention, hard to maneuver in crowded areas, and hard to climb stairs.

Also I don't want to spend a ton of money on taxis to avoid walking.

TL;DR:", is it feasible for me to travel affordably with only one weightbearing foot? How do you suggest I get around?
167,"SUBREDDIT: r/travel

TITLE: Would you recommend a contiki to someone who cannot drink alcohol?

POST: I am a 19 year old girl from Australia. I have auto-immune pancreatitis which means I am not allowed to drink alcohol, period.

I have ALWAYS wanted to go to Europe. I hear from everyone my age that contiki's are amazing/you meet so many new friends/fun/drunk yada yada. 

That's great, except as someone who can't drink and is in a long-term relationship, I wonder if that takes the shine off of a contiki?
I know that for a lot of people my age, being drunk and hooking up is one of the funnest things they can do.. but for me that is the opposite of what I would look for in travelling. I've always had the itch to travel as I am a big history/culture lover. The drinking/shagging side has no appeal for me (I swear I'm not that boring).
But I don't want to be a massive buzz kill for all the other people on the tour.

At the present time, it looks like I will be going with my boyfriend and two other friends of ours.

Bearing this in mind, I was wondering if you would still recommend a contiki? I mainly ask because I have been told that it is a great way to see Europe as a first-time traveller, and then figure out where you want to delve further!

TL;DR:"," 19 years old, Australian, female, in a relationship. 100% not allowed to consume alcohol due to medical reasons."
168,"SUBREDDIT: r/travel

TITLE: Slovak student living in Canterbury, England wants to go for a trip to Scotland for the first time. Any saving and pro tips in general?

POST: Hello!

Fist thing - I have nevet been to Scotland before. So basically, don't know if it is going to have any relevance but I am a foreigner living in England in Canterbury (South East, close to Dover port and London) and since I have just finished my university bachelor degree this year, I would like to jump for a quick trip near the end of this month (August) to Scotland, before I'll start my Masters back here in Canterbury. (I am already admitted and starting aroun half of Sept.) I planned to go somewhere around Edinburgh, not just the city itself but surroundings and have some tourist trip to scottish nature and countryside as well cos I simply love it and cannot leave that out. However I am basically willing to go everywhere possible, so if someone thinks about a better and nicer place than Edinburgh just tell!

My view of the trip is to go there for like 4 days, see some old castles, historical sites, have a walk in scottishh higlands, see some city and stuff like that. I am travelling by myself and thus I am not limited by someone elses choices its up to me where I will go. Therefore I still dont have a clear picture of the trip where to go.

So I would like to have some help from people who know what Scottish place I could visit, whats the cheapest way if travelling there and since i have no tent or anything and will be staying in some very cheep hostel/hotel, some tips on how much anything else like local transport can cost, and actually anything useful which comes to your minds.
Also, my budget including accomodation and travel is about £350. Is it possible to survive with such amount?

TL;DR:"," guy wants to go to scotland for couple of days at the end of august, looking for advices where to go, how to save as much as possible, what to see, etc."
169,"SUBREDDIT: r/travel

TITLE: Some Information about lone travel crossing woods/nature

POST: Hey Travelers of Reddit,
Just before I start this. I wanna say I'm a total newbie in travel. I've been almost nowhere and I have no idea what I want to do is even possible for me, but I want to try it and I hope I can make it work.

I'm a 21m and since a few weeks I've seen pictures and stories of people who travel alone or with a buddy, taking beautifull pictures and enjoying the freedom. I would love to do this: enjoying the places on earth where I've never been before. But to be honest I've no clue how I should prepare myself, how much this would cost, what I should bring (I would love to visit woods or the beauty of nature without much civilization), I even have no idea where I should go.

I live in Belgium and I'm reaching out to experienced travelers who could give me some insight of what I should consider if I wanted to travel alone or with 1 buddy. It would be amazing to get some links to websites with more information because I have no idea what this kind of travel is called.

Anyway thank you for reading this and I hope on a few reactions :).

TL;DR:"," I want to travel alone or with a buddy to the beauty of nature, but have no idea how to prepare myself."
170,"SUBREDDIT: r/travel

TITLE: Dear r/travel, looking for advice on planning a trip to the middle east.

POST: Hi!

My girlfriend and I are hoping to take a trip to the middle east this November, and I thought I'd throw this up here to appeal for some pearls of wisdom.

We've never been to the region, and are looking forward to a completely different kind of experience to our usual travelling (Europe, N.America).

I'm a big history nerd, so my two essentials are Petra and Jerusalem. If you could fill 2/3 weeks between Israel and Jordan, that might be enough, but if people reckon we could/should add another destination I'd be all ears. My first thought for a 3rd destination would be Lebanon. 

We'd like to experience the adventurous side (camping in the desert, etc.) but wouldn't be opposed to a nice hotel if we're in the city either. 

Any help/suggestions would be much appereciated  - plus thoughts on travel restrictions (the infamous passport stamp lark, etc.).

Thanks in advance!

TL;DR:"," Pop quiz, hotshot- you're a history nerd with 2 weeks in the middle east: what do you do?"
171,"SUBREDDIT: r/travel

TITLE: Tall person question about Travelling to South Asia

POST: I need to know if anyone has any suggestions of ways to travel for a tall person who can't fit in a plane, and doesn't have endless amounts of cash to throw at big seats. Isle seats don't help my size much at all. Emergency seats with no seats in front are also just as much of a problem because of my medical issue below. The small air plane seats push up on my hamstrings because my butt takes the whole seat.

Long story short, I have met a woman, and would like to travel to meet her. I am in western Canada, and she is in Indonesia. Couldn't get much further away on earth lol. Anyway.. I'm a tall guy, I'm 6'7 and I have medical issues with my legs. Briefly, they spasm in the hamstrings often. I have been to many doctors, specialists etc.. no one has helped me) that is not my question though.

First, I don't have a lot of money, for this reason I have looked at other travel options. Like cargo ships, that may go to Singapore or close to Indonesia. But they are WAY more expensive than I thought they would be. It would cost me minimum before even getting to Indonesia, over $2000 dollars after dock fees. Can anyone suggest any other way of travelling, or any ideas for me. I'm in quite a pickle here, I really want to meet this woman, but I feel planes are not an option.
Cruises leave Vancouver, and go to Japan in some cases like once a year. But that is still far from Indonesia. Thanks in advance for any help you might be able to give guys/gals.

TL;DR:"," 6'7, hamstring spasms, can't travel to Indonesia on plane, any other options would be welcome. How can I get to Indonesia without flying.. or without sitting in a cramped airliner."
172,"SUBREDDIT: r/travel

TITLE: 8 months free, what and where can and should i work, as travel loving person?

POST: good day!

**PLAN**

i plan to start my bachelor studies next september in europe.
want to use the time until then to work and earn money and see (a) new country(ies). 
just working in (western) europe or germany seems boring.

maybe teaching english/german?
but i'm open to other jobs. i do like languages and helping people learn.
i like traveling and am very comfortable being in foreign countries.
did some basic research into china, taiwan and japan, but am not sure, what a good place is for my background and what my options are. 

also looked into getting a remote job, for customer support, but am not sure if exclusively want to work online (too much laptop usage), although the flexibility sure sounds nice.

wwoofing and other volunteering things look interesting, but i can't earn money through that.

**BACKGROUND**

i'm 25, male, white-ish, german passport and like to be outside (western) europe.
don't have a university degree yet and have worked various jobs, like catering, being a delivery and executive driver, assistant to a photographer, emergency room runner, military service...

not a native english speaker, but tutored friends and some other people. native speaking friends mentioned i should be able to teach, since i don't really have an accent, am fluent and have a good grasp of the language.

i'm also good with technology and fixing problems in hardware/software/mobile and teaching people to use (their) technology, worked as freelance consultant/instructor.

apart from traveling in european countries, i have lived in the US and just came back after living 6 months in korea (working holiday visa), just exploring and learning.

i'm very mobile and live a /r/onebag lifestyle, all my belongings fit into a carry on backpack. i could leave tomorrow.

**HELP/IDEAS**

i'm grateful for any crazy or not so crazy ideas or insights on how to spend this time and earn some money.

TL;DR:"," what and where to work for 8 months, as travel loving 25 y/o, no native english speaker, with no good career (yet) and no degree (yet) and, but at least a german passport?"
173,"SUBREDDIT: r/travel

TITLE: Brand new to travelling.  Am going to be backpacking Europe in 2014.

POST: Hey, I've read a lot of the resources on the side and still have a TON of questions.  The tips I've read on this subreddit for travelers has been incredibly useful.  But I guess, I just have no idea where to go in Europe, so many places I want to go, but I am also a kind of guy that likes to go wherever the wind takes me.

So, I am 23 years old, and never been out of the country.  I have been trying to find someone to back-pack with me forever.  I am halfway through college(started when I was 21), and have the chance to go backpacking in Europe for 2 months during the summer.

I would really like to see Istanbul and Venice.  But I could sacrifice, I am much more interested in Eastern European countries, mostly because other people I know have all had so much fun over there, and raved at how much more fun it was than more western European countries.  Of course I would love to go Paris and all those, but those will still be there 10 years from now when I can go again.

So I guess my question is, what places should I go?  Should I start somewhere, and just decide where to go from there?  Should I have a plan?  Should I do any kind of wwoofing?

TL;DR:"," I guess if you had 2 months and had never traveled before, where would you want to go, and how would you travel to make the best of your journey?*"
174,"SUBREDDIT: r/travel

TITLE: Looking for information on traveling to France/Spain for 3-6 months

POST: Hello all, My thoughts are to live while working over the internet in  Languedoc-Roussillon, France or Cataulua, Spain for three to six months with my current gf. Using one of those areas as a base we plan on visiting other countries around Europe and do an excursion into Morocco or Algeria. Ideally we would like to be located near some major rail station or at least have a way to get to a major hub conveniently to travel elsewhere in Europe.

Time: Looking at staying for three to six months. Preferably starting in May of 2016.

Budget:
As it I would be working i got a $2,700 spending limit for living expenses and additional traveling.

Safety: The area I'll be in needs to be safe as I will have work with me. Would like to minimize any risks that can cause difficult being clumsy with either French(myself) or Spanish(gf).

Interests: We are all over the board on this one. I am a software engineer with an interest in History with no love of art. My Girlfriend is graduating soon as a Graphic Design major with a love of art(yes, i get it not much in common) and not much interest in history. So if the town could have some interesting art work done on buildings that would be ideal as it would give her something to look at and use as inspiration. Other points would be festivals in other areas to visit on weekends in Europe that we can get to by train.

TL;DR:"," Looking for a good town in Southern France, Northern Spain to live in and travel from for 3 to 6 months, with a budget of $2,700/month"
175,"SUBREDDIT: r/travel

TITLE: Easyjet dragging heals on promised compensation for overbooked flight, what are my rights?

POST: I hope I'm in the right subreddit for this - I'd really appreciate someone's advice. A friend and I flew from Bristol, UK to Portugal last month. We booked our flights at the same time (using the same card), but when we arrived at the UK airport we were told that the flight was fully booked... nearly. There was one seat left. We're both young women who haven't done much travelling, so didn't want to leave the other behind, so we decided to leave it and see what our options were. We went down to the desk who arranged for us to fly from another airport the next day - fine. Annoyed at losing a day of our holiday we phoned Easyjet straight away and asked them how they were going to compensate us. The woman on the phone said the best they could do was compensate us with 800euros total, which we were of course more than happy with. A month later and Easyjet have only transferred 400euros into my friends account (she paid on her card for both tickets). When we rang Easyjet they said that as one of us could have gone on the plane they were only going to send compensation for one person. They have a record that the woman on the day told us we would receive a total of 800 euros, but are dragging their heels about paying the remaining 400 euros. Despite many many phone calls to them the latest they are offering instead of the 400 euros is a 100euro flight voucher, extra leg room, free luggage, which comes to about 200 euros. I don't know what to do now; we could take them to a small claims court but as I'm wondering if we would even win anyway because their t's and c's do say that only one person will be compensated if there is a seat on the plane available... but at the same time the woman did say we would be compensated with 800 euros. Should we carry on fighting for the remaining 400 euros or just accept what they've offered us?

TL;DR:"," 2 girls travelling together, only 1 seat left on plane. Easyjet promise 800 euros compensation, then only give 400 because one of use could have made the flight without the other one. Worth fighting?"
176,"SUBREDDIT: r/travel

TITLE: Me and a mate want to travel from Canada to Mexico and back again, need much advice.

POST: so here's the story, me and a mate want to travel north America. The general plan is fly into Vancouver this November/December, zigzag our way down the west coast into Mexico then head north up the east coast to probably end the trip in Toronto or Montreal around May/June, so roughly 6ish months.. we're not 100% on weather, so if we're doing it at bad times of the year please point us in the right direction...

the plan is to buy a 4wd, probably a Landcruiser (as I know my way around them with a spanner) and use that as primary transport and backup accommodation. first question, can a foreigner/non-resident own a car with appropriate insurance etc? whats the difference between Canada and US ownership etc?

budget, we're planning on, roughly $1000 a week (USD or AUD, almost the same atm) that doesnt include the car or flights.. some accom will be paid for before we leave, atleast Vegas, but the more the better. any thoughts? good/cheap place to stay? we dont mind splashing out if its worth it.. ie Vegas or New York etc but would prefer cheap most of the time...

So far the must do list:
NBA, MLB, NFL, MLL, NHL games.. the more the better
LA, Vegas, Grand Canyon
Mexico
New York, Wash DC, Chicago
Canada 

 
any and all suggestions welcome.. please! everything from cliches to little known to quirky!! even big events and their dates.. We are somewhat ignorant to the best of your countries.

We're mid-20 males from Australia, we've travelled a fair bit together.. including southeast Asia, most cities in Australia. We're both happy to camp, adventure, do stupid stuff safely, do safe stuff stupidly, get drunk anywhere, eat anything, drink everything.. accommodation can happily range from tents to motels to a couch to backpackers to luxury. not looking for work but should the opportunity arise, we're not afraid of a hard days work.. (got 2 jobs just to afford this!)

thoughts? criticisms? real world experience?

TL;DR:"," 2 aussie 25yr olds want to travel Canada/US/Mexico for 6 months, buy car, drive everywhere, want advice."
177,"SUBREDDIT: r/travel

TITLE: 1 night in LA for Girlfriends Birthday

POST: My girlfriend and I are taking a trip to LA in late march and need suggestions on what else to do in LA. 

We have booked our airbnb in Santa Monica for two days, we have done a ton of research on restaurants, bars, shopping that we want to do while there so that part is covered.

But that leaves us with one more night to book somewhere else in LA. Initially I was thinking to stay in Downtown LA, but after some research it seams that it may not be our scene. We would like to go somewhere not too touristy and with a few options in terms of dinner, bars, etc. It is her birthday so if anyone has suggestions on nice restaurants that would be much appreciated.

TL;DR:"," need neighborhood recommendation in LA for one night that isn't touristy, has good selection of restaurants and bar pretty close by. Already staying in santa monica for 2 nights."
178,"SUBREDDIT: r/travel

TITLE: 60th birthday trip ideas for a Disabled Mom?

POST: So, My mom is turning 60 at the end of August and is looking for a place to go with my wife and myself. 

**My mom has the following problems:**

* Neuropathy in her feet from Diabetes, this makes it hard for her to walk around and maintain balance.

* Mobility / balance in general, requires a cane, occasionally a walker

* Gets tired super easily

* Lacks muscle strength (~~kind~~ of a fatty)

**What she likes**

 * Eating

 * Hanging out with family

 * Coffee

 * Wine (but because of medications, can't have much more than a glass or two)

 * Books

 * seeing new places

 * Never been West of the Grand Teetons
 
**What she DIS-LIKES**
 
* used books
 
* spicy things

* long traveling (wears her out)

 * long drives (see long traveling)

 * Heat / Humidity (she really hates it)

Originally we were going to go on a cruise to Alaska, which seemed to be almost ideal, go somewhere cold-ish, hang out, eat, drink, and go to her room whenever she wanted.

~~UN~~FORTUNATELY Wife and I just got pregnant (thus the throw away account, we haven't told anyone) However, since cruises don't want you pooping out babies (that's how it works right?) on their ships, they won't let you on after 24 weeks or so... She's due in Nov, therefore she'll be pretty fucking pregnant by August... 

So, the Million Dollar question: What should we do?

**Price**: Total cost per person, ideally ~1000-1500

**Where my mom's been**: Grew up in midwest (Illinios / Missouri / Mississippi), Aside from Canada, Never been out of the country

**How Long**: 5-7 days would be ideal

**Other**: She lives in NY, I live in Seattle

TL;DR:"," Mom has a hard time with mobility / balance / gets tired easily, were going to go on a cruise but wife and I got pregnant, where else can I take my mom in late august that is fun and not ridiculously hot?"
179,"SUBREDDIT: r/travel

TITLE: I'm traveling Europe and Southeast Asia this summer and could use some tips

POST: I'm a female student at university in the US, currently in my third year. This summer I plan to study in Florence for 7 weeks, while traveling to various surrounding destinations during that time. Afterwards I plan to meet up with my brother in China, and together with a couple of our friends we'll travel through Cambodia, Laos, Thailand and Vietnam. I've travelled a little bit before with **large** groups in high school, so I'm really excited to explore the world with some friends. Previously I've been to Paris and Madrid, and various parts of Costa Rica. I'm currently taking a controlled medication which I will need to take with me, but I can't really find any specific information regarding what medications are legal/illegal in which countries. Do you happen to be able to pass some links or info along?

And while I'm writing this...I would absolutely LOVE to learn some of your favorite places in Europe and Southeast Asia! So far I know that I want to try to visit: Venice, the Pyramids in Egypt (not EU, I know), *maybe* London, Jerusalem, Budapest, Amsterdam, the Vatican, and Auschwitz. Are there any other places you could recommend, or any specific sights you wouldn't want a liberal-arts-degree-in-progress to miss? For the record, I'm not very comfortable with travelling *yet*, but that's only because I haven't done much of it. I'm a curious person and want to make the most out of my time abroad. Some touristy things are nice, but more importantly I want to get a great feel for the cultures. Also, I am vegetarian so if somehow you can recommend amazing food and places I can eat while abroad, please do (I know it should probably be one of the 7 cardinal sins to not eat the full cuisine while travelling, but I've been vegetarian since I was 8 and I'm afraid that if I decide to start eating meat in EU, I'll be the one to develop mad cow disease 20 years later). Thanks in advance!

TL;DR:"," Where can I find what medications are allowed in which countries. Where would you recommend I go on my trips to Europe, Cambodia, Laos, Thailand and Vietnam?"
180,"SUBREDDIT: r/travel

TITLE: Travellers with a hiking backpack, how do you keep your valuables secure?

POST: Most (if not all) [hiking backpacks] have a top panel with just a draw string securing it close that isn't lockable and single zips all over the bag that aren't lockable. How are you guys keeping your valuables safe/keeping people out of your bag?

I know most people will say:

- ""If they want to get in your bag, they will"". I understand that but I want to make it difficult for people to gain entry to my bag. 

or 

- ""Don't take valuables with you on your travels"". 
The only valuable I take is my DSLR for obvious reasons. And I know the safest is to keep the DSLR with me at all times but I can't in instances when I go for drinks/party at night.

TL;DR:"," Owners of hiking/trekking backpacks, how do you keep the contents of your bag secure and limit access to outsiders?"
181,"SUBREDDIT: r/travel

TITLE: Traveling on a bus around the country... where should I go?

POST: I figured I'd go to the experts - don't let me down /r/travel!

I'm spending the year traveling around on a bus for a documentary. We're halfway through the project, and we started in places that I had by and large already been already. Started in DC and drove south and then started weaving our way out west. Been everywhere south of Kansas - we also did the four corner states and are making our way through Northern California.

I have no idea what to expect for the rest of west coast or midwest - not familiar at all. So anything, really, is welcome. (Eventually we'll hit New England, but that's a few months away)

Our parameters:

1. Cheap - working for a nonprofit... so really free is great, but we did go to Yosemite today. So it can cost some, but not tons.

2. Good group activity - traveling with five people, not sure what would be not good for five people. But there we are.

3. We like booze.

4. We like cheap hole in the wall food that is really spicy.

5. We're making a doc, so if something is visually interesting that would be a huge plus.

Thanks for any tips ya'll have! I still feel pretty new to Reddit, but every time I dip my toes in it's very helpful!

TL;DR:"," I'm traveling on a bus through the Northwest/Midwest and need tips on cheap, scenic, or spicy places to check out."
182,"SUBREDDIT: r/travel

TITLE: Greek Islands

POST: 3 friend and I are going to Greece for 4 days in May. We will be spending 2 nights in Athens, 2 nights on an island, and then make our way to Turkey for a week. Does anyone have advice on what would be the best island to spend 2 nights on? We are 4 guys in our mid 20's and we are looking for the best combination of beaches + sightseeing + nightlife. We like to hike, backpack, kick it on the beach, scuba dive, moped, explore, etc. A fun nightlife is important, but we arent a bunch of drunkards and scenery and island exploration are what we're most interested in. At the same time making sure not to ""waste time"" taking extra long ferry rides. Our end game is to get to Bodrum, Turkey after 2 nights on an island. Any advice on direct ferrys from a Greek Island to Turkey? Or would I have to take a ferry back to Athens first? I have been to Greece before with my gf and went to Santorini and Paros. Both of which were great. Santorini seems more on the romantic side however. (great for couples, not so much for a guys backpacking trip).

TL;DR:"," 4 guys in mid 20's have 2 nights in Greece to spend on an island. Which to choose for beaches, sightseeing and nightlife."
183,"SUBREDDIT: r/travel

TITLE: Help! Expedia are driving me mad! (UK)

POST: So late on the night of the 26th December, I was looking to book a hotel for a getaway with the gf. I notice that Expedia offer a £20 off voucher for booking through their app - so I proceed to do this.

The price comes to £88 at the checkout and so I make the payment. I then receive an email stating the price as £115.01. It shows that I used a voucher so the actual price of the hotel would have been £135.01.

So I've mysteriously been overcharged £27 - I know this isn't a lot but it's about the principle at this stage.

Over the last 10 days or so, I've called them 3 times and emailed them once. Every time they say someone will get back to me within 48 hours and they don't.

I have a screenshot of the price at £108 (before voucher being applied) - I actually did this because it was the only place that mentioned free breakfast on the app.

I finally spoke to a manager today who said that my case had been rejected but that he would email me asking for more information - he has not.

My guess is that as I was checking out, the price changed on the website and they charged me that instead. It looks like I started checking out before midnight and finished after midnight. But of course I was always quoted £88 at checkout.

Besides the fact that their app is clearly buggy, their customer service has been absolutely shocking. I've spent a lot of time on hold and a lot of money trying to get this sorted.

Any suggestions on what to do next? Do I have a foot to stand on?

Thanks for reading.

TL;DR:", Used Expedia's app to make a hotel booking. They charged me £27 extra than what I was quoted at checkout.
184,"SUBREDDIT: r/travel

TITLE: Hey /r/travel, I'm moving to Melbourne, Australia for 6 months, any help would be appreciated.

POST: I have been lurking for a while but finally had something to post.  

I'm 22, from Southern California and am in a bit of between time before I plan on starting law school Fall of 2011.  As much as I am definitely not enjoying working a full time job at present, I never had the opportunity to travel in my undergrad and after hearing a bunch of good things about the area, have decided to do something very unlike me go it alone and live/work in Melbourne, Australia for 6 months starting in November.

I'm in the middle of saving up money/applying for the Work/Travel visa (www.immi.gov.au/visitors/working-holiday/462/usa/).  I was wondering, for those of you who live around the area or have ever been there, if I could get some suggestions as far as suburbs to live/to avoid (I'm not looking to spend a fortune and live in downtown melbourne but somewhere in the 500-800 range per month wouldn't be out of the question), hostel recommendations (for the first few days while I search for a job/room to rent), etc. 

I guess a little more about my likes is in order to help with the suggestions.  I am big into music (have played guitar for about 12 years/ I also play bass, piano, drums, etc. and write/record a bunch of stuff as well), so an area that is able to appease my music addiction would be ideal.

Thanks!

TL;DR:"," I'm moving to melbourne, australia for 6 months and need some ""job/living/things to do"" suggestions."
185,"SUBREDDIT: r/travel

TITLE: Moving to Montana, wondering if I'll have some company!

POST: This winter, my brother and I are planning a trip to go live out in Montana and work for a Ski resort. I am a photographer/aspiring photojournalist who has been trying to put as much effort into it as possible for whats given to me, and my goals for going out west is doing mostly back country trekking/backpacking and lots of photo-journalistic events so to speak.. Anyway, i believe that my brother isn't really as into it as I am and he is just going for another year out on the mountains, I don't know who to turn to, so I decided to come to Reddit! My hope from this post is to find other people who are potentially living in Montana, or maybe are on the same type of journey as I am, and is looking for more of a group to do trekking adventures with, I feel like being surrounded by like-minded people will help keep me in the mindset to stay motivated, because lately I've found my brother and roommate a little enthused, or even try to discourage me to go out and get pictures when I am in the mood to, Thanks for taking the time to read this, and hopefully i'll see you on my adventures!
This post isnt about me struggling to take photos, thats not the problem, its finding a group as enthused as I am go to back country skiing/trekking/backpacking.

TL;DR:"," I want to find a group of people who want to do deep back-country skiing, and wont mind me snappin' a few photos along the way."
186,"SUBREDDIT: r/travel

TITLE: NYC/NJ to AUSTRIA & Amsterdam - Any way to make a trip work with these two destinations in mind?

POST: Hello guys - this is my first time on this subreddit so bear with me if I forget anything.

Sometime this year, i.e. whatever becomes the easiest to plan for (we're flexible) we want to take a trip to Europe. I've been to Amsterdam for a week before, and being that we're Ents and the fact I'm familiar with the city, I was considering returning so I could show my girlfriend a nice time in a fun city. 

But what's probably more important than that, is the fact we both want to go Austria. I get brought close to tears every time I see images of the landscape there, the villages, the fields, etc. I would love nothing more than to just fucking walk around there for the rest of my life. She agrees, so if it comes down to it we could forgo the Amsterdam aspect of the trip. (But it'd be nice to have a couple joints with us!)

We're both not above roughing it. We both have experience hiking and camping and National Parks could very well work themselves into the plan. Cities are not important, I want to be brought to my knees by jaw-dropping mountainsides. I'm not picky at all when it comes to travel and will make the best of everything once I'm there, in regards to housing, food, etc. 

I was considering taking a train from Amsterdam through Germany to Austria, but unless I'm doing it wrong, that seem to be about $400? Any advice on this?

TL;DR:"," First priority, Austrian countryside, perhaps the Western part of the country near the German border. Want to see mountains, villages, etc. Second priority, Amsterdam, possibly travel between the two by train. Advice needed about pretty much everything!"
187,"SUBREDDIT: r/travel

TITLE: Working in Australia on a Holiday Visa

POST: I was talking with a travel agency, and they told me that it's ""No problem"" to get a job on a farm in Australia if you get a 6-12 month holiday visa.

I wanted to ask, if somebody here has done it, and if you managed to save enough funds from the work you did, to keep traveling(I would like to save enough to go to South America).

1) What type of job did you do, and how long did you work each day? 
2) How much money did you make, and how much did you save after daily expenses was paid for (hostel + food)
3) Was it difficult? Stressful? Fun?
4) Where you able to still feel like you were on a holiday (did you ever have time to go to the beach, or see more than one place, or was it just hardcore 70 hour a week grinding yourself into dust?)
----
What scares me away from australia is the cost of living. But besides Australia and NZ there is not many countries that seem to be so ""easy"" to get work on a holiday visa.
I don't have a Bachelor degree, so making money by teaching english in SEA is not really realistic!

TL;DR:"," I wish to work in Australia on a holiday visa, while also sort of having a fun/good/learning/authentic experience, while saving money so I can keep traveling."
188,"SUBREDDIT: r/travel

TITLE: Travel Itinerary - Finding the right balance of spontaneity (Europe for 30 days)

POST: Hi all, I'm a 22 yo female (atlanta, ga) and I just booked a flight to London in mid July and a flight back to the states from Rome in mid Aug. I have a semi rough schedule laid out for my ~30 days in Europe.

London (4 days) > Paris (4 days) > Bern (3 days) > Munich (4 days) > Dolomites (3 days) > Venice (3 days) > Florence (3 days) > Rome (4 days)

I'd love to see all these places, but I'm not necessarily committed to them. As I'll be couchsurfing and staying at hostels, I assume I'll meet a bunch of travelers along the way and I might want to travel with them for a bit. How do you suggest I plan out my transportation costs between these locations? I'd like to find the right balance of being spontaneous without having to pay too much $

TL;DR:", I'd like to be spontaneous without spending too much money. Which paths in my itinerary do you think I'd be okay without planning a train/bus/plane ticket for?
189,"SUBREDDIT: r/travel

TITLE: California to Florida road trip planning

POST: Hello everyone,

Just recently started using Reddit and seems to me this is the best site to ask questions. Me my gf are thinking of flying out to California, most likely Santa Monica, from Germany and take a road trip down to Orlando to see my family. I myself don't usually do so much planning, but my gf is making it all so stressful and difficult about the places she wants to see and go to.

She is a fan of national parks, and as she was writing down national parks and looking up information about them, it seems to be that most of them will be closing several areas around the time that we will be traveling. This kind of devastated her and stopped trying. Now I am looking for some sort of advise on other cool things to see. I mean really, national parks aren't the ONLY good thing to see in the states. I need help on thinking about the best plan on a road trip. Is there some sort of website to help you out together road trips(please don't say Google maps lol, and if you do explain detailed), not just to drive straight but to stop on the way to see awesome stuff. I am not very good at this stuff and that's why I am asking for help. If it was just me I'd rent/buy a car and drive myself to Orlando with a GPS lol.

TL;DR:"," Can anyone help me(or show me the ropes) in planning a Road trip from Santa Monica bay to Orlando Florida, while at the same time seeing cool stuff in a timeframe of 3 weeks?"
190,"SUBREDDIT: r/travel

TITLE: Looking to book a frugal 2 week trip out of country this summer for some adventure, first time solo. Would love some advice on a destination!

POST: Hi there! I'm a 21 year old Seattle based lady looking to see something different this summer, I've requested 2 weeks off from work from July 15-26. My ticket budget is ~$1200 max, & I'm hoping to keep in country expenses under $400. 

I've travelled before, always with my family, to Mexico three times & Costa Rica once. We stayed in hotels but definitely in not very touristy areas, I am experienced in conversing in Spanish, asking for directions, eating locally, etc. I love Central America but would like to try somewhere new, especially because it is gonna be hot over there and I don't know if the Washingtonian in me can handle that! I love exploring nature (I'm an environmental science major) & historical places, but my true passion when travelling lies in absorbing foreign culture & taking a more adventurous path. Guided tours & resorts are the worst thing I can imagine on a vacation.

My first thought is to go to Denmark, Copenhagen/Rosklide to be specific (though I'd be missing the music festival). I have an old exchange student friend over there who is willing to house me and show me around & he's told me everyone there speaks English, but I have been reading here that it is supposed to be very expensive & I'm not sure my budget can handle it. Plane tickets are running around $1200, round trip from Seattle.

So to my main question, if Denmark turns out to be too expensive where would you recommend a solo female traveler looking to see some nature, history, & take in a culture visit?

Thank you so much! :)

TL;DR:"," Frugal solo female traveler concerned about Denmark's prices, where else would you recommend for a 2 week trip this summer?"
191,"SUBREDDIT: r/travel

TITLE: Suggestions for Rome/Naples/Palermo

POST: I'm booking a trip to Italy with my brother and will be  3 nights in rome, train to naples and then on to palermo by train (5 nights between the two including overnight train). We are going in January. Can anyone suggest any cool things they have done in or near any of these places ? is vesuvius normally Ok in winter - can you do the trip to the top or is it too cold ?

 Looking for cool history things (apart from the obvious coliseum,  pompei... )  / nature / food / anything really if anyone has anything they enjoyed particularly

TL;DR:", Cool nature or history or food things in or near  Naples /Palermo/Rome that are a bit different?
192,"SUBREDDIT: r/travel

TITLE: What to do in and around Switzerland during October/November?

POST: In a way, my question is more of ""when and where do I do what?"", as the end of October and beginning of November seem like a transitioning period between summer and winter activities around Switzerland. There are tons of outdoor activities I'd be interested in doing in and around Switzerland, but I'm trying to figure out which are going to be possible while I'm there (approx. Oct. 20 until Nov. 15).

Things I'd like to do in Switzerland:

* Skiing. I've skied several times, but I'm still mostly a beginner.
* Snow biking. The ones with skis instead of wheels.
* Sledding, sledging, or tubing down longer slopes than we have in the US.
* Ropes course. It's a cheap (compared to other activities), fun thing to do that I got cheated out of doing in middle school (unlike my friends in public school).
* Skydiving. I've done this, but it seems cool to do over the alps.
* Paragliding. Never done this, and I'd get more time in the air than skydiving.
* Hiking and cycling.
* Riding cool trains or gondolas, which seem to be seasonal at some places.

I certainly don't need to do all of these things, but my budget is not going to be the limiting factor in choosing my activities. Weather conditions are going to be the biggest factor. A lot of the summer/fall activities seem to come to an end on either Oct. 21 or Oct. 28 around some mountain areas, but I'm not sure when skiing starts up.

My main problem is really trying to figure out when and where the best places to try doing these things would be. Any suggestions? Aside from flying into Geneva and staying in Interlaken for a couple nights, I haven't really decided where else I should go. I'd really love to hear what the best mountains to visit are or what adventure companies have impressed you in the past.

Also, I've found plenty of places that claim to rent snow clothes, which is something I'd be interested in doing if I ski. Anybody tried renting clothes before? I'm trying to keep my pack light.

TL;DR:", Where's the best place around Switzerland to catch the end of the summer/fall season for activities? Where's the best place around Switzerland to catch the beginning of the winter season for activities? Thanks!
193,"SUBREDDIT: r/travel

TITLE: VRBO scams? And how do refunds work?

POST: I'm looking to rent a condo through VRBO for the first time and it seems very scammy.  
   I contacted one owner for a condo that was available at my selected dates (according to vrbo), and they came back to me saying it wasn't available and that they however could get a good price for a few nights if I attended some dubious presentations.

  The second one, I thought everything was fine and I could book it online immediately, and the place had excellent reviews, so I booked it. However, once I booked, I received an e-mail saying the condo wasn't available at the selected date, and that I could select one of their other condos (all a lot more expensive). However, I now have a charge of 1500 USD on my credit card and there's very limited information about refunds... It's listed as ""pending"" so maybe it's just there to verify that I had room on my credit card. I hope I don't have to fight this one through my credit card provider.

  Needless to say, I decided to book something else through another website... Luckily, my credit limit was sufficiently high.

TL;DR:", condo was available on VRBO but I immediately got an e-mail saying it was not AFTER I had paid and I also got a list of available and more expensive condos from the same owner. Now hoping it's refunded ASAP.
194,"SUBREDDIT: r/travel

TITLE: Leaving Europe soon to move to Asia. Where should be my final solo trip of Goodbye Europe be?

POST: I will be leaving Europe in about 4-5 weeks from now to move to Asia. I have travelled across many popular European cities in the past few months solo. 

I realized I haven't done a solo travel to beautiful nature parts of Europe here (Switzerland/Slovania etc). I am based in Paris and am currently planning to take a 5-6 day trip somewhere solo with lots of beautiful things to see at the end of September. 

What I am expecting my vacation to encompass:

* Waking up to beautiful views
* Hiking 2-3 miles a day (A moderate hike with well lit, well marked and well populated trails. Not rock climbing or deserted type of thing)
* Biking around in a leisure fashion. Not having to worry too much about traffic/cars/trucks
* Bathing in pool or lakes/oceans.
* Visiting the city sights but I have had too much of Churches etc. Just enjoying a walk in the busy streets etc is good enough. Enjoying some beer in hostel with a young crowd would be nice as well. (I am a 27yo female myself)

(Mostly moderate activities. No crazy mountain biking or climbing over 2 days etc. Recovering from a knee injury)

For now I am thinking Interlaken/Slovenia are close to what I have in mind. But I would love some suggestions for a 5-6 day itinerary.

TL;DR:", Looking for a 5-6 day itinerary with beautiful nature for light/moderate hiking & swimming in late September in Europe. Don't intend to drive a car. What's a good couple of cities to visit?
195,"SUBREDDIT: r/travel

TITLE: I'm working with a startup that's creating a smartphone app for travelers and we need r/travel's help!

POST: Hi all! I'm working with a team to create a new app called Zofari that does for places what Pandora does for music. The basic idea being that if you find yourself in a place you're unfamiliar with, you can use the app to search for bars or resturants you know from your hometown and it'll find a similar place nearby. It's a new way to explore, and we're really excited about it.

Now here's where you come in: In order to bring this app to the next level, we need to get a sense for how travelers are using it. So we'd love if you'd take a look and let us know what you think. What do you like? what do you not? are you getting accurate results? does it make sense? etc. 

We'll be taking all of your input to make this thing as useful as possible.

**Download the app here:** [iPhone] / [Android] ( 

Currently the app only works for select US cities (Atlanta/ Austin/ Berkeley/ Boston/ Chicago/ London/ Los Angeles/ NYC/ New Orleans/ Oakland/ Philadelphia/ San Francisco/ Seattle/ Washington D.C.) But we're hoping to expand soon.

----
If you have any questions, my email address is allan@zofari.com

More Info at 

Thanks from all of us!

TL;DR:", We need travel enthusiasts to give us their opinions on a new app we're working on so that it will be more useful for travel enthusiasts
196,"SUBREDDIT: r/travel

TITLE: Moving FROM (not to) the Caribbean at 18 years old. I need a lot of advise.

POST: So, I did a google search and there are **TONS** of articles about moving to this tropical paradise, but I didn't find **ANY** on moving out! 

I am an 18 year old from the island of Saint Lucia. I have lived here all my life and, quite frankly, I *fricken* love it here! It's amazing to be able to walk to a beach from my house anytime I want. It's awesome to be able to grab some fruits off of the trees in my back yard. And trust me when I say; there's **NO** party like a Caribbean fete. 

Although I enjoy these wonderful luxuries, something inside of me yearns for more! **I LOVE TO TRAVEL!** Every single time I take a trip with my family I have great amounts of fun and the only thing I usually miss from back home is the cheap and easy access to organic food. I know, however, that traveling under the financial umbrella of my parents would probably be **WORLDS** apart form traveling on my own by couch-surfing or back-packing. 

I do have a Saint Lucian passport and a US - Visa which won't expire any time soon. I also know that I can travel to the U.K on my Saint Lucian passport. 

What I want to do is be able to just leave for maybe 1, 2 or even **6** months, then come back home. However, I don't have much money saved up and I'm not sure how practical my skills as an actor and film-maker would be towards making money on a backpacking trip. 

Everytime I think of doing something cool like this, whether to another small Caribbean Island or to a huge continent, like the U.S.A or the U.K, I get really excited, then feel really overwhelmed and I really have no one I can ask for advice where I live so I came to the only place where I thought I would be able to get an answer.

TL;DR:", I'm 18. I live in Saint Lucia. I want to backpack/couch-surf but I have little cash. I know how to act and make short movies. What should I do?
197,"SUBREDDIT: r/travel

TITLE: Can someone recommend a nice place to stopover in Romania on the way to Budapest (from Bucharest)?

POST: Hi everyone! Sorry for the wall of text.

I know my question is a bit broad, but my boyfriend and I are looking for a place or two to visit in between Bucharest and Budapest. We'll will be attending a festival near Bucharest until July 28th, and then will have about four nights to make it alllllll the way over to Budapest by the 1st of August. We're traveling on foot with very large backpacks, and we're on a very tight budget.

There are so many things that we'd would love to see in Romania (especially places like the Scarisoara caves), but we fear that most of those places are too out of the way for us because we don't have a car and ample time. We're trying to figure out at least one cool place to visit along the way though, so we need your help!

We were thinking of possibly trying to see the Babele & Sphinx, but we're unsure of transportation availability. Would it be possible to get a bus/train from Bucharest to Brasov (2 nights), then from Brasov to Timisoara (2 nights)? Can someone send us a link to a website where we could search this information for ourselves?

If that doesn't work, which it may be too ambitious for the time being, we're open to any suggestions regarding nice towns/unique places to visit that are on the general path to Budapest.

Oh, and we would absolutely LOVE LOVE LOVE to visit an old castle in Transylvania, so if anyone can recommend one that we might be able to get to easily with public transport, please tell us!

Thanks in advance :)

TL;DR:"," Need help figuring a cool place to stop in between Bucharest and Budapest. We have four nights to spare and have to rely on public transportation. We like camping, castles, caves, and stuff that's free because we're broke!"
198,"SUBREDDIT: r/travel

TITLE: Denied entry into US from Canada, need criminal code advice for other destinations.

POST: Hi /r/travel! 

My parents were supposed to go on a 14-night cruise starting today, but they were denied entry into the United States at Pearson. 

**Background:** When my dad was nineteen, he stole a set of golf balls from a sporting goods store. A charge was laid, but then withdrawn. We believe it's on his record because it wasn't dismissed, but will be visiting an OPP station tomorrow to get a full criminal check, just to see. 

He has been through the United States twelve times before this happened. As a man in his late-fifties, he poses no obvious threat but we are aware the searches are totally random and data is shared between Canada and the U.S. My parents have lost a lot of money on this now, and will be getting small things like gratuities and shore excursion money back...but not much else. 

I'm pulling together some money to send them somewhere else, and through a lot of research online, I think it will be either Cuba or St. Lucia. However, my main concern is that he will not be able to go because they'll be flying through U.S. air-space, or their criminal record laws are different. I'm calling the embassy of each respective location tomorrow, but I wanted to see if I could get some advice. It would only be for a week, considering it's the busy season and prices are high...I'd really appreciate it someone could help me out :)

TL;DR:"," If you have been denied entry into the United States and have been red-flagged, will that impact your ability to visit another country that is reached through U.S. airspace?"
199,"SUBREDDIT: r/travel

TITLE: PCVs traveling Argentina and Bolivia: so many itinerary problems... please help!

POST: Hey everyone!  
Here's the deal:

A friend and I are finishing our Peace Corps service in Peru at the end of this month and are planning to travel for about 3 weeks before heading back stateside (Oct 27-Nov 14 roughly).  We're starting and ending in Lima, and wanted to spend a majority of our time in Buenos Aires, but also hopefully hit La Paz for the salt flats and lake titikaka, and Iguazu Falls.  

We originally thought of flying to BA from Lima, then going from BA to Iguazu, Iguazu to La Paz, and La Paz back to Lima.  Alternatively, we've been toying with the idea of doing La Paz first and then flying La Paz-BA on Nov. 1st when flights are cheaper (because of All Saints Day?).  We've got a budget of about $3000-$3500 each, not including plane tickets home, which are already covered.  

Here's the problem:

We're having trouble finding good ways to travel Iguazu-La Paz, Iguazu-Lima, or La Paz-anywhere without breaking the bank.  We're willing to spend a little on plane tickets so we don't have to spend most of our trip sitting on buses, but we're also pretty used to being on buses for long stretches of time if we need to.  The actual logistics of getting from place to place are a little more complicated than we originally anticipated.

The questions are these:
1) Is it better to do La Paz first, then BA? Or vice versa?
2) What is the best way to fit Iguazu in there?
3) Are we even being realistic about going to all those places in 3 weeks?
4) Has anyone found some cheaper way to travel between La Paz, BA, Iguazu (or any combination) that doesn't take like 5 days on 8 or 9 buses?

As an aside, we'd also love some suggestions on what to do in Buenos Aires.

Thanks for your help!

TL;DR:", Traveling Lima-La Paz-Buenos Aires-Iguazu-Lima and need help on how to get places.
200,"SUBREDDIT: r/travel

TITLE: Tour of my home state - a good old fashioned family road trip!

POST: My wife and I decided we are going to do a spur of the moment loop around Pennsylvania.  We are starting in our home town with the kids, 6 and 14, and heading west into various towns and sites (plucked from 

I'm going to remove electronic distractions from the boys, no gameboys or iPhones for this trip, and replacing those with digital cameras.  I want them to build memories of this trip from their point of view.

I have a few spots on the map to stop, but if anyone knows of other places in between or close by that are worth seeing I'm game to hear them.  My wife doesn't do any extreme hiking, nor does my youngest so anything more than a mile two is out of the question.  

This is what I'm planning:
**No major highways (all local/state routes)**

* Lebanon - Lebanon Valley Rail Trail & Cornwall Iron Furnace
* Gettysburg - Gettysburg National Military Park Museum
* Mill Run - Fallingwater (Frank Lloyd Wright's waterfall house)
* Pittsburgh - Steel city (spend night here)
* Renovo - Lite Hiking
* Mt. Jewett - Allegheny National Forest (drive & picnic)
* Route 6 to Endless Mountains/Tunkhannock
* Home

My plan is leaving Saturday morning (7am) and playing the rest by ear.  If we don't hit everything, so be it.  Thoughts?

TL;DR:"," I want my kids to see things I never got to see as a kid.  I'm  packing them up in the car with no electronic toys, just a digital camera each.  Looking for suggestions of sites in between."
201,"SUBREDDIT: r/travel

TITLE: Has anyone been refused entry because of not having 1 blank passport page?

POST: Hey all,
I'm travelling to Thailand soon and then returning to Malaysia. After which I will go to the UK for a new passport.
I've got space for maybe 2 - 4 more stamps on my passport and then my final blank page at the back.

I thought I'd be okay but I need to make an unexpected trip to Singapore next week. Resulting in stamps that are gonna be going on that blank page before I head to Thailand.

I'm pretty confident I'll be okay coming back to Malaysia before going to the UK as I've been frequenting this country for 2 years now and immigration are quite relaxed. But Thailand I'm not so sure.

TL;DR:"," Have you ever had an issue going to Thailand with no blank pages, but still space for stamps on that last page?"
202,"SUBREDDIT: r/travel

TITLE: Sightseeing through Canada, should I use VIA rail (Toronto to Vancouver) or car (Chicago to Vancouver)?

POST: I want to travel through Canada, possibly during the Women's World Cup (June 6 to July 6), to see some games and explore different cities. My friend recommended that I drive through Canada to enjoy the scenery, instead of just flying to Vancouver to see a game. Then another friend told me that there is a train that goes through Canada, so I wouldn't have to worry about a car. My question is the VIA rail through Canada worth it? I hear it's expensive and not great at times. I haven't ever explored Canada (I would love to see Vancouver), and my budget is flexible enough for a more expensive train ride. I love hiking and nature, which is why my friend recommended the road trip: more beautiful scenery. But I would also love to explore some cities. I would start in Chicago for the car ride, and drive north until I hit the border. But if I were to take the train, I would do the Toronto to Vancouver package (probably fly to Toronto).

TL;DR:", Which would you choose for sightseeing in Canada: Canada VIA Rail train to Vancouver from Toronto or car ride to Vancouver from Chicago?
203,"SUBREDDIT: r/travel

TITLE: Pepper spray in Spain?

POST: Hi all! Frequent lurker here.

I am in an interesting debacle here. I have been trying to figure out what sort of barriers exist for people who may want to bring/carry pepper spray with them in Spain.

Naturally I Googled this question first.  I thought it was interesting what I found.
Whenever this question arose on many of the other travel forums, instead of receiving helpful answers, most of the askers were *berated* for simply asking the question.  Commenters waxed poetic about Spain's safety and the lack of violent crime and what have you.

But here is the thing, a lot of the posts I found where the question regarding pepper spray + Spain was asked was not about the relative safety of Spain. And yet this subject was the majority of ""answers"" that these askers received.

I know Spain is pretty safe.  I live in an affluent suburb and I *still* carry pepper spray with me at night.  The thing is, I will always prefer to look like an over-prepared, paranoid freak than look like a fool or an idiot after being victimized.

Sorry. I felt the need to rant because I was so frustrated that I found all these comments on other forums spitting vitriol at people for even considering bringing pepper spray into Spain or other European countries. Now on to the real issue.

I know you have to be 18+ to carry pepper spray in Spain. I know it has to be below 5% pure capsaicin for it to be legal.  I know Spain has stricter laws than the US when it comes to *using* pepper spray.  I know the TSA's rules for traveling with pepper spray in checked baggage.  What I **don't** know is what kind of trouble I may encounter trying to *leave* Spain with pepper spray in my checked baggage.  Are the rules pretty much the same, that the canister must be in an off position (usually there is a safety switch) and in a secure/locked package inside of checked luggage? If someone could locate/translate the information from Spain's safety/security ministry, that would be really awesome.  Thank you very much.  :)

TL;DR:", What do I have to do (in terms of luggage preparation) to leave Spain with a canister of pepper spray in my checked luggage so that I don't get arrested at the airport???
204,"SUBREDDIT: r/travel

TITLE: Seeing Manhattan in one day? What to see?

POST: Any experienced New Yorkers in here?

I plan on traveling to Manhattan in June. However, because of my work schedule and money situation, I will only be able to go for one day. I am taking Greyhound and will arrive at 5:30am and depart at 3:00am. What should I see in Manhattan? Keep in mind I won't have the time to stop at one thing for too long. I want to see the financial district, Lower East Side, Upper West Side, midtown, Greenwich Village, Little Italy and Chinatown. If I have the time, I want to visit Harlem also. I have no interest in Central Park or the Statue of Liberty. How can I see these things in only one day? And do you have any suggestions on what to see in each community?

TL;DR:"," How can I travel to Manhattan's financial district, Lower East Side, Upper West Side, midtown, Greenwhich Village, Little Italy and Chinatown in only one day and get the best experience possible?"
205,"SUBREDDIT: r/travel

TITLE: Best US bank for international travel for a 17 year old in MA?

POST: Hey all,

So I recently traveled to Eastern Europe  mainly for World War II and Cold War historical sites, etc., to Germany, Poland, and the Czech Republic. It was amazing! The one non-amazing part? Banking.

So I currently have TD Bank... they served me well except for the first ATM I tried in Germany, which wasn't in the NYCE or Star networks, and then every single ATM in the Czech Republic. With them on the ATMs that worked I got near market exchange rates, no foreign transaction fee, and ""only"" a $3 fee per withdrawal.

The part where this all gets super complicated? I'm going to be living in Lebanon this summer for almost two months, and if my debit card doesn't work in the Czech Republic, it sure as hell won't work in Lebanon.

All of you were raving about Schwab so I checked it out... you need to be 18, and I'll have just returned from Lebanon as soon as my 18th birthday hits. I checked out Citi and PNC too at the rec of /r/lebanon (<3) but both require you to open the account at a branch which isn't possible for me, as neither are anywhere near me (and they aren't as amazing as Schwab).

So my question and

TL;DR:", what bank will take me as a 17 year old that will work for travels in Europe AND the Middle East (absolutely both are essential) and not destroy me with fees?
206,"SUBREDDIT: r/travel

TITLE: We've booked a month-long trip to Western Europe. Itinerary too ambitious?

POST: I'll try to be brief as possible. I greatly appreciate any help / advice!

**PREFATORY INFO**: I am a 25 M traveling w/ my girlfriend, 23 F. I have a great deal of traveling | backpacking experience, while she has not yet been abroad. We are leaving **Sept. 3rd** and returning **Oct. 4th**. We are departing from Dulles and landing in Paris (CDG). Our budget is (excluding airfare) $10,000.

My primary question is––especially regarding traveling to and from the UK / Ireland––whether our itinerary is realistic. I've never traveled to Ireland from mainland Europe (we're going RyanAir), and am worried about it taking too much time and money. 

Our main aims are for France + UK/Ireland +  Switzerland 

**ITINERARY** [with Paris as a 'home base' of sorts]: 

Paris --> London --> Wales (Betws Y Coed) --> Dublin --> 'Irish Countryside' --> **|** *return flight to* Paris --> Grenoble --> Lausanne --> Interlaken --> [*maybe*] La Spezia --> CDG + departure

**So, is this realistic?** 

We've budgeted and planned thoroughly, so if you'd like more info (such as planned length of stay in each location), I've probably got it.

P.S. I'm using Paris as a staging area because I'm quite familiar with the city, I speak the language, it's generally centrally located, and it's the place my g/f is most excited about.

Thanks so much!

TL;DR:", Going for a month to Europe. We're concerned our itinerary is too ambitious––especially the traveling to and returning from the UK section.
207,"SUBREDDIT: r/travel

TITLE: Dual Citizen. Which passport to enter on airline website?

POST: I'm a dual citizen (US and Germany- just got my German citizenship a few months ago) I'm going to England for spring break and am planning on using my German passport because I don't want to wait 1+ hours in the non EU/EEA immigration line.  When I got to the traveller info on the Virgin Atlantic site, it asks for passport information but its unclear if its just for the return flight to the US, and if you want to enter a non US passport it asks if you've applied for an ESTA (which I haven't). So which passport do I enter-- German or US?

TL;DR:", Going to UK as a dual (US and Germany). Which passport do I enter on the airline site or show the airline upon check in?
208,"SUBREDDIT: r/travel

TITLE: Need ideas for vacation.

POST: Hey all my family hasn't really had a vacation in forever.
Details
We live in Oregon and would like to go somewhere with nice weather and nicer beaches. 
We have budgeted around 6-7 thousand dollars for the entire trip for a family of four (My 2 parents a 26 year old female and 21 year old male).
We would prefer around a week long vacation. 
We are willing to go to most places on the globe except for places US citizens arent allowed (so no cuba parents are naturalized citizens but they still don't want to get in trouble with the government and yes i did try to convince for cuba)
Our window to travel is anytime between early july and mid September.

I have looked into Hawaii and Puerto Rico and we have a package (to puerto rico) that is around $4,000 for flight and hotels and then which would allow us to have $2500 for food and entertainment. (that is just an example I was hoping for more ideas that I could look into.

My Ideal vacation of course would be to Tahiti but that seems to be out of the budget slightly.

TL;DR:"," 6000-7000 USD budget would like warm nice beach enviroment with fun activities (suba diving, boating, etc etc) for about a 7 day long vacation."
209,"SUBREDDIT: r/travel

TITLE: Traveling to Europe and I need advice on what to see

POST: I will be traveling with my family to Rome and from there I will take a Royal Caribbean cruise for 7 nights to Genoa, Marseilles, Barcelona, Palma De Mallocro, and finally Valencia. At each stop I will be able to go on a couple of excursions or explore the city with my family by our selves. (*I will be there in late June/early July)

My question is if you have roughly 10-12 hours (mid-morning to night) what would you do?

I already plan on going on a short trip to visit Camp Nou in Barcelona (because I'm a huge soccer fan) (I will also have the most of the day to visit Barcelona after this) and I am strongly considering taking an trip to Monaco to see the Monte Carlo Casino (would you recommend this over Genoa?)

I have no idea what I should see in Marseilles, Valencia, Palma De Mallacro though!

TL;DR:"," I have a day in Barcelona, Genoa (or Monaco), Palma De Mallacro, Valencia, and Marseilles what should I see??"
210,"SUBREDDIT: r/travel

TITLE: Euro Rail Pass... help needed

POST: I need some help figuring out how the euro rail pass system works.

Im going to Europe this summer. I start off in Amsterdam then go to paris and then down to Barcelona. What I would like to do is buy a eurorail pass for the bullet trains that would let me ride from amsterdam to belgium to paris and possibly to england.

but not in that order. Im meeting some people in paris and while im leaving after a 4 day stay in amsterdam to go to paris several people have put interest in to riding the train to amsterdam for the day.

so my trip schedule would possible look like amsterdam to belgium, belguim to paris. 

paris to belguim, paris to amsterdam

then maybe paris to the uk.

TL;DR:"," Is there a europass that will let me ride the bullet train multiple times in a short period(roughly 2 weeks) between france, belguim, the netherlands and england?"
211,"SUBREDDIT: r/travel

TITLE: Expedia set up a connecting flight for my parents where they needed a visa. Ending up costing them thousands! Is this right? I feel they were cheated big time.

POST: Basically my parents booked a flight to the Philippines and not once, ever, had they had to get a visa for connecting flights. For some reason they had to connect in Beijing and since my parents thought that it was a connecting flight, they didn't need a visa... Connected through many countries myself and didn't need a visa either.

Well, when they got to the airport, they were told they couldn't go and had to rebook their flights. Total $4000. It was a trip they have been planning for years and it is tainted by expedia... they had no choice to go with them again because it included hotels, etc... so Expedia got credit twice for the airfare. 

Is it expedias responsibility to tell customers that they needed transit visas?  They only had two hours to get to their connecting flight, pretty tight timing if you had to go through customs, etc in Beijing. Is there anything my parents can do about this?

TL;DR:"," Parents had a connecting flight to Beijing that needs a Visa, Expedia didn't tell them, costing thousands in fees and rebooking. Reddit, Halp!"
212,"SUBREDDIT: r/travel

TITLE: Hello Redditors! Please help me plan a fall foliage trip for my mom in the East Coast region of the US!!!

POST: Hey Guys!!!

My mom is coming back from Taiwan to stay with me (OC, California) for a few months at the end of July. Due to healthcare issues, she has to reside between here and Taiwan :( This is the first year in a while that we will be spending both her and my birthday together so I really want to plan something special for her. She has mentioned several times that she wants to see fall foliage. I have no idea where to start. She said her dream is to drive on a road where she is surrounded a whole mountain-fuck-load of foliage. Her birthday is 10/31 so it'll be foliage-prime season, no? I searched on le interwebs but thought you guys could help me out better! She loves staying at B&B's, Cabins, and Victorian-style hotels. She loves freedom on the road so we will most likely be renting a car and be driving around.

TL;DR:", If you know where the BEST fall foliage is please let me know!! My mom loves staying at B&B's. 
213,"SUBREDDIT: r/travel

TITLE: Recently college grad who has never left the continent. Please help me find a way to turn my dreams into reality!

POST: So, as the heading states, I have just graduated from undergrad. I graduated a year early, slightly unexpectedly, and wasn't able to do the traditional study abroad program that I had hoped for. I am studying for the LSAT and working full time at a local law firm, but before going to law school I hope to serve in the Peace Corps. I'm currently working on my application and I have realized just how little traveling I have done. Sure, I have gone all around the United States, but there is so much more. 

I dream of participating in the Running of the Bulls, seeing the Eiffel Tower, snorkeling at the Great Barrier reef, etc. There is a whole world to see, and I'm missing out! I see that the guidelines request specificity in asking for help in such matters, but I'm open to anything. 

I figure it will take time and planning, but after I take the LSAT I will have nothing else to do besides wait for word from the Peace Corps. I can work hard and take some time off, so please help me find a way to see the world. My budget is limited as I am a recent grad, but I do work full time and can likely ask my family for some help. I'm totally comfortable roughing it, I love big cities, I want to partake in some types of local traditions (e.g. Running of the Bulls), I like mountains, beaches, cars, trains, everything. I just want to see the world.

TL;DR:"," Recent college grad wants to see the world, starting with big cities/monuments. Needs help planning and estimating cost."
214,"SUBREDDIT: r/travel

TITLE: Got screwed over by US Air, anyway I can turn it into an upgrade or some such thing?

POST: I was booking two flights for Thanksgiving week and managed to catch prices when they were REALLY good.  I booked right away.  I got to the screen that said ""verify your flight info"" which I did and clicked 'charge my credit card"".  The reservation went though and seconds later I received my confirmation.  US Air had put us on two different flights- 5 AM FLIGHTS!  I called and they gave me the song and dance about those particular fares on the flights I wanted are now gone and they can put me on different flights for the same cost.  I sent an email to the complaints/customer service department explaining the issue and this was the response I got.

""Please be aware that our website does not allow for you to have more
than one browser open when you make a purchase, since tickets must be purchased one at a time or one group of tickets at a time.  This is the reason why the itinerary may eventually end up different than the
original or you may end up with an error.

Fares are not guaranteed until purchased, we recommend that in the
future you only use one browser since by the time you either start over due to an error or call us to fix the ticket that has the wrong flights, the fare may be sold out.  We cannot guarantee the same fare will be available after an error is obtained or after you call for help.""

I call BS- I didn't have more than two browsers open so I don't know what they're talking about.  I'm really irritated as I feel like they can just function however they want and we can do nothing but sit here and take it.

TL;DR:", US Air screwed me over- I'd like some compensation- honestly even them saying it's not right would make me feel better.
215,"SUBREDDIT: r/travel

TITLE: Beware Your Own Country: A True Story

POST: Patriotism.  Turns out even having small inklings is hazardous for your well being.

I arrived in Tallinn safe and sound.  The weather was beautiful, and for once I was very happy to actually be walking outside in this beautiful Baltic town.  I stopped in at my favorite pub in the old town district, and gorged myself at the cheap food, as well as had a beer or two (the prices are just SO much better then Finland's).  After I finished my meal, I decided to go find the Tallinn bus station, as I would be departing their tomorrow morning bound for Lithuania.  As I was walking down the cobbled streets, I noticed an American flag lofting gently in the wind- the American embassy.  With a little bit of pride, and equal parts home sickness, I lifted my camera to take a picture.  That was a mistake.  As soon as I hit the button, I heard alarms and whistles.  Before I knew what was happening, two large men had grabbed me by either arm and were dragging me into the embassy.  ""What did I do?!"" I inquired.  ""Possible terrorist activities"" the guard responded, as he pointed at the ridiculously tinted windows to a barely visible sticker- a ""no cameras"" symbol.  ""Oh you have got to be shitting me"" I thought.  As I was brought into the embassy, I frantically tried to explain that I was an American.  I even offered up my passport as proof.  They took my passport, took my photo, and searched my bag.  I got held for 45 minutes while they ""processed me"".  Eventually, after I was deemed ""non-threatening"", I was released to go back on my merry little way.  This may have been the funniest shit that ever happened to me.

Moral of the story- no wonder the rest of the world thinks American's are crazy.

TL;DR:"," I took a picture of the US embassy in Tallinn, Estonia, got detained for 45 minutes, had a mug shot taken, and was searched.  I'm an American citizen."
216,"SUBREDDIT: r/travel

TITLE: Going to Oahu next week and I really need some advice about traveling to the big island.

POST: So im visiting a friend who lives in Oahu. I'll be there from 31 Jan until 10 feb. This was kind of a last minute thing so I didn't plan much and was going to kind of just let him show me around.

But one thing I'd LOVE to do while I'm out there is to see the Mauna Kea Observatories and volcano national park. The thing is, I'd have to go alone because he has to work.

So what I'm asking of anyone is any tips on the cheapest and best way to get to and around the big island for a couple days. I'm pretty clueless as I've never been there. Any information would be appreciated.

TL;DR:", I will be in Oahu 31jan to 10feb and need to see volcano national park and Mauna Kea Observatories quickly and as cheap as possible. Two days max. Thanks
217,"SUBREDDIT: r/travel

TITLE: Aer Lingus/UA, checked luggage question and boarding pass?

POST: I'm flying from Belfast to Washington state in November. I'm a little frustrated because I can't seem to find any information on checked baggage fees. I booked through United Airlines online.

I fly from Belfast to London (With Aer Lingus), to Chicago (UA), to Spokane (UA).

Forgive my ignorance, but is there a default reservation for 1 piece of checked baggage in the hold, on ANY flight with ANY airline, free of charge (or included in the price)? I figure that must be an international standard for airlines, right? What airline would let you book flights without allowing your luggage? 

For context: I did not pay for any luggage when I was going through the process of booking, because I assumed that it would be included in the payment itself. What I mean by this is, there are so many options and additional prices, all of which I ignored, that I'm concerned I missed an option to check in luggage. I am only traveling with one rucksack that is too large for carry-on luggage (and it has been checked into the hold on previous flights). My fear is that I will be faced with additional fees for this rucksack when I reach the airport. Is there any validity in that concern? Did I screw up during the booking?

I wouldn't be asking this, but I really can't seem to find any information on this query (which makes me believe it's possibly too paranoid or too stupid).

My other question is more straight forward. I understand it isn't necessary to check-in online (although I will anyway). If I do, will I be emailed my boarding pass for printing? If I don't, can I get that boarding pass at the airport with minimal fuss? Do I even need a boarding pass? For reference: I like physical copies. I don't own an iphone.

I apologize for these stupid questions. The checked bagged thing has me up the walls.

TL;DR:"," I'm only traveling with 1 rucksack that won't qualify for carry-on luggage. Since it's classified checked-in luggage, will I be charged at the airport? Where can I obtain my boarding pass?"
218,"SUBREDDIT: r/travel

TITLE: Using folding bikes on a trip through Europe - feasible?

POST: My brother and I will be spending a month backpacking through europe starting in 2 1/2 weeks and I've been planning to take folding bikes with us, to cut down on taxi/bus fairs and also just to have the freedom to explore areas we wouldn't otherwise because of the long hikes and time restrictions associated with that. The idea occurred to me as I was visiting chicago a couple months ago and didn't get to see half of what I wanted to see because most of my time was spent walking from place to place. Sometimes places were closed by the time we got there.

I decided on folding bikes because I figure it would be safer to store a bike inside hostels, easier/cheaper to pack on trains and cheaper to actually ship the bikes to europe with us.

So, experienced travelers: what do you think of this idea? Is it feasible. Can you see any major potential problems?

For those who don't know what a folding bike is: 

The bikes weigh about 30 pounds each. We have bags to put them in while in hostels or on trains, but otherwise we'll be on them riding through towns, seeing the sights.

We'll be going to (in order):

Amsterdam,
Brussels,
Paris,
Barcelona,
Marseilles,
Rome,
Naples,
Venice,
Bucharest,
Brasov,
Budapest,
Prague,
Munich,
back to Amsterdam

We'll be using Eurrail between each city of course, not riding. The bikes are just to explore each destination.

TL;DR:"," I'm doing the normal backpacking through europe thing, only hoping to use bikes to cut down on fairs and see more of each destination. What do you think?"
219,"SUBREDDIT: r/travel

TITLE: Hello /r/travel iam visiting america in 2 weeks... suggestions?

POST: So me and my dad (19y.o./old) will be in New York for 4 days (what do I have to see/do besides the main sights?) then I will fly to Orlando to visit the IAPPA Exhibitions for 4 days and then i go to panama city cause ive got some relatives there (I cant ask em cause we arent really in contact) so after this I will have like 6 or 7 free days to go so I could either go to New Orleans/Atlanta and/or fly to another city (thats maybe not like on the west coast) cause i didnt order the flight back yet.... any suggestions what is worth to see most? thanks for reading :)

TL;DR:", going to NY then Orlando then I could go to Atlanta/New Orleans or could also fly to a different city. what should I do/not do and where should I go?
220,"SUBREDDIT: r/travel

TITLE: A few questions on working abroad: UK and Ireland

POST: Hello,
Maybe someone here can help me out with this because it's very hard to get clear advice on the subject.

I'm looking at registering for a two year working holiday visa in the UK. My nationality is Canadian. I currently run my own business and unless I was to find an outstanding job in the UK, I would like to continue to do so. I do consulting in the realms of process re-engineering and systems implementation.

At this point, it becomes very confusing as to what is and isn't allowed in terms of earning a living. I know that I can register in the UK as a self-employed entity. I know that I am VAT exempt if I make less than 73K. What I don't understand is how the working arrangements function between countries in the EU. 

As a UK resident on a two-year visa, am I restricted to working solely with UK companies? I understand that any long-term work commitment with a non-UK company would involve applying for a visa in that respective country, but is it any different if you are engaged as an independent contractor? I have a potential client in Ireland looking for CRM training and implementation. For someone like me who's just starting up, it could be a huge payday. With the economy this bad, I don't want to pass up slam dunks like this.

Unfortunately I've already used my Ireland work abroad visa a couple years ago. The job isn't long enough to make it worth applying for a green card. Besides, I'd like to live in Scotland or Northern Ireland and explore those areas. So for most part I expect I would be living in the UK, but I would have to travel some for business until this project was complete.

If someone can help or point me in the direction of someone who can help that would be great. Many thanks!

TL;DR:"," I want to live in the UK but might be interested in doing contract work for companies in other countries. Is this like, categorically illegal and frowned upon?"
221,"SUBREDDIT: r/travel

TITLE: Question about Work and Travel Visas in Europe

POST: Hello travel friends!

I'm a late bloomer when it comes to traveling, but last summer I knocked off my first 4 countries! 

I just recently found out I was accepted for a job in Switzerland! My job is organizing my Swiss work visa (for 5 months), and I have been doing some research about European travel visas. Since I will be staying in Europe for >90 days, I have some questions about how visas work. 

My plan is to enter France for 6 days on a tourist visa (doesn't require documentation for up to 90 days), then enter Switzerland with my Swiss work visa. For the next 150 days, I will work in Switzerland, and want to travel to various European countries for a few days at a time. Then when my work is done, and the work visa is no longer valid, I want to continue to travel in Europe for another 60 days. 

I am assuming that 90 days after entering France my tourist visa runs out. But since I will have been on a work visa for 84 of those days, does the tourist visa go on hold/re-set? What happens if I want to travel from Switzerland on my days off before/after the 90 days. And how does the Schengen Area factor into all of this?

Does anyone have any experience in a situation like this? Or do you know who to contact (Canadian embassy in some European country? Swiss embassy in Canada, some other organization?)? Any guidance would be helpful! My googling skills aren't finding me anything about combing work & travel visas for >90days!

TL;DR:", I am in Europe for 7 months. I have a Work Visa for 5 months. How do Travel Visas work if I want to enter various other countries during that time? What organization do I contact with further questions?
222,"SUBREDDIT: r/travel

TITLE: Traveling Eastern Europe by rail with a train pass

POST: So throughout my travels, I've heard so many awesome things about the rail systems in all of Europe and how convenient they are as well as how affordable the monthly international passes are. Now I'm sold on a trip there.

I have committed on a trip (we pick vacation by seniority at my job  a year in advance, which we just did recently) at the end of September through mid-late October. I have a friend in Germany that wants me to visit so he can show me a few places and then do Oktoberfest together. My plan is to then fly to Greece and work my way through Eastern Europe hitting lots of countries and cities on the way. Obviously my first thought was a rail pass.. but after just recently looking at the prices I'm so shocked!!!!!

I will be turning 26 next summer before the trip, so it of course puts me in the adult class! A 21 day consecutive pass on Eurail is $8xx!!! That's insane, I was expecting 400-450 max. 

I guess what I'm asking here is: Due to the fact that I will no longer be considered youth next year :'(, is it stupid to try and travel with that type of pass? There's loads of reservation fees on international trains too! Is it smarter to just buy tickets as I need them from place to place? I don't have a set list of countries or places I will be traveling yet since it's so far out so I'm sorry if that makes it harder..

TL;DR:", Basically I'm a budget traveler who will no longer be able to buy a youth Eurail pass next year.. how do I do this without breaking the bank?
223,"SUBREDDIT: r/travel

TITLE: Language Barrier - Tokyo Travel

POST: I'm in the preliminary stages of organizing a solo backpacking trip at the beginning of March next year (two weeks duration), and I really have my heart set on travelling to Tokyo. My main reservation/concern is my lack of knowledge of the language/alphabet; I don't know any Japanese.

Do you think this trip is feasible on that basis? Obviously I fear not getting full value out of it for a short duration if I can't navigate/communicate well. I backpacked through continental Europe for three weeks this year and had next to no language issues, but I feel like English is generally well understood there (I also have basic knowledge of some European languages) and I imagine Japan will be much more difficult. Do you think if I used an online resource to study it for a few months prior that would suffice? Basically I'm just trying to gauge if you think it's stupid of me to dive in headfirst and commit to this trip not knowing a stitch of Japanese...Additionally if it's any help I'm 23M and my budget for the two weeks is $3500 CAD.

Thanks!

TL;DR:", Do you think I'd get by/enjoy myself with no prior knowledge of the language? (two week long trip)
224,"SUBREDDIT: r/travel

TITLE: Expedia dropped my family's hotel reservations after taking our money!

POST: Warning: This post is a bit long, but I just need to get this rant off my chest. I've been a lurker for 3 years now, and created an account just to tell as many people as I could how terrible my experience with Expedia has been.

I'm on a weekend trip with my parents to the Portland, OR area and we had made reservations in Wilsonville through Expedia several months in advance. My dad checked with them a few days in advance to ensure that our accomodations were taken care of, saw that they (Expedia) had already charged his credit card and even sent him two emails reminding him that his reservation was coming up and was confirmed with the hotel.

We arrived at the hotel at 7pm this evening (Friday, July 20), and the hotel staff told us that not only did they not have our reservation, but they had no rooms available, there were no vacancies in any of the hotels nearby, and that we were the second family that this had happened to today! The staff at the hotel informed us that Expedia would be calling us in a few minutes to help us find a room somewhere else. Two hours later, Expedia still hadn't found us anything! And on top of that, the only thing they offered us was a full refund! They expected us to be happy with that, and couldn't understand why my father deemed this ""unacceptable.""

Another half hour later, they finally booked us a hotel all the way down in Salem, OR. Not only was this even further south (by half an hour) than we had planned in traveling, but the only thing they offered us was a $25 credit on our account! Needless to say, we will never be booking anything through Expedia ever again. My mom has already nicknamed this the ""vacation from hell.""

TL;DR:"," my family got screwed out of a hotel we had already paid for through Expedia, and when we asked them to find us another room, they offered us only a refund or a hotel half an hour away."
225,"SUBREDDIT: r/travel

TITLE: Help me with my trip planning!!

POST: I have never been out of the United States, grew up out west never went past Wisconsin. I am wanting/needing to plan a trip to either Hawaii or do a Europe trip to different places, Italy, Ireland, Scotland or Norway are our top choices. Help me plan, I have never done this and dont really know where to start. 
Sites to check out, places to go, what and where to eat that is cheap but good. I need to know what it will cost me and where to go on a budget. We have some money saved but we need to make sure we have enough. Really ANY advice would be very welcome!!!!

TL;DR:"," where have you gone, what did you do, when(season) and how much money did you need in order to do it? Websites also a plus."
226,"SUBREDDIT: r/travel

TITLE: Reward Programs?

POST: Hey guys, complete newb here and feel extremely overwhelmed with options and rules.

I signed up recently for AAdvatange, Marriott Rewards, and the Emerald Club for National Car Rental. Can anyone tell me some good tips on how to bundle them up? Anything useful I should know? Perhaps some bullet points to abide by. 

Should I also have my Marriott be converted to points or air miles? Or is that completely preference? Should I look into opening up a credit card for one of these? I'll be traveling plenty for work fortunately. 

Eventually, I'd like my first trip to be to Sydney from NYC (JFK) sometime next year. I might be able to pull it off by next year if I travel this amount.

TL;DR:"," Have AAdvantage, Marriott Rewards, and Emerald National Car Rental programs. Anything I should know to maximize my benefits? Thanks!"
227,"SUBREDDIT: r/travel

TITLE: American considering visiting the town my family's from in southern italy. Any input is greatly appreciated.

POST: I'm an American that will be studying abroad for a semester in the UK. I've never been to Europe before and plan on doing some trips outside of the UK. One place I'm considering is the town my grandfather's family is from in Italy. However, this is a small town (under 2000 people) in southern Italy that is kind of hard to reach. It looks like the best way for me to get there would be taking a plane to Naples, then after a 90 minute train ride I would have to try and catch a bus to take into this small town 30 miles away from the train station. The prices to get there really add up and I'm a poor college student. Being a small town, I don't expect much English to be spoken, and I speak no Italian (but plan to study at least the basics before going) so I would probably get there with an A1 or A2 level at best. I do speak Spanish so I think I could hopefully learn a conversational level of Italian in a relatively short amount of time. That being said, the language barrier definitely worries me. Another thing that worries me is that I will be travelling alone so I'm not sure what to expect from a small town (I would assume conservative??) and how much I would be able to get out of the experience with limited Italian. I do not know anyone there either, I'm sure I have distant relatives there but none that I even know the names of.

Do you think it would it be worth it to spend a lot of money to go visit a small town that I would probably have trouble communicating in? I definitely have an interest in visiting but am not sure if all of the obstacles would be worth it for me to come at this time (definitely will consider visiting later in life if I choose not to visit now)

Any tips or experiences on doing something like this would be great. Thank you!

TL;DR:", want to visit the town my family comes from but getting there would be challenging and I don't speak the language very well.
228,"SUBREDDIT: r/travel

TITLE: To the man I flipped off last night on the NJ Turnpike:

POST: Its really cool if you want to drive at 70 mph (limit = 65 mph) on the turnpike.  I'm not going to tell you how fast you can drive.  But when the rest of traffic is moving at an average of 75-85 mph, you really shouldn't be in the left lane.

So when I approached you from behind while travelling 77 mph (where I set my cc on the turnpike), I was hoping you would see me, move to the right and let me pass.  You didn't.  I disengaged the cruise, and was 5 car lengths behind you (the closest I felt I could be without being unsafe).

I flashed my lights at you.  This was to indicate my desire to pass, and was my politest way of saying ""please yield the left lane"".  You didn't.

I flashed my lights a second time, in three quick succession.  This was to let you know that I hadn't just gone over a bump, and was really desiring to pass you, but you still continued on in the left lane. 

4 minutes into this, I flashed my lights a third time.  This time I left the brights on for a sustained 3-second burst.  Again, a re-iteration of my previous sentiments.

Up to this point, you could have moved to the right safely at any time (e.g., there was no one blocking a potential lane shift).  But now, the lane was clear for me to pass you on the right.  So I did.  I then moved back into the left lane in front of you, so that I could pass a slower moving car in the right lane coming up.

You then proceeded to flash your brights at me and honk.  I then proceeded to flip you off for 15-20 seconds.  The intention of this this gesture was to make you want to describe the events to someone else, and that this person would hopefully point out to you the error of your ways, and that you'd be a more courteous driver for it going forward.

Thanks.

TL;DR:"," The left lane is for passing.  If the person behind you is closing in on you, you need to get in the right lane."
229,"SUBREDDIT: r/travel

TITLE: Tell me about how traveling after a break up helped you.

POST: My SO of 6 years broke up with me a month ago.   I thought we were going to be together forever (sounds cliche when I type it out).  Anyways, I decided that I needed to do something for myself.  Yesterday I bought a ticket to Japan in September.  It has always been my dream to visit Japan.  I'll be staying for 3 months.  I'm not trying to ignore the situation or run from my problems.  I want to soul search, do something big for myself, and get away.  I know it won't solve all my problems or give me all the answers. 

So, have you ever traveled to get through a break up?  How did it go?  What did you learn?

TL;DR:", My SO of 6 years broke up with me.  I have plane tickets to Japan for a 3 month stay.  What's your experience with traveling after a breakup?
230,"SUBREDDIT: r/travel

TITLE: Need help deciding where to travel on the week of September 7th

POST: I am taking a week of holiday on the week of September 7th and I am currently having trouble deciding where to go.  My ideal budget would be under $2,000 (including flight) from Texas and the max travel time to my destination (including layovers) would be 16 hours.  I really like historical landmarks, but I also like high-adventure type things (ziplining, white water rafting, ect.).  One of the big things I am also hoping for is fairly decent public transport.  I have lived in Korea, Australia, Spain, and India but I am travelling alone so I am not sure if I should be concerned about personal safety.  Some of my top places are Denmark, Czech Republic, Holland, Nicaragua, Honduras, Austria, Chile, Iceland, and Mexico.  Please help me country that I can really explore in depth in a week and keep under a budget of $2,000 (including flight).  Some of the countries I have already visited include; Fiji (Loved), Australia (Loved), New Zealand (Loved), India, South Korea, Japan (Loved), Thailand, Cambodia (Loved), The Philippines, Belgium (Loved), Spain (Loved), Finland, Ireland (Loved), Portugal (Loved).

TL;DR:", Trying to decide a single country to explore on the first full week of September where the weather will be nice and I wont completely break my budget.  Strong recommendations will be greatly appreciated.
231,"SUBREDDIT: r/travel

TITLE: How long should confirmation/completion of an airline reservation take? (American Airlines)

POST: I just attempted to book a trip for next April. 

My origin was Kayak, which redirected me to AA's main website. I filled out the requisite information there, and provided all my credit card information. The site said ""one moment please"" with a loading bar. It's been that way for over 40 minutes now.

At the 20-minute mark, I called customer support (an easy-to-find, 24-hour number -- that was an awesome blessing) and was quickly connected through. My biggest concern, I expressed to the call center rep, was that my trip insurance had processed, e-mailed, and showed ""pending"" in my checking account before my trip even did.

I recreated the reservation, to get the flight numbers for the agent. He put my on hold to talk with the reservation team.

After speaking with the reservation team, he gave me a six-letter confirmation code. I am concluding that it's my unique traveler ID (as mentioned in the FAQ). He did not give me an e-ticket code.

TL;DR:"," The instruction the AA call center rep gave me was that the ticket would process, and that the e-mail with all my details would complete in 2-3 hours, and I just had to wait."
232,"SUBREDDIT: r/travel

TITLE: Help me plan a trip from (USA) Hesperia, CA to Wenatchee, WA.

POST: **Background**: My girlfriend, dog, and I are planning to drive from Hesperia, CA to Wenatchee, WA ([google maps] between December 24, 2011 and January 8, 2012.

----------------------------------------------------

**Request**: We would like your input for some interesting locations on the way back from Wenatchee. The link I posted doesn't have to be the route I take; It is just the default route google gives me.

Some vague guidelines/interests/brainstorm:

* Places my dog can come see too.
* Great places to eat?
* Cheap places to stay (that allow my dog).
* Nice outdoors places to stop (The kind of places I'd see on [r/earthporn] )

-------------------------------------------------------------

**Limitations**: I'm pretty open to ideas but the number one limitation is that my dog is going to be with me so I can't ditch her in the car for very long.

TL;DR:"," Traveling from Wenatchee, WA to Hesperia, CA and would like awesome places to stop along the way that I can bring my dog to also."
233,"SUBREDDIT: r/travel

TITLE: Any advice for a first-time flight booker? Please?

POST: *Tried to keep it short, didn't happen, so apologies in advance for the large amount of text!* :l

While it might be hard to believe, I'm trying to book a flight by myself for the first time. So here's the rundown, I'm a senior in college and about to head home to Tulsa, Oklahoma for the summer. Usually I stay in the city where I go to school, but my grandma (who lives overseas in China) is in bad shape health-wise and my mom is a mess emotionally because of it.

Our family income is not very much (around $25,000 based on what I remember from last year's taxes), and we own a small business that is almost entirely family-run. My mom is reluctant to buy a ticket yet because of our financial standing, the business and the fact that she is the primary caretaker for the family.

I work at a chain restaurant and will be transferring to one back home, and am planning on taking over my mom's role while she's gone. I've been saving up money to buy a roundtrip ticket back home for her, but I just wanted some advice as to where would be the best place to look for a flight from Tulsa to Canton, China or Hong Kong (kayak, cheapoair?) because I have no idea how long my grandma might have left and assume it'd be better sooner than later? I would probably book it for the beginning of June or, at the latest, before July since it would still require several weeks to renew her passport, correct?

She would most likely stay for a month or two (not sure since she was pretty emotional yesterday and I didn't want to ask at that moment). I understand it won't be cheap, but I'm willing to dip into my own personal savings since I'll be busy working this summer anyway.
Thanks for any help in advance. I really appreciate it!

TL;DR:"," Need to book a round-trip flight to China in June for my mom to see my grandma. Best options for cost, convenience for month-long trip?"
234,"SUBREDDIT: r/travel

TITLE: Hey, Help a 20 year old pick where to volunteer in Zimbabwe?

POST: Yo! I am a student who is going into his second year of college in the United States. Last year I went to a State of Maine school, and this year I transfered to another one. I don't know what I want to do at all, but I get a very good deal for tuition for these schools, so I figure no reason not to.  

But I think that I actually want to do something more interesting, and travel somewhere. I thought about going to school in California or biking in New Zealand but I think that what I would like to do is go to my school in Maine first semester, then go and volunteer in Africa next semester. I picked Zimbabwe because the band Dispatch did that cool benefit concert for Zimbabwe, which is as good a tie breaker for an african country as I need.

The only thing is, I am wary of going to google and typing in ""Volunteer Zimbabwe"" and clicking on the first link and signing up. Once school starts in about a month I am going to talk to my advisor about programs that he would recommend, but I figure until then it can't hurt to ask you guys

TL;DR:"," What program would you recommend for doing volunteer work in Zimbabwe? And If this is a topic that no one here knows anything about, where would you recommend I continue my search? r/Askreddit? Some professor in my college?"
235,"SUBREDDIT: r/travel

TITLE: I came travelling to feel free, but I'm stuck again mirroring my life back in London. Help to get out of this rut?

POST: So I guess it would be useful to give a brief background on myself and where I'm at now. I'm 24, and after being in the same office job for 4 years sat in a chair for 12 hours a day, I made the decision to quit, and go travelling with my girlfriend. We've done some fantastic things, elephant trekking in thailand, visited temples, diving and more. 

We've arrived in Australia, and realized how expensive it is. Now I find myself stuck in another office job (although it's only for a couple of weeks) that pays alright but basically doing the same thing I did in London. The idea was to get away from all of this. 

Any help/tips/advice on how to get out of this rut would be great. Things I can do? Whether it's volunteer work or anything really that will be something different. Where do I look for this? I live in Sydney now if that helps. My girlfriend is working as a nanny for the next 3 months so we're here for over xmas it looks like. 

Please help me get out of this rut. What can I do?

(Also I have a tendency to just write people off if I start to get paranoid that they don't like me within the first 20 minutes. Part of travelling is trying to meet new people and build up some self-esteem).

TL;DR:"," I came travelling to feel free, but I'm stuck again mirroring my life back in London. Help to get out of this rut? What can I do to mix things up?"
236,"SUBREDDIT: r/travel

TITLE: Jetstar cancelled our flight home...

POST: We're on the last day of our honeymoon and due to fly from Singapore to Melbourne Monday evening on Jetstar; however, a short time ago I received an email saying our flight had been cancelled and offering a $50 voucher, but no info about what to actually do to get home!
So, I called Jetstar while worrying that we would need to spend another night or two in Singapore (not that it would matter too much since we have travel insurance) but was told that we had been rescheduled to flight JQ8404 leaving only 1 hour or so after our originally scheduled departure time. 
Now, I knew there wasn't another Jetstar flight that night, do started wondering if they might have put us on a Qantas flight (since Jetstar is a subsidiary). I searched Qantas flights and sure enough, there is the flight from SIN-MEL at 10.40, flight 8404 (operated by Emirates code-share).
Now I'm starting to think that it looks very likely that we have been rescheduled to another carrier. The best part - being our honeymoon, we opted for Jetstar 'Business Class' as it was a comparable price to Economy on a full-service airline. 
I don't want to get my hopes up too much, but I'm hoping it's a honeymoon miracle and we've just gone from a $500 Jetstar flight to a $3000 Emirates A380 Business Class flight.
Any experience with this? Am I being unrealistically optimistic? It just all seems to add up.

TL;DR:", Bought super cheap Jetstar Business Class flights that have now been cancelled and appear to have been rescheduled on Emirates A380 in Business Class. Am I dreaming?
237,"SUBREDDIT: r/travel

TITLE: Backpacking noob, looking for advice

POST: Hi all, I'm graduating from college in May, and as I've pretty much been sheltered my entire life, I wanted to go out and do something way out of my comfort zone. I figured backpacking would be a great place to start, but I'm unfamiliar with the activity, and was hoping for some pointers and enlightenment. Are there any resources on getting introduced? I'm looking to do around a month-long trip during June, most likely alone. I'm very interested in Japan, and stalking /r/backpacking, it looks like it wouldn't be a bad place to get started. Will language be a huge issue? I'm open to any suggestions/advice anyone is willing to give!

TL;DR:"," I want to start backpacking, but don't know where to begin, I have around a month to travel in June. Looking for tips/suggestions/advice!"
238,"SUBREDDIT: r/travel

TITLE: Need advice and mom's approval to go to Paris

POST: Since I was 12 years old I have been dreaming day after day to go to Paris. My entire room is decorated with all things Paris and it is a constant reminder of how badly I want to go. I have been saving for a long time and me [17F] and my boyfriend [17M] are trying to work out a plan to go next summer. My mom is apprehensive of the safety aspect of it all but she knows that I've been wanting to go for a long time. She would like me to go with a travel group but I don't really want to be tied down by specific times of activities and I would like more time to explore the city. I've tried to explain to her that traveling with a male would make things better than traveling with a group of girls alone but she is still weary. Any advice on the situation and how to convince my mom? Thank you

TL;DR:", It is my dream to go to Paris. Need moms approval and a way to have an effective and worth while trip.
239,"SUBREDDIT: r/travel

TITLE: Decided on my 15 day itinerary for Vietnam - would love advice/critique!

POST: I posted my original Vietnam itinerary [here] and got some great feedback on it from another redditor. Now I've updated my itinerary to the below and want to get some final advice on it before I mentally lock it in! :)

------

8/27: 8:30 AM land in Hanoi, chill at Hanoi Backpackers (Downtown) hostel/explore Hanoi and then take overnight train to Sapa

8/28: Day in Sapa and then stay in a homestay in Sapa - Tavan Chopai Homestay

8/29: Full day in Sapa and then take overnight train back to Hanoi

8/30: Check into Hanoi Backpackers spend the day/night in Hanoi

8/31: Leave for Ha Long Bay overnight tour and stay 1 night there

9/1: Ha Long Bay / back to Hanoi 1 night - overnight bus to Phong Na

9/2: Stay in Phong Na - Easy Tiger Hostel

9/3: Stay in Phong Na - Easy Tiger Hostel

9/4: 4:30 AM start - Get bus from Phong Na to Hue and stay 1 day and 1 night - Hue Backpackers' Hostel

9/5: 8 AM start - Easy Rider motorcycle through Hai Van pass to Hoi An, stay in Hoi An - Hoi an Backpackers Hostel (DK's House)

9/7: Stay another night in Hoi An - Hoi an Backpackers Hostel (DK's House)

9/8: Train or Bus to Da Nang Airport and fly to HCMC, stay in HCMC

9/9: Stay in HCMC

9/10: Day in HCMC and then fly HCMC -> SFO

TL;DR:"," Sapa, Hanoi, Ha Long Bay, Phong Na, Hue, bike through Hai Van pass to Hoi An, and then fly to HCMC and finish my trip thre."
240,"SUBREDDIT: r/travel

TITLE: The Right Shoe for Traveling Abroad

POST: Hello, /r/travel.  My wife and I are traveling to Greece in a couple months and plan on doing all the touristy things, which means plenty of walking.  We are both seasoned travelers and enjoy it immensely, but one thing that I have hardly ever gotten right is packing (and wearing out) the right shoes.  

**For the sake of packing light, what's the best all-purpose footwear for quickly getting through the TSA AND being comfortable while touring?**  

I am dude and a fan of minimal running, so the Merrell Vapor Glove and FiveFingers are some of my favorite shoes.  These are light-weight and thus great for traveling but I could imaging them not providing enough support for walking all day.  Conversely, I don't like wearing boots, am NOT traversing rough terrain, and above all, hate overheating feet (it is going to be 65' F and arid in Greece).  Somewhere there's a middle ground.  I have been thinking Keens or Chacos, but my fashion sense begins to tingle a bit... haven't ruled those out, though.

That's where I thought I would ask the experts of /r/travel for some opinions/convincing.

TL;DR:"," Dude looking for single piece of footwear to travel light, make it quickly through airport security, not overheat while walking all day comfortably."
241,"SUBREDDIT: r/travel

TITLE: Some advice on dealing with planning my travels?

POST: Hey guys, 

So I'm going to Kenya and South Africa this coming January and my plan was to stop over at Amsterdam and Belgium for 2 weeks in December as a stop over. Late summer the price for this was $1050 with the layover. However, I couldn't book my tickets yet since I didn't know my schedule until now, and the same flights cost around 1700$ now. If I choose to skip Europe, the price comes to $1000 range again. 

Dilemma: I can sort of go to California for those 2 weeks instead and then head to Kenya/South Africa but I planned this Europe trip in the summer and was really looking forward to it. I fear I will not be able to have the same experience as a college student in Europe anytime soon since I will have an internship next summer and other priorities to take care of. I don't know what I should do. Any advice is greatly appreciated it. 

To put things into perspective, I'm just a 19 year old college student and don't feel like asking my parents to fund the excess of my flights. (Even though they wouldn't mind)

TL;DR:"," Europe stopover became too expensive, considering California as an alternative. Fear of missing out on a much better experience in Europe."
242,"SUBREDDIT: r/travel

TITLE: Going to Puerto Peñasco with some friends but we're all under 21~ help needed finding place to stay!

POST: So basically two of my friends and I are planning a trip to Rocky Point (Puerto Peñasco) in the near future. We have enough money to go so that part is settled. The only problem is that when researching places to stay I noticed that every resort (places like Sonoran Sun, Las Palmas, etc.) are all 25+ to check in. I'm the oldest at 20 so you can see my problem haha.. 
I was hoping to get somewhere right next to the beach and if possible then on a private beach as well.. If anyone could help me that would be great! We are planning on going in September if that helps! Also we speak Spanish if that is any help also !

TL;DR:", need help finding place to stay in Puerto Peñasco that allows a 20 year old to check in. Next to the beach if possible.
243,"SUBREDDIT: r/travel

TITLE: How ""solidified"" does a liquid have to be to stored as carry-on without needing to pack it with other true liquids?

POST: I'm packing for a trip and trying to avoid checking any luggage if possible. I have 2 things, [American Crew Grooming Cream] and [Proraso Pre Shaving Cream] which I'm unsure of how a TSA checkpoint agent will classify them.

The grooming cream has a wax-like consistency, and the pre-shave cream has a consistency of cool, but non-refrigerated butter (the best analogy I can come up with). I could open the containers and shake them upside down all day and they would never come out of their containers. Are these likely to make it through airport security without being put into a 1-quart bag with other liquids?

TL;DR:"," Is hair wax, and other semi-solid products likely to make it through airport security without being declared as a liquid?"
244,"SUBREDDIT: r/travel

TITLE: Meet Claudia from US Airways in Charlotte NC. She is the nail in the coffin that ruined my day.

POST: Everything started going downhill around 6:15am when we tried to check in for our flight. We were told that the itinerary had changed from an 8:40 departure to 8:07, and that the new flight would be operated by United instead of US Air. No big deal... We have plenty of time, but we have to go check in with United now. 

And so we try to check in. 

That doesn't go so well. One of the tickets is somehow coded incorrectly, and the person from United who is ""helping"" us doesn't know how to fix it so she sends us to someone else. We end up waiting in line, and by the time this guy gets everything sorted out, it's too late to get on the flight, and the best thing this marvel could do is put us on the same flight for tomorrow and suggests that we go back to talk with US Air. 

By this time, obviously everyone is more or less irate, but we head back to US Air to see what can be done. Turns out they can get us on the next flight which would allow us to make our connection and be on our way. Not sure why United was so incompetent,  but, whatever. 

Still, things can't be so easy. The flight is delayed. We fly off,  hoping to make it in time for our connection, and we end up landing with less than 5 minutes to make it. 

And we do!  Sort of. We get there just in time for Claudia to close the door to the gate in our faces and refuse to let us on the plane. Several of my family members are in the plane who had come from other places, but she doesn't care. To add more insult, we find out from someone who was flying standby that she had placed a group of US Air employees in seats just before we arrived at the gate. 

Now we're spending a night in Charlotte instead of joining a family reunion.

TL;DR:", Claudia from US Air gave away our seats to her coworkers and refused to let us on the flight we had tickets for.
245,"SUBREDDIT: r/travel

TITLE: U.S. Redditors traveling to Europe: Don't use WOWair.us

POST: While planning my trip to London later this summer, I was watching flight prices fairly closely for a couple of months, one day prices drop and i thought I finally found a decent price through WOW air. 

I was wrong.

For those of you who aren't familiar with WOW air, they are a ""low-cost"" airline based out of Iceland, and that is the primary issue.

I booked my flights through wowair.us and paid in USD, so I was a bit surprised when my bank charged me a foreign transaction fee (for over $100!).

I spent probably 2 hours on the phone with my bank trying to get it reversed with no success before deciding to try to call the airline directly.

Now it is worth mentioning that nothing in either the terms & conditions of wowair.us or their payment FAQ specifies that appointment would be processed outside of the U.S. or in a currency other than the one shown during booking, so I was hoping that someone there might understand my frustration, wrong again.

After holding for what seemed like an eternity (thanks to the prerecorded message from the CEO recommending you check their website for answers), though it was probably actually only 20 minutes or so, I finally got to speak to someone, I explained the situation to him and was promptly placed back on hold for another 10 minutes (mercifully, this time there was no message repeating every 15 seconds about checking the website for an answer to your question). 

When he came back, all he would say was that there was nothing they could do, I should have known that it was an Icelandic company, which is true, but also not the point.  I asked to talk to a manager and once she was on the phone I got the same broken record, (it's an Icelandic company, silly!) and when I tried to ask her about other foreign companies which don't cause foreign transaction fees (Sony, Samsung, LG for example), she hung up on me. 

The customer service manager LITERALLY hung up on me.

TL;DR:"," Got charged fee for booking in USD, called the airline to ask about it, got hung up on by their customer service manager"
246,"SUBREDDIT: r/travel

TITLE: How easy to get US tourist visa if you have no exact plan yet

POST: I'm looking to apply for a tourist visa to the states in advance because I want to be ready in case I see insanely cheap flight tickets there and I might make a very last minute trip there without worrying about ""how long is it going to take to get my visa, is my visa going to be approved or will I be wasting my money"". I know people from my country who managed to apply for business/tourist visa and the visa is valid for 10 years, so I thought it shouldn't be a big problem if I don't have exact itinerary yet.

I tried applying for B2 visa online and was asked to input estimated date of arrival (this I have no problem making something up). And then I was told to input contact details of a person or organization from U.S who can prove my identity or sth like that. The problem is I don't know people who can help with with that, and since I have not been in contact with organizations (tour agency or hotel) I can't find something to write in the fields. Any idea how I can get passed this?

Some background about myself:
- I'm from First World country (so I think) and we have visa-free to 150 over countries, all except U.S for some reasons. But generally people of my passport are not known for overstaying or illegal immigrants etc.

- I have no problem proving strong ties to my current city, no problem showing work contract and salary slips etc

- I'm single Female

- no criminal records, good credit records, good citizens, good travellers (didn't overstay in any country at all)

TL;DR:", how can I apply for tourist visa when I don't have exact plan of travel and no related U.S contact person
247,"SUBREDDIT: r/travel

TITLE: Cheapest time to buy flights?

POST: I'm planning a trip to Tokyo, Japan.  I'm a student so my budget is tight to say the least.  I want to buy my ticket at the correct time to get the cheapest price, but I'm not a frequent flyer so I really have no idea when to buy or where to buy from to find the cheapest possible price.  Can anyone give me some insight of where and when to buy plane tickets?

Also if there's anything that you can recommend to see or do while I'm there I would love the input.  Also budget is a tough thing so any suggestions on hotels or good hostels or something is much appreciated.

TL;DR:"," Where and when can I buy cheap tickets to Tokyo, Japan.  I plan on going sometime around the end of May."
248,"SUBREDDIT: r/travel

TITLE: How can I move to England as a U.S. Citizen?  *Not your typical situation*

POST: Hello Reddit.

My name is Jake.  I'm currently living in The Netherlands on a 'zoekjaar' work visa that I acquired after graduating with a Masters degree in Media from a Dutch University.  While studying here in NL I met and fell in love with an amazing guy who lives in London. (I almost censored this to make me out to be a straight guy to avoid homophobic reactions, but I want to tell MY story so kept it true).  Last year alone we each made 10+ trips back and forth to visit each other and keep up some semblance of a 'normal' relationship, despite the distance.  Upon graduating in September, I went home to the USA for a couple of months which really put a strain on our relationship...  When I got back things just didn't feel the same.  He came to visit and we pretty much decided to split indefinitely because of the distance and the near impossibility of me being able to move to the UK...  This was a week before Christmas and 2 weeks before our 1 year anniversary.  I'm not looking for a lecture on long distance relationships, I just want to know if anyone has any advice of any way I could possibly move to the UK, even temporarily to give this relationship the chance it deserves.  I'm in a difficult spot because its not really something I can talk to my parents about yet and no one I know seems to have any advice because I'm the only person in my 'group' to attempt to move out of the country.  This is turning into a wall of text so I'll cut it short.

TL;DR:", I'm a US Citizen.  I live in The Netherlands.  I'm in love and want to give 'us' the chance we deserve to be together by moving to London but its near impossible because of my US Citizenship.
249,"SUBREDDIT: r/travel

TITLE: Staying around San Francisco area vs. in the SF area?

POST: So, I'm planning a solo trip to San Francisco for **2 weeks** around the mid of March, and I'm trying to aim for **under 1000$** for flight, accommodations and insurance, and if possible to add food, gifts, personal purchases and entertainment to add up to under 1000$.

I've used AirBnB before, but San Francisco is much more expensive.

**What I'm asking are two things**:

1. Is it possible to enjoy San Francisco staying in the Oakland area?

2. Are hostels are a safe, reliable place to stay? I've never really stayed in one before and am quite used to the privacy of a room, albeit with giving up community feel.

Found a few good hostels, I like [The Green Tortoise] 

Does anyone on here have any experience with The Green Tortoise, or would there be any better hostels in the San Francisco area that might be cleaner/safer? I'm most concerned about dirty bathrooms and someone stealing my personal belongings (possibly bringing my laptop, I will be buying records and maybe clothing while in SF).

TL;DR:"," Can I enjoy SF staying in Oakland, and/or are there any affordable, safe, clean hostels in the actual San Francisco area?"
250,"SUBREDDIT: r/travel

TITLE: Travelling with a friend starting February with a total budget of $13000

POST: Hi r/travel! So I've just finished highschool along with a friend and we have taken a gap year together. We have worked for 6 months and have collectively earned $6500 each. Our current plans are to hit up Asia first (spending least $$ possible here since europe is more expensive), then to work our way to europe. We are adventurous guys and we aim to do some extreme activities along this trip. For the asian portion of our trip I have a half brother in Thailand who will have an apartment for us to stay for around a month, and I aim to visit the beaches and UNESCO heritage sites while I'm there, before working our way through vietnam and india. After, we will work our way up to europe, possibly travelling through eurorail or cheap ryanair flights. I think the goal of our trip is to just experience the world as it is since we were pretty studious during highschool. We have never done anything like this before and have zero idea what to expect, how can we get the most bang for our buck? What should we be mindful of while we travel?

TL;DR:", fresh HS graduates saved a bit of money to travel asia and europe. Want some tips for shoestring travelling
251,"SUBREDDIT: r/travel

TITLE: Streamlight Batteries in checked luggage?

POST: Hi all, I'm returning from a vacation in which I bought some Streamlight CR123A batteries.  Can I put these in my checked luggage?  I know the TSA has issued guidance [here] that is unclear to me.  It says:

>Batteries Allowed in Carry-on Bags:

>Lithium metal batteries (a.k.a.: non-rechargeable lithium, primary lithium). These batteries are often used with cameras and other small personal electronics. Consumer-sized batteries (up to 2 grams of lithium per battery) may be carried. This includes all the typical non-rechargeable batteries for personal film cameras and digital cameras (AA, AAA, 123, CR123A, CR1, CR2, CRV3, CR22, 2CR5, etc.) as well as the flat round lithium button cells.

and 

>Batteries Allowed in Checked Bags:

>Except for spare (uninstalled) lithium batteries, all the batteries allowed in carry-on baggage are also allowed in checked baggage; however, we recommend that you pack them in your carry-on bag whenever possible.  In the cabin, airline flight crews can better monitor conditions, and have access to the batteries or device if a fire does occur.

But then it says:

>Prohibited Batteries:

>Spare lithium batteries (both lithium metal and lithium ion/polymer) are prohibited in checked baggage.

Does the prohibition refer to lithium batteries such as the ones that would go in a computer, and not to small camera batteries?

TL;DR:", Can I put 24x Streetlight CR123A batteries in my checked luggage without risk of them being confiscated by TSA?
252,"SUBREDDIT: r/travel

TITLE: How do I plan an international trip? (This might be a dumb question, but oh well)

POST: I am a 22-year-old, born and raised in the United States. I have never left the U.S., and I have never been out of my home state (Texas) for longer than 13 days.

I would absolutely love to travel to another country - it's one of my top priorities right now. 

Many of my friends have been able to travel abroad, but it seems they had it easy. Opportunities were literally handed to them; e.g. their parents wanted to travel, or they went on a school trip (I could never afford to study abroad, unfortunately). I don't have the help of parents, a school or anything else. I'm on my own and I really don't know where to begin.

I want to plan a trip and go as soon as possible, but I have a few hurdles in the way and would love some advice on how to overcome them...

* The biggest problem is money. I am mostly financially independent but get some help from my parents occasionally. How do I get the money to go? (Yes, I probably sound stupid right now, but I would really appreciate the advice). It seems to me like it is extremely expensive to travel abroad. Is there a way to get cheaper plane tickets? Hotels? Etc.
* Should I seek out a tour company (like [Go Ahead tours] I feel like otherwise I wouldn't know where to go or what to do...

Any advice or personal stories would be greatly appreciated.

TL;DR:"," I want to travel from the U.S. to a different country, but I don't know where to begin. Biggest hurdles are money and knowing where to go/what to do. THANKS."
253,"SUBREDDIT: r/travel

TITLE: Las Vegas Redditors, I need your help, give me your secrets! Please!

POST: Okay, here's the situation: I will be travelling with two buddies (all of us are 22/M) to the great city of sin in about a week. We're roadtripping from Vancouver, BC (flying/packaging a deal isn't an option as this stop is part of a larger road trip) and we plan on staying for about 4 days. I keep hearing people talk about the proper ways to talk your way into a stellar walk-up deal on rooms of various quality in any one of the major casinos on the strip. We haven't pre-booked anything and we figure that since we'll be staying somewhere on the strip we can just valet our car, but please please please please, if you know any of the inner workings/know anyone that knows the inner workings of a casino/hotel in Vegas enlighten me as to how to talk my way into a killer deal!
Also: any other awesome ""insider"" tips on Las Vegas would be greatly appreciated. Like I said, all I ever hear is that its a city with a million little tricks and insider discounts but nobody ever seems to know them. Thanks for any help provided!

TL;DR:", Give me the knowledge so that I may get the best possible deal for the least possible money. I love you. End of story.
254,"SUBREDDIT: r/travel

TITLE: Summer programs/open organizations in Central America?

POST: Quick background- student, one last semester this fall. Haven't found a summer job, would really like to volunteer in central america. Would love health exposure (biology student that wants to go back to nursing), but don't have any skills so understand if that's impossible. Open to anything though- farming, teaching/tutoring, manual labor. I do have 2 years of university spanish, I'd say I'm intermediate.

I have googled this and researched places, but the reason why I'm asking here is I don't like the idea of those big volunteer companies. I honestly don't want to pay a huge fee to volunteer. I worked in Cambodia last summer with a center that didn't charge volunteers a fee and it was a great place. But you wouldn't find it from google easily (let me know if you'd like the name if you'll be going to Siem Reap). That's what I'm really asking, does anyone know some smaller, local organizations open to volunteers? I don't expect them to set me up with tours and stuff, I'd just like to help out a bit/interact with locals while seeing a new place.

I wouldn't mind paying a small fee though, I do understand that. I think I'd probably be able to go for about a month, and would be open to something like $50/week. Of course, I'm expecting to pay for my own transport, housing, food, all expenses, unless they have some sort of offer of that stuff (and it's not ridiculously expensive).

TL;DR:"," Looking for smaller, more open organization to volunteer at. One without or with low fees. Fine with any type of work, especially excited for some health exposure but have no medical background."
255,"SUBREDDIT: r/travel

TITLE: Airline lost my bag. Not sure what to do now

POST: I recently flew home from Barcelona and lucky me when I got to Montreal to go through customs my bag was nowhere to be found! They had me sign something saying that my bag was lost and that I didn't take it through customs but since I had a connecting flight that was all. Unfortunately that was four days ago and they still don't know where my bag is.  They just offered me $350 as compensation for the lost bag and its contents but everything lost was worth way more than that. I can see why they wouldn't trust my word on how much is lost but it was my backpacking bag, sleeping bag, clothes and about 5 weeks worth of souvenirs and such.

 Do any of you know how I should go about getting the airline to give me closer to what it's worth or if it is even possible?

TL;DR:", Airline lost my bag and is offering me significantly less as compensation than it was worth. I don't know what to do next.
256,"SUBREDDIT: r/travel

TITLE: Ok /r/travel, I need some serious input into some life-altering plans.  Especially from Motorcyclists and RV'ers with experience in the America's

POST: Alright, so my wife and I have been doing the same old for 5 years now.  Working in a big city, living in a shoebox, etc.  It has been great - lots of friends, lots of fun, but we miss the open road (spent a year traveling Asia, NZ, and Auss).

We've been toying around with the idea of up-rooting, and doing a trip from Toronto -> Vancouver -> Mexico and everything in between.  Then the possibility exists we will fly to South America and do a bike tour there as well.  We are debating on whether to this by Car, RV, or Bike, and they each have their benefits:

RV - Will let us take our dog along much more easily.

Car - Allows us to take more stuff, much cheaper than the RV, but the dog would be quite difficult to take.

Motorcycle - Not much experience with long trips on a bike. I'm assuming space would be a problem (though we'd probably end up witha  gold wing or something).

Second Question: We're thinking of trying to continue work.  We are both IT professionals, and currently have some minor contracts that we do from home.  The RV is tempting because I think we could work from inside the RV as we travel.

So I'm asking you Reddit, what experiences do you have? What are your thoughts?

TL;DR:", Wife and I are thinking of touring the West Coast in either an RV/Bike/Car while possibly working and are looking for input!
257,"SUBREDDIT: r/travel

TITLE: I really need help with travelling across Spain. Love depends on it!

POST: So for this year my girlfriend and I are both living in Spain - in cities 500km apart. We've been together a long time and are going to make it work, but transport between Zaragoza (where I live) and Salamanca (where she lives) is so incredibly difficult and expensive, and buses/trains are so infrequent, that I feel like there must be something I'm missing.

Last weekend she visited me, and took a train. There was only one train that day, which left at 6:00am and took six hours. The round trip cost over €70.

But this weekend I'm visiting her, and there's also only one train - but it's the same one, and arrives at 9:00pm , giving us only really a few hours together. So I looked at the buses and the best I can find is leaving at 3:00am Friday and arriving at 3:00pm, then leaving Salamanca on Sunday at 3:00pm. I'll do it if I have to, but I really don't want to spend the same sort of money - a lot - and almost 24 hours of travel time for only 48 hours with her.

TL;DR:"," Travel between Zaragoza and Salamanca is a the wrong times, takes hours, and costs the earth, and there must be a better way."
258,"SUBREDDIT: r/travel

TITLE: After finishing school, I want to drop everything and travel. How feasible is this?

POST: Edit: I'm from the USA

Like the title says, I want to travel after graduation. I have one year left of college. I will graduate with no debt because of scholarships and working, which means debt lingering over me won't be an issue.

I'm sort of having a quarter life crises and I need to get out. I want to travel the world, which of course costs money. I will have about $5000-$10,000 to get me started, but I know that is not nearly enough.

Because of this, I plan on spending extended periods of time in an area while working. How feasible is it to get a job while I am travelling?

Has anyone done this?

TL;DR:", I want to drop everything to travel. How feasible is it to get a job while travelling to help pay for expenses?
259,"SUBREDDIT: r/travel

TITLE: Alternatives to hotels for people who are too young?

POST: Hi! So, let me make this short.

My best friend Jake (Going to use a fake name just 'cause our friends can see this) is 17, and he wants to travel to see his girlfriend who he's been in a long-distance relationship for 2 years after she moved.

The problem is, even though they're both 17 years old, her parents are extremely controlling and just bad news for her emotions and friendships (which she has none) and relationships. 

That being said, Jake can't rent out a hotel room because you have to be a certain age because of contract issues, and it's nearly impossible for anyone under 18 to get a hotel room anyway.

He's been talking about actually **moving** out there, but I'm trying to convince him not to do so, to visit for a few weeks until they can both make the commitment to live together and they know for sure the relationship is going to work out.

So I suggested he take 2 weeks off of work to go there, and he could easily do it since he makes more money than I probably will when I'm twice his age, but he knows no one in her area other than her, so he can't stay at her house, because of her family.

I don't want to suggest my friend anything shady, if there is a legal, safe way for him to enjoy his little vacation, I'd appreciate it because he's been going through a rough time and he really needs this.

Sorry, I know this is a really tunnel-visioned post but I'm just trying to get answers for him so he doesn't have to stress over it.

TL;DR:", Is there a way for someone under 18/21 in the US to rent a hotel? Or is there a safe alternative?
260,"SUBREDDIT: r/travel

TITLE: Where do I go/What to do in Europe for 2 days before my main trip in Russia?

POST: I am an American 25 year old man and will be traveling to Russia this summer. My friends are going to iceland first then meeting me in Russia. The flight was booked so I am going to go to Europe by myself for 1-2 days before and then fly to Kiev and meet my friends.

Where should I go for 1-2 days and what should I do while I am there?

Background info: I am a 25 year old man, I have a girlfriend, and I am about to graduate from 3 pain in the ass years of law school. I want to experience the world/culture really bad. I would like to go somewhere historical but I am all ears to any experience. I think maybe a guided tour would be good since I will be alone, but whatever. I only know english.

If you have any advice on places to visit near St. petersburg, Russia, I am all ears.

TL;DR:", I am a 25 year old man graduating from law school. Going to Russia in the summer. Have a chance to go anywhere in Europe for 1-2 days before Russia. Where should I go?
261,"SUBREDDIT: r/travel

TITLE: Flight Agency Website Down - Can't Book Extra Luggage and my Flight is in Four Hours

POST: Hey there everyone, I am currently in Lisbon after a having spent a month here and traveling across Portugal, it's a great place and I would certainly recommend it. My problem is of a different nature though: I bought some things while here and now have extra luggage to take back with me. Usually this would be a simple process online but the website of flight agency Transavia (www.transavia.nl) is currently offline and their call center does not seem to be operating (+31 0900 8051). I know I should have probably booked my extra luggage sooner but this is a very weird predicament. 

Will the airport charge me the same amount for the extra luggage or will there be an extra fee, if it's even possible at all(?) Any help would really be appreciated.

TL;DR:"," Flight agency's website down, cannot connect to book extra luggage, unsure if said luggage can even be taken or if a higher price would be charged, any help appreciated"
262,"SUBREDDIT: r/travel

TITLE: How do I use local sim cards while traveling eastern Europe?

POST: I'm leaving for Europe in 2 weeks and will be traveling there for 8 months. I would like to use local sim cards for some parts of my trip. I currently have a contract with Verizon Wireless that ends in August, and my phone will be unlocked at that time. Do I need to cancel my service with verizon in August and then use prepaid sim cards that I'll pick up during my travels? Or do I need keep my service running at home for my phone to function? I don't really want to pay monthly bills for verizon service when I won't be using their network and I'll already be paying for the prepaid sims elsewhere.

TL;DR:"," Looking for advice on how to use local sim cards internationally and wondering if I need to keep my verizon service at home active. If I don't need to, how do I cancel it when my contract ends in August"
263,"SUBREDDIT: r/travel

TITLE: Should I travel to Brazil or Cuba?

POST: Hi all,

So, a wild vacation pokemon has appeared, and I've got it. Now, if only I knew what to do with it. I have 7 days off - likely Mid May is when I'd use it. Will be travelling from Toronto. I like seeing new things, stuff that's interesting, off the beaten path, but work has been hectic, so I'm honestly considering a nice relaxing beach resort type of vacation. My budget is 1500. I've already backpacked most of western europe, visited the middle east and south asia. I like nature, culture, history and also dont mind a place that has a good nightlife. 

So what I'm asking for is suggestions to visit places that offer fun while also having opportunities to relax. Tough, I know. I'm a guy, 25 yo, and I'd probably be going with my gf. Never travelled alone however, but wouldnt mind that as well. Any and all suggestions are welcome. Thanks!

Seriously considering both the destinations above, so any tips on those would be appreciated as well. Thanks!

TL;DR:"," 25 yo guy, 7 days off in mid may, looking to go somewhere new, fun, and (maybe) a bit relaxing. budget: $1500. like: nature, culture, adrenaline, something different****"
264,"SUBREDDIT: r/travel

TITLE: I am moving to New Zealand for a year after I graduate in March. I'd really appreciate any advice or help. Thanks!

POST: Hey! I posted a similar question a week ago or so but I didn't get much of a response and I am stressing out/crazy excited! 

I'm go_ducks_2013 and I am graduating from college March of 2013. I have a one year Working Holiday Visa and I will be staying with a couple of friends who live in and around Auckland when I arrive. I met some guys who were from NZ traveling up the west coast at a party and we became really great friends so they will be helping me out, as well as some of my sisters' friends (she has lived in Auckland twice to do some field studies because she is an anthropologist). My sister will be in Auckland in March for a wedding and is going to buy a Toyota that I can use when I get there (stoked!) and will sell for her when I leave. Other than that, I am looking for any possible jobs, friends, places to go, eateries, etc! I'd love absolutely any advice about where to shop, eat, hang out or whatever. Even better would be some advice about how to get set up in a foreign country or the best ways to save money. I have never traveled outside of the states so this is a huge step for me. Thanks!

TL;DR:", I am moving to NZ and need advice/help on how to survive in a foreign country for a year post-college!
265,"SUBREDDIT: r/travel

TITLE: Advice for single woman traveling around Israel & beyond (xpost from /Solotravel)

POST: I'm 22F, graduated college in June and have been working since (with some domestic travel over the summer). I bought my plane ticket, I arrive in Tel Aviv on Jan 9, so there's no going back. But now I'm worried about money and traveling alone. My rough itinerary right now:

* Israel til mid March (combination of couch surfing/staying with friends, WWOOFing, and hostels)
* West Bank mid-March to mid April (working on a farm/staying with friends)
* hop over to Jordan by bus sometime when I'm in the West Bank (short trip, probably a weekend or a week, staying with a friend or possibly a hostel)
* back into Israel and fly to Turkey in mid April
* Turkey for 1-2 weeks; fly to Athens
* Greece for 1-2 weeks; fly back to SF Bay Area

Now I am freaking out because I just got laid off from my job this week so that's $850 I was going to earn in December gone from the trip. I'm looking at $3200 total for that itinerary (that needs to cover airfare within the MidEast as well as back to the U.S., but not to Israel, already paid for that) or maybe less, unless I commit myself to seriously not spending ANYTHING this month.

Is this doable? I am worried that Turkey & Greece are actually going to be too pricey and I should scrap them, although I would hate to cut Turkey entirely. (Greece I could skip if I can't afford it.) Any advice for solo travelers in these countries, specifically for women? (already read a couple things online for women but they were really general) Any place I should see maybe instead of Turkey and/or Greece that's cheaper and still reasonably safe?

Funny thing is safety is not really my biggest concern on this itinerary. Obviously I'm taking necessary precautions and it is *a* concern but everyone I talk to is more worried about me getting caught in a war and I'm not overly paranoid about that.

TL;DR:"," Can I hit Israel, West Bank, Jordan, Turkey, & Greece for under $3500 from Jan-May or am I cuckoo? Also how do I do this best cheaply & traveling solo as a woman?"
266,"SUBREDDIT: r/travel

TITLE: Where would be a good place to stay/visit in Japan?

POST: To give a little back story as to why I am even planning on such a vacation is it has always been my boyfriend's dream to travel to Japan (specifically Tokyo) and it has been mine too. Our anniversary is on Oct. 23rd so I was hoping to either maybe have a plan on where we will be visiting/staying or have the tickets purchased for either a future day or for around that time. 

Interests he had: 
-This is this huge mega arcade there somewhere but I have no idea what it is called or where it even is. 
-He wants to visit the ""Pokemon Center"" for sure but again I don't know where it is located or even if that's what it is called. 

I myself wanted to visit some onsens (mixed bath would be preferred) and wanted to know if you guys recommended any.

I want to stay for about 2 weeks example: Oct. 20th-Nov. 2nd

Any good hotel suggestions that are close by some awesome food places/entertainment/place of interest? 

Also throw some other suggestions at me, it would be greatly appreciated!

Some other questions I had as well:
Is Japan English-only speaker friendly? Because I only know simple sayings in Japanese i.e., How are you?, Where is the bathroom?, etc.
Do they accept Debit cards? (of course I should always bring a bit of cash on me but I always get nervous carrying around cash and also will their ATMs have an English option?)
Is there anything I should be aware of when visiting? For example, should I be cautious of pick pocketers or something like that? I'm rather paranoid and being out of the country definitely wont help with that. 

So obligatory

TL;DR:", I want to plan the perfect anniversary getaway and fulfill both our dreams of visiting Japan so please give me all your knowledge.
267,"SUBREDDIT: r/travel

TITLE: Ferries in Greece

POST: Hello !

A couple of friends and I are going to Greece this summer. We'll be in Chania and we want to get to Santorini. The plan was to take the bus from Chania to Heraklion during the day (around 3h) and take the ferry to Santorini from there. We looked it up and it seems that the only ferry going to Santorini leaves a 9am. This means that we could only take one bus a 5:15am (which sucks and if there's a problem we could miss the ferry). This means we must stay a night at Heraklion which we don't really want to do because it involves moving around, packing and we could really use an extra night in Chania.

I am trying to get some info on the ferries, I read on a post the other day that what you see on the internet is not necessarily 100% accurate. Is there a ferry that leaves from Heraklion during the day to Santorini which would allow us to leave from Chania at like 8-9-10-11am and get in Santorini during the afternoon/evening?

TL;DR:"," we don't want to stay in Heraklion to take the early ferry (9am), is there a ferry that leaves later in the day from Heraklion to Santorini?"
268,"SUBREDDIT: r/travel

TITLE: How substantial is the difference between American and Lufthansa?

POST: Booking a transatlantic flight (US to Germany) and have a choice between almost identical direct flights from American or Lufthansa. The American flight is slightly cheaper (I think about equal if we buy wifi on AA; free on LH), and slightly better timed, but the difference is so minor I'd consider going Lufthansa if it would be a better experience. Both allow one free checked bag. Is the difference substantial for an unseasoned traveler in economy class? I've never been on a non-domestic carrier (or across the Atlantic for that matter) so I don't really know what I'm comparing. Is it reliability? Service? Intangibles? Does economy class get food other than peanuts? Different procedures for seat reservation (travelling with wife)? Thanks!

TL;DR:", never been on a flight longer than 6 hours and have no idea what I should be looking for service-wise in a transatlantic flight
269,"SUBREDDIT: r/travel

TITLE: Six months ago, I changed an American Airlines reservation to depart five days earlier. 3 days from departure, I learn by accident that they have me on the original flight, and there are none in the interim. Advice/recourse?

POST: Hi guys, sorry if this isn't the right place. I'm looking for advice for the situation outlined in the title. Here's a timeline:
___
**early June**: Book flight from Grenada to the U.S. on Dec 13, departing 9:40 AM

**late June**: University releases schedule change for exams that says that the last one is on December 7th instead of the 12th.

**August 30**: Change flight to depart on Dec 8th, 9:40 AM; receive confirmation email

**October 25**: Receive email informing me of flight time change to Dec 8 flight, now at 8:15 AM

**November 8**: Purchase / confirm seats online for Dec 8th flight; receive confirmation email

**December 5 (today)** Call to confirm that my pet is okay to fly in three days, get told that I am scheduled for December 13th
_______

I'm on a small island and everyone is flying home for Christmas break, and there are no other flights to the U.S. by American Airlines in that time. There are some other flights by other airlines, but they're all some combination of (1) multiple stops between here and Florida, (2) long layovers, (3) small Caribbean airlines, (4) expensive, and (5) most stop over in either Trinidad or Barbados, and they have particular restrictions on traveling with pets. San Juan is the only viable option among them, though Skyscanner is also helpfully suggesting stopping over in London Gatwick . . .

(

TL;DR:"," If I want to take another flight between my intended flight and Dec 13, it'd be about $1000, three stopovers, and 15 hours of travel. )"
270,"SUBREDDIT: r/travel

TITLE: Can the TSA do whatever they want???

POST: Hi reddit. I recently traveled overseas to visit my family. I packed some iced tea cordial that she can't get in Canada. I bubble wrapped three bottles, put them in leak proof sealed bags, and packed them carefully amongst soft clothing. I opened up the suitcase upon arrival to find all of my clothes ruined, dyed by the shattered cordial bottle that was sitting on top of the suitcase, no bubble wrap and no bag with a TSA slip on top of it. The other two bottles made the journey just fine. I understand that it is their job to search things they deem suspicious, but once they discovered it was fine don't they have some sort of duty to put it back the way they found it??? I understand they are busy but in a situation like this would have rather they kept it out of the suitcase rather then wrecking thousands of dollars or clothing etc. Do I have any recourse? I've taken photos. Thanks for your help/advice.

TL;DR:"," TSA un-bubble wrapped a 2 litre bottle of tea in my suitcase, did not put it back in the leak proof bag and dyed thousands of dollars worth of things. Is there anything I can do?"
271,"SUBREDDIT: r/travel

TITLE: SE Asia budget for a ""shoe-string,"" non-drinker?

POST: So I didn't really want to make another ""is my budget ok"" post but most searches I do about budgets on this sub account for drinking/fun at the end of the night. I've seen that $50-$60ish a day (depending on the country, of course) seems to be standard for low-budget travelling, but my question is what about the non-drinker? How much does drinking every day really account for? 

I'm planning an open-ended trip to SE Asia, I may look for work while I'm out there (CELTA certified.) I taught in Vietnam for about a year and a half but wasn't too concerned with my budget since I had a place with low rent and money coming in every 2 weeks. I'll be budgeting for lower-end dorm/hostels, renting motorbikes from time to time, lower-end (but probably not local) transportation and ""fun"" (museums, temples, outdoor activities etc.) on about 8k USD after my initial plane ticket. Am I overestimating the $50-$60 number or does drinking/partying really not take that much out of your budget?

TL;DR:"," I'm estimating around $50 to $60 USD/day as a low-budget non-drinker in SE Asia, is this fairly accurate?"
272,"SUBREDDIT: r/travel

TITLE: 9 hour layover at JFK - worth it

POST: Edit: forgot the ? in the title, my bad

So I'm trying to find tickets from Chicago to Frankfurt and one of my options is Singapore Airlines with a 9 hour layover at JFK. I've never been to New York and I was thinking I'd leave the airport and check out some of New York.  My question is when you're flying domestically like that (ORD to JFK) do your bags get checked all the way to the destination or do you have to do baggage claim (I think at O'Hare you have to claim and recheck your bags if you have a connection but I'm not sure if that's only when Chicago is your first entry point in the US) and recheck them? Also is it even worth it to try and go out and explore NYC for a little bit or is the TSA line going to take so long that I'll only get like 4 hours in the city.  This flight is $100 more than another flight I'm looking at that just has a layover in Berlin but that one is AirBerlin and I'm a Star Alliance member so I would ideally like to earn points on this flight.

TL;DR:", is paying $100 extra worth it if I have a 9 hour layover at JFK that I can use to see NYC
273,"SUBREDDIT: r/travel

TITLE: [r/Norway Crosspost] Planning a road trip around Norway [need advice]

POST: Hi guys,
I'm a 25 year old male from the US who's planning a ~30-45 day trip road trip around Norway. While none of this schedule is solid (which means if you think I can do it another way, let me know!) i'm thinking of doing the following:

Oslo (3-4 days) (spent 2 days here on a trip before, but didn't see much)

Stavanger (3-4 days) while also seeing Preikestolen and Kjerag on those days

Trolltunga (2-3 days)

Vøringfossen (1 days? Possibly even seeing it, and then driving on)

Bergen (2 days) since i've already spent 2 days here on another trip.

Jostedalsbreen National Park (3-4 days)

Trondheim, Norway (3-4 days)

Flying to Tromso (3-4 days)

Flying to Svalbard (6-7 days)

Also, if there are any cool places around the places i'm visiting, i'd love to know. I'm not really into nightlife activities, but instead i'm looking forward to seeing Norway's natural beauty. 

Now I'm somewhat planning on this trip taking place in March/May, but i'm not entirely sure what the weather is like then. One thing that is absolutely key for me, is that I see the Northern Lights on this trip, but at the same time  I don't want to be freezing my fingers off. I read that the Northern Lights start not being as strong/harder to see at the end of March, is that true? Also, what is the best fjord to take a boat ride in?
Any other advice you guys can give me would be greatly appreciated!

TL;DR:", What is the best time to go to Norway for a road trip to see both the Northern Lights but at the same time not turning into an icicle?
274,"SUBREDDIT: r/travel

TITLE: My mom & I will be arriving in London on Thursday morning, but her mom/my grandma just died. What is something special I can do for my mother?

POST: This is a bit complicated, but I'll try to be succinct.

My mother and I have been planning this trip to London for a long time, mainly to give my free summers a send-off as I get busier in medical school.  We'll be leaving the US tomorrow night (Wednesday) and arriving in London in the morning of Thursday.

Two nights ago, her mother (my last remaining grandparent) died suddenly in the hospital after a routine visit turned into an awful couple of hours.  Throughout, the nurses had claimed she would be fine and would come out of it and go home in the morning, but her reaction to a drug worsened into a dystonic reaction that eventually caused her heart to stop.

We're all in a bit of shock, but her siblings all insist that we still go ahead with our trip since this will be the last chance we might get for a long, long time.  And if the past couple of days have taught us anything, it's that you truly never know when it might be your time, so we need to live and experience life together while we can.

Given that there is no time to plan anything elaborate, and given that there's already so much on her mind, is there anything extra special that I can do for her over the next few days?  We'll be in the city until the 12th, and ideally I'd like to take care of the planning myself so she doesn't have anything extra to do.

Any advice you could give would be greatly appreciated, /r/travel.  I'll be checking this post periodically tonight and throughout the day tomorrow (until we leave the country).

Thank you so much in advance.

TL;DR:"," My mom and I have planned a trip to London, leaving tomorrow, but her mom just died and I want to do something special for my mother while we're there."
275,"SUBREDDIT: r/travel

TITLE: I'd like to cheaply study any language, anywhere, for as long as possible. Any recommendations? (legitimate details inside)

POST: I currently have $3000 USD (can save more if necessary) and I want to live in a foreign country, studying their language for as long as possible.

My preferred (but not at all necessary) parameters for the endeavor is to: study at a university (due to easy visa and living situation), study a non-Indo-European language, be a language with a good literary tradition, be located in a fun city where I can get drunk and do fun things often, be world language or at least somewhat widely spoken. If the government of any country offers scholarships to study their language (a la China), that'd be dope. Not writing off China, I'm just not sure how to apply to their government scholarship. 

I'm interested in ""the Orient"", mainly South and Southeast Asia. I have an interest in Tamil, Uyghur, Malaysian/Indonesian, Malagasy, and tons of other languages, so I'm really open to any place that will take me totally out of my comfort zone.

TL;DR:"," What's the best way to use $3000 to survive for as long as possible (without working, studying language) in a foreign country?"
276,"SUBREDDIT: r/travel

TITLE: OK /r/travel, lets plan a trip from Southeast Asia to Europe.

POST: Background: Just broke up with my girlfriend. Things are definitely over. All I have ever wanted to do is travel (which is partially what split us apart), and after a failed attempt at settling down, I need to get out. I am currently working a job that pays very well, but it is not what I want to do. I am also in a city that I am not crazy about. By the end of the year I should have $10,000 in the bank.

Objective: Take the said $10,000 and run like crazy (for maybe a year?). I want to hit all of my top destinations, which are Southeast Asia, Central Asia, and Eastern Europe. I am thinking I could start in Southeast Asia and tool around Vietnam, Cambodia, Laos, Thailand, and Myanmar before travelling through China. Once I am finished in China I will travel to Central Asia and hit all of the 'Stans before crossing the Caspian into Georgia and the Caucuses. From there I will traverse Turkey and head up into Eastern Europe.

What do you think? Is this bat shit crazy? What are some basic considerations I should have? 

Do you think $10,000 is enough? Time won't be an issue, just as long as I have money. I don't particularly want to fly, because I want to *see* the world from the surface, not the air. I know this will mean some long train/bus/ferry rides, but it is what I want to do.

TL;DR:"," I have $10,000. Can I travel from Southeast Asia to Europe? How long do you think I should allocate for the trip?"
277,"SUBREDDIT: r/travel

TITLE: Buying a leather jacket in florence italy. Not as straight forward as you think.

POST: Florence is famous for its leather. At least thats what I discovered when we went there on a familly vacation in 2009. 

I was too young for a leather jacket to be cool or necessary but my father was insistent on finding the an absolutely exquisite one for himself. 

So off we go. After 10 leather shops it becomes clear that something isn't quite right. My father is Mr. Impulse Buy. We hit the 25 store mark and can't understand why everyone he trys on that looks good, he immediately dismisses when he looks in the mirror. 

We have completed the ciricuit of downtown and starting to visit shops we have been to before.

At this point very bored, my mother is fixing her makeup in one of the store mirrors when she discovers the problem.

Almost every store for mens leather had ""funhouse mirrors"". 

They would make slight slender men look like johnny bravo, but men with my fathers build look like the incredible hulk in a rented suit. 

It was slight. Very slight. But had a definite impact.

TL;DR:"," Shops for mens leather goods have funhouse mirrors. Objects in the mirror may be apear more muscular in reality. If you can't find one that looks good, take a selfie and compare."
278,"SUBREDDIT: r/travel

TITLE: My best mate (under great coercion) finally made his first travel vlog a public video. He's really upset that I wasn't able to accompany him to the airport due to my stupid job - could you guys help me show him some love?

POST: Self-post, not trying to karma whore guys! I'm actually a longtime lurker, but eh. [Video's here.](

My best friend of 15 years is going travelling around the world for 9 months and I think he's a super funny guy, so I convinced him to do a vlog of his travels to share with all his family and friends what he's doing. The above video was his pre-departure vlog. He had it hidden for ages and would only let a couple of us see it. He is an extremely sarcastic SAP at the best of times, and super self-conscious. But regardless he's actually pretty funny in the vid!

He left tonight (Australian time) from the airport and I was due to go with him but work called me in last minute. I have a new job as a waiter and they basically threatened to fire me if I didn't turn up in an hours time. I regrettably missed the send-off, and due to my own long-term student exchange plans, I won't be seeing him for almost 2 years now! I feel terrible.

So literally the night before he left I told him to put his video on public as a 'trial' run, and to post it on Facebook, which he hasn't done yet. I would *love* to surprise him with a couple of views. It will blow his mind.

TL;DR:"," Missed my best mate's send-off due to shitty job, won't see him for 2 years, he just made his vlog public and want to surprise him with a view count divisible by 10."
279,"SUBREDDIT: r/travel

TITLE: Australia Year Abroad

POST: Hello,

So I am the least organised person in the world, and possibly the solar system too. I've been telling anybody who asks 'so, um, now you've graduated whats your plans?' that I'm going to do a working holiday in Australia come february ish time. The problem is that apart from a well-meaning aunty in Perth I have absolutely NO plan, and as of yet, no Visa.
Where the heck do I start? I'm pretty casual with travel, I decided to spend a year studying abroad pretty let minute, and will often take last minute trips based on the prices of flights on sky scanner. But I just want to know if it is realistic to try and get a working visa and/ or organise some sort of travel in the next 2 months for an extended solo stay in australia? Names of useful subreddits would be fantastic, as well as names of any travel companies or programmes you know of that might provide me with a bit more structure to this half-baked plan of mine.

I have about £1000 in savings and flights are being paid for by my long-suffering yet wonderfully generous parents as a 21st birthday present. I have bar, retail and catering experience, as well an undergraduate degree, enthusiasm, and a head full o'dreams.

I would love to be able to work in a hostel with a bar. In my head, that would be perfect, because other than that I'm not sure where on earth I'd be staying. I'm buying somewhat of an open flight from the UK to Aus, I don't know when I'd come back. Very, very flexible. But I do need to work when I'm out there.

TL;DR:", Going to australia in 2 months with 0 plan. Need names of travel companies and maybe subreddits to find some like-minded travellers/ helpers.
280,"SUBREDDIT: r/travel

TITLE: I the middle of an upcoming travel predicament and need advice!

POST: Hi r/travel/!

Sorta new to reddit so sorry if this isn't up to standard.

Here is my predicament as a broke 21-year-old:

Last year a Canadian friend of mine invited me to come visit him in Victoria, B.C. - I booked a reasonably cheap ($250!) roundtrip flight to Seattle from Nashville (I live in TN) and made plans to visit Victoria from there in the first week of February. 

After recently being told by my friend that he could not secure a passport and school would interfere with the trip, I figured I could just cancel the flight and be refunded as it was still over a month out.

Well, apparently I can't get that ticket refunded, rescheduled or credited back to me in any way shape or form. 

I figured I'll just take the flight and try to make the best of the trip. However, due to some recent sickness and other financial challenges I've missed almost half a month of work and simply do not have the money to pay for hotels, transportation, amenities, food, etc. for 7 whole days. (I had assumed I would be staying with my Canadian friend and he had offered to host me.)

A few friends have suggested that I look into couch-surfing, hostels, shelters, etc.. I have been to Seattle before but I really don't know how comfortable I feel with those options, despite being a very open/outgoing and free-spirited individual.

I unfortunately do not know anyone there who would be willing to let me stay with them either. 

What kind of options do I have? How can I have a good time in Seattle without spending tons of money? What do people do when travel plans go awry? Suggestions for ""alternative"" travel ideas?

TL;DR:"," I have to spend a week in Seattle and have no place to stay, no money to spend, no friends to stay with/visit and no mode of transportation. What should I do to make the most of this trip?"
281,"SUBREDDIT: r/travel

TITLE: I'm about to leave on a solo road trip from San Diego to San Francisco to Denver with a lot of stops! I would appreciate any advice!

POST: Hey /r/travel! I decided to post here instead of /r/roadtrip because I think this subreddit has a lot more activity and more people willing to give advice.

**Background** I'm an 18 year old recent high school graduate. I worked a lot in high school and have a ton of money saved up. I want to use some of it for an epic road trip to visit all of my friends in college and see more of the world! I'll probably be spending between 1-3 days at each college I stop at. I am extremely flexible on my schedule (Other than my leave date) and where I go.

**My Ride** I'm going to be driving my car, [a 1998 Ford Explorer] I can lay down and sleep in the back comfortably which I'll probably have to do at least a few times. I've had the car checked out by a mechanic and it's all ready to go for the trip! I'm even getting a sub-woofer installed tomorrow!

**My Trip So Far** [So here is a rough draft map of the route I have planned out so far.] A lot of the places on here I'm not sure how great they really are, or if they're worth going out of my way for. I'm also positive there is a ton of really cool stops I'm missing!

For instance I have nothing in [these areas] and I'm curious if there is anything worth stopping for there?

I would appreciate any advice on places to stop or places I shouldn't stop.

**Questions**

Is it possible I run into any serious weather problems anywhere?

Any tips for food/cooking? I love to eat simple.

Anything I probably wouldn't think to bring with me but would be really helpful or nice to have along the way?

What can I bring or do for my friends letting me stay in their rooms for a couple days to show I'm grateful?

TL;DR:", I want this to be the best road trip ever and I appreciate any advice or personal experiences you're willing to share!
282,"SUBREDDIT: r/travel

TITLE: A sort of unique Mother's Day request

POST: My parents are going to Russia in 6 weeks to celebrate their 40th wedding anniversary, and are both very excited about it as it is one of the few countries they haven't been to together.

The only thing that's detracting from their excitement is the fact my mom had to have foot surgery done in late January, and is still recovering. She can walk around in an aircast now, but she still gets tired pretty easily because she hasn't been able to build up her stamina. Both of my parents are in pretty good shape for their age, so they would like to still be able to see and do as much as they can while they are in Russia (they will be in the St. Petersburg area).

My mom's doctor thinks she will be in pretty good shape by then and will be able to walk in shoes with orthopedics in them, but again she may not have the same stamina as she used to.

So, on that note, I was wondering if anyone could provide some tips for how to see Russia with less walking (but not touristy bus tours), or similarly if anyone can think of a really good Mother's Day present that would somehow be helpful while she's out there.

TL;DR:", My mom had surgery on her foot and is going to Russia in 6 weeks. What's a thoughtful present that will make her trip more comfortable? Thanks!
283,"SUBREDDIT: r/travel

TITLE: Planning a year in Germany - what else should I be considering? (Details and a tl;dr inside)

POST: For clarification, I'm not talking about couch surfing or backpacking - I just want to live and work there. Probably going to land somewhere in or near Freiburg im Breisgau, if that's helpful.

I'm functionally fluent in German, so that's not a real issue. Thanks to a 6-month semester abroad, I'm also familiar enough with the transportation system, laws, and culture to not get killed or arrested, which is a bonus. Unfortunately my school also handled 90% of the details, so I'm doing pretty much everything for the first time.

So far, I've come up with the following things-that-need-to-happen-to-make-this-work. Just the basics.

~~1) Obtain a visa that allows me to stay 12 months and get a job. (I haven't sat down and taken the time to research the ""how""s yet, but this shouldn't be too hard to figure out.)~~

TL;DR:"," spending a year in Germany; non-student, non-backpacker. Legal, monetary, and practical concerns that I haven't thought of yet? Tips for making it work? Thanks!"
284,"SUBREDDIT: r/travel

TITLE: First backpacking adventure to Western Europe, no idea where to start!

POST: Hey r/travel, I want to plan a backpacking trip to Western Europe for next summer.  I've been doing a lot of research and realized there's too many cities/countries/areas to visit during a 1 month period.

I will be going with one of my close friends and we are able to go anytime between mid May – late August, with a budget of up to $4000 USD, although we would like to cut that down as much as possible. 
I realize that the West is a lot more expensive, but I don't know when I am going to get this opportunity again and I've been saving up for this for a few years.  We want to visit London, Amsterdam, Berlin and some places in Italy for sure. If possible (finances, time permitting) may Paris too?

**Some basic questions:**

* When is the best time to travel based on our availability?
* What do you think is a reasonable budget based on a 30 day trip? Is a rail pass the best idea for us?
* Should we visit some more/less/other countries?
* Can you recommend some cities to visit within those countries? We're looking for a mix of great sightseeing (beyond the basic museums, things you have to see firsthand, that pictures don't do justice), cheap and unique food and parties of course.
Open to any ideas as we've never been outside of North America! If I'm asking too much, can you maybe point me in the right direction with some websites? Thanks in advance.

TL;DR:"," Backpacking Western Europe in Summer 2012, in need of some help- places to visit, budgeting, any other helpful tips"
285,"SUBREDDIT: r/travel

TITLE: I'm begging you Reddit, I need help.

POST: I've recently gotten in a relationship with the girl of my dreams (not that she accepts that she is).  We've known each other for four years now, and in hindsight we both realize that we were flirting and liked each other starting around 3 and a half years ago, and have only just now gotten together.  School is almost over and we're both graduating, and I want to take her on a special, surprise, summer trip.  We already have all sorts of things planned out (Wallmart day, philly, New york, the beach, Hershey, Disney [a pipe dream], and others) but I want to wow her with a super romantic surprise day.  I, being a huge romantic, can handle some parts of making the day romantic (ie. cooking for her, sweet-nothings-whispering, holding her, etc.) but I would love if I could end the day with a hike into the woods and a warm campfire under the stars.  Does anyone know a good place near where we live that I could go for this camping expedition?  I live in Oreland, Pennsylvania, zip = 19075.

TL;DR:"," What's a good place for stargazing near Oreland, PA, 19075 (it's in the states in case anyone is confused)"
286,"SUBREDDIT: r/travel

TITLE: Looking for a monastery to travel to in the U.S.

POST: So I realized today that what I really need more than anything is some time away. I love to travel and do so frequently, both for work and otherwise, but I am looking for something a bit different. It is not a travel-friendly tourist destination I seek, but instead I want to find a monastery that is welcoming to outsiders. I basically feel like I need to go somewhere for a week or two and just live in simple silence. 

I'm non-religious and so the type of monastery I want to go to doesn't really matter. I would especially enjoy to spend time in a Buddhist or Zen-type monastery, but I am indifferent to religious denomination since my intention would be silence and meditation on myself and my life.

Currently I'm down south in New Orleans, LA and will be in Memphis, TN in the coming weeks to spend time with family. 

I'm really up to travel most anywhere in the US, but proximity will make my travel arrangements easier.

So, does anyone know of any places that sound right for me? 

All thoughts and suggestions are appreciated.

TL;DR:", Where are the monasteries here in the US where I can go live in peace and silence for a week or two?
287,"SUBREDDIT: r/travel

TITLE: Trying to plan out my 5 year anniversary. Please help!?

POST: She (f24) and I (m26) have been together coming up on 5 years in March. And we're trying to figure out what to do. ""Getaways"" on sites like Groupon, always end up having some specification that makes it financially just out of reach. We have agreed that we can probably afford about $600 each on this vacation. We'd prefer something that will get us away from the cold weather of the north east coast of the U.S. (NJ), but we're getting desperate to find something that is both relaxing and not boring. We had thought of a cruise, but a lot of them are too long or not the destination type we'd like. We need something that will be 4-7 days. Most cruises we found were 8 and 9. 

I know the big question is why don't you propose. So, to get that answered and out of the way, here you go: both of us love each other and DO most likely want to make that decision, however, we're more conscious of the financial side of getting engaged and ultimately married. And we're not at that financial point yet. She lives at home with her family, who are ok with her living there....forever. And I rent a place with my mother. Until my gf starts her career, and I move up with my company, we know we wouldn't be able to afford a wedding or the things that come after that we'd like. Etc etc etc...that's not the 5 year plan I/we have in mind.

TL;DR:", My girlfriend and I (of 5 years) need ideas of where to vacation for our anniversary in March in U.S. 
288,"SUBREDDIT: r/travel

TITLE: Cancun Vacation Help for my 21st!

POST: **Our Details**

- We will be flying out of Savannah, Ga.
- 3 guys, 21 y/o.
- We each have $2500-$3000 to spend but prefer to spend less if possible.
- Looking to party a lot but also do some other stuff like the Xel-Ha park and visit the Tulim ruins.
- Planning on staying a week and we'll probably arrive the 19th of June.

**Minor Details**

Me and two friends are looking to go down to Cancun for my 21st and have a blast. We want to party/drink, chill at the pool and beach as well as go snorkeling and visit some of the different ruins/parks. We're fine with what Cancun has to offer in terms of entertainment but we can't decide whether we should do an all inclusive resort or find a condo style place and rent it out for the week. 

We like the idea of the all inclusive resort but from what I've seen the condos seem to be cheaper and I've also read that some of the all inclusive resorts don't allow unregistered guests into rooms...we're all single so that could potentially be a problem.

TL;DR:"," going to cancun to party and have fun, can't decide on all inclusive resort vs condo. Any suggestions on where to stay or other things to do are greatly appreciated!"
289,"SUBREDDIT: r/travel

TITLE: Study abroad then backpacking -- what to do with luggage from studying abroad?

POST: I plan to study abroad Spring 2014 in Czech Republic and afterwards I plan on backpacking. I am assuming I will need clothes for snowy days during the semester, along with school supplies (textbooks, laptop...etc), gifts and also maybe extra clothing I wouldn't need for backpacking. 

I'm from the US and I was thinking maybe there was a way to ship all the items I won't need for backpacking back home, but what way would be best? For some reason, my first thought was there was a way to put my luggage on a flight and have a family member pick it up from the airport, but I'm not sure if that is possible.

I was thinking, since I live in Florida, I wouldn't need the coat I bring and I'd just give it away along with my textbooks and any other clothing. My biggest thing is I really don't want to carry my laptop and any gifts I acquire for friends and family around Europe.

TL;DR:", I spend a semester abroad and don't know the best way of shipping my laptop and gifts home before my backpacking adventure.
290,"SUBREDDIT: r/travel

TITLE: Planning travels, dont know anything about nothing

POST: I'm planning on traveling with my gf sometime in september, but I'm at loss when thinking where to travel and what kind of packages (or not-packages) to look for. I'm looking for a place that is warm in September, is somewhat cheap to fly from Finland, is a safe and easy travel location and would have somewhat cheap accommodations and food/drink. On a side note, even though I'm saying im looking for cheap accommodation I'd still like for the hotel to be nice (3 stars atleast and not minding more), hence the word somewhat. ""Relatively"" may be a better one for it.

I've thought Croatia, or maybe Italy (probaly not that cheap?). I'd like it to have something interesting to see, I am not looking for an super-hotel-complex in which I'd stay for a week just laying next to the pool.

The thing that I'm actually asking: is it usually cheaper to buy seperate flights and hotels, or packages that include both? Is it cheaper to go to an all-inclusive hotel with foods and drinks? What are the downsides? Or can they both be equally cheap and you just need to look everywhere? Cheaper to buy trip eg. 3 months in advance or week or two in advance?

I of course have looked into several options already, but I haven't planned any travelings before and thats why I'm asking these silly questions.

TL;DR:"," if you were to travel somewhere with nice weather and with somethings interesting to see from Finland with medium bugdet, where'd you go and how'd you go about it?"
291,"SUBREDDIT: r/travel

TITLE: Visiting Finland in July/August, how far north can we go?

POST: Hello all, a couple of friends and I from the UK are trying to decide on how we'll plan our route though visiting Finland this summer. The main part of the trip is the WRC in Jyväskylä but after that we have about two to three weeks to check out the rest of the country.

So far we're thinking of flying from the UK into Helsinki, staying around there a couple days before going up to the rally. After that we'd like to head northward towards the Lapland region.

We'd like to explore the different cultures as we work our way up and possibly get a chance to do some scenic hiking. A few of us are into folk and metal music, somehow over the years I've gotten to know more Finnish bands than English ones.. checking out some live music would definitely be on our list. Local food stops and markets would be good too =D

We're all students so don't have a huge amount to spend on travel and accommodation, looking at Hostels mainly. Would bus/coach services be a good way to get around?

We're up for some pretty ridiculous adventuring so wondering how far north we can go? Is there much to see if we were to cross up into Norway? Our main concerns are airport connections. So far from my research, Ivalo airport seems a safe bet with flights back to the UK available for £150 - £200.

Any ideas would be appreciated, we're still in the early stages of planning so nothing is set in stone yet, hope to book rally and flights within a couple weeks though.

TL;DR:"," 3 Students going to see WRC in August, after that we'd like to see as much nature, music and food as we adventure north."
292,"SUBREDDIT: r/travel

TITLE: Reykjavik flight booked December 20-January 3. Solo travel with 7 y/o child. Need advice about renting car vs. guided tours.

POST: I have read through the Weekly Destination Thread for Iceland and many posts were about traveling during the summer. I am finding far fewer information for December travel. 

**Budget:** $2000

**Duration:** 2 weeks: 12/20-1/3

**Points of Interest:** Reykjavik would be our starting point; Blue lagoon (or Myvatn nature bath), Skogafoss, drive the golden circle, visit an ice cave, other hot springs, Reynisfjara beach, Jökulsárlón, Diamond Beach, and obviously I would love to see the Northern Lights.

**In Summation** I can't decide if I should stay in Reykjavik the entire 2 weeks, while taking guided tour day trips or by renting a car -or- if I should limit my time to 3-4 days in Reykjavik and then rent a car to travel to other accessible parts of the country and stay in airbnbs along the way.

TL;DR:"," prefer to drive to different locations, but concerned about driving and road conditions. Looking for advice from people who have driven."
293,"SUBREDDIT: r/travel

TITLE: Heading for Barcelona for a Wedding... Have 5 days left where else should we go?

POST: My SO and I are heading to Barcelona for a wedding in early October. We'll be arriving 2 days before the wedding and plan to explore Barca before heading to Villanova y Geltru for the festivities. Essentially we'll have a Monday-Saturday after the wedding to do what ever we want. Neither of us have been to Spain or Europe for that matter,  both of us are on a budget (combined 3200$ -I've already subtracted what we're spending on flights and lodging up until the wedding). If anyone has any ideas for an itinerary they think would be the best use of time and money for that following week I am all ears. Our interests include incredible feats of architecture as well nature, day hikes or beach days welcome.  

We originally were quite ambitious, using skyscanner, listed the top 10 destinations with flights 40$ or cheaper from BCN but that quickly became overwhelming because we have no frame of reference.

TL;DR:"," SO and I will be in barcelona, have 5 days to fill after, help plan best use of that time on 3200$ "
294,"SUBREDDIT: r/travel

TITLE: Can anyone help me find travel programs that offer art/architecture tours anywhere in Europe?

POST: I'm 18 years old (currently in college) and I'm trying to find art tours in Europe that cater to people in my age range. I recently went on a birthright trip to Israel with participants ranging in ages from 18-27 and very much enjoyed it. However it seems that most of the tours that I can find through google have a mean age of 65 for their participants. 

I don't know to learn the legitimacy of various google search items either, so I need as much help as I can get. 

I've never been to Europe and would be interested in tours that go for about one or two weeks in December (aka winter break) or between May and August (aka summer break). It doesn't matter where in Europe or what art historical period- I'm interested in everything. 

At this point, the cost of the tours isn't of much concern. For now I'd just like to get some information and then I can work on funds once I have a legitimate program to look into. 

I'd appreciate any advice or help that I can get!

TL;DR:", I'm interested in art/architecture tours in any part of Europe that cater to around 18-27 year olds and fall during normal winter and summer college breaks.
295,"SUBREDDIT: r/travel

TITLE: Friend is traveling to South Africa, does anyone know how ""tourist-friendly"" it is there?

POST: Hello /r/travel, new around here may not be the place for this but here goes. 

I have a friend who is 26/F/American that booked a trip to South Africa earlier today somewhat on a whim. She's going with another girl her age, and since has voiced concern about the safety there (She will flying into Johannesburg and may visit Cape Town). 

She is an experienced world traveler, however I am not. Still yet to be across the pond (going to Europe in April though!) 

I'm a grad student so I'm not exactly in tune with the global political climate, and I had overheard a classmate talk about political unrest in that region post-Mandela. I don't know enough about that part of the world to know if that would even have a bearing on it, or if my classmate was talking out of his ass. I figured I would come here and see if anyone knew how things were over there now (a link to a reputable source would be GOLDEN if it exists), or if there is a good website to go on and check on these things.

TL;DR:"," A couple of American girls in their mid 20's are planning on going to South Africa in a month, but are having second thoughts bc they don't know if it's safe. Are they being paranoid or is that a legitimate concern?"
296,"SUBREDDIT: r/travel

TITLE: Weeks from graduating with $100,000+ at my disposal. Where should I go if I plan on returning home (or settling elsewhere) virtually broke in 2-10 years?

POST: I'm an American female in my early 20s who saved up a good amount of money working through college while my parents graciously paid my tuition. I've never liked expensive things, have no plans on starting a family, and am reluctant to invest in retirement (I plan on dying young and poor).

My instinct right now is to sell my home and most of my stuff over the next year, after which I intend to travel for as long as I feel I can. I have a job, but will likely quit sometime within the next year. I'm not opposed to getting jobs or doing volunteer work in fields other than my current one (IT) while traveling.

I'm open to virtually any new experience (thru-hiking, teaching English in 3rd world countries, etc.). My biggest challenge when traveling is my extreme preference for simple and familiar foods (I'll try new things, but rarely eat entire servings). I feel inclined to be somewhat nomadic for several years, as I highly enjoy traveling by plane, boat (especially cruise ships..), train, bus, car, motorcycle, bike, and foot.

How can I best experience the world with the money I saved? What have been some of your best experiences traveling? Where would you go if you were in my position? Would you plan out a multi-year itinerary trying to stretch your money or just travel wherever interesting opportunities arise?

TL;DR:"," I have lots of money that I want to spend on traveling and have no idea what I should do with it. Any thoughts on what the greatest experiences one could get out of $100,000 or so are?"
297,"SUBREDDIT: r/travel

TITLE: Bought a one-way ticket to Bangkok for my trip in a month. I have no proof of exiting the country or a tourist visa. How do I secure a (read: ANY) visa for my trip? (Help!)

POST: I'm leaving for Bangkok in one month on a one-way ticket. I've heard different rumors about Thailand visa requirements. Some people say I won't need to provide proof of an exit method before receiving my visa, others say I will. I understand that I'm granted 30 free days upon departure from my home airport (SEA-TAC), but I'm supposed to show my exit ticket to get on board.

Do I need to provide proof or not? How often do airlines turn people away? I'm flying on EVA.

*If I need proof:* what's a good, cheap airline to book a ticket with? I don't want to spend more money on a ticket just to enter the country in the first place, but oh well.

How do I get a tourist visa? *How, for Christ's sake, do I get one?*

*Everywhere* I've looked, I can't find specific information on this. Even on the Thai embassy's website. **HOW DO I GET A VISA FOR THAILAND?**

Thanks, guys. I feel like visa information is really tough to get ahold of for some reason. If anyone has some good info/links for me, I'd *really* appreciate it.

TL;DR:", I bought a one-way plane ticket to Bangkok. How fucked am I with getting a 30 day visa? How can I get an extended tourist visa?
298,"SUBREDDIT: r/travel

TITLE: [Advice] When traveling, and planning on renting a car, know that the car company will demand some money in credit card as warranty for the car, the moment you pick it up.

POST: I just made a flight reservation and took advantage of the ""amazing 5% discount for car rent"" by renting the car, under the same booking.
This being the 1st time I rent a car since I am going to another country I was dumbfounded when I found out by a friend that they too had done the same thing and Avis demanded 700 euros down payment as a warranty for the car, which is returned once the rent of the car is over, provided the car is in mint and in exactly the same condition it was initially rented.
Since I am flying with WizzAir, the car rent was done via rentalcars.com which is using kemrentacar.com fleet.  
I instantly called them and they said the same; Depending on the value of the car I have rented, they demand a down payment of some money in a credit card.   
Not only I do not have a CC, but I need that money to have with me to spend during my vacations.  

I initially wanted to cancel the whole renting but he adviced me not to cancel it because 180euros for 10 days in Cyprus is creazy deal.  

Unlike my friends who instantly canceled their rental, I was clever to ask if why do I have to pay that money, since I had already included the extra insurance when I initially booked the car.

He informed me that the actual owner of the car has to have an additional insurance which I'd have purchased instead of their ""insurance"" and I still could. It is 5e per day for 3rd party fault and 9e per day total insurance. 

Balancing out my options, it would be far more expensive to cancel and rebook the whole thing, so instead I will pay 90e to get another insurance to have peace of mind.

TL;DR:"," if you ever want to rent a car when booking your flight, always get the insurance from the final company that rents the car. you get the % discount when booking your flight, and you spent the least money for insurance."
299,"SUBREDDIT: r/travel

TITLE: Has the marijuana cafe ban been put into effect for Amsterdam tourists yet?

POST: Hello r/Travel!

I'm not sure if this question has already been submitted or not, but I am going to the UK in about two weeks from the United States for a month long trip to visit family and friends. During this trip, I was hoping to take a day trip to Amsterdam before the ban on tourists going to the marijuana shops takes effect. 

I have heard many things about this legislation, but from what I understand the legislation is currently in effect in the Netherlands but the ban won't be put into effect in Amsterdam until 2013? If anyone can clarify for me, I would really like to find out before I take the trip over from Britain.

TL;DR:", Are tourists in Amsterdam still allowed to visit the marijuana shops for the time being or has the ban already been put into effect?
300,"SUBREDDIT: r/travel

TITLE: Help Reddit Travel!

POST: I am traveling with a couple friends....we are in Italy at the moment, and they are going to Spain to backpack a trail for the next few months, but I am not sure I want to. I am thinking of splitting off and getting a Eurorail global pass for 3 months, which would leave me with roughly 790 euro for food, lodging, and reservations for trains (between 2 and 10 euro each). I am a member of Couchsurfing, and have camping equiptment. I would love to go to Switzerland and Scandanavia....

I guess what I need is information on the availability of free camping or places to backpack, specifically through Switzerland and Scandanavia. I have a flight booked for back home in mid December, so I am hoping I can make that money last. I am used to the Sierra Nevadas, where it is easy to just pick a trail, peel off, and camp.  Any advice is appreciated!

TL;DR:"," I would love any information on the legalities and availability of backpacking through Scandanavia, Switzerland, and anywhere else."
301,"SUBREDDIT: r/travel

TITLE: I need help with understanding exchange rates and if the ""Amazon Hack"" is possible with airline tickets.

POST: Recently I have been looking for flights abroad from the States. Now I remember someone Posting on /r/LifeProTips about an ""amazon Hack"" where you can purchase items at a cheaper rate just by changing your language or location online. 

Now, I have attempted this type of strategy with airline sites like www.skyscanner.net; With this type of [Result] 

It looks confusing to me, as I can't understand why the American Price, for the exact same plane ticket, is $200 more than the Exchange Rate between the Euro and the USD. Can someone help me understand this?

Also, can I actually Purchase a ticket for the Euro Exchange rate, similar to that of the ""amazon hack?"" Or would that cause more confusion when the purchase is complete?

TL;DR:"," Wants to Buy a cheap Plane ticket out of the states. Found an even lower price just by changing the nationality. Want to purchase this way, but confused how that would work."
302,"SUBREDDIT: r/travel

TITLE: 4 weeks - Nicaragua or Nicaragua AND Guatemala

POST: So, planning on travelling around nicaragua and possibly guatemala during **august this year**. Looking for any advice re our itinerary, is it possible to do both countries justice in a month? Don't want to be overly rushed, so thoughts on just nicaragua?

Us - We're a couple **24F/23M** who are quite happy trekking, roughing it and doing adventurous stuff. Both experienced travellers (and have read loads of other posts) but **no spanish**.

**Budget** - We're looking to spend **£700-£1000** ($1100-1500ish) exc. flights.

**Things we like the look of** (and rough time allocated)

Nicaragua
-Ometepe (5 days)
-Little corn (6 days, one of us doing our PADI)
-Leon + volcano hike and boarding (3 days)
-Highlands (3 days)

Guatemala
-Tikal (3 days)
-Lake atitlan (4 days)
-Chichicastenango Market (1 day)
-Antigua/Pacaya (2 days)

TL;DR:"," Thoughts on budget and feasibility re 1 month nicaragua vs. nicragua & guatemala will be greatly appreciated, or you can tell us we're mental. Either way hope to hear from ya."
303,"SUBREDDIT: r/travel

TITLE: Solo backpacking in Eastern Europe/Balkans south to north. What are some must see places and destinations to not miss.

POST: To start things off I am 25 year old American male. I am fairly well traveled but this my first time to this area of Europe. I know not all locations may be technically EE/Balkans so excuse my ignorance. 

As of right now I have 36 days off from late september-end of october, possibly extending it to 44 days. My trip is going to start in Paris (cheapest entry from jfk) then train to Germany to visit my friend who is from Stuttgart. I will spend roughly 8 days in Germany ending in Munich at Oktoberfest. 

This is where EE/Balkans start. Lets say I have about a month left.. I want to fly into Athens, visit an island or two, and work my way north to Poland. This is where I need advice... I am looking for the best way to get from place to place (bus/train) and which stops along the way that would be a sin to miss. 

I have been looking through threads about this but haven't found anyone doing exactly this.. I want to start up through Greece to Skopje. After I would like to head towards Dubrovnik (I know theres not a lot but I LOVE Game of Thrones)/Mostar/Sarajevo. 

Following Bosnia I would like to try and make it back into Croatia for Zagreb to see specifically the Plitivice Lakes National Park as I've heard its easy to do day trips there. 

Continuing north I would like to stop in Ljubljana to see some beautiful landscapes for a day or two.. After Slovenia I am open to suggestions for a route to Poland. I have a friend in Katowice but I would like to see Krakow and fly home out of Warsaw (cheapest flights).

I apologize for the lengthy post but I wanted to be specific as possible for the ideas I have, as per submission rules.

TL;DR:", After Germany I am flying to Greece and have about a month to work my way north through the Balkan areas and a little more east if worth it. Looking for the best things to see and do along the way. 
304,"SUBREDDIT: r/travel

TITLE: No longer able to teach in South Korea due to Visa issues. I am in need of some advice/insight and maybe a hug.

POST: About 8 weeks ago I secured my first international teaching job in South Korea. I have spent those 8 weeks preparing documentation and everything else, as I was supposed to depart in 5 days. I am not able to get the E-2 Visa with my credentials. My interviewer assured me I could obtain the E-2 with my TESOL as my degree is only half done (my fault, not hers. I should have done more research). Needless to say, I feel like an idiot. All my friends and family have been constantly congratulating me and saying how proud of me they are. I haven't been the best son/cousin/brother/nephew/grandson over the past few years, so this job made everybody happy for me. After 10 years of constant weed smoking, I stopped cold turkey for this job opportunity, 8 weeks ago. 
 I guess where I am seeking advice is, I still very much want to travel. I want to see the world and teaching was going to be the tool I used to do so. I know there are some countries like China, where I can teach with just my TESOL, but I am unsure if I can obtain a Visa. I have 3 childhood friends in South Korea anxiously awaiting my arrival, so another spot would be bitter sweet, but I don't have a choice. I guess this is quite the 1st world problem, so I hope I don't come across as if Im whining. I only learned of this news this morning so Im a tad upset.

TL;DR:"," I have $3000 saved up. I want to travel Europe/Asia/South America. I have a TESOL certificate, no degree/diploma. I am a Canadian, 24 year old male. "
305,"SUBREDDIT: r/travel

TITLE: Berlin, Amsterdam, and Dublin, 14 nights, wutdew???

POST: (xpost from AskReddit)

So my g/f and I originally planned to travel to Thailand in May, but turns out the weather there will most likely be raining/monsoon season. So we decided to change it up and hit up Europe. So we are flying into Berlin May 4th, staying there for 5 nights. Then we will take a train to Amsterdam, and stay there for 3-4 nights. Then we will fly to Dublin, and stay there for 5-6 nights. If you had this trip, what are some MUST see/do things that we can incorporate? We are in our late 20s, and love WWII history, music, sports, drinking/nightlife, art, food, etc...please reddit, help us plan the best/first European vacation that we can have!

TL;DR:"," g/f and I going to Europe for 14 nights, Berlin, Amsterdam, Dublin. Need advice on must see/do stuff."
306,"SUBREDDIT: r/travel

TITLE: Advice on bringing American boyfriend to Dublin to live.

POST: I am a US citizen and have recently been accepted to UC Dublin's veterinary medicine graduate entry program. I am beyond excited to have gotten into the program since getting into any vet school is incredibly competitive and this was only my first year applying. Unfortunately, it has not been all happiness since my acceptance.

 I have been with my boyfriend for over four years. One of the first things I told him when he first asked me out was ""I am applying to vet school after college. I am going. No matter what.""   He has always known this and once things became serious he planned to move with me where ever I went. We were all excited about UCD until we looked more into it. It seems to be very very difficult for someone to move to Ireland. I will have a student visa, but that does not help him.

I know if he finds a job over there things may be alright, but that looks like it may be impossible. He will be finishing his degree in Public Justice and would need some sort of entry level position. He also currently owns his own landscaping company, but the Irish government would not like him taking ""general labor"" jobs from its citizens. It seem like Google and some other tech companies are hiring, but he is not the computer type.

I know I should be thrilled by my acceptance, but I feel torn in half. Being a vet is the only thing I have ever wanted and I have worked incredibly hard to get to this point. However, I love my boyfriend and it would destroy me to end a four-year relationship over this. Having an LDR over four years is not an option. We went to different colleges and have been looking forward to vet school being an end to our separation. 

I have asked a lot of people in the vet-school community but no one has a lot of advice. I am hoping that someone on here has been in a similar situation or can offer some advice. I will probably x-post this in ""advice"" but I figured people in ""travel"" may have a better understanding of visas, work permits, etc.

TL;DR:", I am moving from US to Dublin for vet school. Is it possible for my long-time boyfriend to find a job and live in Ireland?
307,"SUBREDDIT: r/travel

TITLE: Need Travel Advice- 3 weeks in Spain/Portugal/Morocco(?).  Details inside.

POST: Hey all,

How's it going?  So I'm going to be in the Spanish peninsula for approximately 3 weeks, and would like to know about some cool stuff in the region.  I'm a 23 year old male, solo traveling, would much rather be on a quiet beach or mountain with a good brew then in a club, but am still pretty damn sociable.  I'm going to be arriving in Barcelona the June 4th, and have to be back to Barce by the 27th.  I'd like to see Madrid, Lisbon, and any super cool small town in between.  I've also been mulling around seeing some of Morocco, but I'm not sure if it's worth it.  I am absolutely not above long hours of sleeping on buses, and cramped hostels so long as they're friendly.  A decent ability speaking spanish, so I'm not reliant on english speakers too survive.  Oh, and I like nature.  A lot.  So anything along that line would be excellent.  Well, if you have any suggestions, or even if this sounds fun and you want to come with, let me know and we can work something out.  Alright, have a good one everybody!

TL;DR:"," Need advice for 3 weeks in Spain/Portugal/Possibly Morocco.  Like nature, don't mind long travel and roughing it.  Open invitation for others to join."
308,"SUBREDDIT: r/travel

TITLE: Best way to get to all these sights in Ireland?

POST: I booked a one-way ticket to Dublin, Ireland to depart the US on June 26.  I plan on spending at least a few weeks in Ireland before moving further into Europe to start a trip of undetermined length.

I've always been fascinated with Ireland (my last name's O'Brien too) so I've got several spots I'd like to see in Ireland and Northern Ireland.  

The problem is that these places are pretty scattered throughout the island.  The rail system hits a few of them but I haven't seen a good and easy way to make the most of my time to get between these sights (and probably  more as I do more research).

Here's a map of the places I want to visit so far: 

I'm not on any sort of schedule and don't really have any set time frame, but I'd like to get to these sights as efficiently as possible.

My final stop will be in Larne Northern Ireland so I can catch a ferry to Troon, Scotland (unless there's a better way to get over there).

The sights so far are:

* Powerscourt Estate
* Rock of Cashel Castle
* Cliffs of Moher
* Dunluce Castle
* Carrick-a-Rede rope bridge

Any suggestions on how to efficiently get around to these sights is welcome.  Also, if there's anything else I need to check out please let me know.

TL;DR:"," What's the best way to get around Ireland to see the sights I want to see?  Also, what other sights should I try to visit?"
309,"SUBREDDIT: r/travel

TITLE: Chip and PIN cards in Italy and Switzerland - Do I need one? A recent NPR report makes it sound like most merchants in Europe do not accept ""plain"" magnetic stripe cards

POST: After reading [this] article, on how our American credit cards with magnetic strips and no chip and pin system are less secure. I think it would make a lot of sense to get a chip and pin card for at least one of my accounts before my husband and I go to Italy and Switzerland for 3 weeks.

Looking online I've found conflicting information on whether this would be necessary. Some forums (like [this one] say that their bank told them this would not be necessary, but they are a little outdated (Jan 2012). 

Furthermore, I'm not sure I would be able to get a credit card with a high enough credit limit to last us 3 weeks while we are abroad. So obviously we will need to withdraw cash from our bank accounts - is that also going to be a problem at ATMs, if we don't have a Chip and PIN ATM card?

I currently have: Citi Thank You Card and a Chase Freedom Card

TL;DR:", Traveling to Italy/Switzerland for 3 weeks - Do I need a Chip & PIN credit card and /or ATM card?
310,"SUBREDDIT: r/travel

TITLE: Work visa Question!

POST: Hi y'all, I've been planning a trip to South East Asia for the past year, I moved back home and have been saving so this trip is possible. At first my plan was to travel 8-12 months through south east asia but now have a second Idea. I'm thinking of cutting back on south east asia going for only 4-6 months then perhaps get a working visa for the uk or australia. My question is can I sign up for a work visa during my travels or is it best to do that before I leave.
p.s from Canada. Thanks so much for any info. Also if you have any opinions on weather I should stick to my original plan or go with this new one they're welcome!

TL;DR:", Can I get a work visa for aussie or uk while travelling through south east asia? or is it much easier to do before I leave Canada?
311,"SUBREDDIT: r/travel

TITLE: New jobs or travel...

POST: Long story is I have a nice job, making good money, and am even saving.  I'm doing the ""responsible"" thing, something that my parents never thought I'd do, but there is one issue.  I can't stand this life.  Everyday I leave work I'm in tears driving to my apartment.  Huge change from last year, living in my van and not giving a fuck.

Maybe I'm just burnt out where I work or my career path.  Hell I'm only 25 working in IT.  I've been here for 3 years, and have been dying inside day by day.  So I apply for jobs thinking that will solve the problem.  I got offered a better paying job doing the same thing.  The scary part is I'm not happy about the offer.  I could honestly give two fucks less.

I don't know what to do Reddit...  I want to travel, but I was brought up with a ""responsible"" outlook.  The more I stay the worse things are getting.  The more I look the more I want to just grab my backpack and pup.  The bag is packed next to my door.  Ready to just leave everything.  My mental stability is breaking down, and I have already printed my two weeks notice.  

I don't expect anyone to give me a golden apple or turn the light on above my skull, but I just need outside input.  I can't talk about this to my family or friends.  Nobody seems to understand how insane this is driving me.  Please give me outside input...  I hope I'm not the only one in this boat.

TL;DR:"," working the average life is psychologically killing me, and I don't know if I should get a new job or travel."
312,"SUBREDDIT: r/travel

TITLE: Car rental companies? Was all set for mine but then they screwed me over.

POST: (did this all yesterday) 

Originally have it planned to pick up in Stockholm at Bromma Airport, and drop off in the same place (company didnt do different pickup/dropoff locations) on June 5th - August 5th, (We had it set to 15th, but they couldnt allow that because its only a month at a time and if we did from the 5-15 it would cost just as much as a month). But our price for everything with tax included was 2201.75, and when i called today to purchase, i used both my reference numbers, but then they said its 3100, and the customer service rep said theres nothing they can do, despite what the man has sad. But he took my last name, and that i was paying with master card(not my numbers dont worry) and had it on hold, and i confirmed the price 3 times because i was very content with it. 

And to provide more, i had detailed information about the 2 cars we were deciding from, and both had the low second month rate.

TL;DR:"," charged too much after being confirmed it was almost $1000 cheaper, didnt book it at this place, any rental company you guys recommend?"
313,"SUBREDDIT: r/travel

TITLE: For anyone looking for work opportunities while traveling abroad.

POST: I've noticed quite a few people looking for opportunities to work while traveling abroad.  If you haven't checked out these sites, I suggest doing so: 

[Help Exchange] [Work Away] and [World Wide Opportunities on Organic Farms(WWOOF)](

These are websites that match up travelers with locals who are looking for help on their farm/ranch/property in general in exchange for free lodging and (usually) meals. 

Some jobs I've seen include picking crops, clearing brush, taking care of horses/livestock, working in hostels, building restoration,  and even some looking for native English speakers to interact with children to help them better learn the language. 

You won't be paid for any of the work ~~(which allows you to not even worry about obtaining a work visa)~~, but all offer some form of lodging.  This lodging may as nice as your own private bedroom or as primitive as a tent to sleep in.  The vast majority also include meals on the days you work.  

Working hours usually end up being about 4-5 hours, 5 days a week so opportunities to travel after work or on weekends are abundant.  Some hosts even offer to take their guests on sightseeing tours of the local area.

Since food and lodging are generally the biggest travel costs after transportation, doing these gigs can save you a ton of money and let you travel for longer periods of time while being immersed in the local communities.

TL;DR:"," Check out the links.  Trade 4-5 hours of labor, 5 days a week for free lodging and meals."
314,"SUBREDDIT: r/travel

TITLE: Help for A Trip South This Summer

POST: I've done some searches here on Reddit and Google, but haven't had luck with finding exactly what I'm curious about.

Some friends and I (total of 5 people) want to take a trip south to the Gulf Coast because only one of us has actually seen a beach. We will be leaving from the Kansas City area. We will probably be driving. Our target length of time is about 5 days. Our goal is to just have a week to do nothing, hang out on a beach or walk around town. We are perfectly fine wondering around to find something to do, rather than plan things to visit - but do appreciate suggestions. 

I'm looking for some kind of hotel/house/or whatever you would call a place to stay. I'm thinking we'd prefer some place with a fridge at least, so we can have sandwiches for lunches and milk etc. Budget we're still up in the air about, but everything will be split equally. A general idea is maybe $500 each total for the whole trip. We don't need a fancy place at all. Two beds and a couch would be fine.

Now, since I've never been to a beach, are they all jam-packed with no place to really sit -- like photos I've seen? If not, what's a good spot to aim for? If yes, where can we get the most for our money? 

Like I said, our current idea is basically going straight south to the Louisiana/Texas border area. (Are there even some decent beaches there?) If we need to go a little East/West we will, but we don't want to add too much. 

Or, if need be, just tell me our expectations aren't great and we should just plan to go farther towards Florida or something.

TL;DR:"," Are they any good places to stay near the beach by the Louisiana/Texas border, and if so, what are some suggestions on places to stay?"
315,"SUBREDDIT: r/travel

TITLE: Serious replies only: Flying and Layover Questions

POST: I'm flying for the first time since I was seven to see some family that moved away a few years ago, and because it's been so long I desperately need some advice. 

So here's my back story: My flight was a gift from family, and I'm staying for a month. I'm flying United Airlines out of LAX, and have two layovers in states I've no experience with (Chicago & Wisconsin) and I'm kind of freaked out from all the horror stories I've heard of missing luggage from getting baggage checked, so I was hoping to get some opinions/stories/experiences from everyone. In a perfect world I would just take my two free carry-on's, but I might have to check luggage due to camera head.

Checked baggage questions:
Do I run a higher risk of my baggage going missing with so many layovers? 

Should I lock my bag? I've heard the TSA will just cut the lock to check it if they need to (and they might, I'll have a disassembled camera tripod in the checked bag, might look weird through an x-ray to them)

Carry on questions:
Speaking of tripods (25"" in length), is it possible to to just carry the tripod onto the plane in addition to my two personal bags? I couldn't get a straight answer from the airline. They basically said it will be up to the person letting me on the plane, but I'm doing everything solo and I can't gamble a $300 tripod being checked without a bag if they say no.

TL;DR:"," I'm flying for the first time with a bunch of layovers, what's the likelihood of my baggage going missing?"
316,"SUBREDDIT: r/travel

TITLE: Road trip advice needed! Traveling from San Diego to Denver, looking to car camp as much as possible along the way.

POST: Preface; we have looked around at many subs, and thought to start questions here, but even if you have no advice to give to the trip, please let us know of other subs that are active where we could ask these questions.

Buddy and I are going to see a concert at the Red Rocks Amphitheater in late May, and decided to make a road trip out of it. We have four days to get there since we're stretching out over a weekend, and even though it's not a long drive given the time, we want to take advantage of the fact that we can camp and drive through many national parks along the way.

Where we would like some help is that there are many different ways to go through namely Arizona, Utah and Colorado. There are a lot of national parks, and Zion is the top of my list while going through, but I also see a decent amount of stuff in Colorado like the San Isabel and Pike National Forests. There are a lot of highways that cut through this area and we are wondering what might be some of the cooler ways that allow us opportunities to hike and see some awesome scenery; the goal of the trip out. I have a car with a really good fuel range so I'm not super worried if I don't see a gas station for a few hundred miles, but nothing past gravel roads since it's a sedan. Camping doesn't matter either, so long as it's car camping (as much as I love a backpacking trip, we just can't fit it in). I prefer something unique over the typical stopping just to see Horseshoe Bend and moving on again, so if it's a more scenic route with a cool hike as a stop, I'm all over it.

Our budget doesn't really matter I feel like, since we'll be camping and I can't see the costs differing too much, unless there's some out of the ordinary camping place that is over 50 a night that I'm unaware of.

Major thanks to anyone in advance to anyone who can throw out personal advice, or point us in a more specific direction for advice!

TL;DR:", Friend and I car camping with 4 days to go from San Diego to Denver. What would be the best allocation of time to go hike and see some really cool unique scenery? With so many national parks it's hard to choose.
317,"SUBREDDIT: r/travel

TITLE: Tip: if you are travelling around South America, fly home via Venezuela.

POST: This really only applies to backpackers, as you need to have a slightly flexible schedule, and ideally not have a ticket out of the country.

Due to currency controls the Venezuelan currency is traded at an artificially high value officially (6bsf to 1usd). However there is thriving black market within Venezuela for foreign currency, which has resulted in the there being a black market rate of 31bsf to 1usd.

Most airlines simply apply the official rate to there fares, and thus once you convert your cash on the black market and pay for for ticket with cash, you can save 75% or more.

I don't know how long this will continue, but if you can take advantage of it you should.

This isn't purely theoretical either, I purchased a one way ticket to Cuba, from Caracas for 4600bsf, which at the official rate is 766usd, but after changing my money at a reasonable, but not excellent rate was only 170usd.

I've only done this with Copa airlines, but any airline that will allow you to pay in cash in Venezuela should work.

TL;DR:", You can get your flight for less than 1/5 of quoted price if you purchase the ticket in cash in Venezuela.
318,"SUBREDDIT: r/travel

TITLE: Trying to get a full refund for my flight because the airline changed my flight significantly and it no longer works for me.

POST: Hello,

So I booked a flight several months ago (November) through studentuniverse.com. For my round trip flight I had 2 layovers each way. I payed $1,100 for it. My flight is in early April so I still have plenty of time to make changes, but what happened is that British airways cancelled two of my flights each way so a total of 4 of my 6 flights got cancelled. After a few days they offered me a reschedule, but it's horrible. My layovers are longer (for example my layover in London is now 8 hours instead of an hour and a half) so I get to my destination a total of 12 hours later. Instead of getting there in the morning, I get there at night, so I lose a whole day. Since this is only a 9 day trip to begin with, that matters to me. On top of that, I now land back home at midnight, which is unacceptable because I have to get back to school, and the shuttle back to my school doesn't run that late. I chose the ticket that I did because it fit in with my time frame. This new flight is not at all what I paid for. Normally their cancellation fee is $400 (I know right?) so I'm trying to find out from them if I can get a full refund instead of the partial refund. I think I have a pretty good case because they are the ones who changed it and it no longer works for me, I should't be punished for that. And considering that I gave them a lot of money (I'm in college and saved up for this for a long time...so it's a significant amount for me) I don't think they should have the right to change it however they see fit. If I go buy a cheese pizza, the grocery store can't come in later, give me a sausage pizza, and say that I should just deal with it even if I don't want it since I gave them money. My logic is that I gave them money for the flight they had listed, and since they are no longer providing that flight, I should get my money back. Has anyone had experience with this sort of thing before?

TL;DR:", British Airways changed my flight several months in advance and the new flight doesn't work for me. What are the chances they'll still charge me the cancellation fee when I cancel?
319,"SUBREDDIT: r/travel

TITLE: Reddit, can you help me organise a trip to the Grand Canyon?

POST: My family and I are flying out to California for my uncle's wedding in late October, are are staying until early November. We've visited before, but this time we'd like to go a bit further afield and see as much as possible, as this is likely to be the last time we'll be going together as a family.

I know it's quite a way away, but my parents are desperate to see the Grand Canyon. I've said that it's probably going to cost a bomb to get there, but they said they are happy to pay whatever to do it. I've been allocated the task of organising it, but I have no idea where to start!

Ideally we'd like to:

* Head to the Grand Canyon early on the day or possibly the day before and stay overnight
* Spend a whole day at the Grand Canyon and see as much of it as possible (possibly do a helicopter tour)
* Spend the night there, and head back to OC the following morning

What I'd like to know is the best and most affordable way of going about organising this, and the sorts of things we can do whilst we are there in terms of sight-seeing and places to eat out. We'd like to avoid things that involve epic treks or hill climbing as my Mum is as mobile as she used to be!

TL;DR:"," Visiting Grand Canyon in October, looking for a cheap way to get there from Orange County, and things to do whilst we are there."
320,"SUBREDDIT: r/travel

TITLE: Central America - your experiences, and/or favourite destinations?

POST: Hello all! 

I'm a longtime lurker, and love everything going on in r/travel. I'm planning a backpacking trip for a month in CA for May 2014. I'm looking to see where people have been in CA, and what they've loved and suggest.

I'm 24, female, and will be traveling with my sister (19). She's less experienced, but I've backpacked Europe a few times, the Carribean, the USA and Canada. I've got the Latin America Rosetta Stone, and I'll be working on that throughout the year. I am really hoping that we are able to hit some locations 'off the beaten track', and in smaller towns. I'm a bit of an..obessive planner, and I realize CA may break that habit as the lifestyle is much more relaxed; I'm excited for this, I need to chill out, haha. 

We start in San Jose, Costa Rica, and will be travelling up through Nicaragua. We are unsure whether we're going to do a 'loop' and come back to San Jose, or fly back (suggestions?). My priorities are history - ex: I'd love to see Tikal. My sister would love to scuba dive, and is interested in going to Roatan/Utilia; are these destinations worth it? 

So far, I have lurked around here on r/travel for ideas, and have also been checking lonely planet - as they seem to be the leader in terms of mainstream tourguide information re: CA.

TL;DR:"," OP going to Central America for a month with little sister, and wants to experience as much authenticity/beauty/adventure as possible. Please share your favourite desintations/experiences/anything at all! "
321,"SUBREDDIT: r/travel

TITLE: Going off the beaten path in large cities...

POST: Hey reddit! I am going on an adventure to Europe in about a month. I have dual American/German citizenship, but I haven't been out of the US in about 15 years. I plan on visiting London, Oxford, Berlin, Prague, and ending my trip near Ulm with my family there. My query is about the stranger, more funky alternatives to the main tourist attractions in said cities. I'm looking to really get off the beaten path and get a feel for the interesting cultural chunks of these meaty places. 
I'll have between four and seven days in each place. I'm a student, so cheaper would be better, but its not a required limitation.

TL;DR:"," what is the best, funkiest, most alternative stuff to do in London, Oxford, Berlin, Prague, and Ulm?"
322,"SUBREDDIT: r/travel

TITLE: Christmas and New Year-holiday 2016/2017: Me (30) and my parrent (60+). Golden Mean - Where should we go?

POST: I'm a 30 year old Norwegian living in Oslo and some days ago my mother asked me if the familiy should go on a vacation instead of staying home for christmas and new years, next year.   
  
Me being single, on good terms with my parrents and don't minding traveling or having a vacation gave this suggestion a thumb up and we are now trying to figure out where to go.  
   
Nevertheless, the age gap in consideration im a bit worried that we will be struggeling to find a destination where we both parts (me vs. parrents) are keen to go.   
  
**General preferences**  
My parents have really gotten a thing for staying at all inclusive hotels finding this to be practical. I myself don't mind staying at a hotel which offers all inclusive, but my generall impression is that hotels such as this are often a bit away from central areas - and that im therefore risking spending 2 weeks mostly with people in their 60s.  

**Length**: 14-16 days. 

**Budget**: Approx: 1800 - 2300 USD per person. 

**Climate**: Warm and nice. Tropical is fine by us.  :) 

I think the bottom line of what im asking for is this: Could any one recommend a destination which there are all inclusive hotels, but also a social scene/area where younger people/backpackers travel too?

TL;DR:"," Holiday with my parrents, they want all inclusive, I want social scene and meet people my age. Best of both worlds?"
323,"SUBREDDIT: r/travel

TITLE: Damaged Passport Question

POST: My Canadian passport went through the wash and got, I would say moderately, damaged. All of my information is still very legible, the bar code on the picture page, the picture, all the information everything is 100% readable, even the pages that customs stamps is relatively intact. The ink has just smeard a bit around the egdes on those pages. The leather cover did come off because the glue that holds it to the bind came off, so I would just need to put a thin dab of super glue and it would be fixed. My question is that if , theoretically, I couldn't get a new passport in time would I be in trouble for me Montreal-Paris trip?

TL;DR:"," My passport was put through the wash but all the information can still be 100% read, will I have much trouble at the airport?"
324,"SUBREDDIT: r/travel

TITLE: Tips on layover tourism.

POST: I've been searching the webs for helpful guides on making the most of an extended layover.  I'm thinking of something with cheap activities near or within the airport.  Do any of you folks have experience in doing something like that?  

My long layover will be in either Frankfurt, Paris, or Abu Dhabi depending on how long of a trip/how cheap I feel when I finally put my money down.  The decision will be made easier by having something to do but I can't find anything useful out there.  Even disregarding my trip, ideas could be very useful for future consideration for all in the sub.

TL;DR:"," cheap, fun, ideas for extended layovers.  Paris/Frankfurt/Abu Dhabi would be nice but general ideas better."
325,"SUBREDDIT: r/travel

TITLE: I need feedback on Iran Itinerary/off-the-beaten-path suggestions

POST: I (23/f) will be traveling to Iran this May/June for 2.5 weeks with a friend (22/m). In general when traveling I like to learn about the local culture, witness daily life in cities and towns, explore historical sites, and experience different settings (ie dessert, mountains). For this trip I want a combination of top tourist destinations and more off-the-beaten path places. I am really looking forward to this trip—normally I wouldn't pack as many places in, but I don't think I'll be back to Iran for quite a while. My friend and I are both experienced travelers. 

Because we are American we will have to have a guide. We will be taking mostly public long distance buses with a couple of internal flights to cover extra long distances. We will be staying in low to mid-range accommodations. Here is our current drafted itinerary.

* Night 1: Tehran
* Night 2: Shiraz
* Night 3: Shiraz
* Night 4: Shiraz
* Night 5: Isfahan
* Night 6: Isfahan
* Night 7: Isfahan
* Night 8: Yazd
* Night 9: Yazd
* Night 10: Kashan
* Night 11: Tehran
* Night 12: Zanjan
* Night 13: Tabriz
* Night 14: Tabriz
* Night 15: Sanandaj
* Night 16: Sanandaj
* Night 17: Kermanshah
* Night 18: Tehran

Zanjan, Tabriz, Sanandaj and Kermanshah all came up in my research for less frequented places. Part of the appeal of these places is that they are in Azerbaijani Iran and Kurdish Iran, and therefore might be a different experience.

TL;DR:"," I would really like suggestions of your favorite, less-popular places in Iran, and why you liked them. Thank you so much!"
326,"SUBREDDIT: r/travel

TITLE: Question about Singapore and Power Strips

POST: So I'm originally from Singapore and going back there in a couple of days to spend 3 weeks with my dad. He's going to be busy while I am there, leaving me to chill by myself for the most part. I know I'll be able to keep myself entertained for a bit, but I also know that me being technologically-inclined, will miss using my stuff such as my laptop/iPad and I was thinking about taking my Wii down there since it is so small and be a good source of entertainment. My question however, is will I be able to use any old power-strip connected to an adapter to charge and use my stuff? What type of voltage would I have to look for on the strip to make sure it's straight to use that as my source of charging? Any advice would be helpful, thank you.

TL;DR:", Going to Singapore and need to know if using a power-strip/adapter combo will be fine to charge my electronics (what voltage do I need?)
327,"SUBREDDIT: r/travel

TITLE: Don't fly Spirit, they cancelled my flight and only offered $50 credit in compensation; THEY DIDNT OFFER ANOTHER FLIGHT

POST: I know I'm beating a dead horse, but I actually went on this sub and looked up other stories of spirit before booking this ticket. Lots of somewhat ambivalent, cautionary stories ('yeah they're ok if you just know the rules and avoid the fees/print out boarding pass' etc) and I figured since I was a pretty savvy traveler used to using RyanAir, I'd be alright.

NOPE. Dead fucking wrong. Had a trip planned to Florida for an extended weekend - vising Universal Studios, the beach, all that good stuff. Had my tickets purchased and hotel and everything. Then Spirit lets us know **FOUR HOURS BEFORE, ""HEY SORRY YOUR FLIGHT'S BEEN CANCELED"". Flight was at 4:40 PM, they let us know at 1 PM.** 

Ensue moment of panic - I eventually reach their customer service after getting transferred twice and getting put on hold for an hour - ""Can you offer another flight? Help us pay for another airline? Something to get us to Florida? We spent over $1K on this trip already, can you assist us in anyway?"" NOTHING.

They offered us $50 in Spirit credit for a future flight and refunded our original ticket. 

 So yeah, guys, it's not worth it. Pay for a respectable airline. Don't do spirit. Learn from my mistakes. We had to cancel our vacation plans since a last minute flight was just way too expensive.

TL;DR:"," Spirit is cheap. Maybe most of the time you'll be able to travel pretty cheap by being aware of fees etc. But when spirit falls through, you're going to be utterly fucked."
328,"SUBREDDIT: r/travel

TITLE: I'm in Las Vegas, I have two weeks free come this Monday.. I want to go somewhere tropical.

POST: I work in film in Los Angeles and was working on a movie filming in Vegas when a job opportunity came up that was way to good to pass up.  Yesterday was my last day at my old job, I have until June 20ish to do whatever the hell I want.  I've never been anywhere remotely tropical.  Malibu is the closest I've come to a nice beach.  I thought about going back to LA and flying to Hawaii but I feel like Hawaii is too expensive and touristy.  My thought was that I'd make my way to Florida and the keys and then jet on down to US Virgin Islands.  I'd like to keep it somewhat cheap and will probably use couchsurfing and AirBNB to accommodate me.  Anyone have any suggestions? Oh yeah and I don't have a passport because that's how little travelling I've done in my life.  Yes it's sad. :(

TL;DR:", Have 2.5 weeks after this weekend to go somewhere tropical.  Am in Las Vegas currently.. would like to keep it relatively cheap. I don't have a passport.
329,"SUBREDDIT: r/travel

TITLE: Help with trip planning (Japan, Europe, Australia) - you were amazing last time, Reddit!

POST: My husband and I are using air miles for a mini-Round the World ticket. We bought our tickets when Aeroplan was having a ""Surprise and Delight"" sale and we got business class seats for the price of economy seats. 

We will be traveling for July and August. We have a total of 11 flights and three stops. We also have several layovers. 

We will be traveling only with backpacks and love to see the sights, especially offbeat ones, enjoy contemporary art and love animals.

We would love any and all tips that you can offer. We are still in our preliminary stages of planning and know that /r/travel is a veritable treasure trove of great advice and tips.

If there are any locals who'd like to meet up, we'd love to meet you!

Itinerary:
Tokyo from July 2nd-July 7th (we'd like to visit Hakone during this time, too)

Shanghai for 23 hours

Sydney from July 9-31st (we want to visit the Great Barrier Reef and take a flight to NZ at some point during the three weeks)

Singapore for an 18 hour layover

Beijing for a 20 hour layover

Zurich from August 2-25th (with travel around Europe, I want to do Eastern countries, hubby wants to see the Western ones)

Dusseldorf for a 22 hour layover

Chicago for a 19 hour layover

TL;DR:"," Looking for insider tips for traveling around Australia/NZ, Europe, Japan this summer (with a few Asian layovers)."
330,"SUBREDDIT: r/travel

TITLE: Advice for Kayaking and Camping in the Florida Keys?

POST: I am planning to motorbike from Boston to the Keys and rent a kayak for a multi-day kayaking trip, camping on different islands along the way.  This would be in July.

I was thinking of getting a kayak in Marathon and kayaking down to Key West on the gulf side, then coming back up on the ocean side back to Marathon (over perhaps 10 days).  I am a decently strong kayaker, lots of experience.

Can you camp on random islands in the keys?  I'd like to avoid seeing people at all on campsites, this is a self-discovery journey.

Also, does anyone know if it is possible/safe to kayak from key west to islands in the Key West National Wildlife Refuge?  Does anyone know if it is safe to kayak to Boca Grande or even Marquesas Keys?  I would love to go to Marquesas Keys, but I don't know if the ocean crossing is safe in a small boat in good weather.

Any other suggestions? Thanks :)

TL;DR:", Looking for camping/kayaking advice in lower Florida Keys.  Can you safety kayak to Boca Grande or Marquesas Key? And camp there?
331,"SUBREDDIT: r/travel

TITLE: Reddit please help me make our Anniversary special for my husband!

POST: Our first wedding anniversary is coming up and I really want to do something special for him. Here is where we went for our honeymoon (in Phuket): 
We spent the entire time in out private infinity pool. It was secluded and incredibly romantic. I've never seen my husband so relaxed. 
I'd like to book something similar but I can't afford to go back to Phuket! So I'm looking for something in the country (Australia) and preferably within driving distance of South Australia or a place we can fly to cheaply from SA. I'm not having much luck finding secluded accommodation with a private pool. Any help/suggestion you could give would be greatly appreciated!!

A little background: I told my husband I wanted to be very low key for our anniversary. He has been working 6 days a week usually 12 hour days since we got married. We're saving up to buy a house and as I'm still in school/interning we are completely reliant on his income. He's amazing and supportive and I really want to do this for him. Please help Reddit!

TL;DR:"," I have an amazing husband and I want to try to ""cheaply"" recreate our private pool villa from our honeymoon but not leave Australia for our anniversary. Looking for location/accommodation advice."
332,"SUBREDDIT: r/travel

TITLE: Honeymoon problem - Caribbean substitutes?

POST: I'm looking for a honeymoon for around the 4th of March and we'd been planning the Caribbean, most probably Barbados or Turks and Caicos and then we heard that the Caribbean is the heart of the Zika breakout, and as we want to start a family soon completely wrote it off.

My other half is terrified of going on holiday, he's had bad experiences whereas I travel a lot.
He doesn't want to travel too far, like above 12 hours. (I'm from the UK)
So ideally beach resort, not too far, hot in March.. Dubai is basically the only place I can find, which I've already been too and I'm not a huge fan of the built up city. 
I've looked at Maldives which is perfect but it seems to be too expensive as my budget is about £3,500 for a week.

Any suggestions would be seriously appreciated!

TL;DR:"," Fiancé scared of travelling too far, need honeymoon advice for beginning of March, beachy, ideally Caribbean/Maldives feel to it. Budget about £3,500."
333,"SUBREDDIT: r/travel

TITLE: Brazilian friend travelling to the US for 30 days (with pre-existing condition) What are some good insurance companies?

POST: I have a friend who is coming to stay with me for 30 days in March. He is a Brazilian and has been here once before for a year on a student visa. This time, he is coming on a tourist visa. Last time he was here he developed kidney stones and the hospital bills went over his insurance max on his study abroad insurance.

Now he's travelling on a tourist visa and he wants to get some kind of insurance since he still has the kidney stones and is currently taking medication to break them up. He wants to play it safe in case anything happens. This obviously complicates things because this is a ""pre-existing condition"" according to insurance jargon.

He talked to his travel agent and she quoted him a high price, so we wanted to shop around and see if we could find a better deal or good service. But so far, all I can find are companies that will only directly supply US citizens otherwise they work internationally with travel agents. Any suggestions on good companies to go with?

TL;DR:", Brazilian friend is travelling to the US with kidney stones as a pre-existing condition. What are some good insurance company options?
334,"SUBREDDIT: r/travel

TITLE: TIP (Delta Air): If you're missing the first part of a flight CALL to make sure you wont me dropped from you're entire trip! (and charged to keep the second part!!)

POST: Long story short, Delta just screwed me royally. I had an existing ticket from City A to City B, roundtrip. Company work came up last minute and I had to go elsewhere and miss the first leg of my original trip. Since I was missing the first part of the trip, I thought I would see if Delta would be willing to give me credit for half a round trip. Not only did they say no, but they said if i didnt pay a $200 ""change fee"" since I was a ""no show"" they would cancel my return trip!! WTF.

TL;DR:", Think twice between skipping the outbound flight a round trip ticket and still wanting to use the return flight!!! Especially Delta!!!!!
335,"SUBREDDIT: r/travel

TITLE: Peru and Bolivia: what's realistic?

POST: Friend and I were initially planning going to Peru this spring - May, I guess - but those landscapes over in Bolivia are pretty tempting. Essentially, the main three things we want to see are Machu Picchu, Titicaca and Uyuni. However, we have three weeks, maximum. In fact, we might only have 2 1/2 weeks. My feeling is this isn't realistic - but I don't really have a good feel for how long it takes to get around in these areas. Also, I'm thinking Bolivia in May might be too cold to be really enjoyable - I'm not into freezing.

TL;DR:"," Machu Picchu, Titicaca and Uyuni in 2.5 weeks: ridiculous or reasonable? Also, too cold in May?"
336,"SUBREDDIT: r/travel

TITLE: Need help planning a trip west this January

POST: Okay so some context: I'm dating this foreign girl and she's going back to her home country on January 13th, but before she goes she wants to take a trip out west to see some (more) of the US.  We are starting in Arizona on the 2nd, but we want to spend around a week somewhere else.  The criteria are: nearby cities for good night life/activites, nearby wilderness for beautiful mountainscapes and outdoor recreation, beaches not preferred (she lives on the beach), and the roads have to be driveable (meaning preferably no snow/ice restrictions).  I'm 22 and she's 20.

Here is the list of places she has already seen:
San Francisco, Los Angeles, Las Vegas, Anywhere in Florida, D.C., New York City, Boston.

Potential Ideas so far (with our concerns): Northern Cali (snow), Portland (rain/dreary), Austin (low entertainment), Denver (unsure of things to do), Salt Lake City (unsure of things to do), New Orleans (unsure of things to do).

TL;DR:", I'm here to ask for help from any Redditors who have experience in these places to help me find somewhere great to take her.
337,"SUBREDDIT: r/travel

TITLE: Hey r/travel, I'm going to India in a week...

POST: I am from the midwest, I have never been anywhere outside of the U.S., and I have a friend who is getting married in Mumbai (his home). I received a call a few months back and was invited to help him celebrate. He told me that if I purchase tickets to get to and from India, everything will be paid for when I arrive. Food, drinks, hotel, etc. My former roommate is going to be my wingman on this trip, and coincidentally works at the airport. We have arranged the trip so that our tickets are going to cost us about $600 a piece for the trip, including stops in Amsterdam and possibly Paris on the way home. I am  overwhelmed with anticipation for this amazing journey I am about to partake in. 

I am going into this essentially ignorant to the entire culture of a traditional Indian wedding, and everything to do with the country for that matter. I would just like to hear from anyone who has traveled there and experienced the culture. Any advice as to what I should carry along with me (or NOT), activities I should partake in (or NOT), and laws/customs/traditions I should be aware of before I make a fool (or criminal) of myself by mistake.

TL;DR:", I'm getting essentially a free ride around the world for a wedding celebration in Mumbai and looking for any tips from experienced travelers.
338,"SUBREDDIT: r/travel

TITLE: Prague to Dubrovnik and everything in between?

POST: I'm planning a trip to Europe for May, and was wondering if any experienced travellers could give me some tips. 

I'm planning to spend four weeks there. For the first week I'll be in Prague with my parents, and for the other three I'll be either with my sister or alone. Probably relevant: I'm a 19 year old girl looking to do things fairly cheap. 

So far the only solid idea that I have is that I know I want to go to Croatia. If anyone has suggestions for the best/cheapest/most efficient way to get from Prague to Croatia then I'd love to hear. I've been to Austria, so I'm not too concerned about spending much time there. Is it worth it to spend time in Slovenia? Where in Croatia do you recommend? 

And, with all that, I really have no idea how I should be trying to budget my time. Do you think that I'll have time to visit anywhere else? Any must-sees? I intend to be back in Europe again and I don't want to rush myself, but at the same time I want to make the most of it.

TL;DR:"," I have three weeks with no plan. I will for sure be starting in Prague, and definitely want to see Croatia. Everything else is a question mark."
339,"SUBREDDIT: r/travel

TITLE: Compromise on money or time on a round the world trip?

POST: I'm done with my bachelor this summer and before starting my master's degree I'm taking a year off to do some travelling. However I don't have much money saved up so that means I have to work a little during that year, I have a good job lined up where I'll earn ~$5,000 a month and I can choose how long to work that job. So my question is for how long do you recommend I work, is it better to have a budget of $40,000 and travel for four months or maybe a budget of only $20,000 and travel for eight months?

TL;DR:"," So really what I'm asking is that people who have done this sort of travelling before, in hindsight do you wish you had more time or more money?"
340,"SUBREDDIT: r/travel

TITLE: Travelling to India? Be wary of Yatra and Travelguru.

POST: I am planning to visit Chennai next year and need a hotel near the airport in mid-June. While searching the various booking sites I found a great price on  for a single at the Westin Velachery of 3230 INR including taxes, about half the price shown on other major booking sites or the hotel site. I also found the same price on  Further searches found the booking agencies are Indian, have been around for years, and seemed legitimate. 

I decided to book on Travelguru. After going through the usual process, I reached the payment page. I inserted details of my card and reached the visa verification page. After a delay it returned me to the visa detail page with an alert that my card 'may be invalid'.  I re-inserted the details and tried again and went through the same process. To cut a long story short I skyped the company and, after periods on hold, disconnected calls and mounting frustration eventually reached a person who advised me that only credit cards based on Indian banks are accepted. He also told me that it was too early for June 2016 but could not explain why the prices for all rooms for that date were on the system.

Being a sucker for punishment I tried the same process on Yatra. Instead of looping at the visa stage  the 'do not refresh while we accept your payment' page froze until I gave up and cleared it.  

The good news is that my cc account shows no charges were made. I have since discovered Yatra owns Travelguru.

TL;DR:", You cannot pay for bookings on Yatra or Travelguru unless your credit card is Indian. Non-Indians should not waste their time.
341,"SUBREDDIT: r/travel

TITLE: Going to the USA for a month, any advice?

POST: Hey Reddit,

How are you all? Good?

**Background:** I just finished my thesis and only have one semester of university left. So I thought, fuck it, I'm gonna go on a holiday to the USA. 

I am going from June 29 to July 28. I fly into LA and out from NYC. That is all I have actually booked in.
I'm thinking of doing something like this:

* LA - June 29 to July 1
* San Francisco - 1st - 6th
* LA - to the 7th (to meet up with a mate)
* Las Vegas - 7th to 9th
* Austin - 9th to 11th (not sure about Austin)
* Chicago/ Madison - 12th to 18th (to meet mates in Madison)
* Washington D.C. - 18th to 22nd
* NYC - 22nd to 28th

The only place I'm not really sure about going is Austin, I've heard it's good though. But the problem is I don't want to be rushed.

**The Question:** So, I'm looking for any advice on what to do/ what not to do in these places, is Austin worth going to, which part of the cities to stay in, any music festivals on at this time? etc.

**Also**, if anyone has time to show me around or just come out for a drink I'll do my best to return the favour in the form of drinks/lunch/bacon.

TL;DR:"," I'm going to the USA for a month, any advice? Anyone want to show me around/ grab a beer?"
342,"SUBREDDIT: r/travel

TITLE: Any advice on India is appreciated!

POST: Could you offer any general advice/tips about travelling India? 25/M/American (korean descent)

General safety: Although I am not a woman, I can't help but worry about my safety, especially after the news came out about the American tourist. The media/friends/family doesn't help either.

Street food: I love food. I love to try new food. But I'm afraid I'm going to have to change pants all the time.

Bargaining: What is a good percentage to bargain with?
Dealing with rain (monsoon): What is it like in a typical day with the rain? Does a domestic flight from Delhi to Mumbai get pretty rough?

Water safety: I've heard that there are some brands of water that I should only trust...

Taking pictures: What is the etiquette with taking pictures in the street (of people and scenery)?

Nightlife: Anything I should be aware of as I'm out alone at night (if I should even do so)?

Here is my itinerary if it helps:

June 16: Arrive in Delhi (Solo) 
June 17: Agra - do the major things (Solo) 
June 18 - 19: Ranthambhore - national park (Solo) 
June 20 - 22: Mumbai 
June 23: Overnight train to Goa 
June 24 - 25: Bungalow in Goa 
June 26: Return by train to Mumbai to depart India

TL;DR:", 25/M (American/Korean) going to India for 12 days- first half will be solo and second half will be with a friend. Need advice/tips on safety and customs.
343,"SUBREDDIT: r/travel

TITLE: Need a new USA passport in BKK quickly

POST: Hi,  
  
So I recently arrived in Thailand for a trip around SEA for a few weeks.  
  
I left from the Netherlands, and I had 2 full blank pages in my passport with a few stamp places left. When leaving the EU I asked the guy to please stamp one of the empty slots and leave the pages blank, he totally ignored me and stamped a blank page.  
  
Then I arrived in Thailand, tried to do the same thing. Also got totally ignored and they stamped THE OTHER BLANK PAGE. I cannot comprehend why they would not just stamp any other page I have plenty of slots. And I pointed, and tried my best to ask in Thai. Meh.  
  
Anyways, I had plans to go to Laos, but I no longer have any blank pages for the visa. I have made an appointment at the US Embassy. I have a Ride & Fly ticket on Nok Air that shows I'm traveling next Monday, passport photos, and have filled out the application. Has anyone else experienced this? I'm anticipating being stuck for 2 weeks waiting for the passport, but does anyone have any tips for getting one extra expedited if possible? I've gotta go back to work in a couple weeks and I'd like to do what I'd been planning. Any chance they'd issue an ""emergency"" passport?  
  
It is what it is, and I'll do something else if I have to. I'm just super annoyed.

TL;DR:"," Had 2 blank pages, now have 0. Need a new passport in Bangkok to have blank pages for a full-page visa. Need help on swinging a new passport quickly if possible."
344,"SUBREDDIT: r/travel

TITLE: Experiential Traveling..answers, encouragement, advice...

POST: I recently lost a long term relationship that was in the ""fiance"" stage. She has now cut herself off from my life and I am realizing that my priorities have been terribly askew. I remember being a 15 and 16 yrs old watching movies like ""into the wild"" and reading books about people that traveled to new places and believed with my whole heart that my priorities lied in experiencing the new and unknown. I have tossed that aside on several occasions and most recently, for a woman that now scorns me. I need to find me. I need to know who I am. I need to prioritize my life again. My friend and I are in the planning stages of a trip to Jerusalem from Wyoming, USA. I feel that for once in my life that I am finally doing what I have always wanted to do: experience the unknown. I have never left the US. I am facing a decent amount of opposition and discouragement to travel for travel's sake...I need encouragement, advice, and stories of your experiences that may push me in the right direction.

TL;DR:", I am having an existential crisis and looking to travel and as a catalyst for a refreshing of my priorities in life. Help! :)
345,"SUBREDDIT: r/travel

TITLE: I'm travelling to Spain and the Philippines next year and decided to see the world inbetween the two! Help me plan my world trip!

POST: Hey! So April next year I am planning on walking the Camino de Santiago in Spain for a month and then afterwards meeting my parents who are flying to the Philippines mid-June. Unfortunately, that leaves me with about a month of down time between the trips and decided to make this a world trip - after all, there is so much world between western Europe and south-east Asia.

My itinerary so far is to fly to Pairs for a couple days, then from Paris take a train to walk the Camino. Afterwards, I am perhaps flying to London to meet my boyfriend who will be travelling that area around the same time. This leaves me in the UK around mid-May with a month separating me from the Philippines. I am also travelling to Beijing for a week after the Philippines that'll be around the end of June.

Places I want to go:

Eastern Europe (~2 weeks) - Croatia, Hungary, Czech Republic. I have heard these places aren't as touristy as the rest of Europe and are incredibly beautiful.

India (~1 week) - though it's such a large country I wouldn't know where to start!

Thailand (~2 weeks) - if I don't go to Eastern Europe I am definitely going here.

Africa (~1 week)- preferably South Africa or Egypt, but I am a stereotypical homosexual and I'm not too sure how my flamboyancy would fare in those areas

Other things to note: I love museums and architecture so places like the Taj Mahal are a must! I love seafood so suggest cities with great ocean cuisine or great cuisine in general. I also enjoy live performances of any sort  - dance, theatre, tribal ceremonies - anything with tons of pageantry and live music is my thing.

I am running off a budget of around 8000$, it's around 3000$ for an RTW ticket to these places and after I reach the Philippines everything is paid for.

TL;DR:", I Have 5000$ to spend (airfare not included) in two months in Eurasia starting in Spain and ending in Beijing. Help me pick some beautiful cities.
346,"SUBREDDIT: r/travel

TITLE: Traveling for ~3 months in Central America and Europe. Is my itinerary and budget realistic?

POST: I'm an experienced traveler, but I've never planned such a long trip before. I was trying to decide between Central America and Europe, but since I won't be working all summer I thought, why not do both? I'm planning to pay for my flights in frequent flier miles, so that's excluded from my budget. (I have tons of miles because I've traveled for work a lot over the past 9 years.)

What I'm hoping to do is fly into Belize or Guatemala, whichever is a better deal, then spend 6 weeks working my way down to Nicaragua. From there, I'd fly to Spain or Portugal, spend 3 weeks or so in those countries, then fly (unless there's a better way?) to Greece or Turkey, spend 3 weeks there, and then go home.

I plan to stay mostly in hostels, do a homestay in Guatemala while participating in a Spanish program for 1-2 weeks, hopefully couchsurf a few times, try to do a 1-2 week WWOOF stint somewhere along the way, and maybe splurge on the occasional hotel room.

Is this itinerary reasonable or would you suggest changes? Can I do it for $5000 (USD)? At 12 weeks, that's an average of $60/day, which I know will probably be lower in Central America and higher in Europe.

TL;DR:"," Is it realistic to spend 6 weeks traveling through Central America, 3 weeks in Spain/Portugal and 3 weeks in Greece/Turkey, and can I do it for $5000?"
347,"SUBREDDIT: r/travel

TITLE: Help Planning a 3 week trip. 1 wk in Bali, 1 wk in Australia and 1 wk somewhere else, or 2 wks in Australia and 1 wk in Bali

POST: My husband and I are planning a 3 week trip in August. We currently live in South Korea and want to travel to places that we would otherwise not make it to from the states. Originally we were planning on going to Australia for a week and then Bali for a week of relaxation before heading back to our lives in Korea. However, due to friends and family that were planning to come visit us in Korea falling through we have an extra week of vacation to use to go somewhere. Would it be best to spend 2 weeks in Australia, or to go somewhere for each week of our 3 week vacation. We are looking to stay in Southeast Asia and keep the airline tickets at around $1000 combined for the added travel location (if we do decide to go to a third location), and we are free to travel anywhere with the exception of China and Thailand. Also any suggestions for budget friendly places to go in Melbourne and Sydney would be awesome. We are looking for adventure, architecture, microbreweries and wineries.

TL;DR:"," Husband and I have an extra week of vacation, would like to know if it would be best to spend two weeks in Australia or to go somewhere in Southeast Asia with the extra time."
348,"SUBREDDIT: r/travel

TITLE: Looking for small, safe towns near Mexico City to add to vacation itinerary

POST: I'm looking to plan a 10 day trip this August/September to Mexico City with my boyfriend, but would love some advice on what to see and where to go. Right now, we are thinking a couple of days in Mexico City, and then would like to head to a smaller town close by, like Valle de Bravo, Tlaxcala, or Tepoztlan, or farther South to Oaxaca. Would be a great bonus to get to experience natural beauty and hiking if at all possible.

I have never been to Mexico before, so this may sound ignorant, but my number one concern in planning our itinerary is safety. Through my research, I feel very comfortable with Mexico City itself. I am more wondering about venturing outside of the city, and want to make sure that these smaller towns, and the transport to and from, would also be safe. 

I would love any and all advice or itinerary ideas!

TL;DR:"," Couple taking 10 day trip to Mexico City. 5 days in Mexico City, and 5 in smaller towns surrounding. Which are worthwhile, and most importantly, safe?"
349,"SUBREDDIT: r/travel

TITLE: I've done little traveling, I want to do a trip a month for the next year or two, where should I go? (Crosspost /r/solotravel)

POST: For a variety of reasons I've yet to do much traveling. I've decided it's time to change that. I'm looking to go pretty much anywhere I haven't been before. A little bit of background, I'm a 27 year old single white male. A year or so I got out of a long term relationship and I've just kind of been floating ever since. Fuck that noise, I want to see the world and have some new experiences. I live in Philadelphia so I have easy access to JFK, DC, Philly International etc. I'm looking to take a trip every month, for the next year at least. My budget is around 15,000 USD for the year. So about 1200 USD a trip. Twice a year I can also do longer ten day trips with a budget of 6k for each. The monthly trips can't be more than five days or so. Eg. fly out on a Wednesday Night, come back on Monday Night. No one I know is interested in doing this with me, so, it's going to be a fully solo endeavor. I'm interested in history, fishing, misc culture, exotic food, and partying. I haven't driven a car in a few years, so I would really prefer being able to utilize public transportation everywhere. I would also strongly prefer international travel. What should I do? Where should I go? My thought was to pick a city and just have at it for a long weekend. Thanks!

TL;DR:", Travel virgin. 27 SWM. NY-DC Metro origin. 1200USD for five days a month. Interested in museums and partying. Public transit and international travel preferred.
350,"SUBREDDIT: r/travel

TITLE: 1 Month off - Across the USA Road Trip - Need help with Food, Parks, Breweries, ... to see

POST: Me and 2 other friends have a month off from work after we graduate college this May. We are planning a road trip from the Northeast to Oregon and then back.

Our rough literary:
- New York
- Down the Coast to Maryland/Virginia
- Memphis
- Texas
- Arizona
- California
- Oregon (dropping off a friend back home)
- Dakota's
- Michigan
- back to NY/Niagara Falls

We already have some really fun spots picked out (national parks, breweries, restaurants, etc), but I'd love to hear peoples suggestions on local things to do and places we have to see.

Also, if anyone has done a similar trip, I'd love to hear some advice on:
- A realistic budget?
- Is driving my SUV practical and staying in motels, or would an RV rental be a good idea?
- Things to bring that are critical on an across the country trip?

TL;DR:"," I'm driving across the USA with 2 friends with a month to see the amazing places, eat the best food, and experience the USA with friends! I'd love some suggestions on what to see/eat :)"
351,"SUBREDDIT: r/travel

TITLE: Plans for the summer

POST: I am currently a junior in college and have no real plans for this upcoming summer.  I currently have an internship which will hopefully  turn into a full time position with a notable firm after graduation. This being said, I am fortunate to not be pressed to boost my resume this summer.  As a result I am very flexible but this creates a new problem, because I dont know what to do.

I do know that I want to travel very badly and am not super picky as to where I go.  Ideally I would travel as much as possible through Europe and beyond.  But I was wondering if there are any good programs that would facilitate this desire in a financially friendly way.
I know there are programs out there that effectively pay for your entire trip (or a portion) travel expenses, lodging, and meals included in return for services or work etc.  But I am having difficulty finding them as it is difficult to sort through the hundreds of phony ""internship"" sites that allow you to pay 10k for 4 weeks of working (doesnt seem like a very good deal).

TL;DR:"," I am extremely flexible and I am looking for a program where I can maximize travel and minimize expense whether it be through an internship, international job, or any other type of program."
352,"SUBREDDIT: r/travel

TITLE: Behavior and dress questions in Europe.

POST: I will be going to (mostly) Western Europe solo for a few months soon and I don't want to stick out like the ignorant American tourist I will be. This will be my first trip like this and I have a couple of questions. 

1: What is the behavior protocol in a hostel? I'm not exactly an outgoing person, unless intoxicated, and I don't know what to expect upon arrival to one. Is everyone just sitting around in a big circle chatting and becoming best buds or is it clique-y? Do I just walk up and introduce myself, something I would never do to strangers at home?

2: What do I do with my backpack when I'm at the hostel? Are there lockers to put it in?

3: How are jeans viewed there? Some articles I've read I will be tagged as an American instantly and other articles claim they are becoming more mainstream. I very much like my Levi's and am very comfortable in them but I will give them up if I'll look like a doofus. Also any suggestions for a pair of good replacement pants if I shouldn't wear jeans. I've been looking at some climbing/hiking pants Patagonia offer but they aren't my type of cut/fit. 

4: How about shorts? I've read the same thing regarding them as identifying you as an American. When I say shorts, I'm talking about a pair of cutoff dickies, not cargo shorts. Is that acceptable? Or should I class it up a little more?

Thanks for your help [/r/travel](

TL;DR:", Trying to not be a Socially Awkward penguin in Europe. How do I behave in a hostel? Jeans/Shorts- yes/no?
353,"SUBREDDIT: r/travel

TITLE: Traveling to Arequipa and Cusco. We're getting conflicting information as to how long we can stay

POST: I can't seem to find any recent posts about this on here, so here it goes. We are from the U.S

My family of five is traveling to Lima, Cusco, and Arequipa and they plan to be there around 3 months. They would like to stay a little longer, but were unsure as to how long they can stay.
They are planning on arriving at Lima on October 6th, and returning either December 25th or January 15th. My brother is going to a language school in Arequipa and the rest of my family will just be hanging out.
We've called a few different Peruvian consulates, and they keep giving us conflicting information as to how long we can stay. Atlanta said we would have absolutely no problem getting approved in Lima for 3-4 months while New York said it might be difficult and completely depends on the border agent - Los Angeles won't answer.

We want to book the returning flights but were afraid that if they don't approve us, we will pay a lot of fees to cancel our flight reservations and AirBnB stays. I've read online that overstaying your visa is only $1/day, but I saw somewhere that a law is changing and overstaying might cost a lot more. The problem is I can't seem to find out much information about the law - or if it even passed.

TL;DR:", How long can we stay in Peru? We want to stay for 3-4/monts but are afraid that we won't get it approved. What's the best approach?
354,"SUBREDDIT: r/travel

TITLE: Advice on finding cheap flights to nowhere specific?

POST: I'm currently travelling through Europe and at the stage where I need to work out where to go next. I'm strongly considering heading to the US for a few months and couchsurfing around while visiting a few friends. 

I have no real preference where I go in the US. I'm looking for a bit of advice RE flights and getting there.

Are any areas or airports cheaper to fly into than any others? Would it be cheaper to fly to New England than Florida, for instance, or would JFK be a good bet as it's so frequented from pretty much everywhere?

Does anyone know of any search engines or flight aggregators in which you can put a rough date range and *really* rough destination (like, America, Europe etc) and it'll give you the cheapest options? Currently I'm in Greece so a flight from Athens would be most likely, but if it's going to end up cheaper I'll happily take a coach to anywhere else in Europe and fly from there.

Also, how do charter flights work and how does one find them?

TL;DR:", – Are there any search engines for cheap flights to America without selecting a specific destination city/airport? Or are any states/areas generally cheaper to fly into than others?
355,"SUBREDDIT: r/travel

TITLE: International Shipping? Alternatives?

POST: So I am studying abroad in Germany next year. But before I go, my friends and I are planning on doing a two (or so) week trip around Europe. They are all going to other countries (France, Spain, etc.). I was wondering what to do with our bags. I will obviously need way more for the semester than the two weeks. Since I won't want to carry two (or whatever) huge bags with me as I travel on trains, stay in hostels, etc., I have narrowed my options down to: have my parents ship my bags from home when I arrive at school or ship my bags myself when I initially arrive in Europe. Any suggestions? I don't know how I would ship or really anything at this point, so all information is welcome. Thanks!

TL;DR:", I am spending two weeks in Europe before studying abroad and don't want all my stuff. How should I go about getting my things to my final destination?
356,"SUBREDDIT: r/travel

TITLE: Looking to Vagabond.

POST: Hello all,

I've been reading the book *Vagabonding* by Rolf Potts and has been giving me inspiration to go out into the world and experience it.  If anyone has done any sort of extended traveling, what tips and tricks could you give to me?  Where should I travel to?  What things should I seek out?  Right now this is sort of a fanciful idea that I have been playing with around in my head.  I would love nothing more to travel and have begun to understand the sacrifices involved in doing so.  However, thinking you're prepared and actually being prepared are two different things.  I would appreciate any help given and I realize that someone's own experience will differ very much from my own.  I am just looking for rough ideas at the moment.

TL;DR:", I want to vagabond.  Any helpful tips on what to do and where to go would be much appreciated.
357,"SUBREDDIT: r/travel

TITLE: New Year's Eve/Day in Austria

POST: My girlfriend and I (21F and 21M) will be traveling this December/January on a two week tour of Austria, from Vienna to Innsbruck.  Unfortunately we are unable to make it during the Christmas festivities (we will touch down on December 26th) but we will be in Vienna for New Year's Eve.  As a Valentine's Day present I got us tickets to the Hofburg Silvester Ball and she is very excited about that.  The day after I was hoping to spend a day in Hallstatt, but it seems everything in the city is closed.

I would really appreciate some insight about what can be done fairly close to Salzburg/Salzburgerland (reachable by public transit) on New Years Day.  We seriously don't mind spending the whole day relaxing/walking around.  Something like a quiet resort room and a view sounds fantastic.  The idea is for New Year's Day to be a little, relaxing break.  Quite frankly, this will be a trying year for our relationship (we will both be entering our careers, we will be in different cities for five months), and I want to start it off right.  I don't mind dropping a little bit of coin this particular day (up to $300).

I apologize if the answer is obvious.  This is my first travel abroad and I have a bit of analysis paralysis.  I really appreciate it!  Thanks!

TL;DR:", I'm looking for something relaxing (preferably good for couples) to do in Austria on New Year's Day near Salburg or Hallstatt on New Year's Day.  I'd love some suggestions.
358,"SUBREDDIT: r/travel

TITLE: Where should we go for Spring Break?

POST: Hey guys, I just wanted to get your guys/gals input on Spring Break destinations for this upcoming break!  
We've done a little research, mainly on cruises because we talked about it last  year. However, a cruise has dropped from high priority to questionable on our list of Spring Break ideas.  
The cruises we've been looking at (namely [this one] costs $329 for an Ocean View room for 4 nights.  
We think it's pretty good, but we're thinking we could do more.  

Some ideas we've had were Belize, Mexico, Miami and New York.  

A round-trip flight to Miami is around $600, so Miami is still on the list.  
Belize is **ruled out** because the flight costs around $800-$900.  
The flight to Mexico and back is roughly $500, so that's okay.  
New York costs around $600 for round trip.  
  
But these are just flights only, it doesn't take into account spending money, lodging and other various expenses.  

We'd like to keep our budget for the transportation and lodging fees reasonably low (we don't want to sacrifice quality or comfort to save some money, we just want reasonable prices for quality)  

Also, I live in Vancouver, BC and she's in Baltimore, Maryland.  

(Dear mods, please ask questions rather than saying it's too vague, I'm relatively new to organizing trips myself) :)

TL;DR:"," I have very little experience organizing trips on my own, please help me for Spring Break with a budget for a student :)"
359,"SUBREDDIT: r/travel

TITLE: Traveling around Europe for about 2 weeks - flying back on the 1st of January. Really confused

POST: I am currently doing an exchange semester in Sweden , mainly did this because I wanted to see a bit of Europe. After being here for a couple of months now, I know I will be back after I graduate college. That being said, I have time from the 18th December to the 31st December to travel around. I fly back to Canada early morning on the 1st Jan (sucks I know). I want to give my self a taste of what Europe is before I go back home (more like a trailer of what is to come). 

I have already traveled to: Rome, Florence, Budapest, Copenhagen and Berlin. I need some help planing where should I go and what should I do. I dont know what part of Europe is good during winter and which isn't. Any suggestions would helpful.

TL;DR:"," Doing an exchange semester in Sweden. Have 13 days after classes end to travel. and have already done: Rome, Florence, Berlin, Copenhagen and Budapest. Need suggestions"
360,"SUBREDDIT: r/travel

TITLE: Do Americans go to Cuba through Canada?

POST: Hi, I'm curious if anyone knows how strict the ban on Americans traveling to Cuba is. I'm an American citizen attending a Canadian school and got asked to go on a brief (1 week) trip to Cuba for reading week and heard Americans sometimes go through Canada and just don't stamp their passports. But it clearly says on the Department of State's [site] that the American govt will confiscate my passport if they figure out what I'm doing. Just wondering how strict this is, and if the stories I heard about the rules being pretty lax are true or really just stories.

TL;DR:", OP wants to know if the embargo on Americans traveling to Cuba through Canada is strictly enforced. If anybody has ever done so then please PM me
361,"SUBREDDIT: r/travel

TITLE: Traveling to china

POST: Hello /travel im bugzy

Today ide like some help awnsering a couple questions. Later in the year or early 2015 I plan on taking a trip to china, im going alone and was wondering what the cheapest way to get there is from ontario, canada.

Ide also like to know how much you think i would need to survive ( does it cost alot to travel within the country, are there plenty of inns and places to stay in places outside the major cities ) im going to be buying a one way ticket as i have no obligations to come back to canada until university starts in september 2015 and im going to leave my parents with around 1500-2000$ so they can send me it when i decide/need to get and go home

Ide also like to have your opinions of where i should visit when im there, i want to see the basic stuff like the forbidden city and the great wall but also want to see places like yangshuo where i heard the scenery is very spectacular, and is the country nice to foreigners who are travelling throughout it and not just in the regular tourist hotspots?

Thank for any help, advice or opinions

TL;DR:"," cheapest way to get from canada to china, how much it would be to backpack for a week-month, places to see when in china"
362,"SUBREDDIT: r/travel

TITLE: Recently got back from a 4 month backpacking trip around Europe. Been feeling really depressed. Home doesn't feel like home anymore. How do you guys cope with that?

POST: I just don't get the same satisfaction being here any more. I've realized most of the friends I had before leaving were friends out of convenience rather than true friends. They don't really care about me and sadly, I've realized I feel the same about them. It was only due to us working together that we ever went out.

The friends I met on the road I just got along with so much better. There was just so much more openness, and they grew to be family. Most people back here just feel fake now. I've realized how many of my old friends live behind a mask. There are still a few people who I've really enjoyed seeing and had an amazing time with, but it's a small number.

I feel my days are boring and really unfulfilling. I miss being on the road so much. I'm just wondering how some of you guys cope with that feeling, or if you guys even get it. 

I don't know if I sound like a jerk here. It definitely isn't my intention. I was really excited to get home and see everyone, but then I got here and was really let down.

TL;DR:"," Got home from a 4 month trip. Not satisfied being here any more. Most friends I feel different around now, and just generally unhappy."
363,"SUBREDDIT: r/travel

TITLE: What is the best place to have a walter mitty-esque adventure?

POST: I have recently watch the movie A secret life of Walter Mitty and it has got me thinking about what I would put in my ""been there done that"" category of my profile and I have realized that it is more pathetic than Walters original one.

I am an 18 year old US citizen.  I have a job but the pay is very crappy so the cheaper the better.  I have some camping experience and I want to take a trip that will be challenging and exciting.  I also would prefer something that not a whole lot people have done.  I have looked at back packing through Denali National Park in Alaska and that seems to be my best bet, but I wish there was something with more native culture I have always been fascinated with social studies and would love to see how people live outside a typical American life.  

Another location I have been looking at is Thailand but while I am sure that it would fulfill natural backpacking experience needs and also be incredible in the culture department (especially in the mountains)  I assume that it is too expensive for a 18 year old boy to fund on a minimum wage salary. 

I am currently located in the DMV area (D.C., Maryland, and Virginia) so if there are any cool places that would give the type of adventure I am looking for that are close by than I would be more than open to suggestions.  I have also been looking at California, Montana, and Colorado but none of those places seem spectacular enough.  

Also I love fishing.

TL;DR:", 18 year old boy with little money and little experience wants a place were he can have a fresh backpacking adventure in a place rich with its own culture.
364,"SUBREDDIT: r/travel

TITLE: Graduate student looking for cheap airfare from Mid-Atlantic to Sydney, Australia

POST: My girlfriend lives in Australia, and I live in Philadelphia. I want to go see her in March, preferably the two week span surrounding the 5th to the 19th (those dates are flexible). I've looked into places like statravel.com and farecompare.com, and most prices I've gotten waver between $1350 to $1600. I've also been interested in services like Priceline's NYOP, but I don't know much about their international deals. 

I'm not particular on departure times or airlines or layovers (though less than 36 hours would be lovely). Flying out of PHL would be ideal, but I'm also willing to do any New York airports or perhaps Baltimore or D.C. if the price is right.

TL;DR:"," need help finding cheapest airfare from PHL or NYC airports to Sydney, Australia. Looking to leave 3/5/14 and return 3/19/14. Dates are flexible."
365,"SUBREDDIT: r/travel

TITLE: PSA: Do not connect through Boston when traveling into US.

POST: Recently flew through Boston on my way from Europe. The experience was one of the worst I have ever had entering the US. 

When flying into US (even if just connecting through to another US destination), everyone has to go through passport control and get their bag. The passport control line for US citizens was over 400 people long, with one passport control staff serving the entire line. It took 55 minutes just to clear it. Then you had to wait in another line for 20, just to pass through customs. Instead of walking through like in every normal country, you had to wait to give a piece of paper to a person collecting them, causing the line. 

There were multiple passengers in line who missed their connections. When one of them asked airport personel what can he do to catch his connecting flight in 20 minutes (this is after an hour and 15 min wait in the lines), he was told ""Not much."" The man ended up missing his flight, I saw him later at the transfer desk trying to arrange another. 

But the problem with this (apart from the ridiculous wait time and lack of care from staff), is that there were multiple other passport control staff processing other lines (non US citizen and some sort of diplomatic line). Those lines had a maximum of 50 people at a time and went through in 15 minutes tops. When the other lines emptied, the staff behind those counters did nothing to help the 400 person, 1 hour line of US citizens desperately trying to get through to their flights. 

NEVER again.

TL;DR:", Don't fly through Boston. You will wait for 1.5 hours just to get through mandatory passport control and miss your next flight. And no staff there will give a shit.
366,"SUBREDDIT: r/travel

TITLE: 3 weeks euro trip, Mid December till Jan, $2500 budget, advice needed!

POST: Hi I 26[M] have planned a 3 weeks euro trip with one of my best friends 27[M]. My plan is to travel on a tight budget and see the following cities and spend as less as possible.I have a few questions that I really want your awesome advice on.

**The main cities I plan to see (in this order) are:**

Istanbul, Turkey (3 days)

Rome, Italy (2 days)

Venice, Italy (1 day)

Prague, Czech Republic (1 day)

Munich, Germany(3 days staying with a friend at Munich University)

Berlin, Germany(1 day)

Amsterdam, Netherlands (2 days)

Brussels, Belgium (1 day)

Paris, France (3 days, new year night at eiffel  tower hopefully!)

Zurich, Switzerland (1 day then back home)

**Questions:**

* How much should I be expecting to pay for normal meals?

* Are any of my locations overrated?

* Are there cheaper alternatives to some of my cities with similar options?

* I plan to stay at hostels, have you stayed at a good hostel in any of these city, please do recommend it.

**A bit personal; but I really would like a response on this**

* Is my budget enough?

* Any general advice or pointers based on my trip plans?

TL;DR:"," Travelling with a friend, visiting 10 cities in 18 days; need advice if plans look solid. Noob questions."
367,"SUBREDDIT: r/travel

TITLE: A week in Spain--stay in Barcelona or check out another area for a couple nights?

POST: My wife (29) and I (28) will be spending one week in Spain next summer. We'd really like to go to Barcelona because we've heard awesome things about it, but we're not sure if we should spend the entire week there or jump on the rail and go somewhere else for 2-3 nights, possibly Valencia, the Basque region, Madrid, one of the islands, or somewhere else. We generally prefer places with a strong culinary culture/tradition but also like doing some typical touristy stuff.

TL;DR:"," Going to Spain for a week. Should we spend 1 week in Barcelona, or split it up with 3-4 nights in Barcelona and 2-3 nights somewhere else?"
368,"SUBREDDIT: r/travel

TITLE: Facing an upcoming travel predicament...

POST: Hi r/travel/!

Sorta new to reddit so sorry if this isn't up to standard.

Here is my predicament as a broke 21-year-old:

Last year a Canadian friend of mine invited me to come visit him in Victoria, B.C. - I booked a reasonably cheap ($250!) roundtrip flight to Seattle from Nashville (I live in TN) and made plans to visit Victoria from there in the first week of February. 

After recently being told by my friend that he could not secure a passport and school would interfere with the trip, I figured I could just cancel the flight and be refunded as it was still over a month out.

Well, apparently I can't get that ticket refunded, rescheduled or credited back to me in any way shape or form. 

I figured I'll just take the flight and try to make the best of the trip. However, due to some recent sickness and other financial challenges I've missed almost half a month of work and simply do not have the money to pay for hotels, transportation, amenities, food, etc. for 7 whole days. (I had assumed I would be staying with my Canadian friend and he had offered to host me.)

A few friends have suggested that I look into couch-surfing, hostels, shelters, etc.. I have been to Seattle before but I really don't know how comfortable I feel with those options, despite being a very open/outgoing and free-spirited individual.

I unfortunately do not know anyone there who would be willing to let me stay with them either. 

What kind of options do I have? How can I have a good time in Seattle without spending tons of money? What do people do when travel plans go awry? Suggestions for ""alternative"" travel ideas?

TL;DR:"," I have to spend a week in Seattle and have no place to stay, no money to spend, no friends to stay with/visit and no mode of transportation. What should I do to make the most of this trip?"
369,"SUBREDDIT: r/travel

TITLE: r/travel, help me find a cheap flight so that I can go see my grandfather in Europe before he dies of cancer.

POST: My Opa (Dutch for grandfather) has cancer and is at the lowest point he's ever been. He is no longer being treated or medicated except for pain relievers. My family is expecting him to pass away very soon. I spoke to him briefly on the phone early last week and all he said was that he hoped to see me one last time before he dies. It was heartbreaking.

I'm looking to purchase a RT airline ticket online from Toronto YYZ into Schiphol Airport AMS in Amsterdam. I will hopefully be departing Wednesday or soon after, and returning back to Canada around the 23rd. I can be flexible on the return date.

My main issue is affordability vs. scheduling. There are some airlines (Air Transat) that have tickets below $600, which works with my budget, but do not depart for another couple of weeks. If someone could help me find a flight around that price or lower, and leaving as soon as possible (wednesday at the earliest), I would be forever grateful. 

Please help me see my Opa one last time before he goes :(

TL;DR:"," I need help finding a RT airline ticket, departing Wednesday from YYZ to AMS, returning back whenever, for $600 CAD or less."
370,"SUBREDDIT: r/travel

TITLE: Canadians, be aware when booking on Hotwire. I got ripped off.

POST: Just wanted to share my experience with fellow Canadians over an issue I had with Hotwire, which could cost you quite a bit of money.

Last week, I tried to book a hotel here in Canada with Hotwire. I was on their site and the prices were showing in Canadian dollars. Unfortunately, when I went to accept the rate, the price nearly doubled. I called and spoke to an employee over the phone. She apologized and said that because of an increased demand in that city, the price was higher. She found me a similar rate at a different hotel.

I booked the other hotel room and a few days later checked my credit card statement. I realized that they billed me in US dollars rather than Canadian.

I quickly called to get it straightened out. They reviewed the phone call and admitted that they never told me the room would be in USD. However, since they are a US company, they always bill in USD so it was ""my fault for not asking."" They would not give me a refund.

I mentioned that the original price I told them was in Canadian and the phone agent was the one who switched to USD without notifying me. But they were firm on the fact that it was my fault for not asking what currency the transaction would be in.

I've done some reading and this seems to be a very common practice for Hotwire!

TL;DR:"," Booked a hotel in Canada in CAD, but Hotwire switched it to USD, so I'm left paying 25% more for the hotel room I booked."
371,"SUBREDDIT: r/travel

TITLE: Last holdup for planning my trip to Europe-- roughly how long will ~$1500 USD last me?

POST: Ok, so I made sure to read the side bar and FAQ twice. Hopefully I didn't skip over anything. Anyway, here we go :)

Thanks to the 'collapse' of the Euro, a trip to Europe is within reason for me now! I'm planning to go from Late April or May to.. as long as I can make ~$1400-$1500 USD last! Just so there is no confusion, this is the money I have to work with after airline fees.

I'm **starting out in Ireland**. I have family over there so I can travel around a bit and visit everyone with most food & a safe place to sleep covered. I figure maybe a couple hundred dollars there for drinks or whatever.. maybe $300 to be safe? While I'm there I'm going to ask around for cousins, or their friends or.. well anyone, someone here if you want to join me! But someone to travel with through several of the mainland European countries & great cities (avoiding tourist traps). If I can't find anyone, I'll just go alone.

This, I guess, leaves ~$1100-$1200 USD to work with. This has to buy me a train pass, food, water, and shelter.. and maybe a laundry day or two. I'm not looking to do touristy shit like buy souvenir shot glasses, take scenic sunset boat rides, or go hang-gliding over a castle like I read in another thread (though that sounds awesome). I'm just looking to adventure & explore through Europe for as long as I safely can with the money I have (though if I run dry I can try to find work somewhere washing dishes).

I'm not an experienced traveler yet, and don't know how to budget out a trip of this magnitude. I don't have the slightest clue what day-to-day expenditures would be like in European cities. I'm drawing blanks with people I know IRL and my google-fu is failing me, so I turn to the experts, you guys. I'm looking for both your long *and* short estimates.

TL;DR:"," How long can $1100-1200 support my need for food, water, shelter, and train passes? (Both long and short time estimates)"
372,"SUBREDDIT: r/travel

TITLE: I heard you guys might appreciate this: feel good message, and great reminder to always pay it forward.

POST: I know a lot of pay-it-forward messages focus on helping someone out in really dire situations, but I got this from someone who I met for just one day, she was couchsurfing with a friend, over 3 years ago:

>This is a bit of a belated email but one I've been meaning to send for a while. Do you remember when I was in San Francisco and you were lovely enough to show me around, take me to a brewery and then buy me a watermelon pint afterwards? I was flat out broke and was trying to make every dollar count, and I really appreciated the gesture. You said at the time, 'One day you'll be in my position and you'll be able to help somebody out in the same way, and I know how good that feels.'

>I live in the UK now and there have been a few instances where I've remembered this. But just the other day I was staying in a backpackers and there was an 18 year old New Zealand girl who'd been having a bit of a rough time. It was her first trip away from home and she'd separated from her friends and was having a bit of a rubbish time of it all. I took her out with my friends to the balloon festival, we had a roast and I helped organise the next part of her trip. She was really grateful and I said the exact same thing to her. 'One day you'll be in my position and I know you'll do the same thing and know how good that feels.'
Anyway, I just wanted to say a big thank you for helping me our back then and for spreading the travel karma, I think it has a bit of a domino effect - it's still going!

TL;DR:"," Brought an Australian CouchSurfer around San Francisco,  bought her a beer, and 3 years later she remembers and messages me saying she has returned the favor to someone else."
373,"SUBREDDIT: r/travel

TITLE: Getting a Visa to teach abroad in Spain

POST: Hey guys, 

So I am planning on teaching abroad later this year in Spain and I need some advice about how to obtain a visa. I have been advised to sign up for a cheap class and then get a student visa that way. I think this is a great idea, but I don't know where I want to live yet. I am planning to take my TEFL certification in Barcelona but I am interested in moving to Seville to actually teach after that so I don't know where to sign up for a class. I have looked into getting a work visa but it seems like I already need to have a job landed for that to work out. A lot of people have told me it's not a big deal to go without a visa, but I have a SO in the UK so I need the visa since I'll be traveling to see him a few times. Basically I need the Visa.

TL;DR:", I need help figuring out how to get a Visa for a year in Spain while I teach. Any advice appreciated. 
374,"SUBREDDIT: r/travel

TITLE: Plane ticket to SF BAY and that's about it...

POST: So here we go. I'm a 21 yr old college student on an internship semester. I bought a plane ticket to visit my girlfriend in San Francisco at the end of the month. Took work off the whole deal. Things just didn't end up working out long distance. I wouldn't mind seeing her but cant spend the whole time with her (I'll save the rest for r/Relationships hahaha). But I am left with this plane ticket and I feel like I'll never get a chance to do something like this again. Here's my Ideas...Either ride around the SF Bay area on my bicycle(I really enjoy biking) and just meet new people see things I've never seen before. Or I was also considering trying to find a farm to work on for my time in the area and trade labor for a place to sleep. Not Sure.

Is this even possible?

I can see this failing miserably and me just ending up cold and alone on a park bench by the Golden Gate Bridge. But I also think it could be a positive life changing experience.

TL;DR:", Bought plane ticket to San Francisco. I know no one. Will I end up dead if I attempt wander/bicycle the city alone for 5 days?
375,"SUBREDDIT: r/travel

TITLE: Safe travels reminder

POST: Just reiterating to travel safe and smart. Just had my phone stolen in a club in san Jose Costa Rica. Wanted to remind everyone to keep an eye on your belongings and to keep them in the front pockets constantly checking on them. My phone was stolen out of my front left pocket I'm assuming after someone bumped into me while making their way through the crowd. Didn't even notice.
Also. First night I was there I decided to drunkenly walk around the city. Very bad idea. Lucky the locals told me that it was dangerous and I could get robbed. They made sure I was headed back to where my hotel was. This could have ended badly for me. So please read up on the surrounding areas where you are staying to avoid these issues.

TL;DR:", doucebag Costa Rican has a sprint Samsung s3 he probably can't use and don't wonder around in potentially dangerous areas.
376,"SUBREDDIT: r/travel

TITLE: First trip to France - concerned about strikes - Advice please! (crosspost from /r/france)

POST: My wife and I have been planning and saving for a trip to France for the past 6 months. We're bringing our two young daughters along as well.

I am very disheartened by the various strikes that continue to be announced and I am concerned that it will impact our trip negatively. We're flying into Paris (CDG) on Air France (arriving on Monday morning). Now Air France ground crews at CDG have just announced a strike. I was already concerned with getting to the city center from the airport due to the rail strike, but now it seems that we may have delays at the airport as well. I've been considering the Roissy Bus or Air France's Les Cars as options for getting to the city center instead of RER B, but with the Air France strike I am thinking that maybe the buses will be affected as well (at least Les Cars). I'm also aware that there is an ongoing taxi strike which will slow down bus travel anyway. We'll be heading to Lyon via TGV later in the week, but last I checked there were no delays on that line at least and then we'll have a rental car for the rest of the trip after that.

Regardless of what happens, we'll make the best of it. We've been looking forward to seeing Paris and Provence for quite a while.

TL;DR:", Flying into Paris on Air France and it seems that workers from every mode of transportation are on strike ಠ_ಠ
377,"SUBREDDIT: r/travel

TITLE: Connecting Flights or long lay over?

POST: I'm planning to go to Antigua, Guatemala in March, and I have options for flying there. 

I can either take a one-stop flight there, with an overnight layover in Houston. I like this option because I'd arrive in Guatemala City early in the morning, which seems smart and safe considering the violent reputation of Guatemala City. On the way back, I would have to have a one-stop with a layover in Virginia. The downside of this would be that I'd spend $100 on hotels/AirBnB places in Houston and Virginia. 

My other option would be to take a two-stop flight, making my trek to Guatemala about 10 hours in the air, and stopping in New York and Miami. It would be the same on the way back, stopping in Washington DC and New York with two-stops back to Chicago. I like this option because I don't have to spend any money on hotels for layovers. I'm hesitant though because of the length of time that I'd be traveling, and especially since I'd arrive in Guatemala City at 5:30 at night. I'd rather arrive in the daytime, especially since I'm a solo female traveler.

TL;DR:"," 1 stop with overnight layover arriving in Guatemala City early in the morning, or 2 stops no overnight layover (no money towards hotels) arriving in Guatemala City in the evening (5:30pm)?"
378,"SUBREDDIT: r/travel

TITLE: His first trip out of the US... where should I take him? (Or even within the US?)

POST: I've got 7-10 days of vacation time in September-October, and since I love to travel I want to take my boyfriend with me. Problem is, I don't even know where to begin. 

I've been to a few places in my adult life, none of which I'd mind going to again, (Mexico, some Caribbean islands, UK, France, Latvia, Lithuania, Estonia, Russia). He's been to most of the midwest US (where we live), and California. 

I speak enough French to get around, he's the same with Spanish. I understand maybe 75% of spoken Russian, but I can't exactly form sentences myself. 

We'd like to keep it under $1500 per person, but have no issues with youth hostel accommodations, (we're 23 and 27). We like beaches, we like nightlife, we like nature, we like luxury, we like cities.... we like basically everything.

TL;DR:"," if you could only pick one place, where would you bring someone who's never really left their area of the country and is rather nervous about it?"
379,"SUBREDDIT: r/travel

TITLE: Europe- What to do on and off the train?

POST: Hey /r/travel ! I have a dilemma. A friend and I are traveling to Europe for 40 nights in June- July and have already booked our hotels and apartments. We want to buy a Eurail Global (10 days in 2 months) pass but are completely lost on how to go about doing this, as it's our first time out of the country.

**Destinations/ Itinerary:**
Dublin>London>Paris>Amsterdam>Zurich (train to Lucerne)>Munich>Prague>Venice>Florence>Rome (discount jet back to Dublin)

First question, how soon do you suggest buying our Eurail pass and when should we book our travel days? We already have a full itinerary, so we can book them now if needed, because I've heard they fill up pretty fast.

Most of our accommodations are a 15 minute venture out of the city center and we are worried that we will easily get lost (take the wrong metro out, wrong bus, etc.) how will we know where to go after we get off of the train? We can't print directions ahead of time because some cities have several train stations and we won't know which one we will be going to with the Eurail.

Sorry if these are strange questions, I might be over thinking everything and it might just all fall into place once we get there.

TL;DR:"," When should we buy our Eurail tickets and book our travel days? Upon arrival, how can we navigate to our accommodations that are slightly out of the city center?"
380,"SUBREDDIT: r/travel

TITLE: When going to Pompeii, Italy, invest in a tour guide. Story inside.

POST: I went on a cruise of the Mediterranean last summer on Norwegian Cruise Lines with my family (8 people total) and we visited Barcelona, Spain, Tulon, France, so many places in Italy I can't even count, two countries in Turkey (Ephasis and Istanbul maybe?) and Mikonos and Athens, Greece. Sorry if I spelled any of those incorrectly, 'Murica.  

So in Italy, one of the places we stopped at was Naples. We decided just to take 6 of us, my older brother, my mom, my dad, my aunt, my uncle and me to Pompeii while my grandparents hung out on the boat. 

We got there and decided not to invest money ($15 or 15 euros or something, relatively cheap.) in a tour guide through Pompeii. **WORST IDEA OF OUR LIFE**. 

We ended up getting extremely lost in Pompeii for 2 hours until we found an exit on the opposite end we needed to be. My mom was getting really hot and was worried she may go into heat stroke (She's a nurse so I figure she knew what she was talking about) and we had drank all of our water. It was around 100 degrees F, almost 38 degrees C. 

So here's some advice, if you're going to Pompeii or any place that you have a slight possibility of getting lost, invest in a tour guide. They'll give you information on a lot, your tour will probably be a whole lot more interesting and hopefully you will not get lost in Pompeii. 

I loved Pompeii though, so definitely go there. Worth the hot, stuffy train ride and the tourists. It's a sweet place.

TL;DR:"," Invest in a tour guide in Pompeii, my family and I got lost for 2 hours while there when it was 100 F and 38ish C."
381,"SUBREDDIT: r/travel

TITLE: Should I bring a laptop backpacking through S-America?

POST: My boyfriend and I are going to spend a year traveling through Central- and S-America, and we're trying to decide whether we want to bring a laptop along. 

My laptop is a 1.5 y/o MacBook pro, and I'm not too keen on having it stolen or damaged. We have a history of taking a lot of pictures and videos while traveling so being able to store, sort and backup massive amounts of photos is a must. The idea of editing HD videos on the road and post them on our blog, along with photos, is also appealing. 

Our DSLR camera probably makes us targets for thieves regardless of the computer, we plan to budget, and we are nature lovers so we will probably spend a lot of time outside of cities. Our other option would be to buy a small netbook, and while having the pros of being smaller, lighter, and not worth as much as the MacBook, it might not be able to handle photo and video editing. But if we're looking at the risk of having the computer stolen while we're still in Mexico, well...

What does /r/travel think, especially those of you who have some experience with backpacking in S-America and/or taking shitloads of photos?

TL;DR:"," Should we bring a fancy laptop backpacking in S-America, or opt for a netbook (or no laptop) instead?"
382,"SUBREDDIT: r/travel

TITLE: Japan or France?

POST: I'm a junior at an American university that requires a trip abroad, which I love, but I just decided to graduate a year earlier than I had expected (I dropped a major) so I now have to rush and pick a trip. One of my friends is going to France for a month, while one of my professors is taking a group to Japan. I know a little French and am going to pursue that no matter what, but I've always wanted to visit Japan and learn that language, too. I know that both have great destinations and will end up venturing to both, hopefully, but who knows?

The smart choice, I feel, is to go to France, as I need to learn French for Graduate school, but I wanted to see what others suggested who had been to both or either of the places. Interest is telling me go to Japan, but logic to France. Help?

TL;DR:"," I have the opportunity to go to either Japan or France, and I would like your opinion on which one to choose."
383,"SUBREDDIT: r/travel

TITLE: Lost a laptop on a flight, now it's in the Dominican Republic. Help greatly appreciated from anyone who may be familiar with the area!

POST: My sister left her work laptop on a flight (Atlanta to Newark), and it just appeared on find my mac ...in the Dominican Republic.  

We've oddly enough got a friend visiting there now who owes me a huge favor, but before I send him anywhere near there I want to ensure that I'm not sending him to a drug den or something along those lines.

This is probably the shot of all shots in the dark, but if anyone is familiar with the area, can offer any information about that location, or has an idea of someone we might contact in the area (besides the embassy) it would be enormously appreciated.

The coordinates are: 

19.488638,-70.734348

I've tried every piece of google-fu and spanish-google-fu I can think of on the area, but other than the gas station that's highlighted, can't seem to determine much about the area.  Unfortunately the Dominican Republic seems to be low on the Google Street view priority list, so there's no help to be found from that.

We're offering the laptop (New-ish 13"" Mac Book Air) as a reward if its found, as all she requires are the files which shes REALLY needs to keep her job.

Thanks for reading.

TL;DR:"," Lost Macbook Air pinged back from Santiago, Dominican Republic.  Hoping you travelers may know something about the area, as we may send some one to it."
384,"SUBREDDIT: r/travel

TITLE: How much extra money should I have to play with on a tour of Europe?

POST: Hey r/travel!

I'm doing a 24 day tour of Europe, followed by some solo-wanderings afterwards, at the end of 2014 (ages away, I know) with my best mate, and because I'm a student with minimal funds, I need to start a budget ASAP.

The tour is with [Topdeck] and [this is our basic itinerary] We're leaving Sydney, Australia in early December, and will be returning early January; which I'm led to believe will be Winter in Europe.

The tour is going to cost $2800 (which includes most meals and accommodation), and we estimate airfares will be another $3,000. Following the tour, we're going to Spain and then Greece for a fortnight or so. Based on some quick google searches, the solo stuff is going to cost us another $1,500 give or take.

So in total, we're going to need around $8,000 minimum for the trip. None of this is booked yet, but this is the plan. My question then, is this: How much more than this should we save up? In fact, any advice at all would be much appreciated, given this is the first time I'll be travelling out of the country without my parents :)

Cheers!

TL;DR:"," Going to Europe for a month, very minimum amount of money I'll need is 8k, how much more should I save?*"
385,"SUBREDDIT: r/travel

TITLE: I'm a Canadian wanting to go somewhere this Winter/Spring 2014 for a few months on a very limited budget. Let's hear your stories of travelling with no money.

POST: I need to escape and live a little, school is not working out right now.  

I'm thinking of South America or a Caribbean loop right now, but I honestly could/would go anywhere assuming I could pay for a plane ticket and have a bit of cash left over. 
I've never travelled on my own before, so the idea of it is incredibly exciting and terrifying.  I'm a 20 year old male and I think I could get by without much at all, so please advise me if I'm being realistic or irrational...
I'd like to hear about your experiences travelling, what you've learned and what some ignorant amateurs like me should know about if I'm planning to go for a few months - especially if it pertained to living off bare minimum.  I'd also like to know about some of the resources that are out there in this day and age to get along without much money at all - stuff like couchsurfing, helpex and wwoofing.  I've heard about these things, but never read any experiences about how they work out or what to watch out for.

TL;DR:"," pass on all your travel advice, tips on getting by without a lot of money, budgeting, services or networks that have made things easier, etc etc."
386,"SUBREDDIT: r/travel

TITLE: Almost 5 thousand $. In Europe, need to find ways to extend this money until july. Details inside, help needed!

POST: Situation - 
Canadian, 18 years old, living with relatives in Germany, spending hardly any money here, been here for 3 weeks.
I can stay here for as long as i want, leave and come back, etc.

My plan - travel Europe/UK as much as possible, come back here when i need breaks.

Their plan FOR ME - i go to school here (i dont speak german), i work here (still dont speak german), and then go travel in july.

So basicallly i have almost 5 grand (Canadian dollars), and i want to see as much of Europe/UK as possible for as little as possible, and i want to be here as long as possible.

My ideas - wait till february to travel (planned a trip to england with some buds from the uk) , travel around england then, come back to germany and plan my next trip.
Until then, i don't know what i am doing, currently i sit inside all day making music (electronic music), but my relatives think i do shit all and don't like me doing that.

So basically i need to find something to do in Germany, (outside of Osnabruck) which costs me no money, and keeps me occupied.

And i need to plan trips around europe/uk for the next few months, CHEAP TRIPS.

I really don't know what i'm asking, i just want to know some peoples opinions on this, as i would love to travel around right now, but i dont want to waste my money.

TL;DR:"," in europe, need to show my aunt and uncle im not a lazy ass by finding something to do (other than work and school), and need to save money for travelling."
387,"SUBREDDIT: r/travel

TITLE: Looking for some advice/things to do on my upcoming trip to Reykjavik.

POST: Hello, /r/travel, I will be traveling to Reykjavik in about a month, and I'm looking for a bit of advice. Thanks for the help.

**1. What attractions should I be sure not to miss?** I already plan to go to the Blue Lagoon, and I'm excited to go to a few museums on Aoalstraeti. Is there anything else that I should be sure to do there? Which museums and galleries would you specifically reccomend?

**2. Which is better: [Hilton Nordica] or the [Icelandair Marina Hotel] I'm having a huge dilemma. The Marina would be a little more expensive with the deal I'm doing, and there are some pretty mixed reviews on Google and TripAdvisor. However, it's really close to a lot of things, and that is a huge bonus. The Hilton is a little further outside the main area, but it seems like it would be a safer bet. Which should I do?

**3. How reliable and easy to use is the bus system?** I have heard of the Reykjavik Welcome Card, and that seems like a very good deal ($25 USD for 72 hours.) However, it is a little iffy how useful this would be. Would the buses be a reliable (and now free) option to get us to a lot of points of interest? If they are, it might affect the hotel question above.

**4. What are some good restaurants?** Both of my two hotel choices provide breakfast, and most of our tours involve lunch, but what dinner places would you recommend? I'm looking for something that we could walk to or get to by bus, and I am very adventurous with my eating. A scenic place that offers Puffin and/or Whale is ideal. 

**4. What other experiences do you reccomend?** I want to get as much done as I can. I know that 4-5 days is a short time, but that's a hard limit. Please don't lecture me on that. I want to do the best things I can in those few days.

TL;DR:"," I have some time in Reykjavik. I want to know what restaurants, sites, and attractions are the very best.***"
388,"SUBREDDIT: r/travel

TITLE: My Balkans Bonanza -- What should I add!?

POST: Just got the news that I've been accepted into a pretty awesome study abroad program in Sarajevo. I will be there for 2 months from June to August. My biggest fear is the heat, I hate the heat. 

My question is what should cities should I visit or take day trips to? I am actually leaving a month early to do some more exploring. I am quite fond of compact cities that are consumed with people who enjoy night life and cafes and fill the streets during the day. For instance a city like Amsterdam. I am pretty frugal to begin with -- this is why I choose Bosnian SA.

With this program we will be visiting Plitvice National Park, Bosnian Pyramids, Mostar (really excited), Banja Luka, Međugorje, Jajce, and Dubronovik (Sp?). 

I've already been to Belgrade (actually, I want to go back), Budapest, Prague, Berlin, Amsterdam, Stockholm, & Krakow. 

My original plan was to fly into Kiev and just hang there for a couple weeks then head to Lviv (or vice versa). I really want to go to Ukraine. Girls are gorgeous, everything is cheap, good night life, and those cities have a pulse. But, I feel like I could be getting more from my experience this summer.

Cheapest flights to Sarajevo are from Cologne and Istanbul --> I like the idea of Istanbul but what about cheap train rides somewhere? Is Cologne worth a visit?

Thoughts on Ljubljana, Skopje, Pristina, Tirana, Sofia, Varna, Pecs anywhere in Romania? I do speak a little Ukrainian so I can read cryllic to a certain degree and I would be traveling alone

TL;DR:", Where to go around Sarajevo? Already been to several cities in close proximity. Are there any can't miss sites? Also I'd take any info on what I HAVE to see in Sarajevo
389,"SUBREDDIT: r/travel

TITLE: Help to decide where to go 6 weeks on summer? I doubt between Australia/New Zealand and Singapore/Malaysia/Vietnam

POST: This is the last summer I think I will have as much time to travel so I'm thinking seriously about crossing the world (European here). Whatever the destination, I will travel with an agency and living on a student apartment except the time I'll be backpacking in other cities. 

Australia/New Zealand: Plane ticket is 1300$ and two stopovers. If I go to Australia I'm considering to stay in Brisbane better than Sidney, what do you think? Flying to Auckland is 220$. Visa for Australia will be processed by the agency and as European I don't need a tourist visa for New Zealand. 

Singapore/Malaysia/Vietnam: Singapore is just a city and it isn't as interesting as Brisbane for me, but  plane ticket is 600$ and just one stopover and Singapore is a strategic point to travel in Asia. It's just 3 hours and a half by car to Kuala Lumpur and 75$ and two hours by plane to Ho Chi Minh (17$ visa).

TL;DR:", I have to decide during the following weeks where to go on summer (between 4 and 8 weeks) and it will be really helpful if someone who have been to Brisbane or Singapore gives me some advice.
390,"SUBREDDIT: r/travel

TITLE: Destination Ideas for Early 2014

POST: Hi all! I've been a lurker for just over a year but have finally made an account as I need some advice.

I'm looking to travel for maybe a month or so in January next year, before I begin university. I have had Uzbekistan in my sights for a long time but I have recently discovered that the weather is quite unpleasant during this time. My next thought was Ethiopia/Eritrea, however there doesn't seem to be any hostels available. As I will be traveling alone, I would like to be able to easily meet people. So can anyone suggest some other destinations?

The main features about a country I look for are an exotic culture (and I mean this in the least condescending way possible), delicious food and interesting sights. I am a 17 year old Australian male and I have already traveled to (in chronological order) Fiji, Indonesia, Japan, Malaysia, Vietnam, Cambodia and India with my family. We always make minimal plans and just wing our way around countries (my parents have a lot of backpacking experience). In out most recent trip to India, I played a leading role for several legs so I am comfortable organizing accommodation and transport on a whim and dealing with scams, excessive bureaucracy and general craziness. I have $5000 saved up but I could save more if necessary.  Language/cultural barriers aren't a problem, nor are uncomfortable conditions.

I'm not too keen on visiting South-East Asia right not as while it's a great area, I'd like to go somewhere completely new. Nor do I want to visit Europe, as I plan on going there to study and/or with friends later on.

TL;DR:", Future 18 year old looking for a destination for January 2015 that has some sort of backpacker scene (i.e. hostels) and isn't freezing.
391,"SUBREDDIT: r/travel

TITLE: Has anyone traveled SE Asia during monsoon season?

POST: So, I have a working holiday visa for Australia.  The overall plan is to fly to Melbourne, travel up the east coast and settle in Brisbane.

Since I'm going to be down in that part of the world, I would love to go visit SE Asia as well.  The only problem is that by the time I make it to Brisbane, I'm going to be very low on funds.  So the idea is that I will work and save for ~6 months, which means beginning traveling around May.

Of course..this is the start of monsoon season for the peninsula.  So my question is (also

TL;DR:"," )....how shitty is it if I was going through Cambodia, Vietnam, Laos, etc. May-June-July?"
392,"SUBREDDIT: r/travel

TITLE: Help with Schengen Visa

POST: The last thing I need to apply for the visa is proof of return date from Spain, but how do i prove that I' coming back if I dont wanna buy the ticket AND THEN apply for a potential to be denied? ( i doubt i would but you never know)
I'm thinking there has to be an easy, risk free way of doing this, without paying extra for a refundable ticket. 
And what if you dont know when you're coming back.  I spose i did read somewhere they wrote "" dont buy your ticket until you have your visa"" but then it could be too late and the prices would be higher.  But then i guess you could say i shouldve prepared sooner.

TL;DR:"," Applying for Spain Visa. How do i prove I'm coming back from Spain without buying a 2-way plane ticket and showing them, just in case I don't get accepted for the visa"
393,"SUBREDDIT: r/travel

TITLE: Got screwed over by an airline oversight. What are my options?

POST: So I booked a flight for my wife and kids to Cancun on frontier airlines four months ago on faredepot.com - a cheap ticket link I found while browsing Momondo.  Well today was the day and the email reservation sent by faredepot.com listed the departure time as 6:55.  However, in the 4 months, frontier moved their flight time up to 6:10.  I was never informed of this change through any method.  So my family and I show up too late to make the check-in.  Once again, we were never informed about any time change.  Calling frontier, they informed us that it was the duty of faredepot.com to email and let us know of the time change.  Calling faredepot.com, they informed us that Frontier had never informed them of any time change?  Is that even possible?  Anyway, what are my options here?  I've been sitting at the airport all day!  Please help /travel!

TL;DR:"," Booked a ticket through a 3rd party, airline changed the flight time to earlier, I was never informed, missed the flight, and now I don't know what to do."
394,"SUBREDDIT: r/travel

TITLE: ""Guide Exchange"" type setup

POST: When I travel, I do a LOT of research and pretty much have a general idea of where to go/what to do, if not a full on itinerary. The thing that gets me is that it still doesn't feel right when I get to a place. I just always think that it's a good idea to have someone kind of direct me on how to buy train tickets/order food (especially in a different language) or take me around just to start things off. Subreddit meetups are usually nice but you're at the mercy of their schedule.

Is anybody else interested in having a listing, or know of a site, sort of like [couchsurfing] but for individuals willing to spend some time with tourists in their city just to ""hangout"" (a few hours/whole day) without expecting any monetary compensation? Maybe a drink or a smoke at the end of the day would be nice but not necessary. Just the thought that when you visit the other person's city, it can be repaid. The ""guide"" could go with the guest's set itinerary or have something planned. I may not know everything in my city, but, I'm almost certain I can find it faster than you.

TL;DR:"," Though fun, riding public transportation and ordering food in a foreign language is intimidating! Also, eliminate the ""What's there to do in ____ "" posts."
395,"SUBREDDIT: r/travel

TITLE: Flight search help?

POST: Hey guys -

I'm a member of a club that hosts 4 to 5 trips per year, foreign and domestic.  For 2012, they just announced they will have a trip to Italy, Mainland Europe, China, and two in the US.  I am 100% locked for either the Italy or Mainland Europe trip, but it all depends on the final scheduling arrangements.

They haven't released any final details yet, but here are the details that have been announced -

The Italy trip will be taking place mid to late June and the Mainland Europe trip would pick up right where the Italy trip ends.

For Italy, we would have to fly into Rome and we will fly out of Milan.

For Europe, we will fly into Milan and fly out of Paris.

Everything is included in the price of the trip once we arrive at the destination(hotels, transportation, meals, etc), the only thing I would need to pay extra is the flights.  This is where you guys come in.  Where would I go to find good prices on international flights?  I checked Priceline but they seem to specialize in domestic travel when it comes to their deals.  The flights I checked seemed a bit hefty at $2K one way.

I live in central NJ so I'm able to fly from Philadelphia, Atlantic City, Newark, JFK, and La Guardia with ease.

TL;DR:"," I need a website where I can find cheap international flights.  Also, if someone knows one of the above airports would be cheaper to fly from, it would help."
396,"SUBREDDIT: r/travel

TITLE: Do you think traveling in North Korea is ethical?

POST: As a travel agent working for TanSuo Cultural Travel (a company that specialises in tours throughout China and Asia), I'm often in contact with travel bloggers and tourists who have either been to North Korea (the DPRK) or who want to go.

 

Our company does not provide tours to North Korea because we think it is unethical, but I'd be interested to see what the reddit community thinks.

 

A lot of travel bloggers who have been to NoKo argue that, if Westerners don't continue to visit the country, then our cultures will never intermingle and North Koreans will continue to believe in the hateful propaganda they receive regarding the West.

 

On the flip side, travelers like myself are firmly aware that all of the money goes to the corrupt regime and that the small slice of NoKo that tourists are allowed to see is completely non-representative of the country as a whole.

TL;DR:", Do you think it's ethical to travel in North Korea? And why would you choose to travel/refuse to travel in NoKo?
397,"SUBREDDIT: r/travel

TITLE: Please help with itinerary for two weeks in Ireland

POST: My wife and I will be traveling to Ireland for 2 weeks this June. We are flying round trip to/from Dublin along with our 2 teenage daughters. 

We will be renting a car and enjoy traveling slowly to soak up the culture and the scenery. We would like to hike, go whale watching, see castles and other historic sites, maybe a trip to the Aran Islands, and generally just enjoy ourselves in the small towns. Ideally, we'd like to stay in a few different locations for at least 3 nights each. Can anyone recommend some places to base ourselves out of that will have enough to see and do for 3 or 4 days (or more)? I know we want to hit the Dingle Peninsula (and potentially avoid the ring of Kerry with all the tourists, but I'm open to going there too if it's really worth a visit). 

Also, we've heard/read on several occasions that the ""real"" Ireland is outside of Dublin and that there isn't much to see there. I'm okay with avoiding it altogether if there is enough to fill up the two weeks outside of Dublin.

TL;DR:", Looking for a few good places to base ourselves out of in Ireland for 3-4 days at a time during our two week stay.
398,"SUBREDDIT: r/travel

TITLE: Traveling, a few questions, (planning a trip two-three years in advance! Excited!)

POST: Hello there! I'm a person, well.. An american person.. well.. american-italian! (*heh*(s) in a walder frey voice.) I am planning to go to mainly, all of europe in three years, I'm relatively young, I'll be going on my nineteenth birthday. And Plan to visit many of the areas for around a year, perhaps staying in some for longer. This has been a life goal, Reddit. I was curious, sincirely, where should I go on my trip to a foreign continent, paris, london? 

What should I do, what should I see, what foreign customs should I follow, and what are good resources to learning foreign languages? I have many more questions, and dear apologies if some of these have been answered before.. Few more things.

I am starting a fund. 50 dollars a week into a savings account. Three years, presumably this'll be enough. As I (Hopefully) plan to stay in style, would this be enough (in eventuality) to support a year-long trip? This being in four-three star hotels, and hopefully eating out at each destination.

So, so sorry if this has been asked before, I'm an absolute idiot at searching things, and I'm new to Reddit.

TL;DR:"," Where should I go, eh?(in all of europe) What do I see? and more rabble."
399,"SUBREDDIT: r/travel

TITLE: Greeting fellow travelers! I need your advice on travel destinations for the next 4 months!

POST: I just graduated and am looking to travel either in SE Asia or Europe (again). I'll be travelling alone (although I'm happy to meet fellow redditors if they are out and about). I've visited all of Western Europe + Turkey over the course of 5 months but would like to visit Northern & Eastern Europe if I were to visit again. 

I've got approximately $4500 USD for everything (Flight, food, shelter). I'm looking for your suggestions and opinions about travel, why you would suggest one region over another, and struggles I might encounter (specifically Asia). 

A little more about me if you want some background: I'm 22, starting a programming job in April, speak Spanish & Portuguese, very outgoing and charismatic, have only ever traveled solo before, have a US and EU passport (2nd gen. Irish) and easily frustrated by time restraints and strict schedules.

TL;DR:", I need travelers advice on picking where I visit for the next 4 months between Europe and Southeast Asia with $4500 USD to spend on all expenses.
400,"SUBREDDIT: r/travel

TITLE: First Time Planning A Trip (by myself) to Vancouver from Toronto. Need Advice!

POST: Hello Redditers,

I am fairly new to Reddit and planning trips on my own, so please bare with me. I have a group of 6 ppl total, ages 23-30 that are interested in going to Vancouver from Toronto in around May 2015. We have only discussed an interest in going but other than that no plans have been made. Please keep in mind I have not been there since i was very little around 6 years old with family and my friends have never been. We are all adventurous types and do not mind hiking, biking, swimming, etc. 

We would fly from Toronto to Vancouver and rent a car for the stay. I have family members that are willing to let us stay with them in Burnaby.

There are a few things I would like to ask for advice about:

1. What are the best sites to try book our flight tickets? 
    -Any recommended airlines to use?

2. Should I depart Toronto/Vancouver in the morning or evening to get the best length of stay?

3. How long should we go for? 
    -I was thinking 9-10 days from a Wed/Thu and leave a Sat/Sun (7-8 working days). Vacation days from work do play a part as I have only 15 days out of the year to go. Friends may less.

4. Any recommended MUST DO activities?

TL;DR:"," New to Reddit/planning trips, Want to go TOR -> VAN in May 2015 w/ 5 ppl. Any Planning/Activity advise?"
401,"SUBREDDIT: r/travel

TITLE: Suggestions for SE Asia?

POST: Hi there /travel,

I was hoping for some advice regarding SE Asia. I'm currently a college senior who will be graduating in early June of 2014. I want to travel following my graduation, and since I studied abroad in Europe, I was thinking of going to SE Asia. However, because I'm not sure what my job situation will be, I'm not sure exactly how long I'll be there or what my budget will be. 

I've read an absolute ton of information on traveling there, but was hoping that some of you could help me to prioritize what to do and see. Plus, putting it into context and hearing stories and experiences from people directly gives a better perspective (I feel).

Brief info on what I'm thinking so far:

Hoping to get at least a month in, if I have a job locked down I would definitely be down to extend it. If I don't have a job, it may have to be shorter

I'm interested in any and all countries in that region: India, Thailand, Nepal, Bhutan, Cambodia, Laos, Vietnam, Indonesia, Malaysia, etc. (Am I missing any?)

Basically, what I'm asking is, what is / are *the* thing(s) that I shouldn't miss while over there? As I'm doing my research my list is growing rapidly to the point where I don't think I could be able to fit it in to a month (if I'm even able to stay that long).

Thanks for reading this massively long post, and thanks for all of your help!

TL;DR:", I want to go to SE Asia next summer. What is *the* thing (in any of the countries) that I shouldn't miss?
402,"SUBREDDIT: r/travel

TITLE: 6 month trip to SE Asia itinerary reccomendation

POST: Hello everyone, first time poster here, but have been lurking for quite some time.

So I am in the preliminary stages of planning a 6 month trip for after my girlfriend and I finish our undergrad next year. I have recently travelled all around Europe while on exchange so I decided to embark in South East Asia, like many others. The countries I plan to visit are:

Thailand
Myanmar
Laos
Vietnam
Cambodia
Indonesia

After reading many posts, I have heard lots of people say that 6 months could be more than enough time to visit all these countries, so I have decided to potentially add another destination. This is where I need your help. I am very open to any country and I need some recommendations on another country I could add to the trip that is in the general area of SE Asia (ex. India, Japan, Australia, etc.). I will be travelling with my girlfriend and we will be trying to travel cheap (hostels, street food, walking, etc.) So what would you recommend?

TL;DR:"," I am planning to travel to Thailand, Myanmar, Laos, Viet, Cambodia, and Indonesia for 6 months, but I want to add another destination into the mix that is close by. Where should we go?"
403,"SUBREDDIT: r/travel

TITLE: UNITED return flight delayed 24 hours - no hotel compensation?

POST: My return flight home was scheduled to leave this morning at 6am. Arrived at the airport at 4am to check in. After a few announcements saying the plane had a mechanical issue but by 1pm we should be good to go. I came back to the gate at noon, had to track down a UNITED agent. They said it was now scheduled for 6:45pm.

At about 1pm I received an email saying my ticket had changed. I was now on the same flight tomorrow at 6am. A delay of 24 hours.

Wasn't sure what to do. Could not find a UNITED agent anywhere in the concourse. Called 1-800-UNITED after being on hold for about an hour talked to someone who wasn't too helpful. They confirmed my flight change. I asked about a hotel and he said they would not pay. I asked to speak with someone higher up and he said I could but they would say the same thing.

So after about 12 hours in the airport I left and stayed in a nearby hotel on my own dime. Hopefully making it home tomorrow.

Anyone run into a similar situation? I'm not sure what I would have done if I didn't have my laptop with me and wasn't able to check my email.

TL;DR:", Return flight home delayed 24 hrs due to mechanical issues. UNITED will not pay for my hotel. Should they? Tips/Advice?
404,"SUBREDDIT: r/travel

TITLE: Wanting to travel for a few months, but overwhelmed with options... Looking for some advice and suggestions please r/Travel!

POST: Ok basically I want to travel, but I'm finding myself so overwhelmed with options of where to go and if I'm honest I'm not really sure 'how' it all works. I don't know how much I'm 'supposed' to plan or anything! So I'm looking for a bit of advice, I'm being vague I know...

Some info: 

I don't mind roughing it, I like seeing nature/beautiful things: mountains, rivers, waterfalls, caves, views, things like that. But I also like cities, meeting new people, drinking, partying etc. 

I'll be travelling alone, I'm a young, confident and athletic guy and basically I just want to see some new countries, places that you'd never forget, meet new people, have some fun and just go out and do something adventurous and exciting... Have a good time.

I'm fairly well travelled already and I've been to Ireland, France, Germany, Portugal, Greece, Holland, Austria, USA, Canada, Russia, Kenya - but they have been with local friends or sports tours or organised trips rather than just going out there on my own and figuring out what to do. I enjoyed everything from the outdoors, to the cities, quadbiking up through mountains for the views, to going out clubbing and getting drunk. There's a pretty wide variety in the things I like, but I'm no stranger to physical activity (I love it) and I'm not worried about where I sleep as long as I've got somewhere to stay! 

I have £2,000 at the moment, but I'm looking to gather around £3,000-£3,500. 

What sort of places would you guys recommend? Where have you been? If you were in my position, where would you go? I'm just looking to bounce some ideas around as I'm in need of some direction...

Is it viable to just book a flight to somewhere and just see what happens and where I go? 

Thanks for reading and thanks in advance for any advice!

TL;DR:"," Around £3,000-£3,500 - young, confident, athletic guy - I want to go somewhere, see places, meet people, have fun - Where would you go and for how long?"
405,"SUBREDDIT: r/travel

TITLE: Any advice for a traveler from Nova Scotia regarding healthcare?

POST: I'm from Nova Scotia and spent 2008/09 living abroad in New Zealand on a work visa, and visiting around SE Asia for a few months afterwards. I was gone in total for about 15 months. Of course, now myself and my girlfriend have caught the travel bug, and have spent the whole time since coming back saving up for another work visa trip in Australia. The problem is, anyone I've talked to at MSI (provincial healthcare) says that I have to live in the Canada for at least 5 years before I can live in another country again for a year or more and retain my healthcare coverage. This just seems wrong to me. Healthcare being one of the things that Canadians seem to take a lot of pride in, and it can be taken away for a few fits of wanderlust? I mean, I'm a Canadian citizen, I'm not obtaining citizenship somewhere else, it's just a visit (albeit a long one). I honestly thought the agent I talked to was full of shit, but I've had it repeated upon calling back. Does anybody else from Nova Scotia (or any other province for that matter) have this problem? Are they full of shit? Or if not, should I just not tell them I'm leaving, what would be the repercussions?  I know of Canadians, though not first-hand and not from Nova Scotia, who have taken several long trips abroad within short periods of time... does everyone who does so have this problem? Can they really stop my coverage?

TL;DR:"," Spent 15 months abroad, told by MSI I have to wait 5 years living in Canada before living anywhere else outside the country for the span of a year or more, else lose my coverage."
406,"SUBREDDIT: r/travel

TITLE: R/travel, don't fail me now!  I won a trip, but to where?

POST: Long story short, I won a trip for 2500 USD.  I can go anywhere I want provided I don't exceed that amount (presumably I could go over that if I wanted to shell out my own money).  

Additionally, I am in the process of converting my SO to enjoying the art of traveling.  His childhood vacations were very regimented and he tends to associate travel with stress and discomfort more than anything.  Also, he's a foodie.

So here's the question:  He enjoys good food, I enjoy seeing/doing awesome things.  Recommend me a great trip location!  (Food recommendations are also VERY welcome).

Places we've been and enjoyed:
-Tokyo
-Jordan
-Dusseldorf/Koln

TL;DR:"," Save me Reddit, you're my only hope!  Kind of.  Or rather, a source of valued information.:)"
407,"SUBREDDIT: r/travel

TITLE: What should I do if the embassy is unhelpful?

POST: Hello,

Sorry if I'm posting this to the wrong subreddit, if so, please redirect me to the correct one.

I'm a 19 year old Egyptian student living in Qatar and I was recently offered an amazing research opportunity in Greece for 2 months. The research institute is supervised by the Greek government, and the position is, of course, unpaid; they're only paying for my accommodation and I'm paying for my travel, living expenses, etc. 

I have an official letter from my professor, who works there, and I started calling the embassy so I can know what type of visa I need. After four days of calling daily, I gave up and decided to go there myself (it's somewhat far away and I'm too busy with exams). I went and explained the situation and asked them which type of visa I should apply for, and they took a scan of my passport and the (original) letter and said I'll hear back from them in three days. When they never called, I went again a week later, and they said they still don't know and will call me. It's now been two weeks since the first time I went and I still haven't heard back. 

The problem I'm having right now is that I will be leaving the country early-mid May, so I wanted to get this visa over with, as well as a US visa to visit my girlfriend, before then. However, I'm now stuck because of this problem and I'm worried I won't be able to get one or both of them.

A lot of people are telling me to go tell them that I will apply for a tourist visa and provide all the documents, and explain that I have a substantial amount of money in my bank account (from my parents). This chance is too good to miss out on just because of their slacking, and I would also like to get the US visa over with ASAP as it's really important for me to visit my girlfriend this summer. Any idea what I should do?

TL;DR:"," going to Greece for unpaid research, embassy ignoring me and aren't telling me what type of visa to apply for, need to get it ASAP."
408,"SUBREDDIT: r/travel

TITLE: How do you balance career with travel?

POST: I have a choice to make. I'm 26/f, have a graphic design degree, am currently interning in my field. I have money saved that I can afford to either pay rent in NYC for about 7 months or travel for a while.

I have the choice to either move and job hunt/try to forge path there, or travel through south america with some different friends for 3-6 months. Friend is embarking on this trip in fall whether I join them or not, but that was also my move out of this state date anyway.
I feel like it's too late for me to do this kind of trip at 26, and am worried about coming back and being really behind in my career. The internship is going pretty well and I'm making some good connections... However I also feel like this trip is a once-in-a lifetime opportunity  because when I do settle into a day job I may never have 3 months to just take off again.
So I guess my question to you travelers is: How have you figured this out? Have you? Do you feel like you fucked up your career traveling or did you figure out a way to move forward in your career while traveling?
Any suggestions, advice either way etc would be appreciated. Sorry if it got rambly.

TL;DR:"," 26 with a degree that is relatively portable, should I try to start my career or fuck off and travel for 3-6 months?"
409,"SUBREDDIT: r/travel

TITLE: Summer holidays in Europe help please /travel!

POST: My gf and I (both 29) are Australian teachers working in London, and as such are planning our summer vacation at the moment.  We have 6 weeks and plan to spend the majority of the time travelling, breaking it up into 3 ~1-2 week blocks, returning home to London in between, and finishing up with La Tomatina festival in Brunol, Spain at the end of the holidays.  We have had a few shorter holidays since we got here in Feb, but this is our first big holiday to plan, and as such we are really in need of advice!

We are thinking at the moment to do ~1 week somewhere beachy in a resort (was thinking Sharm el Sheik, but flights are pricey), ~1 week in Iceland, ~2.5 weeks either driving (hire car) through Central Europe (Prague/Bratislava/Budapest/Vienna/Ljubljana/Split), or driving from London through France, Switzerland, Germany, Netherlands & Belgium (we have our own car, although it gets lousy mileage ~20mpg combined).  We are having problems making decisions though as there's just so much to see!

We have already visited Barelona, Santorini, Kos, Nice, Sicily & Sardinia, and are not really into the whole hostel scene (blasphemy, I know...) so would be looking at staying in decent hotels in most cities.    During the driving portion we were thinking of getting some camping gear and spending a few nights camping out as there is some amazing countryside in both Central and Western Europe that we definitely want to see.

Sorry for the essay, my first post here and just wanted to get as much info across as possible!

TL;DR:"," Aussie couple planning summer holidays in Europe, 1 week at beach resort, 1 week in Iceland, 2.5 weeks driving through Central Europe or driving from London through Western Europe, finish with La Tomatina.  Advice please!"
410,"SUBREDDIT: r/travel

TITLE: Visiting the NYC/Boston area for the first time this weekend.

POST: And I would love for some suggestions on what to do/see. I'll be arriving at the Airport in Albany (my friend lives in Saratoga Springs) at 9am on Friday and I'll be leaving on Tuesday of next week. I'd love to see NYC, Boston AND Montreal, but I'm not sure if I'll have time. If I can only see two, which cities should I go to? Saratoga Springs is pretty much in the middle of these three cities, so time and distance is pretty much equal. We all have passports, so no issues there either. 

Anyway, I'm a 30-year-old male that is into art, music, architecture, philosophy and women. Typical liberal shit (with a smattering of fringe pseudoscience bullshit). As an example of something I'm interested in, there's a psychedelic conference in NYC this weekend that I'd love to attend, but I don't think my friends have the money to spend on the tickets (they're around $100). Is the Alex Grey museum worth visiting?

I'm also open to ideas outside of NYC, Boston and Montreal. I'm fairly ignorant about that whole region, so I would really love some help. My facebook friends failed me (though I don't think a damn person sees anything I post anymore), so I'm counting on you all!

Thanks, reddit.

TL;DR:", Visiting NYC/Boston/Montreal area 10/12 to 10/16 and need some suggestions on things to do.
411,"SUBREDDIT: r/travel

TITLE: Advice about traveling to Europe. Not sure where to start.

POST: *cross-posted from AskReddit*

So I've been on quite a few vacations with my family but have never left the country. I finally got my first ""big boy"" job and would like to go to Europe in August of this year with a friend or two. I've always wanted to take part in La Tomatina.

Ideally I'd like to start in Amsterdam, visit some landmarks and ""coffee shops"", though I'm not sure where I'd go?

and I want to end my trip with La Tomatina in Buñol, Spain (which is the whole reason I want to go).

Obviously my vacation would be limited to 10-14 days, which I realize isn't much time. I was told trains are expensive? What advice do people have for getting everything in order from across the sea?

I've just begun doing some research but seeing as how I am new at this I figured tips from fellow redditors would help get the ball rolliing!

and yes, I have a passport.

TL;DR:", I want to go to La Tomatina in Spain but have no idea where to start when it comes to traveling.
412,"SUBREDDIT: r/travel

TITLE: Two months NZ, unsure with route

POST: I will be in New Zealand with my girlfriend from mid August to mid September and start+end will be in Auckland. Been there a couple of years ago for almost the same duration but this time I'm not sure which route is recommendable, maybe you can help?

Basically I'd like to rent a car for the whole time but maybe some part with a campervan (self contained to use DOC camp grounds) and the other part with a regular cheap car and hostels.
I thought it would be good idea to rent a camper van from Auckland to Wellington (maybe 2 weeks), then use the ferry without expensive car transfer and get a new car on the other side to explore the south island (maybe 3 weeks) and get back to use the last 3 weeks of spring on the north island. 
But seems like there is no trustworthy car rental without huge one way fee and now I'm a bit stuck.

TL;DR:"," We have two months in NZ, love the freedom of a campervan and basically want to travel ""the whole"" north and south island to spend our days with travelling and hiking. "
413,"SUBREDDIT: r/travel

TITLE: My frustrating experience buying a sculpture in Vietnam and having it shipped to the U.S.

POST: If you're ever traveling overseas and decide to purchase something

TL;DR:"," The fees for getting my item here in the U.S. were more than 5x more than what I was told at the point of purchase in Vietnam, and the process has been really long, time-consuming, and frustrating."
414,"SUBREDDIT: r/travel

TITLE: American Airlines' mistake has left me unable to pay rent, bills and buy groceries for the next two weeks. Incurring overdraft and unpaid bill charges for me.

POST: I paid for return flights from Ireland to the US earlier this week with my Visa debit card, which charges directly to my bank account.

On Friday I got a call from my landlord saying that my rent hadn't come through. When I looked at my bank account it showed that American Airlines had charged my bank account for the flights AND had another transaction in my pending transactions for the flights again. This left my bank account over €400 in arrears. My landlord is pissed at me, I have two bills to pay soon and I am definitely going to incur charges because of it.

I called my bank and they told me that AA had put an authorization hold on my account (this is the pending transaction) which won't be released for 7 to 10 working days. Monday is a bank holiday here so that means it could be June 17th before the authorization hold is released and I can gain access to my money again. My next payday isn't until the 25th and I have no access to other funds until then.

I also contacted AA via Facebook (because that seems to be the best way of getting a complaint heard by big companies these days). This was their response:

""We're sorry for your frustration, Sean. We show you purchased your ticket on May 29th. You were not double charged, the other amount is an authorization hold on your account. This will be released within 7-10 business days. We'll see what we can do about getting that released on our end. You can also contact your bank and see if it can be released on your end.""

**What can I do to get compensation for the massive hassle AA have caused me?

TL;DR:"," AA have charged my account twice, leaving me with arrears in my bank account and without access to money until up to June 17th"
415,"SUBREDDIT: r/travel

TITLE: How can Americans teach/student teach in Europe?

POST: I'm having trouble getting straight answers on this subject in my research, and was hoping someone out there had some experience or knowledge and could help direct me in the right direction.

My wife and I are American and fairly experienced travelers.  We have experience teaching ESL in Korea and she has experience as a para in US schools.  She will have her primary certificate, and I am hoping to complete student teaching abroad, otherwise I will complete that here and be certified as well.

We went through a recruiter to get jobs in Korea.  Are there recruiters who places teachers in Europe as well?  Recruiters who won't charge me? (At least not before they find me a job)

I'm particularly interested in international schools and Department of Defense schools in Germany, France, and Spain, but really I'd be happy just about anywhere in Europe.  

I also have been told that in Germany among other places, there is something called an ""American University"" which is actually an American-style K-12 which primarily serves children of native English-speaking foreigners, but I've been unable to confirm the existence of these schools.

Thanks, guys.

TL;DR:"," Americans with teaching certificates and experience.  Teaching jobs in Europe?  International schools?  DoD schools?  ""American Universities""?  Recruiters?"
416,"SUBREDDIT: r/travel

TITLE: Visa Query - Travelling from UK to Vietnam, Cambodia, and (maybe) Laos.

POST: Hey guys, this June I will be flying to Vietnam form the UK and I will also be going to Cambodia and possibly Laos. The trip is going to be for two months and I will be going in and out of the country multiple times so I must obtain a three month multiple entry tourist visa.  I am doing some research and have discovered that buying a visa from the London Vietnamese embassy is pretty expensive and that it is possible to buy visas on arrival instead.

My main concern is whether it is possible to acquire this type of visa for Vietnam upon arrival. Also, is it possible to get visas for the neighbouring countries at their respective borders? 

I am asking this because apparently it is cheaper and easier to get visas upon arrival and also more convenient bearing in mind I have all the required documents. The thing is, when I went on the [Embassy of Vietnam website for the UK] it says, ***'We do not recommend visa-on-arrival and online visa. These types of visa are issued by un-recognised websites with no connections with the embassy. We cannot verify the validity of such visa and cannot provide assistances to travelers in case they are refused entry while using these types of visa.'*** 

If there is anyone who has acquired these types of visa upon entry or knows about whether it is possible to do so, please post a comment with any information possible, it will help a LOT!

Cám ơn

TL;DR:", Is it possible to get a visa upon entry into Vietnam for a UK citizen? Also is it possible to get visas for the neighbouring countries at the borders?
417,"SUBREDDIT: r/travel

TITLE: Where to work for summer?

POST: Hello, I need you to guide me trough summer.
I'm going to finish my first year of university by the end of june and from that time I would like to start working somewhere, but I have never done this kind of thing before, only worked for my parents year ago for a month. I'm from eastern europe, so It would be better to find a job somewhere west or north (UK, Holand). There are agencies but I really doubt their honesty and so on. I can work for 3 month. July-End of october. 

Also where could I post this for more comments.

TL;DR:", 19 years old kid without any experience trying to find a job somewhere in europe with a good minimum wage and cheap rental
418,"SUBREDDIT: r/travel

TITLE: Looking for nice coral on the cheap, where should I be looking?

POST: Hey all,

Looking to surprise my boyfriend sometime next year with a vacation. We both love to snorkel, explore ancient ruins/modern abandoned towns and hike (not mountain climbing but I would describe them more as advanced walks in the woods). 

Neither of us care to be waited on hand and foot, nor do we really enjoy laying around on the beach/suntanning. (I should also say that we are both very hesitant around large waves/rough water so calm waters would be highly preferred)

Therefore if you think of those memes of ""if you want fast, cheap and good service, you can only pick two?"" - think of a resort one with ""good beach, cheap and luxurious"" and we would much rather go with cheap and good beach. Literally a hostel (albeit a private room), as long as it's near good coral will be okay (preferably part of the property but as long as it's easily assessable) 

We went to the Mayan Riveria two years ago and loved it. The resort we stayed at was 2.5 or 3 stars and I felt it was still too posh (it was the Grand Bahia Principal Tulum IIRC)

We'd be flying from Regina most likely but can get to Toronto or Vancouver on the cheaper side if need be. I'd like to spend about 12-1500$(cdn) (although if one of you can point me in the direction of something amazing I can save up a bit more) each including airfare for about 5-7 days (no idea on dates yet, probably off season/peak though). 

Any suggestions? As I've said, we've been to Cancun region before and while it was nice, it lacked coral but had beautiful caves to snorkel in and ruins to explore. I've been to Fiji without him and it was to die for but a bit further than we can travel with our limited vacation time. 

We're both Canadians, I speak limited Spanish and he can rent a car if needed.

TL;DR:"," in search of calm waters with coral (ruins, abandoned towns and hiking would also be pluses but not needed) on the cheap (under 1500$cdn per person) for two Canadians. "
419,"SUBREDDIT: r/travel

TITLE: Advice about South Africa and Southern Africa

POST: So I'm about 4 months into my around the world trip with my wife. We just went overland from Bogota, Colombia to Patagonia; now we're in Buenos Aires for a week before leaving for Cape Town, South Africa.

Here are my specific questions then if you could add anything else in, that would be awesome.

When arriving in South Africa, do the customs officials ask for proof of onward travel? 

How much time is enough for Cape Town? 
Is the sardine run in Durban 1) affordable 2) as amazing as some say it is

Is overland travel as easy as it is in South America? The train network seems extensive and safe.

Any other smaller towns that the guide books may skim over which are worth checking out.

If you have any questions about South America, budgeting questions, or anything else please PM me I'd be happy to help anyone out however I can.

TL;DR:", I haven't read much about South Africa and need some advice because I'm still in South America and can't find an English Guide book.
420,"SUBREDDIT: r/travel

TITLE: Turkey(Ankara)-Iran(Tehran) Train Ticket Question

POST: Hi, 

I am planning to visit Turkey and Iran in April 2015. The plan is to fly in to Istanbul (4 days)-> Ephesus (1 day) -> Denizli ( day trip) -> Konya ( 1 day) -> Cappadocia (3/4 days) -> Ankara (transit) and then catch the trans asya ekspresi straight to Tehran. The primary motivation for me is to experience a long distance train journey and escape the city life for a day or two.

After arriving in Tehran, I will go visit a few cities and then return to Tehran and fly back. Since I am located in Dubai, flights (Dubai-Istanbul and Tehran-Dubai) are cheap and I have on Emirates so the airfare costs are pretty low. 

My question is: How do I buy the train ticket from outside Turkey for the Ankara-Tehran train? I need to buy this before applying for the Turkish tourist visa (I can not get an on-arrival visa in Turkey) to show that I am exiting the country somehow. A few online resources say that even travel agencies cannot buy the international Turkish train tickets for people outside Turkey. This essentially makes my application for the Turkish tourist visa incomplete.

The Iranian visa should be fairly straightforward for me since I am not American and my family members have visited several times alone.

Also please feel free to critique my Turkey itinerary

TL;DR:", How do I get the Ankara-Tehran train tickets from outside Turkey because it is a vital part of my Turkish tourist visa application?
421,"SUBREDDIT: r/travel

TITLE: Questions for those who traveled to Nepal and did trekking during winter season

POST: * What place did you trek? If you did multiple places, what would you recommend if you only had time for one. (I have set aside 2 weeks give or take up to 3 weeks if I can be convinced for trekking) 

* Was it during the winter season? How many layers did you wear (trying to get an idea, so I can minimize the amount of clothes I bring on the trip)

I want to trek to see Gokyo Lakes in Nepal in DECEMBER, how much should I expect for this to cost, the trekking portion, already paid for my plane ticket and travel insurance. 

I'm looking at I think trekking websites and all of them are roughly 1,000-3,000 or so USD for about 2 weeks. Does everyone who trek these areas pay that much? No prior experience with trekking.

TL;DR:", Is trekking in Nepal that expensive? Or can I just hire someone to guide/trek me and pay for my lodge and food myself at fraction of what I see all of these trekking websites are advertising.
422,"SUBREDDIT: r/travel

TITLE: Accutane (Isotretinoin) and Travel

POST: Two days ago, my doctor prescribed Claravis (Canadian brand of Roaccutane) for ongoing mild to moderate acne.  I'm a 29 year old caucasian female that weighs 130 lbs.  He prescribed 10 mg for 10 days, then 40 mg for 30 days, and possibly working up to 60 mg. 

I'm leaving for a 5 week trip to Southeast Asia (Thailand, Cambodia, Laos, Vietnam) in 1.5 months.  I have heard that skin becomes very sensitive to sun while on Accutane.  My doctor reassured me that this wouldn't be an issue, but that I should wear sunscreen, a hat, a blouse with SPF sleeves on hot days, etc.  I still had hesitations, so I talked to my pharmacist, who also said it would be better if I just got started on Accutane now.

Given the choice, of course I want to start right away (the sooner I start, the sooner the acne is gone).  This being said, I also don't want to damage my skin while travelling for five weeks in a hot, sunny place.  Typically I don't burn easily, but I've read a few horror stories online, and now I'm nervous.  Will I wear a hat and long sleeves everyday?  Realistically, no.  Sunscreen, yes, of course.  Abstaining from drinking isn't a major issue, so that doesn't really matter either way for me.

TL;DR:", I would love to hear experiences from individuals who have been on Accutane while living or travelling in a very sunny place.  Thank you :)
423,"SUBREDDIT: r/travel

TITLE: Balkans to Baltics itinerary advice [x-post from /r/solotravel]

POST: Hey all. I'm planning on doing a trip from the Balkans to the Baltics starting from the end of November this year, hoping to end up in Berlin by about the 23rd for Christmas (so about 30+ days).

I'm a confident traveler whose looking to get a grasp of the history and culture of the places I'm visiting, as well as a peek at the diverse countrysides and a hint of nightlife here and there.

My general idea is to start in the Baltics and then head up to the Balkans - skimping a bit on Poland/Austria/Czech Republic/Slovenia on the way as I'll probably pop in again in the new year. I've had a look at some travel information on many of the places in the region, and searched this subreddit, but I'm finding it hard to get a balance between moving and staying, country and city. I know I'll have a great time if I hop from capital to captial, but I want to visit some places I might not get the chance to again if I'm passing through. It's especially hard since I'm traveling on a budget, and alone.

Currently thinking:

Sarajevo 3-5

Mostar 2

Dubrovnik 2

Split 2

Zadar 1

(Plitvice?) 1

Belgrade 2-3

Budapest 2-3

Warsaw 3-4

Vilinus 2

Riga 2

Tallinn 2-3

Overall, 23-29 days (Not including 'transport time' which will add a little under a week I'd say)

TL;DR:", What are the best places to visit that are a little 'out of the way' in the Balkans/Baltics that's suitable for a solo traveler?
424,"SUBREDDIT: r/travel

TITLE: Itching to work away for a year (Canada? US? NZ?)

POST: Hi all,

in late 2013 I bought an Australian 12 Month WHV and between the time of buying the VISA and leaving for Australia I met a girl...I ended up spending 2 months in Australia and flying over to Canada (where she'd moved to) for a further 2 months, I then returned to the UK...too poor to get back to Oz and work!

The relationship didn't last and I now find myself sat in the UK regretting my decision to leave Australia and not work the full year, my VISA has expired as of the 29th May.

We all learn from our mistakes and I'm looking to go away and try this again and make sure nothing gets in my way...but I'm thinking of where to go.

The places on my mind are New Zealand, Canada or the States...

I absolutely loved **Canada** and would definitely work over there, but I'm aware the WHV applications open throughout March - April and are difficult to obtain, does anybody have any experience with going over as a skilled worker and if it was worth the effort/cost? From what I've read it's pretty expensive.

The **USA** seems like it would be 'similar' to Canada but just that little bit more ""MURICA"", still an environment I would find interesting to saturate myself in. Although after some reading it seems as though the US doesn't do any kind of WHV?! I don't have a bachelor's degree so perhaps the US is off the list...

**New Zealand** seems like the easiest place to get a VISA for me as a UK citizen and strikes me as fairly similar to Australia, which isn't a bad thing at all. Has anybody done this route and if so how have they found the country/people/process?

These are my options, just wondering if anybody has taken any of these and if they're able to provide some insight into what they went through! Thanks!!

TL;DR:"," Made a dumb decision because of 'love' so want to work away for a year in NZ, Canada or USA...anyone have experience in the processes/anything they'd have done differently."
425,"SUBREDDIT: r/travel

TITLE: Summer Holiday for 5 guys after finishing school. Any ideas?

POST: Ok, so basically. Being from Ireland, I'm not too climatised to warm weather and would like to experience this. So for finishing school, a few of us are planning to go on a holiday together to get all the satress of exams ran out of us by means of Alcohol. What better way to do it abroad? (:

So we were looking for somewhere with a decent nightlife, beaches and somewhere cheap enough to stay. 

We were hoping on staying out of some of the more clubber filled areas such as Ibiza and Magalouf and the likes. Just somewhere we can meet a lot of nice people and have a good time whilst also getting wasted and what not (:

Our budget would be around 500 each. This would have to include Flights, Accommodation and everything else pretty much.

Any help would be so well appreciated (:

TL;DR:"," 5 guys want to go somewhere warm after school, not too full of people but with enough nightlife. Budget around 500."
426,"SUBREDDIT: r/travel

TITLE: Three weeks and four countries: Tips on SE Asia in January?

POST: **Map and Itinerary [here](

Now I know that I have packed too much into the short period of time I have in SE Asia. This is more of a ""city sampler"" trip, we'll be back to get the true immersion. 

I have never been to SE Asia and would like some tips on what to expect for our trip in January (4th-21st)

We are taking the train across Vietnam and it would be nice to know what to expect from anyone who has taken the train there before. Specifically - how did you get tickets? online or at the station?

TL;DR:"," Going to Yangon, KL, Bangkok, and taking the train through Vietnam; what pro tips do you guys have for my January trip?"
427,"SUBREDDIT: r/travel

TITLE: Leaving today for New Orleans weekend trip. Need some advice so my friends and I can have a good time without dying.

POST: I'm driving from FL to New Orleans for a Bachelorette celebration with girlfriends from college. I'm really looking forward to seeing them and visiting NO for the 2nd time (another friend got married there 2 years ago). This time though the trip coincides with Mardi Gras. I don't even know what to expect, besides lots of tit-tays, I'm assuming. 

Anyways, I have a few questions. We are all a bunch of females in an unfamiliar place, so I want to try and make sure we all have an extremely fun but safe experience. I've heard pick pocketing can be pretty bad since there's so many people. Do you have any advice for this? Also, what parts of town should be avoided? Or anything else that pertains to us staying safe, other than common sense. What kind of tourist gimmicks should I expect? 

On a lighter note, what restaurants, events, bars, historical, etc are a must see? Personally, I'm a big fan of art and music and I know that's not hard to find in NO. I loved walking down the street and hearing the music and all the beautiful art that's in abundance. Great vibe. I'll stop rambling now. Any advice would be greatly appreciated! Thanks so much.

TL;DR:", Going to New Orleans for a bachelorette party the same weekend that Mardi Gras starts. Looking for suggestions to keep us alive and happy :)
428,"SUBREDDIT: r/travel

TITLE: Re-entering the US within the 90 days of the Visa Waiver Program

POST: Hello travelers,

I have been one week in the US last week for work, and I am coming back next week for holidays with my girlfriend. 

At the entrance of the US border I have been granted a VWP permit of 90 days. Reading on the US embassy it states that I can re-enter the country with no problems (at discretion of the border agent) unless it shows I wanna try and stay there.

I have return tickets to my country of residence, where I work, and this should be enough proof even to skeptical guys.

My question is, do I have to show the border agent that I have already been approved a VWP permit? Or will they re-start it? 

It's the first time I travel so closely in time to the US and I have no clue! :)

thanks!

TL;DR:"," Going in the US for the second time in a short period of time, don't know how it works with the VISA etc."
429,"SUBREDDIT: r/travel

TITLE: My plans to Europe, open to suggestions

POST: Hey /travel, I just wanted to start off by saying that I had a physics professor in my senior year of high school that absolutely hammered me (and subsequently all of his other students) into travelling the world, but I'm pretty sure I'm the only one that retained anything he said. He told us stories about how in his younger days, he would hitchhike throughout Europe with no money in his pocket, just going from city to city, basically bumming around and having a ball. In fact, he would always tell us that travelling with money is called a vacation, and travelling without money is an adventure. Combine his lectures with the fact that all high school seniors at my school had to read ""Into The Wild,"" a book about a guy who burned all of his cash to travel around America on his own (and eventually die in Alaska), made me pretty excited to travel. Combine THAT with the fact that I grew up with fantasy stories like The Lord of the Rings, the Legend of Zelda, and A Song of Ice and Fire, and you've got yourself one guy who's itching to travel. Anyways, I've thought about it a lot, and here are my plans so far: get a plane ticket to Germany or France, obtain a visa that allows me to travel within any of the main Euro Countries, stock up on this food supplement called soylent which supposedly gives you all the nutrients you need for one day, and then just sort of... go. Be free. Roam wherever I want. See lakes, castles, cities, mountains, anything. I know for sure that I want to see the Matterhorn (and backpack through the rest of the Swiss Alps), and also see old abandoned castles, which I've heard Germany has plenty of. I don't plan on staying in youth hostels, I plan on just sleeping outside in a bivouac sac. Does anyone have any suggestions for me? Places to go, things to bring, things to remember, advice, past experiences, criticisms, anything really! Please let me know if this sounds dumb or like a bad idea. Sorry this post is sort of long, I've only told a handful of people and its a pretty big thing that I'm really excited for. Thank you if you actually took the time to read my story and give a suggestion.

TL;DR:"," I wana go to Europe on my own (and on the cheap), and I want any suggestions or opinions you might have."
430,"SUBREDDIT: r/travel

TITLE: Cheap rental car tip for underage drivers

POST: Not sure if this has been posted about before, but I couldn't find anything when searching for it. 

Anyways, I recently booked a rental car for my trip to San Francisco. I originally started looking at Budget, and for just one night my rental would have costed over $110 for an economy car since I'm 21. 

I did some research, and I found out that if you have a USAA membership the underage surcharge is waived, and you can save up to 25%. So, I went back and signed up for USAA, and then went to Budget's site again and it went down to only $65. Woohoo! 

To make things even better, there was a coupon for USAA members that got you one weekend day free.. Seeing as I would be there for more than one night, I tried seeing the price from Thursday-Sunday using that deal.. The price ended up being only $6 more for 2 more days.. 

So, moral of the story, keep shopping when it comes to rentals, and **sign up for USAA**. It's a financial service for veterans and people in the US Military, but *anyone* can sign up and take advantage of their travel deals.

TL;DR:"," sign up for USAA for free if you are an underage driver, the underage surcharge will be waived and you can find HUGE savings."
431,"SUBREDDIT: r/travel

TITLE: Long term options post-graduation

POST: What are the long term travel possibilities for an American aerospace engineer graduate (with a TESOL certificate) and a passive income of 900 dollars per month? When I say long term, I mean years, potentially. I am not certain I want to be an expat, per se, quite yet. However, I am not against that idea. My standard of living is pretty minimalist, though I do desire regular bathing and reduced risk of epidemics or violent regions. 

I am intensely interested in SE Asia as a first travel stop upon graduation (I graduate in May of 2015).  How long could one operate in that region with the funds I mentioned above? I have seen repeated estimates of 20-30 dollars per day as adequate, and I do not require deluxe accommodations by any means. Based on that, I am just curious how long one can stay in SE Asia? I understand visa restrictions in some places, though not as thoroughly as I'd like, because I have not yet directly dealt with them in my life. 

Outside of SE Asia, what are some other options? I am too old for work holidays (I'm 30), and I am not relying on my degree as a gateway. It is still an option, though. Basically, if I wanted to travel/backpack/relax without working, what are my options with the funds I have available?

Thanks for any ideas or advice people can provide.

TL;DR:", How long could I live abroad with 900 dollars per month passive income? What places are welcoming to extended stays? How do these extended stays work?
432,"SUBREDDIT: r/travel

TITLE: Issues with buying a one way ticket?

POST: I recently purchased a one way ticket from New York to Prague a couple of weeks ago.  I am teaching English there for a week and then buying a cheap flight to Venice where I will spend the next 3-5 weeks traveling around by train/boat throughout Italy, South France and possibly Tunisia (if the price is right).  

Some people (Mom) are telling me that since I have not purchased a return flight yet, that customs will give me a hard time and possibly not let me into Europe in the first place.  The flight to Prague has a connection in London which only has a 1 hour and 20 minute wait in between flights.  Can I kiss this connection flight goodbye?

My plan is to buy a return ticket when I ~~am finished traveling~~ run out of money.  I would make my way to the closest major city, probably Rome, and leave from there.

TL;DR:"," Will I get hassled entering Europe with a one way ticket.  If so, what options can I take if I am uncertain about the date of the return flight?"
433,"SUBREDDIT: r/travel

TITLE: A word of caution to anyone traveling from Munich to Austria!

POST: Hey /r/travel,

Just a heads up to anyone in Munich planning on going to Austria by train or have plans booked soon: my wife and I are in Munich for our honeymoon, next stop Hallstatt after spending 3 enjoyable days in Munich. Last night I checked our train to Hallstatt (which I booked in August) to get platforms and statuses and such only to find out it was cancelled due to the Syrian Migrant situation. No notices, no emails, nothing, until 330am when I got an email saying it was cancelled (thanks...). Luckily there is exactly one train going from Munich today to Hallstatt or else our entire trip would have been finished. We also didn't get any money back for our booked fare of 58 euro, including trip insurance (information deal did not speak much English and with my understanding of her German we need to mail a form in and maybe we'll get something). We ended up paying 130 euro for a new ticket. Glad we overbudgeted!

TL;DR:"," check your trains from Munich to Austria ASAP, they might be cancelled with limited to no notice due to the Syrian migrant situation."
434,"SUBREDDIT: r/travel

TITLE: Words of travel wisdom as a gift

POST: Hey Redditors,

I am putting together a travel gift pack for a xmas present to a close friend. She has always planned on back packing across South America, and is now in a position where she could fulfil this travel dream. However she is currently waiting for an old friend to also become available so that she has a travel companion. The friend she is waiting for though has just secured an excellent placement, so might not be in a position to leave for a good while. 

I was hoping to collect travel advice and inspiring words/stories to put in her gift pack. It would be great to hear your experiences and anecdotes about travelling across South America, the pros and cons of travelling with friends or going alone, information about working while over there, and any key resources/websites that would help her plan.

TL;DR:", please share your South America travel stories/tips to inspire a friend to pro-actively pursue her goal. (I want to print your comments to include in her xmas present).
435,"SUBREDDIT: r/travel

TITLE: Flying to the other side of the world, I need to see my father. Please, I could use some advice.

POST: I'm a 20 year old college student from the Netherlands, the last ten years have not been easy. When I was twelve years old my father got locked up abroad for smuggling drugs, he was jailed in the UK so I couldn't visit him. This was was the end of his perfect career, his sanity, and our perfect family. When he got out he lived with us for a couple of months, he felt the urge to move back to his roots, Curaçao, a small island in the Caribean. He left us, again. It broke my heart.

Three years passed... the mother of my father and my grandmother, Mami (grandma), had just passed away. We flew her body to Curaçao to bury her next to her late husband, papi (grandpa). 
My mother and I flew to Curacao with a lot of family members. When we arrived at the airport my father was there. I was happy, angry, relieved, and sad to see my father again. Those 3 weeks with my father were the best. Back in the Netherlands we wrote each other for a couple of months, soon we broke our contact again.

I want to go back this summer. It has been 5 years since I've talked to him. I'm working 16 hours a week at McDonald's to save up for a plane ticket, it's so hard to do with all of my classes and expenditures. I want to see my father and family, my late grandparent's old house, their graves, and of course the beautiful island.

I've heard that my father isn't doing well. My aunt has told me that he's in huge debt, he's back on drugs and lost most of his teeth. 

It's not an ordinary holiday to a tropical resort. Do you guys have any tips for me? It will be my first time traveling alone and I will have to cary a lot of emotional weight.

TL;DR:"," 8 years ago my father left us to move to Curacao (Caribean). I'm twenty years old and want to travel there alone, I don't know what to expect. Tips?"
436,"SUBREDDIT: r/travel

TITLE: Advice on traveling for 1-2 months in Mexico/Guatemala

POST: Hello fellow travelers! 

Last June I studied in Puebla, Mexico and fell in love with the country. I've decided to go back for a bit longer this summer, probably mid-May to mid-July. I am looking for advice on:  

* places to visit 
* possible routes
* budgeting (I will stay mostly in hostels I think)
* general info, safety, tips, etc.

So, some info about me. I'm a 21 year old female and will possibly be traveling with a friend, but she has not committed yet and may be only able to join me in June. I also should mention I'm vegetarian, in case anyone has tips related to that.

My itinerary is really open, the only requirement I really have is to spend some time in Puebla to visit friends there. I'd also prefer to stay to the south for safety reasons, maybe end up in Guatemala.

This will be a relatively inexpensive trip. As mentioned, I plan on staying in hostels, eating street food, few paid excursions/events, though I don't plan on roughing it completely. I'd like to have the occasional nice meal, visit an attraction, see a sports game, etc. I'll probably travel with my luggage in a backpack and move by bus.

One thing I'm considering is offsetting some costs by doing odd jobs through helpexchange, WOOFF, or something similar. I figure that could be a cool way to still see the country while not having to pay as much for lodging and food.

Is it reasonable to budget about $3000 USD for food, lodging, travel, and shopping/sightseeing (not airfare) for this? I'd LOVE to hear from those who have experience in Mexico or similar countries/regions on how they spent their money. Anecdotes or general travel information are of course more than welcome.

TL;DR:", 21 year old female backpacking in Mexico May-July 2014. Where to go? What to do? How much to budget? General advice? 
437,"SUBREDDIT: r/travel

TITLE: Far Away From Home For a Long Time. 6 months in Europe, What Should I Expect?

POST: I did a search but I could only find budget stuff, and the blog post on the sidebar. I'm looking for what to bring and what to get at home or there. So I'm going to be living in a major city in Europe for 6 months starting some time in July. I'm not even sure if I'm going to stay there the entire time. I've been over in Europe for a month or so during the summer. I've never been away from the (always summery) US state I live in for more than 2 months. I have experience with traveling, but not for half a year. 

I would appreciate advice for a long time traveling. What should I expect? Also I have only dealt with winter/snow for a week, so I don't have the winter apparel that would last. Should I buy that stuff when I get there to save room in my luggage for other stuff? And for that what is a good staple to get? 

Going to be bringing:

Clothes I have that are sadly not winter appropriate

Toiletries

Good shoes

Typical gadgets that I use

Adaptors

Paperwork

And what not

I can elaborate more if necessary. I am just insecure of being more specific on a public forum.

TL;DR:"," I am unsure of what I should bring and what to expect for such a long time period, and I'm asking for more experienced opinions."
438,"SUBREDDIT: r/travel

TITLE: Seeing the Grand Canyon... from the UK. Any suggestions welcome.

POST: My mother has a lifelong dream of seeing the Grand Canyon. She's in her Seventies now and, if I'm brutally honest, getting a little bit frail. ~~And cantankerous.~~

I'd like to organise a trip wherein we manage to visit the Grand Canyon, but I have a few (awkward) caveats:

* We don't want to stay in Las Vegas.

* I'm not a fan of Los Angeles *either*.

* She doesn't want to do a Colorado River tour.

* Camping is off the menu.

* Neither of us like tour groups.

* I don't really want to fly-drive.

Yeah. Like I say, awkward.

If anyone has *any* ideas for how we can make this happen, I'm all ears. I'd rather not fly-drive because I dislike spending my *holiday* time driving a bloody car (that and I, ah, am a little heavy on the gas pedal, and don't want to get arrested). I am however aware that there's piss-all else to do but visit national parks or go to Vegas, so if I have to drive all the way over to Texas to have a remainder of a holiday it isn't necessarily off the cards.

TL;DR:"," Is a fly-drive my only serious option for seeing the Grand Canyon as a UK visitor, given the above restrictions?"
439,"SUBREDDIT: r/travel

TITLE: Travelling to Vietnam/Cambodia this (Southern hemisphere) summer, but have a dilemma

POST: I'll be flying (probably solo) into Bangkok from Melbourne on December 1st, and back out on February 9th, which is exactly ten weeks apart. I plan to leisurely work my way overland across Cambodia, up through Vietnam, across to Laos and then back down Bangkok during that time using trains and buses.

The dilemma is that I have the opportunity to fly to Dubai for a week during that time with the flight paid for (and accommodation provided) by a family member who lives there. Most likely this would mean flying in and out of Hanoi some time around Jan 15-22.

I haven't been to Dubai before and I'm certainly interested in going, but I'm not sure if this trip will be the best time to go. I don't want to spoil the leisureliness of the trip by needing to get into Hanoi in time for the flight (particularly if the alternative is not necessarily caring when I get into Hanoi and just working my way up the Vietnamese coastline more casually.) 

Besides rushing my way around and missing out on things I could have experienced if I had been moving more slowly and ""with the flow"" of the trip for want of a better expression, I'm worried that breaking up the trip and applying added time commitments by flying into Dubai might ruin the organic nature of the journey.

On the other hand, I don't want to pass up a paid-for trip to a part of the world I haven't been to. There might be the same opportunity in the future, but then again there may not be.

I'm leaning towards declining the offer, but I nevertheless feel this might be the wrong decision and am hoping somebody might be able to help with a bit of advice.

TL;DR:"," I'm travelling Indochina this southern summer for 10 weeks, and I have the opportunity to fly to Dubai for free for a week in the middle of the trip. I'm unsure whether to take up the opportunity."
440,"SUBREDDIT: r/travel

TITLE: Disabled parent forgotten by Greyhound staff, is the compensation offered normal?

POST: Hello everyone, I apologize if this is the wrong sub to put this, but I figured that people who are well traveled would have a good insight into the situation. If there is a more appropriate sub to post this, a link would be greatly appreciated. 

My mother (59) was scheduled to take a Greyhound bus from Phoenix, AZ to Albuquerque, NM today. She is physically disabled, and was put by greyhound staff into a separate waiting area (instead of having her wait in line) where they would retrieve her when the bus arrived to wheel her to the bus, assist her with getting on, and ensuring that she got on before other passengers/had access to the handicap seating at the front of the bus. 

A greyhound worker came and got her bags to be loaded on the bus, and said she would be returning to get my mother when the bus was ready to load passengers. My mother went to the restroom (#1), and got a drink from a vending machine and returned to the same seating area. After a time (she had her phone off to conserve battery, so amount of time is unknown), she noticed through the glass that there were much fewer people in the station, so she went and asked if the bus was loading passengers already.

Turns out that the bus had recently left, with her luggage, but without her. The staff spent some time trying to figure out what happened, then they found the employee who was supposed to return for my mom and she admitted to having forgotten that she was supposed to return for her. 

They are putting her on the next bus that comes to Albuquerque, which departs almost 6 hours after her original bus did, and the only compensation they have offered her is a $7.50 food voucher. To us, that is completely unacceptable. Is this normal compensation for such a screw up? Her bus won't be getting here until 3am, so I'm unsure if there will be anyone available at the bus station to speak to about this when I pick her up, or if I should just call either Greyhound customer service or their ""Assistance for customers with disabilities"" number tomorrow.

TL;DR:"," Disabled parent forgotten about by Greyhound staff and bus leaves without her, next bus is 6 hours later and only compensation offered is a $7.50 food voucher."
441,"SUBREDDIT: r/travel

TITLE: I want to go to Europe but I can only go between Christmas and New Years. Any suggestions on how to do it without going overbudget?

POST: Ok, so here's a little background, I'm now living in Brazil, and I just got a new job. I found out that the company shuts down for ten days for the holidays, and me and my wife have been planning to go to Europe during that time. We know travelling during the holidays is expensive, and we don't want to spend too much to travel, but I'm not entitled for another vacation until next June. 

Another thing is, my brother is living by himself in Amsterdam so it would be great to spend the holidays with him, but if we wait until next year, he moves back to Brazil and it'll be difficult to see him again.

What would be the best way to go about travelling those dates without spending too much? We're open to staying in hostels, couchsurfing, etc.

TL;DR:"," Want to go to Europe really bad this year but can only do it during the holidays, any tips so the trip is not so expensive?"
442,"SUBREDDIT: r/travel

TITLE: Price per day bicycle traveling questions!

POST: Hey there!

In a week I'll be going on a 12 day bicycle trip starting in Berlin. From Berlin I'll bike west towards Netherlands (more specifically Amsterdam or Rotterdam) and from there I'll go to Brussels. My way home would be from Brussels to Düsseldorf 

Now to the question. **On a 12 days trip like that what would the average price per day be**? I accidentaly broke my tent the other day - so I can't camp. Thereby I'm forced to sleep at hostels.
I'm not really much of fancy eater, so I'll be staying off restaurants and primarily sustain from ryebread and (toppings?). If it helps anything I don't smoke or drink coffee.. those are some expensive stuff.

TL;DR:", How much would I need per day to survive a 12 day bike trip.. Non fancy eating and hostels for sleep? I'm a firsttime rider and I'll be going solo.
443,"SUBREDDIT: r/travel

TITLE: Going to Germany & Italy and I have questions about wi-fi usage...

POST: My wife and I will have little use for a phone as we do the tourist thing out there.  I thought I would just be able to use wi-fi (where available, obviously) to stay connected.  

She called our carrier (AT&T) and they told her that she'd need to get an AT&T Passport plan to use wi-fi and that sounded off to me as I've NEVER heard of needing such a thing...

I did a bit of research and it's sounding like AT&T Passport works with AT&T Hotspots, so it seems like they are just trying to sell us on more AT&T stuff, but I just want to be sure.   Hearing something as strange as this has thrown my confidence about it all into question.

Has anyone had experience with this?  Let a brotha know.

TL;DR:"," I can just use regular-@$$ wi-fi in Germany & Italy, right?    Thanks guys."
444,"SUBREDDIT: r/travel

TITLE: Interracial couple traveling to Spain. How much should I care/ not care about racial tension?

POST: My wife and I are traveling overseas for the first time, 2-3 week vacation in Spain. Our itinerary looks something like Toledo, Malaga (visiting friends), Barcelona, and hopefully Northern coast, like San Sebastián/ Bilbao. I'm a black guy (light- skinned, ppl always think I'm mixed), my wife is white, we're late 20's/ 30, working professionals, ""neighborhood people"". I guess I think of us as plain ol Cali Kids. Our best US vacations have consisted of finding the local gems for food/ drink, some fitness (hiking, beach, sailing), events like concerts or sport events... And then probably more food and drinks. (To be honest some of our best nights have been around striking up convo w our bartenders or other guests at bars, and making a night of it. We love a good cocktail).

So a friend (Mexican) said I should prep myself for some racism... Actually his words were Spain is ""super- racist"". Now that's a broad generalization that's probably misleading, but did get me wondering what exactly to expect. Some odd looks, an extra security check here and there doesn't bother me at all. if anything, that's a opportunity to prove myself a good customer, guest, foreigner, whatever it may be. I like to think I'm a pretty respectful person.

So, what are we in store for? looks? Denied service?  Any areas, situations we should avoid (particularly concerned about nightlife)? I took Spanish for 4 years in school, and can carry a basic convo, FWIW. Wife speaks a bit of French.

Thanks! Hoping to follow- up this trip with Thailand next year, followed by Costa Rica, and then more Europe.

TL;DR:"," black dude, white wife, speaks some Spanish, 2-3 week vacation in Spain.how much of a factor is race going to be for us?"
445,"SUBREDDIT: r/travel

TITLE: Three days in and/or around Frankfurt as an excursion from Poland

POST: I've lurked for awhile on this subreddit and enjoyed the tips and advice that has been offered up by those that have first hand experience with a particular city or area. That being said, I would appreciate any tips or ideas for an upcoming trip (beginning of August). 

My wife and I are traveling to Poland for a wedding and have decided to extend our trip to make it into a bit more of a vacation. We've booked a flight from Warsaw to Frankfurt (letting the fares dictate a quick and easy flight) and are looking to spend three days experiencing part of Germany. Our thoughts are spending an afternoon and night in Frankfurt and then spending two days and nights somewhere we can get to via public transportation. Our first thought was to head over to the Rhine River and explore what we've read is a beautiful part of Germany. However, I thought I would tap into the collective experience of those on r/travel for any suggestions, either for a trip to the Rhine River or for alternative routes. We are fairly adventurous and don't mind going off the beaten path for authentic experiences but our only real wish is to not spend each night in a different place.

TL;DR:"," My wife and are spending three days in Germany, flying in and out of Frankfurt. What would you suggest we do once we get out of Frankfurt? Thanks!"
446,"SUBREDDIT: r/travel

TITLE: Cheap European cities for October visit?

POST: I thought I would never make one of these itinerary posts but here we are, I'm stuck. 

My boyfriend and I have 3 weeks and a bit of cash to travel around Europe in October. 

We'll probably spend the first five days in Berlin seeing friends, because flights from London (where we live) are dirt cheap. Boyfriend lived there for a while in 2014 but it's my first time so I'd be open to spending longer, if a strong case is made for doing so.  

The rough plan is two other European cities after Berlin. Amsterdam is in the running, but we've both been there. We'd prefer somewhere cheap and unfamiliar (i.e. somewhere not-west). The thing is, everyone has good things to say about everywhere on the bloody continent. People have recommended Croatia, Poland, Prague, Budapest and Bucharest to us—and that is just personal recommendations, the Internet is full of them. We've also thought about maybe Athens + a Greek island (maybe Crete?). 

If it matters: we're 21, and although we are very much on a 21ish budget (anticipate hostels, although small airbnb would be better), we are not really in the market for a 21ish holiday. I love to drink and boyfriend loves music (techno etc) but he's been sober for a year and we're looking for something more Dignified. We like wandering around on foot, sitting at (cheap) cafes, shopping, and an occasional dose of arts and culture. It would be great if the streets of this hypothetical place stayed lively after dark.

NB: definitely want at least one of these places to be REALLY, REALLY beautiful. Cobbled streets and balconies and so on. We wouldn't mind staying in a sleepier town if it's cheap, has some cafes, and is really beautiful. Because we are shallow.

Key factors: 
- Pleasant in October (enough to spend most of the day outdoors)
- Not unavoidably touristy
- Cheap access from Berlin and/or London
- Cheap to have a nice time in
- Beauty!!!

We're very indecisive and all the options are killing us. Pls advise.

TL;DR:"," we'll probably spend a week in whatever European country you recommend most strongly, as long as it's cheap and beautiful."
447,"SUBREDDIT: r/travel

TITLE: First time traveler visiting Asia alone from May through June

POST: I am a 20 year old male from Sweden, I have traveled quite a bit despite my (relatively) young age. I have been to USA, Kenya, Russia, Estonia, Latvia, Lithuania, Finland, Netherlands, Denmark.

The thing is, I have been with my family and/or friends during these trips. However, I feel as if it would be fun to go on a trip alone. I have been working to save up about 5000€ and flights have so far been calculated to about 1k€.

My idea at the moment is to visit Japan for about two/three, then South korea for about two/three weeks, Taiwan for a single week, Thailand for two weeks, and Hong Kong for another week before returning home.
Simplified: Japan -> South Korea -> Taiwan -> Thailand -> Hong Kong.

I am sort of lost however in what activities would interest me, I mean, I really am fascinated by asian culture, and there are many things that I would like to see, but scimming through the older threads doesn't really get me less confused-

With the budget of 4000€ i would have about 66€ per day for living expenses, food, souvenirs, activites. Is this reasonable, or do I need to make my budget larger?

I work in a kitchen, and am very interested in asian cuisine, however, I am not too entirely sure what would be something that I ~cannot~ miss when visiting each country, as I want to make as much of the trip as possible, it doesnt have to be fine dining, but something that is essential to each countrys or cities kitchen.

I would also like to visit shrines and historical places, which I think will be manageble by the various travel books. But something that could be a bit more difficult is that I am also interested in seeing the nightlife of these countries. I enjoy seeing fucked up shit so I guess Japan will be good for that, but I've also heard that the yakuza control quite a bit of who is to enter or not, and will this be a problem as a westerner?

TL;DR:", I would like any advice to what places I could visit in any of these countries and some advice on what would be wise for a solo traveler in these large cities.
448,"SUBREDDIT: r/travel

TITLE: Has anyone had experience working at a hostel? Thinking about taking a job there, should I go for it?

POST: sup /r/travel,

I'm taking a semester off from college to live in my home city (grew up as an international kid) and didn't really have any special plans for my time here. 

I was cruising around craigslist for the fuck of it when I came across an ad that was looking for someone to live in the hostel for 3 months are so. Compensation is full room and board, wifi, laundry, three meals, free coffee, but no word of any further monetary payment. Work seems super light, just 3.5 hours a day 6 days a week (either receptionist work or cleaning rooms).

I'm a very outgoing person and good with interacting with strangers, so I could definitely see myself doing this job. But it is still a bit out of my comfort zone, especially when I can live at my parents apartment with my own room and everything.

**Should I still go for it? If I apply and get an interview, are there any important questions I should ask or red flags/good signs I should watch out for while I'm there?

TL;DR:"," potential job at hostel but still not sure if it's a good idea, looking for someone with experience to give me some guidelines*"
449,"SUBREDDIT: r/travel

TITLE: Ever fallen for a scam while traveling? Or almost?

POST: I am usually good about this sort of thing but today I was scammed for the first time (that I know of) while visiting the terra-cotta warriors in Xi'an, China.

I was renting an audio guide from the official booth (which is, i think, why I let my guard down for a minute since it is government run but I suppose there are dishonest people everywhere) and as I was forking over the money for the deposit plus rental fee they started with the distraction.

They handed me a map and put the guide on my head while speaking quickly pressing lots of buttons and showing me how to use it (as if it weren't obvious).

Of course, it wasn't until later that I realized this had been a distraction to make me forget I hadn't been handed my change or receipt.

In the end I was luckily able to get my deposit back (but you can be sure the workers will be exchanging the receipt they kept for the 200 yuan deposit at the end of the day as it's not traceable anymore) but am out the 60 yuan in change.

It could have been much worse i suppose and this will make a good story slash cautionary tale.

So I'm currious, Reddit, have you fallen for any scams while traveling?

TL;DR:", Two clerks worked together to try to jip me out of a 200 yuan deposit plus 60 yuan in change for an audio guide.
450,"SUBREDDIT: r/travel

TITLE: Need advice for a trip to France. Few questions

POST: Hello, my family and I are planning a trip to France. 

We'll spend 4 days at Paris and 2 days at Nice and we plan to drive from Nice to Paris on the last two days.

What route do you suggest (most scenic) and how long does this scenic route take (from Nice to Paris). 

We have to buy a 'Paris Museum Pass'; Do you think it's worth it, since museums are generally the most populated places in Paris (I think, correct me if I'm wrong) We've read user reviews but I thought I could receive a first hand review from a hopefully unbiased individual

TL;DR:", Wanted to know the most scenic route from Nice to Paris and how long it takes to drive; And is the museum pass worth it.
451,"SUBREDDIT: r/travel

TITLE: Can book a week at any Marriott location/resort for free. Warm ideas for a winter vacation?

POST: My parents have all sorts of fancy assets with Marriott that I don't know much about. What I do know is they failed to use one of their ""weeks"" this year, and offered it to me to book a vacation for myself and my other half this winter. My father says between the ""week"" and whatever ""rewards"" we have built up, that I can book pretty much anywhere for a week. 

My partner and I aren't made of money, so we're looking for a balance of comfort and safety with frugality. With lodging expenses out of the way, I'm not sure how much is reasonable to spend on a week of sunshine and happiness. We have no specific booking date set yet, but looking at January - early March.

We are the type of people who like simple pleasures (mixed drinks, some time in a hot tub, beautiful scenery) and culture (museums, festivals). We are introverts who prefer to re-charge in relative isolation, as long as civilization is nearby to explore together safely. This will be our first vacation alone without piggybacking on family, and our last vacations before ""shit gets real"" in our lives, so I'd like it to be memorable. 

I have never traveled outside of the US except to visit family in Toronto. He goes to the Caymans every two years (and will be this summer), so that's off the list, but he absolutely loves it there as an example.

Any ideas?

TL;DR:"," I've never traveled outside of North America. Looking to book a Caribbean or similar vacation with free lodging at any Marriott location. What vacation destinations, besides the Caymans, are worth looking into during the winter/early spring?"
