,prompt,completion
0,"SUBREDDIT: r/weddingplanning

TITLE: Elopers: When/Where did you get your dress?

POST: FH and I have decided to elope because after nearly a year of trying to plan something that we both want in a little mining town, I've given up. Anything nice that I want has to come from the city or interstate (I was DIY'ing what I could but I'm unfortunately artsy in my heart, not my bones) and with every question I asked FH, he realised that it was getting more and more stressful for me, so he suggested we elope. YAY!! 

Now the only stress is my dress. I'm scared of buying something online and getting ripped off, I'm short and curvy so I'm scared that anything I try on will need to be altered and that could take too long depending on where I end up buying it, I don't want to spend a fortune on a dress like they seem to be in stores, but I'd rather see it and try it on and know that it's a nice quality before I pay money for it. I don't really have anyone to go with either. I don't have any close friends really and I'm not all that close with my MIL or step-mum.

TL;DR:", ? I'm scared of dress shopping! And now we're eloping and I don't know where/when to get my dress. Please help?
1,"SUBREDDIT: r/weddingplanning

TITLE: My upcoming shower is overwhelming me. How to proceed?

POST: My mom, future MIL, and bridesmaids are planning me a bridal shower. I'm so grateful for everything they are doing, but it has quickly become something I never would have planned for myself (if planning your own shower wasn't such a huge etiquette breach!)

Originally, I didn't want a shower at all, but everyone insisted that they wanted to throw me one, and that it would be easier to get gifts ahead of time than haul them all home from our reception venue. Okay, that's fine. I won't disagree that it's awesome to get presents, of course, and my MOH and future sisters in particular are so excited to plan all this for me! :)

I asked my MIL if we could have a Jack and Jill shower (that is, both men and women are invited) and she immediately shot that down.  PUTTING ASIDE non-binary genders, dated sexist beliefs, etc, I know that shower guests are typically mostly your aunts, grandma, etc. But I wanted my fiance to be there with me, and maybe some of his groomsmen to liven up the party. That's out too.

So now I'm having this all-girls bridal shower, just for me (my fiance's name wasn't even on the invitations) and I don't know how to interact with everyone - there's going to be so many people there I've never met. MIL added a few dozen people to our guest list and those ladies are coming! Plus some of our registry items were specifically added by my fiance. Am I supposed to say ""oh he was so hoping to get this! I wish he was here to see it but I wasn't allowed to have anyone who identifies as male at my shower!"" ***Obviously I wouldn't actually say that...

TL;DR:", My upcoming shower is huge and completely different from what I would have originally wanted. Is me sitting there alone and opening OUR presents the norm? How do I thank my fiance's second grade teacher for coming without seeming gift-grabby?
2,"SUBREDDIT: r/weddingplanning

TITLE: MIL to be passed this year. Should I still do Father-Daughter Dance?

POST: Hi! I should start by saying that I don't expect anyone to make this decision for me. However, I can't escape my own perspective, and I would like to hear other points of view. 

My fiance and I have been engaged since December 2012. We both wanted a long engagement, and we will be getting married on November 8th this year. Ever since we first got engaged, we both said we wanted both a Daddy-Daughter dance and a Mother-Son dance. I want the wedding to be as much about his family as about mine. 

But tragedy struck in April and his mother passed away suddenly. It was completely unexpected and horrible. It still hurts both of us very much, although we try to talk about her as much as possible. 

So, should I carry on with the Daddy-Daughter dance? I don't want it to create a sad, awful moment for my fiance. But I also don't want to let down my dad. I think my dad would understand, but I also think he's been dreaming about my wedding longer than I have. 

Any advice or thoughts are so very welcome. Thanks!

TL;DR:"," mother-in-law to be passed away this year. Should we have a Daddy-Daughter Dance, or leave it alone?"
3,"SUBREDDIT: r/weddingplanning

TITLE: MOH duties...rant and advice about bachelorette party.

POST: All my bridesmaids are long distance. Because of this, I had wanted to group the bachelorette party and bridal shower into one weekend in my home town where we all grew up.  I expressed this to my MOH when the shower date had been decided.  My aunts are taking care of the shower duties, so I told my MOH not to worry about the shower, she would have time to focus on the bachelorette planning.  

Well my shower is next week and I found out today that the other bridesmaids have not been contacted about the bachelorette party.   Two of them already had plans set up with their close families for their Saturday evening since they were visiting from out of town.  I'm completely shocked and have no clue on how to talk to the MOH about this.  

It's not like the MOH and I haven't discussed the party. Last weekend we decided on the restaurant we were planning on going to.  I asked her to contact another bridesmaid for ideas on clubs afterwords. So we've kept in contact about the bachelorette party plans, but apparently the rest of the bridesmaids have no clue its happening. At this point it looks like it's just going to be me, her and a friend of mine that will be in town.  Any ideas on what to do? I dont want to inconvenience the girls and make them travel hours and hours again, but man I was really hoping to have a bachelorette party...

TL;DR:", My MOH was supposed to plan the bachelorette party conveniently the same weekend as the bridal shower. Its next week and none of the bridesmaids knew about it.
4,"SUBREDDIT: r/weddingplanning

TITLE: not a bridesmaid, but dress I want to wear to sister's wedding is technically a bridesmaid's dress...is that OK?

POST: Sorry if this is not OK to ask here but I figured you guys would be the ones to ask about acceptable attire for a wedding. And obviously the best solution is for me to ask my sister, duh, but we don't get along and I'd really rather not. 

I've been having a really hard time finding a dress to wear to my sister's wedding and have looked in loads of stores and online to no avail. Yesterday I went into a bridesmaid dress store and looked at Lula Kate dresses ( You can choose and mix-and-match bodices, waistlines, skirts, fabrics, and colors. The one I'd get would have a v-neck, thick natural waist band, and full short skirt, and I like this shade of green (

I'm worried that it will look like I'm trying to be a bridesmaid and be tacky/faux pas

TL;DR:", is wearing a solid color polyester/silk dress at a wedding a bad idea if I'm not a bridesmaid?
5,"SUBREDDIT: r/weddingplanning

TITLE: Too many colors? [HELP]

POST: I'm starting to stress that things are going to look not coordinated at all.

My dress is champagne over ivory with a silver beaded belt. I'll be wearing deep purple shoes with silver detailing, a silver hair piece...

The groom is wearing a matching ivory shirt, a khaki vest, a tan tie, dark blue jeans and brown shoes.

My bridesmaids are wearing [this] dress in ""bubble gum"" which is a grey-purple. They'll carry gray and white chevron clutches and wear gray shoes.

The groomsmen will be wearing ties that are grey and a matching purple, with ivory button ups and grey vests, dark blue jeans and brown shoes.

The mom's are wearing matching silver and amethyst necklaces. The dads are all wearing matching purple/grey ties (a darker purple than the bridal party).

The ceiling draping will be white. The lights are soft white with white wiring. The table cloths are charcoal, a dark grey. The center pieces will be old paper (yellow'd paper/tan-ish) heart cut outs and clear glass candle holders with ivory candles. 

We've got signage that will be either blonde or stained wood with gray lettering.

The flower girls will carry baskets that are wicker with detailing in 2 shades of purple with white lace trim... And they'll have these fake deep purple flower pedals to toss around.

Now... I found [these] adorable dresses for them in champagne... but now I'm worried that I shouldn't buy them because nothing else is champagne except the lace on my dress??? I don't want them in stark white/silver either, because like - nothing but the ceiling and lights will be white. Although, my jewelry is silver?

TL;DR:", Do you think those dresses will work with my shit? I'm getting closer to the wedding and starting to freak out that we're going to look like an uncoordinated mess.
6,"SUBREDDIT: r/weddingplanning

TITLE: I need help with ideas for transporting guests from one location to another. Please help!

POST: My X-post from [r/wedding](

As it states there, I am getting married on a hill in front of my fiance's parents house in October 2013. The parking is in a field below the hill near the reception site and I'll need to be able to transport my guests up the hill and back down again. I've been trying to look into renting a 15/16 passenger van but haven't had any luck in finding a company locally that even rents those out. If I can't find a passenger van locally to rent for the wedding next year, I don't know what i'm going to do to transport people up and down the hill. I've thought maybe a hay ride type thing, but I don't know how many ""older"" people will be there and I don't know if that would even be a suitable option. I don't want it to be ""redneck"" although it's in the country, haha.

TL;DR:", Need transportation for wedding guests up a hill to the ceremony from where parking will be. Unsure if I will be able to find a 16 passenger van for rent. All ideas welcome!
7,"SUBREDDIT: r/weddingplanning

TITLE: Is it me, or is this tacky?

POST: Last week, I spent half a day souring the internet to get mailing addresses for my side of the guest list.  I got all my friends and all my family except for my aunt who just moved.

So then I told my fiance to start getting mailing addresses for his part of the guest list.

He set up our wedding as an event on Facebook, put a note on it to PM one of us your home address, and invited everyone on his list who uses Facebook.

Is it just me, or is that really tacky? (Although you have to bear in mind that he is a software engineer.)  I'm kinda embarrassed to invite any of my people to the event through Facebook, so I haven't, but alternately, it looks weird that I don't have anyone on it.

TL;DR:", Fiance invited people to our wedding through Facebook to ask for their mailing addresses for real invites. Is that tacky?
8,"SUBREDDIT: r/weddingplanning

TITLE: I'm feeling the need to ""take back"" our wedding.

POST: It's unfortunate, but my parents are being parentzillas. My fiance and I don't really want a huge blowout thing. We honestly started out with the idea of a backyard bbq.

I'm so frustrated. Our list is up to 175 people from the 100 we wanted originally. (and that was pushing it)

Last night I was talking to my mom and she was talking about the shower they're throwing and said ""hope the food doesn't outdo your sliders for the wedding haha!"" What the heck? These are (semi) rational people.

I want to go elope at this point, but my grandma means the world to me, and I couldn't do that to her, and his family is amazing.

I don't know what to do, or how to take back our wedding without sounding like a bridezilla. They gave us (some) money for our wedding, but we honestly wouldn't have needed it if they hadn't taken over. :(

TL;DR:"," My parents are taking over the wedding, and I don't know how to take it back without sounding like a bridezilla."
9,"SUBREDDIT: r/weddingplanning

TITLE: Is anyone else rocking a single ring (no wedding band)?

POST: My FH had my ring custom made and the band is an odd shape. It would be difficult to add a wedding band to, and I think adding anything to the original ring would detract from it. He was worried that I'd be upset at only having one ring but I'm actually thrilled--for whatever reason I really like the idea of my single (gorgeous) engagement ring.

I only recently realized how common the two ring tradition is. For a long time I didn't even know it was a thing, I thought your engagement ring just became your wedding ring once you were married. So even though I'm really happy with my single ring, I'm curious, do many people do that? Or does everyone pretty much go with the engagement/wedding band combo?

TL;DR:"," Curious about other people's ring setups, does anyone rock a single ring or do most people have separate engagement/wedding bands?"
10,"SUBREDDIT: r/weddingplanning

TITLE: Get-together with out of town guest after rehearsal dinner - phrasing?

POST: We're having a rehearsal  & dinner on the Friday evening before our Saturday wedding. Invited guests are our immediate family, bridesmaids/groomsmen + their SOs, grandma, and officiant. The wedding ceremony/reception will take place in the hotel where most out of town guests will be staying; the rehearsal dinner will be right next door.

We have a ton of out of town guests who I'd like to see, but who won't be invited to the rehearsal dinner, so I was hoping that we could meet up with them for drinks after the dinner. We are paying for dinner for our rehearsal party, but can't afford to pay for all out of town guests.

When we invite them, I'd like to be clear that this is not a ""wedding event"" that guests must attend (completely optional) and we are not paying for these post-dinner drinks. Any advice on how to phrase that tactfully? Also, I feel weird telling non-rehearsal guests that we want to see them after the rehearsal dinner. It feels like we're saying, ""we're having a dinner you're not invited to, but we want to see you afterwards!"" It also runs the risk of someone misunderstanding and thinking they're invited to the rehearsal when they aren't. 

Thank you!

TL;DR:", Did you guys meet up with out of town guests the night before the wedding? How did you phrase the invitation? How do you phrase it to make it crystal clear that they need to pay for themselves?
11,"SUBREDDIT: r/weddingplanning

TITLE: Bachelorette parties for those of us who don't have many girlfriends?

POST: I'm feeling a little stressed over the bachelorette party guest list, and need some advice/reassurance/commiseration. And let's face it... I'm feeling a little sad and friendless too. 

Of my 5 bridesmaids, exactly 0 of them live in town. I live in Cleveland, 1 lives in Syracuse, 1 in Boston, 1 in Richmond, and 2 in Chicago. Almost all of my Cleveland friends are through my SO's PhD program, so every year people graduate and get spread out all over the world.

Syracuse has graciously volunteered to make the 5 hour trip for a weekend and throw me a bachelorette party. The problem is, there are only 3, possibly 4 depending on when it's scheduled for, female friends who live in Cleveland who I could potentially invite. Boston and Chicago1 *might* travel from out of town. Several of my close friends recently moved away after graduating from graduate school. I have a number of male friends, but they're also going to be at my SO's bachelor party. My SO is getting a big last hurrah with a huge group of guys (his PhD field is heavily male-dominated), and I can count on one hand the number of girlfriends I have. I know it shouldn't be about numbers, but it just feels a little isolating. 

What do I do? Quit whining and just have fun with a few friends? Make it co-ed and just tell some of the guys they'll be going to a bachelorette and bachelor party?

TL;DR:"," I'm lacking in the girlfriend department, as many of my friends are male. Don't know what to do about bachelorette party guest list."
12,"SUBREDDIT: r/weddingplanning

TITLE: White, not Ivory FFS [Minor Rant/Derp]

POST: I read all of the terrible things fellow brides have said about David's but figured it was still worth checking out with our relatively small budget. I made an appointment back in October at my local shop, expecting a rough time based on the reviews at that particular shop. Much to my delight, my appointment was with a warm middle aged woman named Annette who spent two hours zipping me into dresses, offering honest feedback and accessory suggestions and generally just being fantastic. I left feeling SO confident and while I found ""the one"" on the first go wanted to still hit a few of the independent shops in my area.  

Still, nothing really compared to the gown I chose and I made an appointment to see Annette again, try on the dress, and order the sucker. Except I didn't get an appointment with her, despite saying MULTIPLE times on the phone that I wanted that particular stylist. Whatever, fine, I clarified that the commission on this sale needed to go to her. Another stylist helped me into the dress, I ordered it, moved on. Except I messed up- I didn't check the receipt and the dress was ordered in ivory instead of soft white. This became clear today when I went to pick up said gown and it wasn't the right color. My fault for not checking the order slip (mom had it since she paid) but my colors are white and blue and the item saved on my list was in white (soft white isn't even available in this dress, which is fine, but why the hell would stylist #2 say it was).   

The kicker is that my dress might not come in until May 9th, less than a month before my wedding. I'm so pissed at myself and regret that Annette wasn't there when I ordered it. I feel like stylist #2 rushed through everything because she wasn't getting any commission out of it. We had multiple verbal exchanges about the color of the dress. I just hope it comes in early enough to get any alterations made before our big day (5 months, really David's?).

TL;DR:", Check your receipt to make sure your order was put in correctly. Don't deal with second rate bridal stylists.
13,"SUBREDDIT: r/weddingplanning

TITLE: Small wedding invite woes

POST: I'd like to apologise in advance for the essay.

Hi guys! Myself and my FH got engaged on the 17th of last month and think we've already found our dream venue. It's an observatory in the city we met and we are hoping to book for late next year/early 2017. The venue can only hold 30 guests for the ceremony (which is fine for us as we don't want anything lavish) but we're already stuck on the guest list for one particular reason - my aunt. She's my mum's sister and they have always been close, she was there for my mum when my parent's marriage broke down and has supported their reconciliation after 7 years apart. HOWEVER she isn't the kindest to my siblings or I (we don't have a great relationship with our dad and all of us are currently not in contact with him, which is tremendously awkward for my mum). She berates us for not giving him a chance and is also quite petty about ridiculous things. For example, last year on my birthday I received an angry message from her because I hadn't 'liked' or commented on her post on my timeline, despite the fact I hadn't responded to anyone.

Because of this I'd rather not have her at the ceremony, it's myself and my FH's day and we want those closest to us to be the ones to witness it, I'm happy to invite her and my uncle to the reception but need help with how to explain this to my mum and my aunt. Especially as we want to invite my dad's brother, his wife (my aunt) and their three children, this is mainly because we are closer to this side of the family and I can't imagine our day without them.

TL;DR:", How do I tell my mum's sister that I'm not inviting her and uncle to ceremony but inviting another set of aunt/uncle and cousins?
14,"SUBREDDIT: r/weddingplanning

TITLE: What's something you've done that most people not planning a wedding/to get married would think you're crazy for doing?

POST: I was thinking about this the other day because I made my new email with my married name (even though i'm not getting married for another 4 months). I realized how, to most people, that would be ridiculous, especially since my first name is so unique that there's no chance anyone would have my married name email, I was just so excited that I made it ~4 months before needing it o_0

I also got a bumper sticker from Disney about 6 months ago when they had a free sticker promo, you could make one of those family stick figure bumper stickers with a little phrase and something like ""dreaming of a Disney vacation"" underneath. I put us in ""Just Married"" shirts and the newly wed ears (along with our kitty next to us) and it says ""The :his last name:s"". It's currently on our fridge and I smile whenever I see it.

My FMIL is not helping with this, either. She went to Disney in February for her birthday and brought us back just married ears with our names on them, they're currently sitting in our bedroom closet, taunting me and reminding me how excited I am for us to go to Disney for part of our honeymoon in March. Sometimes I put them on (he obliges me because he knows he's marrying a nut) and get teary eyed thinking about getting married and starting that new chapter of our lives together.

So!

TL;DR:"," What little stuff have you done, preemptively, that get you excited but might seem like ""too much"" to outsiders? I wanna see that I'm not alone! :P"
15,"SUBREDDIT: r/weddingplanning

TITLE: Awkward and difficult RSVP response, any tips?

POST: So, long story short we're very tight on seat numbers and for that reason aren't invited kids to our wedding. This has prompted some questions from a few guests but after after a bit of explaining, it's been completely fine.

There was one last late reply that I had to chase up, my half sister's half brother. I sent him a casual facebook message to jog his memory, and a day or so later he responded with ""I'll be there and will also be bringing X (his 2 year old child)"". By that point I was a bit sick of having to apologetically explain kids weren't invited, despite clear labelling of save the dates, invitations and also RSVP cards- especially as this was past the deadline we had set. I decided not to pussyfoot around and just straight out explain we can't accommodate his child, and to let me know if that changed anything. No response.

My half sister had already offered to do the chasing on our behalf because she knows he can be a little irritating and noncommittal and I'd declined the offer the first time. So I decided to rope her in for backup because she knows how to deal with him. Apparently he has then asked her about the invite being addressed to 'Mr X and Guest', and if that meant he could bring his child or if we wanted him to bring someone else. Now I know for a fact that that invite or RSVP card did not say 'X and Guest'. I know this because I had to specifically reprint his RSVP card and envelope after he broke up with his ex partner. It went from 'Mr X and Miss Y' to just 'Mr X', because I wasn't willing to have a stranger (to us) as his new +1 at our smaller wedding, plus he'll be surrounded by his very close and tight knit family.

He's messaged me since saying he'll be there, but I feel the need to ensure he knows there isn't a +1 there for him... how on earth can I address that?

TL;DR:"," Guest has misread (somehow) his invite and assumed he has a plus one, after already being told we can't invite his child due to space issues. Help?"
16,"SUBREDDIT: r/weddingplanning

TITLE: Help figuring out most minimal glassware rental for (almost) full bar (beer, wine, cocktails, non alcoholic drinks)?

POST: Hi all. Hoping to get some feedback or thoughts on glassware rental - this is less about cutting costs and more about simplifying.  We are hoping our wedding will be more like a cocktail party where we just happen to get married, so the drinks and food are a big part of it.  We will be having a cocktail hour before the ceremony, then a buffet dinner.  All the drinks will be served at the bar by 2 bartenders.  (approx 90 guests)

We plan to have red and white wine (no champagne), beer from a keg, and a moderate variety of cocktails.  We will also have iced tea, water and a homemade non alcoholic punch that can be mixed with soda water.    

I am trying to simplify the glasses situation and was thinking that we could just get stemless red wine glasses for both wine and the cocktails and 12 oz pilsner glasses for the non alcoholic drinks and beer.  

I know martinis won't look ideal in either one, but since the wedding is next month I have a feeling most folks who order cocktails will be getting something on the rocks.  

Thoughts? Suggestions?  Thanks!

TL;DR:"," Are stemless red wine glasses and pilsner glasses enough to cover a reception with beer, wine, cocktails and non alcoholic drinks?"
17,"SUBREDDIT: r/weddingplanning

TITLE: Providing leggings for The Alligator Dance??

POST: I feel like this is a super weird question, but you ladies and gentlemen may have good insight!!

So, my new family loves the alligator dance (to Taking Care of Business.. I'm actually not sure if it's regional), which involves a lot of laying on the ground and rolling around.  I'm really excited to finally be able to do it since I was always wearing a cocktail dress before!  Thing is, I've seen it a few times at other weddings and there are ALWAYS one or two ladies who do the dance in a cocktail length dress and their underwear ends up on total display.

I was thinking of providing my bridesmaids with leggings in case they wanted to do it since we picked cocktail length bridesmaid dresses.  Should I take it a step further and have a basket with a variety of sizes of leggings for any ladies who want to partake?  Should we have the DJ make a quick announcement a few songs ahead of time so guests know that there are leggings available and that it's a good time to head to the restroom to put them on?

I feel like I'm way over-thinking this for one song, but we do want the song played.  I would like to avoid that cringe-worthy moment when someone's panties are in plain sight for everyone else.  Any ideas?

TL;DR:", Would it be odd and tacky or thoughtful and convenient to provide leggings to guests for one dance so no one shows off their panties?
18,"SUBREDDIT: r/weddingplanning

TITLE: [Rant] Venue issues

POST: I'm incredibly frustrated right now, my partner has been very stressed about the thought of how much money a wedding is going to cost us and other issues about being required to invite family that we don't really care about being there. Anyways, we had settled on having a backyard reception but the past few weeks he's been kind of pushing against that because of the amount of work it would be for us, which is fair but this was my compromise to save money. 

Now we randomly visited a local winery that I had emailed a couple of times for rates. It's beautiful, we both loved the layout of it and the fact that it has limited space (so we can cut some people off our list without being too offensive). However, the lady who does the coordinating has not returned any of my emails. We left our name and information with someone at the winery and she said she'd make sure the wedding planner would get back to us ASAP. This was on Sunday, it's now Thursday and we have not heard anything. I left a message yesterday to have someone call us back. 

I'm very frustrated that we've found a place that we both really love and my partner is actually willing to spend the money because he loves it so much but the lady that works there can't respond to a single email or phone call. I'm just so tired of looking around and trying to find the perfect space that balances my want for beauty and my partners need for it to be low in cost. I really want this place to work out but it feels like if the struggle is this hard at the beginning before we even start planning that I'm going to lose my mind trying to get answers as we plan things. 

My rational brain is saying that I should just move on, that the stress is not worth the location but I've spent the last 5 months going back and forth with my partner trying to find the perfect place and I was more than happy doing the backyard reception, I'm just so tired. So very tired, I don't feel any excitement about looking or planning any more because it's been drained out of me.

TL;DR:", We found the perfect venue but the wedding coordinator there does not seem to know how to respond to emails or phone calls.
19,"SUBREDDIT: r/weddingplanning

TITLE: My sister broke up with her long term boyfriend. He's a groomsman in my wedding. (Xpost r/relationships)

POST: Throwaway because it's 2014 and everyone in the world uses reddit. 

So my wedding is coming up towards the end of December. My sister, Jessica, is a bridesmaid and her boyfriend, John, is one of my groomsmen. We have a small wedding party, too. They've been together for about 5 years. I like John, but he was a groomsman pretty much on the assumption that he would be part of our family for the rest of forever.

Now, a few weeks out, she's breaking up with him. I don't imagine I will have much of a serious relationship with him now that they're over. I don't know too many details about the situation, but Jess said doesn't ideally want him to be standing up there with all of us. I don't blame her, I mean these will be the photographs and memories we have for the rest of our lives. 

So I guess now I have to ""break up"" with John as well. I plan on still inviting him to the wedding if he's comfortable being there, just not in the wedding party. Any advice on how to go about doing this? I really don't want this to be like I'm kicking him while he's down., but I can't see any way around it. Any advice on how to ask another buddy of mine to be a groomsman without making it seems like a consolation prize?

TL;DR:"," My sister is breaking up with her boyfriend, who is one of my groomsmen. How do I go about breaking up with him as well?"
20,"SUBREDDIT: r/weddingplanning

TITLE: I've changed my mind about how I want my hair styled, but now I'm unsure of what to do with my veil.

POST: When I first started looking for my dress I was fairly sure I wanted an illusion neckline, a belt, and lace with beading. I also wanted my hair pulled back low on my head, [like this](

I've found my dress, which was exactly as elegant as I wanted, but now I think I've changed my mind about the hair. I feel as though the dress looks a *bit* mature and I feel if I have my hair down [like this] it will keep me from looking older than I am. Here's [another view] and goddamn Dianna Argon is beauteous.

When I went to officially order my dress I also got a veil. Honestly, I was indifferent to the idea of a veil, but I ended up getting one. I was going to stick the comb underneath the curls of the first hair do and pin it there. But if I go with the second hairstyle, then I feel like it will be difficult to put a veil in around the clips on the side of the head. I don't really like the look of having the veil near the top of my head [like this](

[This] is me in my dress, for reference. I won't be heartbroken at all with not wearing a veil, but one has already been purchased. I know dresses are pretty much impossible to return, but what about veils? I haven't picked up either the dress or veil from the store, they haven't arrived yet as far as I know.

TL;DR:", Does anyone have any suggestions for how to put a veil in and have it stay if I have my hair styled [like this] OR are veils sometimes returnable?
21,"SUBREDDIT: r/weddingplanning

TITLE: Wedding Showers with FH and Guest Questions

POST: Hello friends!  Sorry in advance for the wall of text.

My aunt has very generously offered to throw a wedding shower for me after FH proposed.  I'm meeting with her this weekend and I think the plan for this will come up.  So two questions for y'all:

1) I would really prefer to have it be a 'wedding shower' not a 'bridal shower.'  I'm not the only one getting married, and also FH is pretty awesome, I would really prefer if he was there too.  And I hate being the center of attention, so I figure we can both awkwardly be the center of attention.

2) My aunt has asked me to come up with the guest list...who is traditionally invited to this?  For some background, the wedding is happening in Minnesota, where  FH and I live, and where my aunt lives.  And where the shower will be. But our friends are spread out across the country, and FH's family are all more than a 12 hour drive away.  FH's family have also rumbled about maybe doing something back on the east coast in his home state, so there might be two showers.  For people who don't live in the immediate area of either location, do you invite them to both and let them choose what works best?  Does that come off as trying to score more gifts?  I don't want to seem like we are angling for the gifts, but I know for me I would love an option if I was planning to travel out of town for a whole weekend.

TL;DR:", is it weird to have FH at wedding shower? And how to handle out of town guests when two showers are happening.
22,"SUBREDDIT: r/weddingplanning

TITLE: Father/Daughter dance help

POST: FH insists on a Mother/Son dance (which is awesome because I adore my FMIL) but that leaves me with a predicament regarding a Father/Daughter dance. 

First off, YES, I have daddy issues. I'm not very close with him at all. Had issues with him starting in high school and it was rocky for a long time (I'm now 37). Last 6-8 years have been ok, but there's not a whole lot of love there. He's never been supportive of anything I've done (when I was 16 he tried to get child support lowered by saying I was self sufficient since I had a job at McDonalds..wtf?), never encouraged me to go to college and certainly never helped pay for any of it (but he did come to graduation). No support ever. 

Anyways, I see them maybe 4-5 times a year, talk to them via phone even less. Had issues with his reaction when we told him we were officially engaged (Oh, is FH the same guy who asked for your hand a couple years ago, or was that someone else?) Typical smartass response and didn't seem to have any genuine happiness for me. He's obviously not good at showing love or affection. Not once have they asked how things were going, not once have they offered to help with anything, it's like they don't even care. I'd really rather not do a dance but kinda feel I need to in order to quell the potential awkwardness. I'm not having him walk me down the aisle as I don't feel he's earned the ""right"" to give me away. Don't know if he's assuming he will, but we haven't had that conversation and I'm at a point where if he's not going to ask, I'm not going to tell. TBH, I wouldn't even care if they didn't come (but of course they will).

So my predicament is choosing a song. I need something not too mushy because it doesn't really mean anything to me. I just need to get through 3-4 minutes. Anyone have any ideas? Shorter the song, the better!

TL;DR:"," need short, non mushy song for father/daughter dance that I don't even really want to do, just need to get though it"
23,"SUBREDDIT: r/weddingplanning

TITLE: [Advice] Need help with approaching FSIL about not being a bridesmaid and not making our cupcakes.

POST: My FSIL is pregnant and is due 3 weeks after our wedding date, yay babies! We are very excited for her and her husband, this is also the first grand baby for my future in-laws (so as you can imagine everyone is very excited.) When we got engaged in October FSIL basically volunteered to make cupcakes for our wedding, which is very appreciated and sweet! (She made them for her own wedding as well and they turned out great.) We also asked her to be a part of the bridal party, because honestly IDGAF about bridal parties and traditions but it was important to FMIL. 
Well, now that we know she will be super pregnant at our wedding, if not already given birth??!! I feel like I should let her know that it's 100% ok with me if she doesn't want to be in the wedding party. I'm worried that she will feel obligated and won't say anything. I'm prepared to at least let her know we are doing cupcakes through our caterer to make the day of easier on everybody. 

I should also add that FH and I both do not live close to our families and both sides will be traveling from out of state to attend. FSIL and her husband are planning on driving for the wedding, which is about a 7 hour drive for them. 

Ugh! I don't know what to do....FSIL and I are not close, I've been around her maybe 3 times in the 3 years FH and I have been together. So I don't feel like we can just have a heart to heart about this. We have pretty much nothing in common and our personalities are not at all alike. I want to be on good terms with her now and in the future, but I just don't know how to make that happen!

TL;DR:", Not close with FSIL who could be mega-prego during wedding or have a brand new baby. How do I tell her she can skip out on being a part of the wedding party?
24,"SUBREDDIT: r/weddingplanning

TITLE: Help with a bridesmaid with a drug problem.

POST: Hey Reddit, I need some advice. I'm getting married in June and one of my best friends who is one of my bridesmaids has a coke problem that's been getting worse. She always partied, and hell I used to party with her, but it has been getting really bad lately. Since I asked her a year ago she has really started to go downhill and goes on long binges, followed by periods of depression. I love her and I'm worried but I also know I can't make her get well if she isn't ready. I've been clean and staying sober when we go out, but she was high at my Christmas party around my parents. I smoke weed, am no prude, but to me at least, blow is another kind of beast. 

I can't help worrying about her just not showing up on that day. She has a tendency of disappearing for long periods and some of the bridesmaids are already resenting her for not helping them with the bridal shower. Having been around addicts before, I know she needs to want to get clean, but I would feel horrible if she flaked. She has been there for me through a lot and I want to be there for her, but what can I do to also make sure she doesn't do something she will surely later regret on that day? She is a good person, but she is out of control. Am I wrong to wonder how to minimize her humiliating me or worse, crushing my heart on this day? I need to mentally prepare myself for that possibility, but I dont know how.
 
I also feel like I am walking on eggshells with her. If any of you have dealt with coke or people on other hard drugs, you know that the crash is brutal and that it messes up your emotions for days. She get's easily angry and defensive and I don't know how to talk to her anymore. I'm scared she'll just bolt on me. I worry about her like a sister. 

Has anyone dealt with this before? What can I do to help her and also protect myself? I would feel terrible kicking her out of the wedding, but I'm also starting to think it's more than she can handle right now. Any help would be appreciated.

TL;DR:"," my best fiend has turned into a coke-head and I'm worried she'll ruin my wedding day, and her own life."
25,"SUBREDDIT: r/weddingplanning

TITLE: Am I being a Bridezilla, or am I justified?

POST: I got engaged in March and my wedding is set for next February. We had the engagement party three week ago in the town where I just moved from, which is also where the wedding will be. Out of the bridal party, only ONE bridesmaid missed it. 

This girl is notoriously flaky and has in our seven years of friendship bailed repeatedly on different things we have planned. When planning my engagement party, I gave her TWO MONTHS notice because I didn't want her to have any excuses. She promised to be there, and then, a week before the party, she bailed. She said that she had just gotten a new job and couldn't ask for time off yet, but when I asked her if she'd told them during the hiring/interview process that she had a prior commitment coming up, she hadn't. She didn't want to come after she got off work (which was only about halfway through the party) because she lives a little over an hour away.
Since then I have moved to the same town where she lives and she hasn't made a single attempt to see me or contact me. I'm really rethinking my decision to make her a bridesmaid. Initially I had told her that she would get one more chance but she demanded I give her at least 30 days notice for any future wedding events or she wouldn't be there.

 I know a lot of you will be asking why I decided to ask her to begin with, but as an army brat I don't have any ""childhood"" friends I can ask and I've already asked my three other closest female friends to be in the wedding party, but to make them even with the groomsmen I needed five total. 
I can't always have 30 days in advance for things like dress shopping and I need someone reliable. I'd rather the numbers be uneven at this point than have a flake. Thoughts?

TL;DR:", bridesmaid is a flake and I want to replace or remove her but don't want to be a bridezilla.
26,"SUBREDDIT: r/weddingplanning

TITLE: I need honest feedback regarding music at church ceremony

POST: My fiance and I are getting married this October - he requested a church ceremony (i've never  been to church in my life!) which is fine. The other night I was at a bar and this random guy was playing acoustic guitar and singing country songs. He wasn't being paid to play, he was playing for fun but he sounded amazing!! So I asked if he would be interested in playing at our ceremony to entertain guests. 

My question is, is it odd to have someone play and sing some regular music while guests are being seated?

 I hate the sound of organs, and that is what we were going to have originally, so I really like this instead. He is not a professional, he writes his own music and plays cover songs -He reminds me of someone who one who hear playing around a bonfire at a party, I just really enjoy his voice. He agreed to play, we need to come up with a list of songs together, and he has no idea what I should charge him! I would only need for for 30-40 minutes or an hour max.
thanks!

TL;DR:", is it odd to have someone play/sing regular music (country/ soft rock) songs acoustically for prelude to ceremony
27,"SUBREDDIT: r/weddingplanning

TITLE: MOH Here - Dealing with difficult bridesmaids. Help!

POST: So let me start off by saying that I am maid of honor for two weddings this year, one in summer and one in fall, and it's certainly providing a lot of emotional and financial stress, but both brides are my closest friends from elementary and high school respectively, so I'm trying my hardest to make this work. 

Bride #2 is my best friend from high school. She doesn't have too many girlfriends so when choosing her bridesmaids she included myself and our other friend from highschool, as well as her future sister in laws. I should note that some are related to her fiancée and some are not (by marriage or longtime SO of siblings). The bride, ""Tina"", has known these women for less than 2 years and is not really thrilled with having them involved, primarily because they are complaining about everything from where we're having the shower to the fabric of the bridesmaid dresses. They're being rather impossible. 

The situation didn't get really bad until Tina's mom asked us for $200 each for the shower. I will add that we are all gainfully employed and none of us are paying for hair or makeup for the ceremony. Also, Tina's mom is on her own. I brought the price up to the girls and they expressed concerns with the price. I said I would speak to the MOB but before I had a chance, they went to the bride and MOG to complain about the money. This caused a great amount of stress for the bride who has no input on the shower. Not to mention now the MOG is not helping by bringing it up to the bride. This should have been a discussion between the mothers and bridesmaids only. Now that I've expressed (respectfully) my dissatisfaction with their behavior, I sense there is bad blood and now I feel nothing but guilty for potentially making things worse. Any suggestions to rectify the situation and make this a more enjoyable experience?

TL;DR:", bridesmaids bypass me with money concerns about the shower and go directly to bride. They have the mother of the groom to back them up. How do I make this better
28,"SUBREDDIT: r/weddingplanning

TITLE: Bridesmaid's sister might want to be bridesmaid too?

POST: Okay weddit, so I need some help with what to say :(

I've been friends with a set of four siblings for my whole life (3 sisters and one brother), and I've been meaning to ask the two eldest sisters who are closest to me in age, and therefore good friends with, to be my bridesmaids. The other eldest brother, youngest sister, and their parents are invited to the wedding as well as guests. Their brother is currently not in the same city, but he's getting an invite regardless of course.

So while the youngest sister is a truly lovely person and I love her company, I wasn't planning on asking her to be bridesmaid since we're not particularly close. I find out events about her life (getting into college, having a boyfriend, etc) through fb or through her sisters, and I'm pretty sure she finds out stuff about me the same way. Which is totally fine, we're a couple years apart so it happens. 

Anyway, so I'm having an engagement party in a few weeks (YAY!) and I've invited only the bridal party

TL;DR:"," Asking 2/3 sisters to be bridesmaid, how do I let the last sister know she isn't in the party? :("
29,"SUBREDDIT: r/weddingplanning

TITLE: Throwing myself a bachelorette party?

POST: I am getting married at the end of May and there was a lot of miscommunication regarding wedding showers and bachelorette parties from my friends and family. 

The groom's family offered to throw a bridal shower so I told my friends and family not to plan one. It turns out it was actually just a small party for *his* relatives and none of my friends were invited. It was a lovely event but I was hoping to celebrate with my friends as well so a friend offered to plan a bachelorette party. I was really looking forward to it, but today I realized that my wedding date is 50 days away and I haven't heard anything else about the bachelorette party and we hadn't set a date. I checked in with my friend and she said she just can't do the planning anymore. My sister (also my MOA and only attendant) said that she would ""host"" a party for me but basically I have to do all of the planning and pay for it and just say it's from her. Well now she probably can't make it on any of the days I'm available (she lives 8 hours away.)

My question: Is it okay for me to just plan and throw my own bachelroette party? I don't want to do anything extravagant, just a day of wine tasting with friends while wearing a silly dick shaped tiara. I still really want my sister to be there so I might actually do the bachelorette party after the wedding. Is that normal, do people do that? Is it called something else if you do it after the wedding?

TL;DR:", Turns out nobody is throwing me a bachelorette party. I might throw one for myself a few weeks after the wedding. I just want to get drunk and wear phallic shaped tiara. :(
30,"SUBREDDIT: r/weddingplanning

TITLE: Bridesmaids dragging their feet?

POST: My wedding is 12-3-16, so almost 2 months away. Neither bridesmaid has ordered a dress. Am I in deep poo here? One is getting married next week and so has completely ignored my wedding for months (she's the MOH for mine, and so while I understand, I'm a bit worried that my BMs will be naked AND I won't have a bachelorette party/bridal shower. But that's another post entirely. I am just giving her the benefit of the doubt until after she gets back from her honeymoon). The other, while supportive, just doesn't seem to understand how long it takes for the dress to be made and shipped, and she is procrastinating because there are not a lot of options for her to try on in-store. I told them both they could pick any dress they want as long as it is forest/hunter green. chiffon, and floor length. They are both recent grads on tight budgets, so I did research for them and scoped out Azazie dresses/in-store try-on and veritable etsy shops if they felt comfortable ordering dress-unseen. The only dresses at DB in my color/length are way over-budget so they won't consider it. I can't afford to buy their dresses, so what do I do? Just scrap the bridal party? I've even been going to department stores and scouring the internet for them, but when I ask the one who isn't getting married next week, she just says ""I suck, I haven't ordered anything yet."" I am not ""allowed"" to ask my MOH or even talk about my wedding since it is crunch time for hers, so I don't know what to do. I understand that while this day isn't as important to everyone else as it is to me, but I feel like I have been working hard to help and accommodate them. Something isn't working. What should I do?

TL;DR:", My bridesmaids still haven't bought their dresses and it is almost 2 months until the wedding. What are my options?
31,"SUBREDDIT: r/weddingplanning

TITLE: I need advice on a complicated matter

POST: Four years ago, I was engaged to a wonderful man, and happily planning our wedding. Unfortunately, our relationship deteriorated due to his health issues, depression and other factors, and we broke up. 

Fours years later, and I have an incredible boyfriend. We have been together for two and a half years, and he helped rebuild the person I used to be after being ripped apart and broken because of how my engagement ended. 

Recently we have been talking about the future, and what each of us want. We both want to get married, have children, build a life together etc. Marriage for us is definitely on the horizon, and we've been bouncing ideas off each other about what we want for our wedding etc.

After the collapse of my previous engagement, I decided I don't want a wedding. I already planned my wedding, and it all fell apart. I don't want to do it again. But my partner is from a large Italian family, and he does want a wedding. So I asked what sort of venue he would like. He want one in a garden. 

We live in a large city, and there's only really one nice garden wedding venue - the Botanical gardens. The one I had originally planned as my wedding venue. 

Is it weird to choose it if we decide to get married? Or should we find something else (no matter how impossible that may be)?

TL;DR:"," Got engaged 4 years ago, planned wedding at city botanical gardens, relationship broke down. Current partner want to get married at said gardens. Yay or nay?"
32,"SUBREDDIT: r/weddingplanning

TITLE: To dj or not to dj? To game or not to game?

POST: Neither I nor my fiance are big into dancing. We both find it fun, but ultimately don't enjoy doing it in front of people. To this end, we plan on having a playlist and a friend in charge of change overs, and card games at the tables, with food that is easy to eat while playing, in the hopes this will be more enjoyable all around.
We don't want to spend money on a dj when the majority of our families don't dance much to begin with, and we don't want the party to be boring to the people that don't want to dance. My step dad, however, is trying to insist. I'm putting my foot down either way, but have any of you tried the game or no dj route? How'd it go? Would or wouldn't youdo it that way again?

TL;DR:"," don't want to have a dj, want to have games at most tables. Advice/ anecdotes would be greatly appreciated."
33,"SUBREDDIT: r/weddingplanning

TITLE: Contact lens or glasses?

POST: I've worn glasses since I was 16, and with our health insurance contact lens are always so much more expensive than glasses.  One thing that I hate about glasses is how it seems to cover up the pretty eye makeup that I do on a daily basis.  I'm also wearing a blusher veil, and I really don't want the chance for it to get stuck or snagged on my glasses hinges, like my hair does occasionally, when the veil is lifted off my face.  

I've never seen any wedding pictures where the bride is wearing glasses.  Both my mom and my sister wore contacts on their wedding days, but for some reason my mom keeps telling me it's not worth it (I don't know if she's worried about the cost, which I honestly don't know the price, or if she really thinks it's too much of a hassle)

TL;DR:", Would it be worth me getting just single day contacts (maybe a couple pairs to test out before the big day) or should I just suck it up and wear my glasses?
34,"SUBREDDIT: r/weddingplanning

TITLE: Looking for some advice on uplighting colors!

POST: Hey wedding planners!
So my big day is two weeks from tomorrow (eek!) and I'm in the ""finalize ALL the things!"" phase of planning. We have uplighting in our reception hall, however I'm having a hard time choosing colors.

**Photos for reference**
The hall is bigger than it looks in these photos. We are having 230 guests, but the hall can seat up to 27- with a dance floor and band

* [Here] is the most generic photo of the hall I could find
* [Here] is a random couple's photo in the hall, obviously they have hot pink uplights.

Our colors and Red & gold with pearl accents, and the event is black tie and in the evening (so the room will be dim). We want it to have a ""swanky & jazzy"" vibe so people really dance, while still feeling like a classy wedding.

we have:

* gold chiavari chairs
* cranberry tablecloths
* tall centerpieces that are made up solely of red/burgundy flowers & red votives
* a white monogram that will be projected onto the wall

I am inclined to go with red uplights, but I am concerned that with the other red elements I listed above, everything will melt together in a sea of redness.

will white uplighting work better to accent my already red details? Or will red not overpower everything?

TL;DR:"," should uplighting colors match or contrast your other reception elements in an indoor venue to maximize an upscale, jazzy ambiance. Also, I like red."
35,"SUBREDDIT: r/weddingplanning

TITLE: Gifts for day-of wedding helpers?

POST: My fiancé and I are a bit untraditional and decided to nix the wedding party idea. Instead, we have some close friends and family members helping with tasks usually delegated to bridesmaids and groomsmen: shower planning, crafts, etc., as well as readings, handing out programs, and helping to decorate. 

None of them have had to buy dresses or rent tuxes, but some of them have put in a lot of time and effort into helping us with our wedding. We want to thank them with nice gifts, but we're struggling to think of something nice and meaningful.

My initial thought was gift cards for each (to different places, depending on the person), but our budget is pretty low. By the time we spent, say, $25 on each gift card (roughly 10-12 people), that's a lot of money. I also thought a bottle of wine for each might be nice, but my parents suggested something more personal and lasting. 

Any ideas? No set budget, but we're probably looking to spend less than $15-20 per person. I recognize that many people spend $50 or more on bridal party gifts, but keep in mind that very few of these people have had to spend any money other than what the typical guest spends (travel, lodging). I do not think any of them will be expecting gifts, as many of them will only be helping on the day of.

TL;DR:"," No bridal party. We want to give gifts to our day-of helpers (readings, programs, etc). Looking for meaningful/lasting gift ideas that won't break the bank."
36,"SUBREDDIT: r/weddingplanning

TITLE: Do I need to make confirmation to get married by a priest?

POST: So FH and I thought our family was fine with us not getting married in a church or even by a religious leader because neither of us are religious. Plus, I was never confirmed (long story short, my childhood church hated my family because my dad wouldn't donate money because he is jewish) We were content with just having an officiant and we really didn't want a long, religious ceremony. We were both raised Catholic, both our mothers are Catholic, my dad is Jewish, his dad is Protestant. 

As it turns out, BOTH of our mothers ganged up on me last night as to why we're not getting married in the church. My immediate answer was that I'm not confirmed and I'm in my second year of teaching, first year in a new school in a whole new grade level as a long term sub so my job isn't stable. Therefore, I really don't have time to dedicate towards making my confirmation at least for another year, maybe more if I have to keep switching jobs. I want to be able to focus whatever energy I have left after my school day spending time with my FH and planning a great wedding.

It also doesn't help that I have two cousins (one is actually religious) getting married in a church over the next few months, plus two friends of ours that I've never know to even be religious getting married in a church as well. 

So we're thinking of just meeting our moms halfway and getting married by a priest, not necessarily in the church since I KNOW for that I would need to be confirmed. And the funny part is that neither of our mothers are ACTUALLY religious AT ALL. I think they just want this done for family image purposes.

TL;DR:"," don't tell me I have to get married in the church when you don't even go there yourself. Do I need to be confirmed to get married by a priest, but not in a church?"
37,"SUBREDDIT: r/weddingplanning

TITLE: [Question] about Weddingwire RSVP tool

POST: So my sister is my first RSVP (yay!) but I look at the notification email and it's saying she prefers fish, husband prefers beef, etc. I never added these meal options. In fact, I haven't finalized my menu with the caterer yet. So I'm afraid that this will mislead/confuse people, because we'll be having a buffet with options but guests will choose when they're at the wedding, and the options will be different than the defaults that weddingwire has. Worst case scenario, someone gets offended that they didn't get what they ordered or that there is a 'kids' meal' option when our RSVP cards and website specifically say there will be no kids (other than the wedding party). 

I tried removing the options under 'configure meals', but once I remove them and save the changes they just come back when I test the website.

TL;DR:", I have tried removing weddingwire's default meal options from RSVP tool but it doesn't save and keeps offering to people when they RSVP.
38,"SUBREDDIT: r/weddingplanning

TITLE: A-B Guest List, Family vs Friends help!

POST: Hi Weddit! We just got engaged last month, working on our guest list now. We picked our venue and it will hold 180, so that's not a problem. $$ wise, we would prefer to keep the number of people actually at the wedding at no more than 130. 

So here is the problem I am having. We have approximately 50 family guests from each side (so 100) and then 50 more friend guests on our ""A List"" must invite for 150 total invited. Fine. 

But, we have been told by both my mother and my mother in law that they think the majority of those family guests will not come (ex, my FMIL said 6 of her 50 would ""probably come""). This is not an emotional issue or anything for me or FH. We are not offended or upset. We understand that people don't want to drive and stay overnight (my family, ~4 hour drive) and that people cannot afford to fly halfway across the country for our wedding (his family, flying from the Midwest to Upstate NY).

My issue is, that there are other people (mostly friends, but some parents of friends, etc) that I would like to invite. BUT - I am worried that somehow these family members will come and we will all of sudden have 170 people at our wedding. 

I have been thinking about doing a B List, but everyone will know that STDs have gone out and I don't want anyone to feel they are second fiddle. Because in actuality, they aren't second fiddle. While I know/have met all these family members I really don't care whether they are at my wedding - however, I am happy to invite them and will be happy to see them if they came. It's more of a familial obligation thing and one I am happy to meet. 

Basically, how risky do you think it would be to invite the extra friends at the beginning? Do you think we can trust our mothers saying people aren't going to come? Has anyone dealt with a similar problem where you are inviting a significant number of people that were categorized as ""invite them but they won't make it""?

TL;DR:"," how do you deal with inviting lots of people that ""probably won't come"" when trying to be realistic with guest lists, head counts, and budgets?"
39,"SUBREDDIT: r/weddingplanning

TITLE: Excluding relatives...or bite the bullet and have them there?

POST: I know there have been a few posts about this, but my situation is a bit different and I didn't want to commandeer those nice people's posts! 

Basically my dad's brothers have been downright assholes to him and we have not seen them or their families in at least 5 years (only due to my grandfather passing, before that it had been probably another 5 years or so). My first reaction and firm belief is that I should not have to invite  basically complete strangers to my wedding (my FH has never met them, and honestly cutting them saves us money). However, I'm inviting the youngest of the brothers and his family because we regularly stay in touch. Not inviting the others will no doubt cause friction within my family, which I would like to avoid, but at the same time, they don't know me and clearly don't care to.

TL;DR:"," I don't want to invite some of my relatives on my dad's side, but some I do. Am I just being a bitch?"
40,"SUBREDDIT: r/weddingplanning

TITLE: What Looks Good with Deep Red?! Wedding Color Scheme Problem... Advice, Please!

POST: I am getting married in October and our theme is a 1930s-esque fall wedding.  Our original color scheme was David's Bridal Apple and Plum with golden accents.  I found the hex codes and ordered samples of our invitation choices and I'm starting to worry that the two dark colors together look tacky/cheesy.  We have already gotten the Apple dresses for my bridesmaids but we haven't gotten the plum dresses/ties etc. yet.  Since we have mixed gender sides, I am worried that the red and purple dresses going down the aisle together will be too much.  Would a lighter purple look okay?  My MOH thinks it will look weird and my fiancé says if I can pick a few options he will see what he thinks looks better (he is great at picking from a few choices, but not from too many)  Do these colors seem to bold together?  What would be a good option instead?

TL;DR:"," Worried about Wedding Colors, are David's Bridal Apple and Plum colors okay or too tacky?  Any better solutions to go w/DB's Apple?"
41,"SUBREDDIT: r/weddingplanning

TITLE: Everything going SO well, so one thing had to turn out not so great [STD's]

POST: So I was super excited in early November when I got an email saying STD's were 40% off on Magnet Street. The ONE thing FH was adamant about was doing magnet save the dates. We decided on [this] photo, and chose a design where we could put all of our information on the left hand side.

The STD's were delivered  yesterday, and I'm a bit disappointed. I know my face is much more in the light than FH's in the original photo, but you can still see his face. The actual save the dates printed the picture [SO. MUCH. DARKER.] that the original photo, and on the magnets you can hardly see his face at all! 

I know this is a nitpicky thing, and if this is all that goes ""wrong"" in our wedding planning I am SERIOUSLY lucky, but I'm still pretty bummed that his face is so much in shadow, especially since it's the one thing he really had an opinion on.

I contacted Magnet Street this morning about my disappointment. At the time they told me that images usually print out darker because a computer has a light behind it, but when they were able to access the order (they couldn't at that time for some reason) they would email me back.

My friends have of course told me that it still looks great, and FH is saying it's not a big deal, but I'm pretty bummed out it :(

TL;DR:"," Save the dates printed the photo much darker than the original one, can hardly see FH's face, I'm sad."
42,"SUBREDDIT: r/weddingplanning

TITLE: My mother says I'm ""not allowed"" to wear the veil I want

POST: Ever since I was younger I never pictured myself wearing a traditional veil for my wedding. I really like the idea of a birdcage styled-veil that is a sheer material, not the crisscross it normally is. Or just wearing no veil at all. Even before I got engaged I told my mother this and she said I am not allowed to wear a birdcage veil. (Um what?!) I have gotten into so many arguments about it with her that it is driving me insane and she won't stop! I know I'll get what I want in the end-even if I pay for my own veil without her around or make it myself. My dress has a keyhole back and I don't want a traditional veil because I don't want my back to be covered. I'd only wear the veil for the ceremony and some pictures anyways. But with this all, I want to be sure the style veil I get will look good with my dress! I'm getting my hair done before my dress fitting at the end of July and my hair stylist asked me to bring my veil so I won't be able to decide before hand what veil looks better. I asked my MoH what she thought, she said I should do whatever I want. I asked my FSIL just what veil she would picture me in and she said traditional.
Here is [my dress] Do you think this deserves a traditional veil, birdcage, blusher, or no veil at all?

TL;DR:", My mother wants me in a long veil. I'm not a fan of veils and would prefer a birdcage. I don't know what to get for my dress now.
43,"SUBREDDIT: r/weddingplanning

TITLE: Feeling major anxiety about dress shopping.

POST: So, not really sure if I'm asking for advice or just a small rant. We got engaged March 2, 2013. From day 1 we've been struggling through the planning. At first, it was arguing with his parents about us getting married in a church. And then it was an argument about which venue to have the reception. We finally have the venue booked and the church matter settled. Now that's out of the way, I suddenly have this pit in my stomach

My mom left me when I was 14. I've basically done everything on my own and I have really been ok about it. I'm sure it's not of the norm for me to feel so disassociated about the whole thing, but I am. I'm suppose to go look at wedding dresses this Friday. I am feeling super anxious because I don't know if trying on wedding dresses is going to turn me into a blubbering baby about not having a mom. 

My future mother-in-law is suppose to come with me to help look. I worry about turning into that blubbering baby and offending her. I don't want her thinking that I don't appreciate her being there. 

Aside from me worrying about becoming a giant baby, I've also been having issues with my bridal party. While I haven't made any official choices, I have ideas of who I want involved. That would be my best friend, my sister, and my future sister-in-law. My first choice for a MOH is my best friend. However, she lives out of state, and is in a medical program for school. So her visit time is severely limited. My sister feels entitled to be the MOH, despite the fact that we are not close at all. So getting people together to get any kind of wedding stuff done is almost impossible.

TL;DR:", I'm worried about being a big baby and am basically ready to walk down the aisle in a pair of jeans and with no bridal party.
44,"SUBREDDIT: r/weddingplanning

TITLE: What do you normally give, in dollar amount, for a wedding gift? What did you receive?

POST: We live in the NJ/NY area, so if you are from there, please tell us. We are planning a wedding and ended up getting into the philosophical discussion of the ""wedding gift"" and it's social norms.  

We always give good presents when we attend weddings. Either in cash or cash value from the couple's registry. We know that not everyone feels this way. That's O.K. It is never good to even THINK about trying to make money off of a wedding. 

However, purely for academic reasons, we -- as a couple-- decided to ask one of our favorite subreddits. (that has been invaluable in our planning. Thank you all so much! Seriously. So much help.) 

What do you normally give, and what did you receive (married users)?

TL;DR:"," We're getting married, help us settle a philosophical debate. What do you normally give, in dollar amount, for a wedding gift? If you are married, what did you receive?"
45,"SUBREDDIT: r/weddingplanning

TITLE: Is a handmade gift inappropriate? Help!

POST: The gift is not for the happy couple, it's for the mother of the groom. 

My best friend is having her wedding at the end of October, and it's a ""destination"" wedding of sorts. It will be in California, and we both live in different states, one state away each; the grooms parents live there however, and they are hosting the reception at their home. When she initially told me and asked me to be her MOH, she told me that hubby and I could stay with herself and SO at the in-laws place. A month or two down the road I contacted her for accommodation info and she told me that her MIL had made arrangements for hubby and I to stay at a nearby hotel, and had already paid for it! This was completely unexpected and incredibly generous!!

So needless to say, I want to get her a gift to express my gratitude! I told bestie about my plans and mentioned that I was thinking of getting the two of them matching/paired necklaces. I know she treasures the relationship with her MIL as her relationship with her own narcissistic mother is non-existant and thought it would be nice for them to have something like that, and she loved the idea.

So I was browsing etsy for something and in doing so realized I could easily make necklaces myself. I'm very crafty, they wouldn't look cheap at all, they would look just as nice as something handmade by someone else online. So the question is: is it incredibly tacky to hand make a gift for her? It's not about the money, I have no problems at all buying something instead! I just wasn't sure what was more thoughtful and if making something instead of buying it WAS thoughtful, or of it was tacky. I'd really love some advice on what to do here!! Thanks in advance!!

TL;DR:", best friends MIL was incredibly gracious and paid for my accommodations for the wedding. Want to show my thanks with gift; not sure of handmade is thoughtful or tacky in this situation!
46,"SUBREDDIT: r/weddingplanning

TITLE: Kids & Guest List Politics

POST: So I've got a while to go (right now the budget is... um... how many coins are in this piggy bank anyway?) but I thought I'd start looking at things.

My family is huge.  HUGE!  I'm making up a guest list so I can start thinking about budget, and so far, I have 12 friends (no blood), 7 essential family members (parents, bro, SIL, grandpa, very close aunt and cousin), and... drum roll please... 30 non-essential family members.  Yikes.  And that's not even taking my SO's family into account.

Understand ""non-essential"" doesn't mean ""unloved"".  It just means that if I have to start chopping, that's where I start.  I'd really like most of the people that are on that list to come.

Within that group, I have some little cousins that I really like, and some that are... well... brats.  Two in particular, it's like Honey Honey Boo Boo Boo Boo.  They scream, they demand, they HAVE to be the center of attention.  I don't want to invite them.  But I feel like if I exclude them and include my other little cousins, it'll start an all-out family war.  (My favorites, don't tell the others, are first cousins of the brats, so I really don't want Auntie and Uncle duking it out because her kids weren't there and his were.)

I don't really feel I can justify it on how often I see them because when I see one little cousin, I usually see all of them at Thanksgiving, Christmas, birthday parties, etc.

Honestly, I'm tempted to write only Mom and Dad's name on the invitation for that household.  *Oops, sorry, I forgot.*  I know it's unethical on my part, but at least maybe Mom and Dad would hate me instead of Mom's siblings that do a much better job of raising their kids.

I'm on a shoestring budget, so I don't really want to invite people out of familial political obligation rather than genuinely wanting them there.  Help me out?

TL;DR:", I have lots of kid cousins.  Some are great.  Some are brats.  Can I *not* invite the brats without starting a family conflict?
47,"SUBREDDIT: r/weddingplanning

TITLE: 10 months before my wedding and I'm already stressing about stupid things...Help?!

POST: Hi everyone! I am a long time reddit lurker but didn't know where else to go with this issue.. I am really sorry about the text wall below...

My FH and I are super excited about our wedding next June (which we are fully paying for), but are having some issues with the guest list. Basically, as soon as we got engaged, my father (who hasn't talked to me in years) came crawling out of the wood work. He would just show up at my sisters house when he knew I was there and stuff like that. Now, basically to keep my sister (who is close to him and who I love a lot because she is awesome) happy, I invited him to the wedding with his girlfriend. As a guest. No walking me down the aisle, no father-daughter dance, just as a guest. 

But now, he is under the assumption that his girlfriend (who is a horrible person) is invited to our bridal-party only rehearsal dinner AND that his girlfriend's daughter (who I barely know) is invited to the wedding. It's 10 months before the wedding and I am so stressed about this.  My sister said to just invite them and not worry about it. My fiance said to not invite them and tell them to fuck off. I don't really want to do either of those. Help?

TL;DR:", Invited my very distant dad to my wedding to make my sister happy. Now he's inviting people to the wedding and rehearsal dinner. WTF?
48,"SUBREDDIT: r/weddingplanning

TITLE: How do you ""break up"" with a vendor you've decided not to use when you're at the contract signing stage?

POST: We were looking at a photographer that we'd liked for a while. I'd originally contacted her about a year ago after we first got engaged because her work was alright and her prices were some of the lowest in the area. She seemed sweet. When we decided recently that we were going to elope in DC and celebrate the next day with everyone in Baltimore, our photography needs changed so that most of the area's photographers were suddenly almost all the same price. Still, my FH liked this one best, so I contacted her and told her our new plans. She was nice at first but then started trying to hurry us to sign the contract, which rubbed us the wrong way. And since it was the first big wedding thing we were doing, it was really scary and I wanted to slow down the process a little! Or at least finalize some other things first or maybe meet her. But she wants the contract and invoice ASAP. She sent both to us and tried to schedule our engagement session, but I told her we needed some time to talk about things and I'd get it all back to her in a few days.

Since we got really bad vibes from all of that, we decided to look into another photographer. This one is a couple that has a lot more experience. Their prices are only $50 more expensive, and I honestly like their work better. They've been very responsive and awesome so far and have asked to Skype with us tomorrow briefly to talk about our plans (first photographer never offered to Skype or meet with us). I really want to go with them.

TL;DR:"," How do I tell the first photographer, who thinks we're using her and is expecting the contract and invoice back, that we're going with someone else without it being super awkward?"
49,"SUBREDDIT: r/weddingplanning

TITLE: What to do? This might not be a good time to get married.

POST: I'm engaged to my SO of 6 years and I have already picked a date about a year and a half away and started looking at venues and dresses and things. My parents have been fighting more than usual lately, and my mother is starting act weird. Keeping-secrets weird. The idea that my parents might get divorced in the next year is a very real worry for me right now. My father seems to think that my mom is going through a bad patch right now, and my mother seems to not trust my father and is acting like she might leave him. I can't really get a straight answer out of either of them. When I talk about my wedding plans my dad makes jokes and my mom seems distracted. They fight about finances all the time and with my sister still in college I feel guilty for accepting their offer to help pay for the wedding.

TL;DR:"," I still want to get married, but maybe this isn't the best time. Has anyone else eloped and then either renewed their vows or had a fancy ceremony later?"
50,"SUBREDDIT: r/weddingplanning

TITLE: How did you find someone to do your hair/makeup?

POST: I am having one hell of a time finding someone to do my hair/makeup. I have tried crowd sourcing via Facebook, I have asked at my local salon, I have submitted an inquiry on Thumbtack and shopped around Borrowed and Blue. So far... nothing. I am hoping that eventually I will mention it to someone and they will say ""I know someone who knows someone"" but my anxiety is kicking in and I'm worried this will never happen!

Maybe it is unreasonable, but I feel like so many stylists I have encountered have enormous minimums: $400 - $800 (for one person... plus the cost of trials)! I am also encountering problems because I only want *my* hair and makeup done, and many stylists seem to only offer bridal party packages, or they do not have someone who will leave the salon and come to your venue if you do not meet a minimum purchase. My venue is rather rural, and I'd rather not travel 45 minutes to an hour to get to a salon just to have my hair/makeup done. I want to be able to relax and enjoy the morning with my friends and family.

TL;DR:", Only need my hair/makeup done. Would prefer someone to come to me. Anxiety says ~never gonna happen~. Help!
51,"SUBREDDIT: r/weddingplanning

TITLE: Did my [Wedding officiant] just scam me?

POST: Okay, so hopefully I'm just crazy and over-thinking things.  Back in the end of March I found the perfect wedding officiant here in Ohio!  We planned to meet at a coffee shop to talk business and go over some details.  

Things went great.  We got along great and we brainstormed so many wonderful ideas.  Before he left, I wrote him a check for the deposit on his service and he said it takes him about 3 hours to come up with a ceremony written out and tailored to our wants and needs.  

He rushed off to go to meet another couple about an hours drive away.

A week goes by.  I send an email saying how excited we are to find out what he comes up with for us and if he needed any help then all he would have to do is ask.  A few weeks later I send another email asking him if he would like to stay for the reception so I can have a head count for the caterer. Still no response.  We met and discussed details on March 23rd and its now April 20th!  Although, on his website, he has marked his calendar with our names on the date of our wedding.

Am I crazy for wanting a response with it only being a month later?  But the same day I inquired about his services, he responded an hour later.  Why isn't he communicating with us now?  He cashed the check and I haven't heard a thing from him.  If it only takes 3 hours to write a ceremony why haven't I seen the rough draft yet?  I'm just wondering if it was all a scam.  He doesn't have any reviews on his website and there are only 3 pictures of weddings but I found him on weddingwire.com. 

What do you guys think I should do?  Should I continue to wait?

TL;DR:"," Wedding officiant cashed my deposit check, hasn't responded to emails I've sent, and I can't seem to get ahold of him."
52,"SUBREDDIT: r/weddingplanning

TITLE: At my wits end with my mother (rant warning)...

POST: My mother and I do not have a good relationship. I have been trying to fix it for the past four years and it swings between decent and absolute crap. Now that I'm getting married she has been doing the same thing with my wedding. Everything I like she hates and tells me I should do it this other way. She puts me down for my decisions, tells me how I'm going to regret everything and has made me cry OVER AND OVER. I'm pretty sure I'm not going to regret any of MY decisions but I'm sure as hell regretting the shit she is putting me through to the point I'm about to call it all off, tell her to shove off, and elope. I tried the whole 'have one thing be something she helps with (flowers/dress)' but she wants involved in EVERYTHING. She does NOT take me saying 'hey back off', never has, never will. She has even gone so far as to say that she doesn't want my fiance coming over, just me, to discuss wedding stuff, that things need to be between me and her (not me and the man I'm freaking marrying). I don't want to see her right now, I'm very busy, I miss my fiance since I only get to do weekends with him and all she wants is me home constantly and on HER schedule of what's convenient for HER (though she claims it's me doing all of that).  The rest of my family adores him, my sisters love him, but yet she doesn't want him around. She is lording money over my head (although I'm paying for most of it), I'm terrified if I speak up, she's going to start threatening to not let me see my sisters. Frankly I don't want her in my wedding planning anymore, but I don't want to lose the rest of my planning. And then out of the blue she will be the most nice person ever and the psychological craziness of it is making me nuts. She then switches to making me feel guilty because 'she's losing me soon' and she has my dad calling me saying 'all she wants is to be a little more involved'... She's making me horribly depressed. I don't know what to do.

TL;DR:"," I need some advice on what to do with a mother who is being a momzilla, beyond the whole 'have her take care of a little part' because it's not working."
53,"SUBREDDIT: r/weddingplanning

TITLE: Wedding cake money-saving protip!

POST: My fiance, parents and I just went cake tasting yesterday, and we're on a pretty tight budget.  We're having a wedding with 200 guests.    

We went to three different places, and the last place had these amazing huge tiered cakes priced at $3.50 per slice.  They were stunning, but a little out of my budget, and I commented to my mom that since we would have so much food, maybe most people wouldn't eat the cake anyways, so maybe we should just order a tiered cake for like 150 people instead of 200.  So I asked the consultant at the bakery how big a cake would be for 150 people, and did she think it could possibly feed 200 if they cut smaller slices.  The woman told us that the cake for 150 people is exactly the same size (18, 14, 12, 6) as the cake for 200 people - because there's a range for how many people the cake will feed. So then I said ""oh, so it's the same price for 150 as it is for 200 people?"", and she said ""no, you'll pay $3.50 per slice for 150 people instead of 200"".  So in the end, we ordered a cake for 150 people - it's exactly the same size as the cake for 200 people, but we're saving almost $200.

TL;DR:"," ask the bakery what the serving ranges are for the different tiered cakes, and order for the lowest number of people for a given range - you'll get the same size cake and pay way less money."
54,"SUBREDDIT: r/weddingplanning

TITLE: Planning is harder than expected; I'm so over it.

POST: I was so excited in the beginning to plan my wedding, but after 4 months I'm just so tired of it. My mom is super helpful when I need her to be, but that's about the only help I'm getting. (And I have a total lack of direction so I can't ask for much bc I'm not sure what I need!) I feel like when I ask my FH for his advice, he's just annoyed or frustrated that I have another question. But hello, this is the first wedding I've planned and I'm on my own! Of course I have lots of questions and a huge lack of direction. We've argued so many times over planning. I've come to the point of just saying fuck it and eloping 3 times now. After all of the stress of planning, and not even being half done, I just want to marry him already. And looking at our guest list, which got way out of hand, I feel like ... ""why am I planning this huge wedding for all these people we never see or hear from?"" Today on our lunch breaks we're going to meet up and discuss my parents' offer to pay for a tiny wedding (elopement style but with close family and bffs) and a honeymoon. I'm really leaning towards this option. It saves money, and FH has been between jobs until recently, while I have medical stuff going on that will need to be paid for. I just can't help but worry that I'll regret not having a ""real"" wedding. Has anyone else been here? What did you decide and how did you feel then versus down the road? Any thoughts or advice would be so appreciated!

TL;DR:"," I'm just at my wits end here with planning and I can't help but wonder why I'm doing it all. Seriously considering a small elopement style ceremony, but fearing I may regret it later on."
55,"SUBREDDIT: r/weddingplanning

TITLE: Best friend's bachelorette party chaos!

POST: So I met the bride to be at college, unfortunately her wedding party was already planned out and she couldn't change it. She has told me many times that she wishes she waited longer to plan it out.

I have been helping her make decisions for some smaller things; shoes, homemade decorations, etc. 

So here is the problem.... She wants her Bachelorette party in Atlantic City. Her and I are excited for a great time. Her MOH and BMs have not planned anything and have cause issues since now the places the Bride to be had chosen are rented out the weekend it was planned for. She just decided to choose a place and put it on her own card! I have no idea what to do for her, and she has told me that she is afraid that the party won't even happen.

I am broke and cannot afford to take it on, and feel like I would cause issues between the bridal party and her. She is planning on picking out the place, so what can I do to prepare for the party without stepping on toes?

TL;DR:"," Best friend Bachelorette Party being planned by Bride to be, I want to take over for her but do not have the money. HELP!"
56,"SUBREDDIT: r/weddingplanning

TITLE: Which planner should I hire?

POST: I'm hiring a wedding planner for day-of coordination and have narrowed my list down to two, who offer the same services. While I've been weighing all the pros and cons, I'd love to hear r/weddingplanning's thoughts too as I'm kind of stuck. 

Here's some info that might be helpful:
My wedding venue is an all-in-one. The ceremony will take place on the front lawn of the event center, cocktail hour on the terrace and reception inside. We are expecting about 75 guests. Food, drink and cake will all be catered by the venue. Overall our wedding is fairly simple - no extravagant details or anything too out of the ordinary, other than possibly having a gourmet ice cream truck. I am currently unemployed and have plenty of time to spend on planning our wedding. Most importantly, we are on a serious budget.

Planner A:
She's just starting her own business after several years working as an on-site coordinator for another venue. We also have good chemistry. She has created a Pinterest board for me with some fun ideas, but in our meetings so far, she hasn't made any suggestions for vendors or other wedding ideas. As one of her first customers she's offering me 50% off her normal package price, which is a HUGE savings and will run about $800.

Planner B:
She has had her own company for quite some time and seems very experienced. In our meetings she had already made many vendor suggestions and has given me some fun ideas for the wedding. We also have good chemistry on a personal level. While her price is also extremely reasonable, it's about 50% more than the first one.

TL;DR:"," Is it worth saving money by hiring a somewhat inexperienced coordinator, since I consider our wedding fairly ""simple"" and won't need a lot of help anyway. "
57,"SUBREDDIT: r/weddingplanning

TITLE: How to plan for a wedding when everything is so uncertain in the military? (X-post from r/usmilitaryso)

POST: I am looking for advice and tips on how others went about planning a wedding when their partner was/is in the military. Only one thing is certain in the military: everything is uncertain.

My husband (who is in the Navy) and I married last year at a courthouse - just the two of us - didn't even have a witness (didn't need one!)

We are planning to have a proper wedding celebration (ceremony, again, and a reception) next year. We have our venue booked, catering contract signed, deposits made, photographer booked. Now we are hearing rumors that his ship will be going out to sea at the end of month X, which is when our wedding date is. 

We don't know what to do. Do we change our wedding date? The date is quite dear to us, so it would be a shame to have to change it and then later realize that we changed it for no reason. Or do we hold onto the date and hope for the best? How do you plan for something that is uncertain?

Because of the uncertainty, I feel extremely unmotivated to plan things for the wedding. It doesn't help that my husband is also extremely unmotivated to help out with planning for the wedding. He wants the wedding, but doesn't want to put in work for it. He is more unmotivated than I am due to the uncertainty of whether or not it will even happen because his ship might be leaving that time of the year anyways... Moving the wedding earlier means I will have to bust my butt harder to get everything planned sooner, which would suck considering I am already behind on wedding planning for our original date because of the demotivation from the uncertainty. Having good or bad weather will also be a gamble if we move it earlier. Moving the wedding later means it will be summer time and taking a honeymoon after the wedding in the summer will be much, much more costly. 

Hope to hear some motivational ideas and tips from you guys. Thanks!

TL;DR:", husband in military. might be getting deployed around our planned wedding date. how do you plan for a wedding that might not even happen?
58,"SUBREDDIT: r/weddingplanning

TITLE: Help Please - Invitation Etiquette when Ceremony capacity is smaller than Reception Venue

POST: The situation: My FW and I have chosen to get married at the camp we met at and worked throughout college, but that venue can only hold about 200 adults comfortably. The reception venue can hold about 400 comfortably, which is where our total guest list is at (My FW has 4 parents, 3 of which come from very large families). Our tentative plan is to only invite our immediate families, closest friends, people who have traveled to attend, and people who worked with us at camp (many close friends) to the ceremony; and invite everyone else to just the reception. My FW is worried about offending people by only inviting them to the reception. Especially since it's not a particularly small wedding venue, but our numbers are complicating things. 
So here are my questions:
1) How big a deal is it that people have only been invited to the reception?
2) How do we word and send invitations to make it clear but polite?

TL;DR:"," Guest list ~ 400, Wedding venue capacity: 200; Reception venue capacity: 400. How do we invite people to just the reception without offending?"
59,"SUBREDDIT: r/weddingplanning

TITLE: Small budget, trying to DIY, terrible at crafts and super anxious naturally, need advice/experience

POST: Hi! New here. So happy this sub exists!

I am getting married next March. We are inviting 100 people but are not planning on all of them attending (probably more like 70-80?) The planner in me has already got a lot of big details nailed down (dress, venue, caterer, photographer, some decorations, etc.)

We are planning to serve alcohol at our event. I have a good friend who plans weddings as a hobby and she is going to be our ""coordinator"" for the day of (making announcements, ensuring smoothness, etc.) and my question is related to the booze:

We are deciding between two kegs, and doing the whole ""canoe filled with ice"" thing for ciders, white wine/champagne, and sodas, etc. or just having the canoe (or metal bins with ice) filled with everything. The venue has a really cool old bar we can use for serving, but obviously the canoe would be outside (wood floors in the hall).

My question is, has anyone successfully pulled this off without a bar tender before? I would think my guests could serve themselves without issue, but for some reason I'm worried about it. My coordinator could possibly help ensure the serving goes smoothly, but she suggested hiring one of her BILs to help man the bar. I don't mind this but I don't really want to pay anyone else.

Suggestions and experience are helpful! Thanks!

TL;DR:", serving beer/wine at my wedding and not hiring a bartender. Trying to figure out how to do this smoothly so guests can serve themselves.
60,"SUBREDDIT: r/weddingplanning

TITLE: Bridesmaid Issue

POST: So I got engaged last week (yay!) and am starting basic planning. I have a friend who I was super close- like attached at the hip every other word was an inside joke close- with in high school. Went off to college and she went from normal good person religious to crazy hardcore traditional conservative religious at her tiny school. This combined with being on opposite sides of the country for four years and a lot of growing up (on my part) changed our relationship a lot. But she still thinks she's my best friend. I'm really leaning towards not having her as a bridesmaid, when she is Prob waiting for a call asking her to be my MOH. Any advice on if or how I should address this with her? I don't want to be mean but she just isn't what I want surrounding me/helping me prepare for this special day. She's also in the same social circle as 2 of the other girls I know I am asking and the girl I am thinking of asking instead of her. (Actual MOH is from a different circle).

TL;DR:", old friend Prob thinks she's going to be my maid of honor& I don't think she's gonna be a bridesmaid. advice on how to approach?
61,"SUBREDDIT: r/weddingplanning

TITLE: Ideas to make a massive wedding feel more intimate?

POST: I love my fiance more than words can say and I love his family, but they have too. many. friends. He grew up in a small (250ish) baptist church that is very close-knit. Everyone in the church adores his family. His mom is the pianist and regularly prepares meals for the church and accompanies my fiance, his father, and his two brothers when they sing quartets. The family somewhat of a centerpiece in the church, IMO. Because of how much the people there care about them, there are a TON of people that need to be invited. Partly because they would be offended if they weren't, and partly because they genuinely care about my fiance, regardless of how well he knows them. His ""side"" of the guest list is about twice the size of mine, and the wedding has quickly turned into a 300-person extravaganza. I am a fairly private person, and I don't like being in the spotlight. I think that marrying my fiance and joining my life with his is something precious and somewhat private, and honestly I'd rather share it with primarily people that I know. I know that technically, I could do whatever I want because it's my wedding. I could do a close, intimate ceremony or even a destination wedding. But my fiance and his family love those people and I know he would be happiest if we had the big wedding. That being said, do you have any ideas of some things we could do to help me feel like there is still an intimate aspect to my wedding? I just want to feel like this is my day to share with my FH rather than a big, giant party that I have to attend.

TL;DR:"," my fiance's family is too popular and our wedding will be way bigger than I really want. Can you think of anything we could do/have at the wedding to make it feel more intimate, despite the giant guest list?"
62,"SUBREDDIT: r/weddingplanning

TITLE: [RANT] I'm kinda sad and I need some advice...

POST: Okay, so I just started planning (yay!), but, there's drama between me and my dad. We haven't spoken in 9 months, which hasn't been the thing that has caught me off guard, truthfully, it was probably a long time coming. So, I figured there would be some awkwardness with the father daughter dance, but I've accepted that. I refuse to put on an act for the sake of my guests. 

So now, more drama. My FH is having problems with his mother (probably a long time coming. Our relationships with our father/mother has always been rocky), but for the past 2 years things have been good with them. Honestly, we were close as well, having a pretty nice friendship. The blow up actually happened after his mother's boyfriend called both his sister (who is 16 and ten years younger) and myself (who was not even present) some derogatory terms (rhymes with punt), while she and  FMIL were arguing. His opinion was not asked for, and she did nothing to defend her daughter while he verbally berated her for an argument between mother and teenager. 

Now, FH has removed her from the guest list, leaving him without a first dance as well. Which brings me to my question, brides who didn't have parents for a first dance, how did you fill the time? 

FH and I came up with 2 ideas: each of us picks a song that we feel represents our partner/relationship, so we have 2 dances. And, we each dance with the other parent, me with his father and him with my mother. What do you think? 

I'm sorry for my rant, but with all the drama, I had to be talked down from just eloping and saying fuck this.

TL;DR:", our opposite sex parents aren't supportive and we need ways to fill the time that would be used for the father/daughter and mother/son dance.
63,"SUBREDDIT: r/weddingplanning

TITLE: Bridesmaids dragging feet at paying for dress.. Need advice!

POST: When shopping for bridesmaid dresses, I originally promised my girls that I would ""keep costs around $100"" - lo and behold, dresses ended up being way more than that.  I guess I had no idea what they actually cost, and didn't realize that we'd need add-ons due to extra sizes, etc.  [The dresses I chose ended up costing about $260 each]  I put up my card and had them shipped to my address, figuring I would distribute when they came in.  I let the girls know that I'd purchased and put on my card.  As of last week, I called the dress shop, and they hadn't yet arrived, so I prodded them to overnight the dresses directly to my girls' addresses. I immediately let the girls know that they'd be coming, and asked them for $125 since I wanted to be good on my word about the cost.   One girl wrote back, asking to pay me after wedding.  Crickets from everyone else.

I know there are a lot of costs involved in being a bridesmaid, and that was my attempt to help alleviate the expenses.  I am also paying for hair and giving gifts to each gal (not like matching robes, but like individualized gifts for each).  How can I handle this without seeming ungrateful for the shower and bachelorette they planned/paid for? I am tempted to gift the dresses at this point, bc I don't want to become a bill-collector on the day of my wedding (which is probably the next time I will see them).

For reference, they are early 30s moms with hubbies and jobs - I am as well, and while I love being generous, my fiance and I are paying for 100% of the wedding ourselves.  We are also in NYC - I am not sure what dresses cost, but generally when we went shopping, all dresses were in the $200+ range.

TL;DR:"," I ordered all the dresses for bridesmaids - now, they have arrived, I've reminded them of cost, and receive no response.  How to handle gracefully?"
64,"SUBREDDIT: r/weddingplanning

TITLE: Things for kids to do in the wedding that aren't flower girls?

POST: A bit of background: FH and I picked out our flower girls early on. His niece and his friends daughter. My little brother is the ring bearer. We originally didn't want a bridal party but we ended up with one and four people on each side. So that was our bridal party, officially. 

Dilemma: Well fast forward a bit, I find out from my mom that my grandma told two of my little cousins (8 and 9 years old) that they would be in the wedding. I didn't intend for them to be at all and I didn't want to add more flower girls. Fast forward AGAIN, when we finally scheduled dress shopping MOH brought her daughter with her (9 years old) and didn't tell me. When picking out dresses for the bridesmaid she tells her daughter to go pick out flower girl dresses. Again, I did not have the intention for her to be in the wedding. Obviously all three kids were so excited and I won't break their hearts. What kind of things can I have them do? Currently I've just been saying they're 'helpers' (MOH insisted they have dresses too....) but I don't actually know what to have them do since I didn't originally plan for them to be in the wedding.

TL;DR:", Family told kids that weren't in the wedding that they are and now I'm trying to find something for them to do
65,"SUBREDDIT: r/weddingplanning

TITLE: To pray or not to pray? (Long)

POST: Ok, so I've never posted here before but I need some opinions/help. My FH and I both identify as atheist, and have for some time. However, coming from the deep south, this is posing a problem when it comes to our ceremony. My parents haven't been very religious (when it comes to attending church, praying as a family, bible study, etc.) My dad prays often to himself for his family, etc. as he has told us about it. 

My parents have an idea that my FH and I are not religious, I've told my mom outright, but not my dad. And they are aware that we said we want a non-religious ceremony. But when I was talking to my dad the other day he said that he isn't telling us to, but he would like us to have something at the beginning of the ceremony to sort of bless the wedding. And he proceeded to get emotional about how he prays for his family often and for God to take care of us, etc. Maybe this stems from him being sad we aren't religious? I don't know. I sort of left it hanging and decided to handle it later. 

Now, on one hand, my parents are paying for the majority of the wedding, and it is important to my dad, and its not like hes asking for a full religious ceremony, just something small. So I should just go along with it? 

But on the other hand, I've read over a few simple blessings, and since I do not personally believe, they just make me uncomfortable. Like this is supposed to be a happy day about the union between my FH and me, and to have a religious aspect almost makes it feel faked because something would be said that I (or my FH) don't believe in. It would feel like we were acting and like it would devalue our wedding. (I'm probably way over reacting here, but I digress) 

So, my question is, am I over thinking this and we should just do a small blessing prayer and be done, or should I decide against it and stick to my initial plan? No prayer/mention of God/etc. would be in my vows, but on some level I still feel unsure about it.

TL;DR:"," FH and I are not religious, Dad and Mom are (to an extent), Dad wants something to ""bless the wedding"" at the beginning of the ceremony and I'm conflicted about it."
66,"SUBREDDIT: r/weddingplanning

TITLE: Groom here. Please help me be less bitter about the idea of a wedding...

POST: So, like a lot of men, I don't really care that much about the wedding. I want it to not be tacky, I want the food to be good, I want the booze to be plentiful, and I want the dancing to be embarrassing. 

But I am having a REALLY hard time getting over the cost issues. I know, I know, most special day, whatever. I just can't justify spending tens of thousands of dollars on this one day. When my fiancee is looking at wedding magazines, all the invitations are $2k-ish. And it's not just that. Ridiculously expensive cakes. Ridiculously expensive booze. Ridiculously expensive venues. Ridiculously expensive clothing. I swear, if you just removed the word ""wedding"" from any of these, they would be 1/10th the cost. It just feels like I'm being taken advantage of because of the nature of the event, and I don't want to be bitter afterwards. 

In addition, I am having a difficult time with something else. I don't know how to put it, really. It's like.. the fetishization of weddings. Where every little thing has to be a special little snowflake, and everything has to have ""that personal touch,"" and everything has to be ""unique"" and trying to outdo each other. I don't know why, but I find it incredibly grating and off-putting. It feels like the materialization of the attention-whore culture of reality tv shows and american idol. If we hadn't already plunked down for a venue, food, and alcohol, I'd seriously push the idea of elopement.

TL;DR:"," Getting married, cool with the idea of marriage, but the wedding concept feels slimy and I worry I'm going to be bitter and resentful over the cost and attention whoring involved."
67,"SUBREDDIT: r/weddingplanning

TITLE: Need your opinions on my predicament...

POST: My FH and I just got engaged this past March. We already have a date picked out, July 9, 2016, and we plan on selecting the venue this summer since I'm unwilling to budge on our date.

This past weekend we went to see a venue and it was perfect! Except a tad small... The event coordinator told us that the venue can hold 100 people max. FH and I also drove out to see a church where his mother grew up in and that he attended for a little bit when he was a child and I was literally speechless. This church has everything I am looking for and is incredibly beautiful and simply perfect for us. But it is also on the small side.

We've started on working on a guest list and, due to my large extended family, the list is getting to 200. However, due to age and finances, I'm pretty sure the number would be around 140-150. The other reason that the guest list is getting large is because I don't want to hurt anyone's feelings if we didn't invite them. But my FH is of the opinion that it's *our* wedding and we should invite anyone we want to without everyone getting upset.

I had this idea that we could have a small intimate wedding with immediate family and friends on Saturday at both the venue and church I mentioned and then having a luncheon at a larger venue on Sunday with everyone else. But I am wondering if this would offend the people who didn't get invited to the actual wedding.

Should I look for a larger venue? Is there another way to have a small wedding and then have some sort of after party with the other people who may get offended if they're not invited in any form?

I'm really torn since I love both the church and the venue but I also don't want to start our marriage with family members who are mad at us.

TL;DR:"," I have a potential large guest list and I've fallen in love with a small church and a small venue. How do I make everyone happy, including myself?"
68,"SUBREDDIT: r/weddingplanning

TITLE: One month out and I need HALP. Considering canceling in favor of something more laid back. Any insight or advice?

POST: Sorry for the longness in advance. Seriously appreciate any of you reading and commenting with suggestions.

 

Our wedding is literally a month away and I am freaking the ef out. The expense has gotten way too huge for us to be able to pay this off. We had one condition when we started planning, and that was that nobody take out any loans/go into debt in order for us to have this wedding.

 

My fiancé and I would be completely in favor of downsizing, cutting elements out, moving venues, etc. if it saves us money and heartache in the long run. I know that we can't really ask people to ""never mind"" about the plane tickets they've already bought, and we'd still really love to have everyone there that can make it.

 

We've already paid about $4k in deposits, but there's still a solid $8k to go. Our financial situation didn't work out the way we thought it would (big car repairs, salary expectations for both of us not quite met, etc.) so I'm feeling pretty stuck at the moment and I honestly feel like calling the whole thing off and running away with aforementioned fiancé.

 

There's the added complication of my parents taking the view of ""we'll figure it out"" when they are also not in a financial position to be able to help us pay for this. They seem to have their hearts set on a bigger wedding, perhaps because I'm an only child and this is the one chance they get to do something like this. I don't want to hurt them, but I also don't want our families to go into very real financial strain over something that should really only be about Mr. Fiancé and I starting our lives together.

 

We're located in Los Angeles, expecting about 120 guests, and significantly losing our shit. Any advice, ideas, insights or suggestions would be HUGELY welcome.

TL;DR:", Big wedding is a month away and expenses have gotten out of hand and are too much for us to handle. Looking for suggestions on how to cut down/rework this thing last minute.
69,"SUBREDDIT: r/weddingplanning

TITLE: [PSA] How a Day of Coordinator pays for themself

POST: In the beginning, I knew I wanted to plan the wedding myself but I didn't want to worry the day of about setting tables, coordinating vendor arrivals, etc. I had initially thought of asking my very organized cousin, but I wanted to have her enjoy the wedding. I received an email from the Knot featuring Day of Coordination services for a great deal. After meeting with the girl, I loved her vibe and hired her. 
After the 9 month mark, I was tired of wedding planning. I've planned the logistics and traveled to seven countries on my own but that was nothing compared to everything that goes into wedding planning. My Coordinator created the day of schedule and has spoke to each of my vendors to lock down details, rain backup plans, and arrival times, along with having her and 2 other girls on our day.  
   
   
But her big payoff came yesterday. 11 days before the wedding, my caterer cannot get a caterer liquor license without obtaining the $2K county liquor license first. The caterer is located in a different county and while they have the appropriate license, they don't do enough out parties to justify the cost and my venue requires the county license. So 11 days before the wedding, I have no bar. My coordinator finds a caterer who has the correct licensure who has the appropriate services for a tiny bit more expensive. (The original caterer had the cheapest bar around). And I find out about this, after everything is resolved. The caterer contacted her, she found someone qualified with similar services and prices, and sent us a contract without us worrying about having a dry wedding and frantically calling vendors.

TL;DR:", Caterer cancelled bar service 11 days out from wedding. Day of Coordinator booked another bar and told us after situation was resolved. Her services and peace of mind we receive are worth so much more than her fee.
70,"SUBREDDIT: r/weddingplanning

TITLE: Bridesmaid Stress!

POST: Hi Weddit,

As a bride with no sisters or long-term close female friends, I've had a hard time figuring out who to have in my bridal party. Since my mother has already told me not to expect too much help from her around things like a bridal shower and DIYing, I'm going to be fairly reliant on my bridesmaids for support and assistance, even if I do all of the planning myself. I've figured out pretty much who my MOH's are going to be (I'm having my cousin and a really good friend from college & work share the position), and my FH's cousin is also going to be standing up (he doesn't have sisters either, this is as close as he gets to one and she's quite close).

As for other bridesmaids, I have another friend from work who has already expressed interest in being involved in the wedding and has offered to help me DIY bouquets/ceremony flowers (I was planning on doing silk flowers, but she really wants to help me with these and has done it for weddings before). 

Here's the conundrum: We're great work friends, but she's seriously religious, doesn't drink or swear, and might feel really uncomfortable during the bachelorette party and the wedding itself. I don't want to offend her with my blatant atheism and drinking, and I *really* don't want her to try to insinuate religion into the day with offhand comments about being blessed and the Lord and whatnot, which I can definitely picture her doing. 

ON the other hand. She's also friends with my work-friend MOH, and the three of us have already talked wedding shop before. I don't want to hurt her feelings or damage our friendship by not asking her to stand up. Also, she's mature enough to still be supportive and happy for me if I tell her that she's just a guest. 

Another alternative is to give her the position of ""attendant""--like a female usher, to help guide people around, but not have her as an actual bridesmaid.

TL;DR:", Does the semi-close work friend with strong religious beliefs who might assume she's involved in the ceremony get a bridesmaid spot? Should I make her an attendant? Is there some etiquette that I'm missing? Halp!
71,"SUBREDDIT: r/weddingplanning

TITLE: Requesting Etsy bridesmaid dress links that you've used and were satisfied with.

POST: Hi Ladies, I'm sure a lot of you can relate to the headache that is bridesmaid dress shopping. I've taken 3 out of 4 of my girls to the same store where I bought my gown to look. I told them all that as long as they bought kneeish length, navy dresses (preferably all from the same designer) that I didn't care what the rest of the style was. Several of my bridesmaids are just finishing up school and I'd really like to be able to save them some money, and maybe give them more options than the 29 variations of strapless sweetheart neckline dresses they had.

I've found a few sellers on Etsy with great options, but I'm so worried about them getting a shitty, unfitting dress and then being screwed out of money. Does anyone have an Etsy seller they've used that they would like to share? I know we see lots of items recommended on here all the time but I figured one post with several one topic links would help more than just me.

TL;DR:"," If any of you used an Etsy site to buy bridesmaid dresses for about $150 or less, please post the link."
72,"SUBREDDIT: r/weddingplanning

TITLE: PSA: Bed Bath & Beyond Registries and Random Purchase Mysteries

POST: Hello lovelies! This may be obvious to some of you but it was not to me, I solved a mystery today and I thought I'd share my findings here since I'm sure I'm not the only one who has been confounded by a totally random purchase showing up for something that was never on the registry and makes no sense.

I checked our registry about a month before our shower to make sure I had enough variety for the number of guests and noticed that someone had purchased vacuum cleaner bags for a vacuum we did not own nor register for since we already own a nice vacuum. I shook my head at this folly and wondered how to appear gracious when opening up such a strange gift. The shower came and went (huge success btw, yay!) and no vacuum bags. I was relieved, but confused. I shared my befuddlement with a few coworkers this morning and lo and behold, it turns out my coworker bought the bags for herself at the same time she bought my gift and they just scanned both items as purchased for our registry! Elementary, my dear Wedditors, mystery solved! No need to feign appreciation or deal with returning random vacuum bags, guys! Woo!

TL;DR:"," if a guest buys a gift listed on your registry and also buys themselves something, unless the transaction is separate, all items will show up as purchased for your registry."
73,"SUBREDDIT: r/weddingplanning

TITLE: Is a bridal shower tacky?

POST: My fiance recently enlisted in the Marines and will be leaving for boot camp in October.  This leaves me alone to do most of the wedding planning (which is fine).  We're having a hard time pinning down an exact date to get married since he'll only be home on leave for 10 days before he has to go back for more training.  As such, we're planning a very very small wedding.  

My mom has kind of been a bitch about the whole small wedding thing, and keeps presenting me a list of demands--one of which is that we throw a bridal shower for her friends, our cousins, and other long time pseudo-friends.   I don't want to invite 60+ people to a bridal shower, then not invite them to the wedding. I also don't want to invite an extra 60+ people to the wedding.  Mom is being really insistent though...

Thoughts?  Suggestions?  Thanks in advance!!

TL;DR:"," Is it tacky to throw a bridal shower to appease my mother, then not invite those people to the actual wedding?"
74,"SUBREDDIT: r/weddingplanning

TITLE: Moving right after the wedding, too far to drive. How do I deal with registry items?

POST: My SO and I are moving immediately after the wedding so I can go to school.

We cook together all the time, so normally we'd be super excited to receive a bunch of cutting boards that are way nicer than I'd normally buy, fancy german knives, non-Walmart cutlery, etc. but it will be extremely expensive to ship even a small amount of this stuff.

Moreover, both of our families are very traditional (his mom makes a regular habit of pointing out others' social faux pas by saying *""Oh, the horror!!""*) so I'm not sure that one of those money registries would be acceptable, or even accessible to less tech-savvy relatives.

How can I deal with this? Is it terrible of me to plan to return all of the items to the store and re-buy them once we move? And (for those of you who have registered at Crate & Barrel, particularly in Canada) what was your experience with returns at C&B of registry items?

TL;DR:"," moving, can't move a bunch of blenders and toasters with us, what to do about the gift registry."
75,"SUBREDDIT: r/weddingplanning

TITLE: 36 days to go, & I can't find my English birth certificate to apply for a New York state marriage license.

POST: Nursing school & work have kept me so busy, the marriage license was the least of my concerns overall. It feels like the time has gone from dragging ass to suddenly flying by! When we looked at the requirements for getting the license, it looks like our county clerk requires both of us to appear in person with 2 forms of ID: one MUST be an official birth certificate, the other can be a passport or driver's license. 
FH's estranged mother has his original birth certificate, but since he was born in NY, he can easily order an official copy online.

I was born in England, so I have both an English birth certificate & a natural citizen record.. neither of which seem to be in mine or my mum's possession. Balls.
 I've torn our house apart looking for it! Dad is a long-distance trucker who comes home maybe once every 3 months, & ever since my parents split I don't have a key to his house to go searching myself. He can't get home until the week before my wedding. 

I'm afraid ordering a replacement will take more time than we have left, so I've resigned myself to the idea that we may just need to run to the courthouse to make it legal after we return from the honeymoon. I also know I'll never hear the end of it from Dad.. he's not quite accepted the fact that our good friend (an ordained minister) will be marrying us in a nondenominational ceremony, & has questioned the legality of our overall wedding. If he knew the wedding wasn't the ""official"" thing, I know he'll start pushing the religious ceremony issue again. I love my dad dearly, but he's not come to terms with my being agnostic rather than Christian. /sigh  not my biggest concern right now, so I'll deal.

TL;DR:"," getting hitched in the US, can't find my foreign birth certificate for the marriage license. What can I do from here?"
76,"SUBREDDIT: r/weddingplanning

TITLE: FMIL and rest of FH's family making no attempt to be at our wedding it seems. [Rant]

POST: Long story short, my FH and I are an international couple in the process of getting our K1 visa. It's been sent to California and we're patiently waiting for our NOA2. 

In the meantime, my mother and I have found a venue that'll suit approximately 50 guests, can work with us on short notice, accommodate our weird allergies and its within our budget. FH and I have come up with some cute ideas for our first dance and we will be preparing a playlist in the upcoming months. 

Now to my FMIL. She's on benefits and refuses to even try to get a job. FFIL works a well enough job and the two are separated but live in the same household. My FSILs either can't afford to come due to lack of enough work hours or they don't want to leave their husband and kid behind which we aren't asking them to do. We both want them there but they have made no attempts to even try to save. I had a discussion about the wedding with his mom and just kept getting one word answers. Considering my FH has less hours than anyone, he's been able to save the money he needs to so he can afford things, it's not impossible for them to do the same. 

If none of them can come (or be bothered to rather) we do plan on face timing or skyping them during the ceremony so they can still be a part of the wedding but I honestly don't know if they'd be interested in that. 

I love his family but I don't think that they realize that this'll be the last time that they'll see him for a long while due to plane prices and other contributing factors. If they do realize it, then they just don't care. I do understand that they may not be able to come to the wedding and in the long run, if they can't, then we will accept it for what it is but we'd at least like to try and sit them all down to talk about it and get a definite yes or no instead of just a maybe but we don't know how to talk to them about it without anyone moaning about it.

TL;DR:", Want to include FHs family in the wedding and hope that they'll be there but they pussyfoot around everything instead of just coming out with how they really feel.
77,"SUBREDDIT: r/weddingplanning

TITLE: A new dress?

POST: I had my first dress fitting today. 9 weeks to go until the wedding.

My mum was visiting today and arrived after the fitting. When she asked me about it she could tell I wasn't that excited and asked me about why. I've been having second thoughts about my dress since I bought it last September (serious thoughts about getting a new one from January). It's a lovely dress, just not what I thought I'd wear. I bought it after a trip to just try some things on. I loved it in that moment but I've been having second thoughts ever since.

My mum pointed out that's not the way I should feel about my wedding dress. I'd thought a lot about changing the dress but felt it was selfish of me to devote time and money to something that was just for me. The dress was never something I felt was hugely important. 

My mum has told me I should absolutely get another one so I feel beautiful and special on the day. I feel like in my current one I would feel I looked 'fine'.

Just looking for some confirmation that it would be ok to do this at this late stage. I didn't have a dress made to order or anything and I'd be looking to replace it with something off the rack. 
Has anyone got any thoughts? I'm very confused at the moment!

TL;DR:", Wedding 9 weeks away. Been having second thoughts about my dress for months and my mum thinks I should change it for something I love. Thinking it might be too late.
78,"SUBREDDIT: r/weddingplanning

TITLE: [Clueless Groom] Is it bad to make the bride cry in a good way? (makeup, etc.) Is it cheesy to write a song and play it for her as a surprise?

POST: Didn't know where else to ask this. 

Wedding is in the summer of this year.

I was going to surprise her by playing and singing ""Thinking Out Loud"" by Ed Sheeran where gradually everyone from the wedding party is playing an instrument and/or singing as backup singers as I told her it'd be ""our song"" when Ed's album first dropped, but  she found a few videos of me that I recorded for practice and saw the devastation on my face. My reaction along with certain ""hints"" as I'd been, **extremely** subtly, relaying the message that playing that song at weddings is overdone made her realize what those videos were for and made her tear up a little. I told her I wouldn't do it anymore because the surprise was ruined. I figured I'd do it anyway because she wasn't aware of the rest of the wedding party joining in, but now I'm wondering if it'll be a nice surprise/""better"" to write her a song and perform it with the same idea of having the wedding party join in. 

Is this too cheesy? I started writing, but then started getting all these thoughts of how cheesy this is and how it might be *too* cheesy for everyone at the wedding.

TL;DR:"," Fiancee ruined surprise performance by me & wedding party of ""Thinking Out Loud"" by Ed Sheeran for herself. Thinking about writing her a song and performing it with wedding party instead. Is this too cheesy?*"
79,"SUBREDDIT: r/weddingplanning

TITLE: Shit, nightmares are starting!

POST: I have got woken up this morning by my fiance because I was agitated having a nightmare 'calm down calm down it's a nightmare...' 
I am not stressed about the wedding, I am getting married in June and am really organised, making sure everything is done quickly to avoid the stress getting closer to the date. 
So I thought I would not have those, at least not that early! 

Basically, I was at my grand parents house with my family , my fiance just left to get ready and I was asking my mother where my dress and the rings were. My mother was not answering and staring at the other people around. I ran around the house, could not find either and everyone was starring with embarrassment when my mother finally reveals that the ring got lost and that the dress went back to conception (yep, sentence does not make sense). I scream and shout and ask why I learn it now, and I am told that they dog not want me to get stressed as I was getting married and they provide me with one of my old holiday grey and brown dress with white collar (there is white so it should be fine, right?) 
So I scream and shout and tell my mum it wasn't her decision to take not to tell me and frustration grows and grows.... 
Finally I understand that my dead grand father is here, exceptionally for my wedding and that they were scared I would have postponed because of a materialistic  stupid dress, when the essential is here, family and dead relatives. 
I am then in more pain, thinking that I have no choice, and that I can be a bad person for preferring clothes to dead grandpa that I love... 
Wow, did you really read all this?

TL;DR:"," had my first organisation nightmare, involving dress being lost and needing to go ahead as dead relatives decided to show up! "
80,"SUBREDDIT: r/weddingplanning

TITLE: I'm a bridesmaid in a friends difficult/pricey destination wedding. What should I do?

POST: To start - this is one of my closest friends. Her wedding is set for June 21, and she asked me to be a bridesmaid a while ago. I am also getting married the same month (June 7!!). 

At first, she was planning a local wedding, but she began to get very stressed out during the process and decided to go a more non traditional route-- a destination wedding in Vegas. I was supportive and agreed to still be a part of her wedding party.

I'm now trying to plan my weekend trip there. Her family booked nice suites in the Palms, did not even offer to reserve a block of rooms for any sort of discount. And yesterday, she texts me complaining that her FMIL is upset that they aren't planning on paying for the reception dinner. I pointed out that it is against wedding etiquette to make her friends pay for their own dinner after flying across the country. I think she's a little mad, but she asked for my opinion.

The thing is, I'm having to go on this trip by myself (without my brand new husband), because we can't afford for the two of us to take time off of work (given we have our own wedding/honeymoon in the same month). The weekend trip to Vegas (hotel and airfare alone) is looking like it will cost me over $600. 

What are my options? Brides, if you were planning a wedding and a member of your party had to drop out for financial reasons, would it cause a riff?

TL;DR:"," I'm in an expensive destination wedding just two weeks after my own wedding. It's just too much of a financial burden. Should I just pay up and make the trip, or back out now?"
81,"SUBREDDIT: r/weddingplanning

TITLE: Me [28 M] with my gf [28 F] 5 years, wedding cost disagreements (NYC)

POST: My girlfriend and I are thinking of getting married in two (ish?) years, but we disagree on costs. 

In short, we're not rich. It takes a long time to save up money, especially if you are also trying to contribute responsibly to retirement and debt. We live in NYC so costs are super expensive here. We don't have parents who can help with costs, either, so we'd be doing it all ourselves.

She ideally wants a nice venue (guest list of 80 or so) and it comes out to some $20k total ($10k pp) after all costs are considered, possibly more, esp. for nicer venues.

I showed her some math to illustrate how long it would take to save up a particular amount, and it would require saving over $400/month per person to even come close. To me, that's a lot to save up for two years just to blow on a single day when we could put that money towards so many other things that are more permanent.

And this isn't even including things like honeymoon, the engagement ring, or the wedding ring, etc.

The wedding day is important to her and she's dreamed of it for a long time, and I understand that, but I feel like it is overriding everything else. I have a really hard time justifying this kind of cost, especially in a city where everything costs an arm and a leg.

TL;DR:", Girlfriend wants us to spend $20k+ on wedding. I don't think we are in a realistic position to afford it.
82,"SUBREDDIT: r/weddingplanning

TITLE: A family member has said some reprehensible stuff on social media and I barely want anything to do with them - I already sent STDs. What do?

POST: As most people the US know, the US has been rife with police brutality cases in the last couple of years. As such, social media accounts often have opinions on both sides. Like many people, my family is pretty varied in their opinions...and I've got a couple bigots.

That being said, there's a certain amount I can tolerate. After all, I can always unsubscribe from their posts. 

Until yesterday. I posted my own little jab into the mix (it was a copy of a twitter post where someone was criticizing those who commandeer ""#BlackLivesMatter"" into #AllLivesMatter, which I also find gross). So, my brother posed a question asking the meaning of my jab or what I hoped to accomplish.

Smash-cut to an argument where my brother drops the n-bomb and tries to justify using racial slurs when people ""act like their stereotype.""

I'm stunned. I'm furious. I'm hurt. I can't believe someone in my family would behave this way. I have blocked my brother and removed him from all my social media accounts. I want nothing to do with him right now; I don't know about in the future.

So... here's my issue: What do you do when you've already sent out Save The Dates, but your relationship with a family member changes and you can't possibly imagine spending that kind of time with them? As a quick note, I won't be able to avoid my brother at my wedding. It's going to be a 40 person affair. 

His wife already doesn't want him to go because she ""barely knows me"" (I live in a different state), so I'm thinking they may lean on not coming anyways, but I want to make sure they don't. Is this too fucked up of me?

TL;DR:"," A couple months after sending my save the dates, my brother dropped a racial slur on social media on my page, and I want nothing to do with him. Can I just not send him an invite?"
83,"SUBREDDIT: r/weddingplanning

TITLE: Bought a ""stand in"" engagement ring, FH was super cute about it! [Rave]

POST: Sorry, wall of text. Also, there's no real purpose to this, I am just excited and touched and I thought maybe some of you on weddit would understand my joy. :)

FH and I got engaged back in July. About a month and a half later I ended up losing it after having a bit too much to drink during the opening day of football season. I have been torn up about it hoping that it will just magically appear, but so far that hasn't happened.

Sunday we are doing our engagement photos and as we have gotten closer to the date I have been increasingly sad about the idea of doing the pictures without the ring. Last weekend I decided to try and find a cheap lookalike to act as a stand in. I scoured the internet and managed to find one that's incredibly similar for a really low price.

The ring got to my place really quickly! (yay! Go Amazon!) My FH saw the package and started bugging me about what was in it so I showed him. He chuckled and said he thought it was a brilliant idea. Plus if I lose this one I won't be as sad about it. He then took the ring and held it out to me, asked if I will still marry him, and re-proposed with it. :D

So this may not be my original, and it's not quite as sentimental, but FH found a way to make me feel good about my stand-in ring and now it has it's own sentimentality behind it. :D

TL;DR:"," Got cheap stand-in to replace lost engagement ring, FH re-proposed with it to help make this one special too. :)"
84,"SUBREDDIT: r/weddingplanning

TITLE: I need some etiquette help with my wedding vs a friend's wedding

POST: A friend of mine from high school got engaged a little bit after me. She, at first, was unsure she was going to have a wedding reception, but both of us were excited that this happened to us around the same time. That said, I'm not really as close with her as I used to be (I haven't seen her in over a year and a half, and she lives not too far from me!) and her wedding date is coming up. 

Now, my wedding is set for the end of June, she invited me and I (out of guilt) invited her. But my fiance hit me with the news that he has a huge project coming up, right around her wedding weekend, and he's unsure he will be able to make it with me. 

I'm not a very awkward person, in fact, I'm a very social person, but I feel uncomfortable going to a wedding where I will not know anyone but the bride. 

Do I tell her no? How would I tell her no? I'm so caught up in this dilemma!

TL;DR:"," Invited to friend's wedding whom I haven't seen in over a year, fiance can't make it with me, kind of sort of don't want to go because I don't know anyone, how do I say no?"
85,"SUBREDDIT: r/weddingplanning

TITLE: Are all mother in laws terrible?

POST: My future mother in law is visiting our house this weekend while my FH is away for work. It's just us and FH's sister. My mother in law has done nothing but complain about our new house, the neighborhood, the beach, everything. For example, we have a converted garage. She asked if we were going to revert it back. I told her it probably wouldn't be until after we have kids and they grow up and we don't need the extra living space anymore. She replied with, ""Gosh. I hope you don't live here that long."" Now, this was within 5 minutes of seeing it. 

It's just gone downhill from there. It's a problem that we don't have cable, that the outlets aren't near the couches, the dogs want to sit next to her on the couch, the room is too hot, etc. To top it all off, we were at dinner last night and she asked about the rehearsal dinner. I told her what we were planning on doing. She said, ""Since we're paying for it, shouldn't HE get to choose?"" I don't know where she gets the idea that I'm just deciding things without him. 

Am I alone in this feeling? What are some other terrible mother in law stories you guys have?

TL;DR:", I'm just frustrated from all of the negativity. I can't do anything right for her and I feel bad that all I want is for her to leave. 
86,"SUBREDDIT: r/weddingplanning

TITLE: When/how to tell family? (Advice please)

POST: Hi everyone. This is long ish, so I apologize in advanced. (edit - using a throwaway because SO reddits)

So my boyfriend of 5 years sort of.. pre-proposed recently, and we're unofficially engaged. He wants to propose ""properly"" (his words not mine) with a ring in the next few months. In the mean time, we aren't really telling anybody (minus our individual best friends because neither of us couldn't not tell somebody but whatever. They're keeping quiet and there's only two of them.)

For a bit of background, we are across the country from our family and most of our friends. We are going back to our home state in 6 months for a week or so, and want to announce it there. However, his cousin is getting married (we are in the wedding). I don't want to ""hijack"" their wedding weekend by announcing our engagement, and don't know when a good time would be to tell our families?? Obviously we don't want to do it on the wedding/during wedding functions, but we are flying in right before the rehearsal dinner and I'm not sure what to do... I was kind of hoping to take both of our sets of parents out for dinner; but if I'm wearing a ring it may be obvious before that can happen. 

Also obligatory: yay! I'm engaged!!

TL;DR:"," pre-engaged, will be engaged, won't see families until another family member's wedding.. how do we tell people without being tacky?"
87,"SUBREDDIT: r/weddingplanning

TITLE: Can anyone help me find something like [this] to use as wedding vases?

POST: I'm looking for something like [this] to use as the vases for my wedding. I am having terrible luck.  There seems to be plenty out there, but not in my budget...  I'm coming to you guys for help. 

I am having a rustic wedding in a barn and I think that something like this would be absolutely perfect for centerpieces.  My flowers are sunflowers and other wildflowers, so I'll have big full floral centerpieces.  In my head, its perfect and beautiful, but I have searched high and low and just can't seem to find anything remotely similar. I found some for $15 at Joann Fabric but I need 10 of them.. And thats not the kind of money I want to spend on some vases.  

Can anyone help me find them for less?  I'm thinking around $10 each. I don't even care if they're plastic at this point.  I'll paint and decorate them myself!  This is the last piece of the puzzle and my wedding planning will be completely finished!  Help me Weddit, you're my only hope!

TL;DR:", Looking for 10 vintage looking milk can/jugs for centerpieces for my wedding and can't seem to find any that aren't expensive! Can you help me find them for $10 or less?
88,"SUBREDDIT: r/weddingplanning

TITLE: [RANT]I didn't know bridesmaid dresses were going to be this difficult...

POST: I just have to rant a bit... I'm not exactly the most assertive person and I've know my bridesmaids my whole life. They are just... Difficult.... And I didn't expect it. They have their own ideas of what they want/like and I respect that but it doesn't fit the idea I had for what our wedding would look like. I have to travel for work soon for a month and a half so I was trying to get things like picking out their dresses done, but it's just not going anywhere. They don't like anything I've shown them that I think goes with my dress and our wedding as a whole. I don't want to sound mean but it's our wedding day. It's our vision. I've even done what feels like hours of research online and on Etsy for more affordable dresses, nothing. We've gone to five stores/shops. Nothing. I'm just so frustrated. We're far enough out that I'm just letting this be until we have to deal with it. On a positive note, we got our save the dates out. 8 more months to go!

TL;DR:", Bridesmaids don't like anything and want things that I don't think look great with our wedding. Stalemate ensues.
89,"SUBREDDIT: r/weddingplanning

TITLE: [Rant]Fiance being indecisive, his family overstepping their bounds

POST: We are having a destination wedding. Going to Gulf Shores in Alabama in 9 months. We just decided. So we are in a rush to try and get things together. He travels through the week for a trucking company, so everything has been emailed to him and we have been talking on the phone to decide things. Then once we decide something I email the wedding planner and tell her these are the things we want. Then he will tell me a day or two later that he wants to change something we just decided!

The next thing is we haven't decided if we want to invite grandparents to our wedding as we want it to be very small and low cost but still want the things we want. My future FIL talked to his mother yesterday and totally blabbed all our wedding plans and now she is pushing to come. And he doesn't think it is a problem and thinks it is no big deal.

I am so incredibly frustrated with everything and the stress that he is causing me I usually end up crying out of frustration when we are making decisions. Which he then proceeds to tell me to get a grip and get a hold on my frustrations. He doesn't understand that HE is the cause of ALL of my frustration and stress. He is making me not even want to plan this wedding.

TL;DR:"," FIL inviting people we haven't decided on, fiance stressing me out so much I don't want to plan the wedding anymore"
90,"SUBREDDIT: r/weddingplanning

TITLE: Ohmyfreakinggod I'm going to slap my future SIL. [rant]

POST: Sister in law to be is a lovely person, and I generally have no issues with her, but I need to vent this.  

My fiancé and I are getting married in Savannah, where his parents live, to make things easier on them. We're having a grand total of like 12 people at the ceremony-- immediate family only, really. My folks are throwing a party where we live for all the friends and family who won't get to see us actually get married. Everything is mostly kosher. 

EXCEPT...my SIL is harping that their family down in Georgia should be invited to the wedding, since they won't be at the party. I told her we can't afford it (we can't) and that would be pretty shitty if *my* family down there found out we made the exception. She then tried to talk me into it again by saying it would be a nice gift to her and my fiancé' parents. 

1. Your parents don't need wedding gifts, as they are not the ones getting married. 
2.  My gift to them is getting married in SAVANNAH and having to pay airfare for four (me, fiancé, and step kids) and planning a wedding from thousands of miles away. 

I wound up inviting them to the party up here, just like I did with my relatives from down south. She's not happy, not coming to be party, and I wouldn't be surprised if she skips the wedding at this point. And honestly I couldn't give a fuck at this point, because I'm just so sick of her trying to run OUR wedding.

TL;DR:", future sister in law is trying to take control of my wedding and driving me up a creek. Needed to rant.
91,"SUBREDDIT: r/weddingplanning

TITLE: Bridal party question.

POST: I have a bit of a dilemma with my wedding party. I have no friends, let me reiterate, I have people I talk to occasionally and people I work with but nobody that I hang out with or call when I need coffee or a drink. I had tons of friends as a kid but moved around a lot and when I moved back to my home area as an adult none of my friends from when I was a kid were still important to me. Also, I come from a small family (10ish?) so while FH has a large family and lots of friends I feel like they will overshadow my people. So I'm looking for advise I guess, how do I go about filling my bridal party with no peeps? I could ask my FSIL's or my FH's girl friends but I feel like without any of my own to stand beside me or even be at the wedding it's a little weird.

TL;DR:", I'm a friendless loser who is having trouble finding people to be in my bridal party or even come to my wedding.
92,"SUBREDDIT: r/weddingplanning

TITLE: We did our first dinner tasting. It was deplorable.

POST: We're getting married in the Chicago area in May and we went to our first dinner tasting tonight. The food was sub-par, and even unacceptable in some cases. For one dish, we couldn't even put a fork through the main ingredient because it was rock hard; we asked why this was the case and were told that it was at least a day old (WTF?!), and that they don't prepare it fresh daily because 'its too much work'. 
In another case, they brought out a meat-based dish when we had specifically mentioned that we are vegetarians. 
That's just two example. In both cases, the manager was unapologetic and showed no remorse. 

Some details:

- We are working with a wedding planning company and are encouraged to select from their preferred caterer list (which includes this restaurant). This restaurant also has 4/5 stars on Yelp. 

- We scheduled this tasting many weeks in advance with a list of menu items we wanted to taste -- so they had the opportunity be well prepared to give us their best effort. 

My question to you:

- Our contract with the wedding planning company says that we get 1 free tasting. Turns out the tasting is only 'free' if we sign a contract with the caterer. If we do not sign, we have to pay for the tasting. 

Well, there is no way we're signing with this caterer. In fact, if I was at this restaurant as a normal customer coming in for dinner, I probably would have asked to have the food to be sent back to the kitchen after 1 bite and would not have paid for most of it. 

So not only was it a complete waste of time, BUT because of the contract, I'm concerned that I'll have to pay for it ($1-200?)...and I don't feel like I should have to. What do you guys think? What are my options?

TL;DR:"," tasting was terrible, not just because it 'wasn't our style' but the quality and service were severely lacking. Am I still obligated to pay for this tasting?"
93,"SUBREDDIT: r/weddingplanning

TITLE: I'm a tomboy and need help bridal showers.

POST: Wedding planning is foreign to me and have not been part of wedding until now as a BM. I've hit the age where now there are 2-3 weddings per year and I've been invited to my first 2 bridal showers for two older friends who are like older sisters to me. I need help with planning a gift for both (coming up in April) and about making a list for the bridal shower. 

The bride has no MOH bc she loves every BM and doesn't want to rank. But now we're in a dilemma of who to invite and how many due to the bride's diverse background of friends. And say to put in a buffer in case people can't make it. Would we send out 40-50 invites and expect of 20-30? Do we invite the in laws family as well, co workers, or even greeks? Has anyone done everyone together and it went successful with no awkward interactions? Is 20-30 too big? There will be about 23 from one lifetime, 12 from greek, and 3 from work? 

For the gifts to my two friends at their upcoming bridal shower, I'm going to get something from their registry but also wanted to give a small/medium personal gift. Should I handcraft it or have other close friends join in on the personal gift? like a scrapbook or something alike. Should we gives those not during gift opening? So we don't put down others or flaunt that we are closer? 

I have no experience, never thought about weddings until now...I think I may have a small circle of friends cause I have mostly guy friends...And now getting self conscious...

TL;DR:", unexperienced tomboy needs help with first encounter of planning and attending bridal showers..getting self conscious about my own in the future
94,"SUBREDDIT: r/weddingplanning

TITLE: The Owner who has my MOH dress is unresponsive! [Rant] advice please

POST: Hello Fellow Wedditors!

After eloping with my wonderful husband in June, I've finally hunkered down and started my wedding planning the party with the family.

I found a gorgeous Jordan's dress for my sister in a local shop and ordered it for $200. I thought ""perfect, I'm ahead of the game"" She said it was going to come in the beginning of September.

This was about four months ago.

August, she disappeared off the face of this planet. No idea where she went, no response to what is happening to her shop. I called her to find out if the dress was going to be ok. No response.

Fast-forward today, I've been calling this woman for a month now just for a reference with still no response, the dress should have been in three weeks ago.

I logged on to my Facebook this afternoon and my heart jumped to my throat, there's a moving sale, the hours are 10-3. HOLY HELL IN A HAND BASKET! Of course the moving sale weekend is the same weekend where I'm out of town and three hours away with no way to get to the store.

Ok, so now what do I do? I decided to give her another call. No response, No answering machine explaining what is going on. I've explained calmly that I've been calling multiply times with no reply on to her end, and that I wish for the dress to be in my possession or my money back. I told her that I prefer to keep this.

Girls, I am so lost. This blows but at the same time, if this is the worst thing that happens to me during this journey. Then it will be ok.

TL;DR:"," bought MOH dress four months ago and never received follow up or dress, found out today there is a moving sale this weekend."
95,"SUBREDDIT: r/weddingplanning

TITLE: Anxiety about small/intimate wedding

POST: My fiancé and I are planning a small wedding in October of this year. We'll be doing it in a park with immediate family and close friends and then having dinner at a gorgeous restaurant after. This is 100% what I want and what he wants and my mind feels at ease when I think of this as my wedding. The problem comes when I think of friends and extended family who won't be invited but who I love and adore and don't want to make feel bad. When I put myself in their shoes I know I wouldn't be offended but it's kind of intimidating in the world of BIG WEDDINGS to do something small and different. 

We've considered having a bbq next summer and inviting everyone but a) I worry about seeming gift grabby and b) the thought of planning a big party makes me feel totally freaked out which is why we scrapped our original 100 person, $30,000 wedding plan. I'm driving my fiancé NUTS because I'm going back and forth ""well maybe we SHOULD just invite everyone"" ""but I don't want to have a big wedding!""

TL;DR:", I have anxiety about excluding people and going Nontraditional even though it's what I want. Can someone advise/tell me to sack up and grow a pair?
96,"SUBREDDIT: r/weddingplanning

TITLE: We want opposite types of weddings! Advice?

POST: So before I met my fiancee (25/m), I (35/f) was what Reddit calls ""foreveralone"". I hadn't dated in seven years and had no real friends to speak of. 

We've been together a little over two years, and still, the only important people in my life are him and my parents. There isn't anyone I'm even remotely close enough to to ask to stand up in my wedding, and as for guests... My entire extended family is 4 people. As for other guests... I could maybe scrounge up a coworker or two. 

Because of this, I want a small destination wedding with just us and our parents. 

My fiancee, on the other hand, has more relatives than he can count, at least 20 of whom would be offended not to be invited. He has five guys he's been friends with since they were little boys, all of whom would expect to be asked to stand up. And that's not even to mention other friends. 

The idea of having a wedding where he has that many people and I have virtually no one gives me horrible anxiety and makes me want to cry. Frankly, I'd rather have nothing than that. 

The idea of a small destination wedding makes *him* sick to his stomach over the idea of not having all his people there. 

We love each other so much, but I don't know how to compromise on this. 

Ideas?

TL;DR:"," the idea of a big wedding upsets me tremendously, and the idea of a small wedding upsets my fiancee tremendously. What do we do? "
97,"SUBREDDIT: r/weddingplanning

TITLE: Need help with wording for invitations

POST: A quick question that has been causing me and my fiancee some issues lately. 

My FH has an extremely large family, split between two different states (over 50 people between both sides of his family, easily. Probably closer to 75, but I don't feel like counting). I have a relatively small family (under 20 people). We have decided on a reception venue that only holds about 80 people. We've also already decided on the guest list- all of my family, all of his family that lives in the same state that we do, and a bunch of friends. We are also planning on traveling to the second state, specifically to party it up with the rest of his family that we can't afford to host. 

The question is, we need help coming up with an insert to put into the invitations of the family in the second state, that pretty much says ""we really don't expect you to make the trip, we've already celebrated with you, and this is really more of an announcement then an invitation.""

TL;DR:"," how do we break it to part of the family that they aren't really invited to the reception, because we've already celebrated with them and we have no room?"
98,"SUBREDDIT: r/weddingplanning

TITLE: I get married in less than a month. Here's a word of encouragement for brides with longish engagements who feel like their wedding will NEVER get here.

POST: So FH and I decided on a 16-month engagement, which is shorter than a lot of you folks but longer than a lot of our friends! I'm not going to lie. The first few months were really, really hard. We had three couples who we love get engaged and married within the course of our engagement. It felt like it would never be our turn to be married.

Since I'm now officially 30 days out, I just wanted to say that wedding things are soooo stressful right now, and I'm realizing how much FUN just being engaged was. We were able to take our time with our registry and picking vendors. We counted down and celebrated every time we knocked off 50 days and were one step closer. We had so many dates where he and I would just go to a coffee shop and talk about small planning things!

I guess what I'm trying to say is this: Your wedding WILL get here, and it will be amazing, and you'll get to be married. But until then, there's a lot of fun to be had in engagement! I'm not a bride who loves wedding planning, but I do love talking about the future, and me and FH got to do that a lot.

I love having people ask about our wedding, and I love that we'd attend weddings and be able to talk afterward about how excited we are for our own!

TL;DR:"," I'm stressed because I'm a month out and THERE IS SO MUCH TO DO, but the past 15 months have been absolutely amazing and engagement is pretty cool. <3"
99,"SUBREDDIT: r/weddingplanning

TITLE: Please help me with my BM dress colors!

POST: Sorry for the wall of text, but...

I have been shopping for bridesmaids dresses for months now.  It's getting pretty exhausting. I found [one] we all like, and I was going to order it in the olive color (it's a lot more green than gray in person). Since this decision was made, I've gotten measurements and money from most of the girls to order the dress, but I've been thinking of changing the color. Everyone has been telling me the color is drab for a summer wedding which I've begun to agree with, and the guys are in dark gray suits which I think is just TOO much darkness for a mid summer daytime wedding. Luckily, I have not ordered them yet!

The other colors I was thinking of focusing on for the wedding (even though we don't officially have ""colors,"" because we are just using whatever flowers are in bloom) are cobalt blue and golden/mustard yellow with the olive green, maybe with some light pink accents.  I know we will be using cream to pink hydrangeas for the bulk of the bouquets and mossy centerpieces.

At the risk of sounding extremely hipster, I really love Wes Anderson color palettes, and he is one of our favorite directors, so I'm trying to work something like that out. It's a 70's kind of thing, but I'm just not sure what color I could put the girls in without it being overwhelming or ""drab"" (or royal blue).  Also we are going to have lots of little fantasy elements to the wedding, my fiance is drawing monsters for the table numbers and we invited everyone to hang a family banner so it's not totally Wes Anderson or 70's themed and I'm just not sure if those colors will add another non-cohesive layer.

TL;DR:", What Wes Anderson/70's inspired color would be flattering for my bridesmaids but also work with a fantasy type formal affair?
100,"SUBREDDIT: r/weddingplanning

TITLE: How long to hold out in hopes of our #1 choice venue.

POST: My FH and I have the luxury of a long engagement, as it's not until next October. (I say luxury, but it's really we're just two broke dudes who need time to save up for this). With that long engagement I don't want to get too comfortable putting everything off because we still have almost two years. 

Our first choice venue, which will also happen to most likely be the cheapest plan all around, is a city owned lake house in a public park. There is an organization that puts on free plays every summer and it's been a tradition for my FH ever since we met, so naturally the thought of being married there was one of our first thoughts. 

Contacted the city yesterday and just heard back today that they are currently not accepting applications for weddings and similar events there just yet, but said the city is in the process or doing such. If that was it, I would have simply counted it as a wash and took that idea out of play, but they also recommended contacting them again in a month or so to get an update on where they are in the process. 

So that gives me hope that they are actually a good deal into the process and it could be plausible. My concern now comes from waiting and waiting and hearing month after month to keep contacting them for updates. Considering it's a government process it could take anywhere from a day to a decade to get it accomplished. 

In the meantime we're going to be touring other venues, and getting quotes of course, but when do we eventually have to just give up and book something?

TL;DR:"," Ideal venue is pending government action, with no actual time table other then check with us next month. How long do we hold out hope, before settling on a different venue, wedding in 21 months."
101,"SUBREDDIT: r/weddingplanning

TITLE: [Rave] Potential Photographer (which will 99% be booked) is the sweetest ever!

POST: We met with 4 photographers who were roughly in our price range, one was significantly cheaper.  We met with them just to get a feel of their personality and if we felt we could work with them on the day easily.  The first one was too formal, and the second two (including the cheaper on) were fine although I still felt like I was having an awkward conversation with them.  The last one, was amazing, we talked for 2 hours without realizing it when we met with her.

So we decided we wanted her but she was 500 dollars more then the cheaper one so we just asked if there was anything she could do knowing we might pick her even if there wasn't.  Well she got back to us saying its unfair to her other brides to give discounts but she could give us a complimentary engagement session, and then donate $100 of whatever package we choose to a Kidney foundation of our choice.  You see a year ago I donated my kidney to my FH (not why we are getting married) so this was the sweetest thing I could of heard, and not what I expected.  I love that she will do that to make it more personal for us.  

Bah I'm so excited now!  I have to talk to FH about it but I think this is the photographer for us!

TL;DR:", photographer will give us a complimentary engagement session and donate $100 of our package to a Kidney charity of our choice!
102,"SUBREDDIT: r/weddingplanning

TITLE: Too early to send invitations?

POST: Hey weddit!  So, I'm getting married in 11.5 weeks (not that I'm counting), and everything I have read says that's too early to send invitations. The general consensus seems to be that you send invites out 8-6 weeks before at the absolute earliest.  The thing is that half of our 200+ guests are from out of town, and I've already had a lot of calls and texts about people wanting to buy plane tickets and needing information.  I sent out save-the-dates to family a couple months ago, and we have a facebook event for the friends, both of which have links to the wedding website and travel/accommodations information, so it's not like they *need* invitations to be able to make those plans.  But doesn't it seem weird that people are having to spend money and make plans to travel to our wedding before they've been officially invited?

Anyway,  I already have almost all the invitations finished and addressed, and I kinda want to send them out today.  I want to get RSVP's and have people look at my registry! I think it'll be exciting!  Am I being silly and overly eager?

TL;DR:"," Is 2.5 months beforehand too early to send out invitations, even if 1/2 of the guests are from out of town?"
103,"SUBREDDIT: r/weddingplanning

TITLE: Rant about my day yesterday, but there is a happy ending!!!

POST: Yesterday I was getting ready to head to the city hall to get our marriage license. I had collected all needed paperwork and documentation prior. As I am about to leave I realize that I do not have a certified copy of my birth certificate. My fiance and I are in the midst of moving to a new place so I then tear apart three homes looking for my birth certificate. 

My birth mom looks through her stuff and my stepmom is looking through her stuff and my stuff there (I moved cross country and am storing stuff there until it is being shipped). 

Then my car maintenance light comes on and it starts pouring. At this point I am in hysterics thinking I will not be able to get married Monday.

My birth mom said she would go to town hall and get a certified copy and overnight it but suggests calling the County Clerk and asking my options. This is where I find out I can get a waiver signed by a judge so I do not need my birth certificate. YAY. I go to town hall and get application then go to court house, only to realize I went to the OLD court house and need to go to the NEW one. 

Finally four hours later I get approved by the judge and go and get our marriage license!

TL;DR:"," I lost my birth certificate, five homes were searched top to bottom, I got lost but eventually found my way, then finally I got my marriage license."
104,"SUBREDDIT: r/weddingplanning

TITLE: Wedding Woes and Drama (Semi-Rant)

POST: Looking for a little support and advice here.... Its finally the month of our wedding (Yay?!)... And my FH just had a horrific fight with his mother and now it looks like she is not coming to the wedding.  He talked with his siblings (all younger) to see if they were still going to come and was extremely disappointed that they have all decided to not come (either because they are mad at him now too, don't want to rock the boat at home, or they just don't care).  I'm trying to be as supportive as I can, but I'm honestly not too surprised.  She has always been pretty absent in his life once he moved out, but I thought she was getting her act together to be more involved in our lives (wedding tend to do that a little).  And now it has all come crashing down.  I don't know how his grandparents (from out of town) are going to get to the wedding and then back home.  As of right now we only have a space booked for the rehearsal (actual venue was too expensive, so we booked a difference place to practice and then eat) and no other part has been planned.  My parents can pay for the dinner I guess, but, you know... they are already footing the bill for the wedding, so I feel awful that this unexpected expense is coming up.  To top it all off she was supposed to do my hair for the wedding since she is a hair-dresser (selfish to think about, I know, but still....)

TL;DR:", Family fight less than 1 month before the wedding means my FH's mother and family aren't coming.  Now my parents are going to have to foot the bill for the rehearsal dinner and I'm out of a hair dresser.
105,"SUBREDDIT: r/weddingplanning

TITLE: Really? And you didn't think to let us know before hand? [RANT]

POST: OK, so our wedding is this coming 4th of July weekend. I realize that it's a hard weekend for people, especially with travel.

I got the idea to have my 2 girlfriends help me host a Bridal Tea Party (not a shower, I absolutely do NOT want gifts). So I discussed it with them and about a week ago we decided on June 7th. That gives us a month to plan and a month after for full on wedding prep.

So 3 days ago I created a Facebook Event for it, hoping to get word out while I finished the paper invites. Well, I finished them this morning and sent 80% with my FH to get them mailed. Now usually he'll wait a day or so because he forgets to send them, but not today. About 2 hours after he has dropped them in the mail box, I get a Facebook invite from one of his family members for her daughters 1st birthday. SAME FUCKING DAY! It's been an event (invite only) since April 7th, and I get an invitation now. (They usually invite us to all family events.)

Fuck it. I'm not changing the date. I'm not making new invitations. I planned this party for them (that side of the family lives in the same area, 4 hours away), but now it's going to be for whoever the hell wants to show up.

I'm stressed as hell about my dress (still haven't been called for a fitting), and after deciding to pile more on my plate to try to be nice to his family, it backfires. No. I'm done caring.

TL;DR:", family has 1st birthday party scheduled for the date I chose for my Bridal Tea. Didn't let me know until after I mailed invitations.
106,"SUBREDDIT: r/weddingplanning

TITLE: Post-breakup RSVP?

POST: Hi, I have sort of an odd question, but I thought that maybe you lovely wedding planning people could offer me some perspective. 

I recently broke up with my boyfriend. A couple of weeks before the split, we received an invite addressed to both of us inviting us to our friends' wedding. Since it was his house, I happened to leave the invite there when I moved out.

Now, I remembered the RSVP date but couldn't RSVP without the invite, so I sent the groom (he had messaged me asking for our address to send us the invite) to confirm the website where we could RSVP because I couldn't find it on the google. I haven't heard a response but I assumed it was because he was away for his bachelor party. 

Today I went to the house to grab some stuff, and my ex informed me that another friend was taking my place because I was ""out of the picture"" now.

The invite was addressed to both of us, not him and a plus one. Also, I've known the couple four years longer than he has. I don't think it's fair that he can replace me with someone who wasn't invited. If it was coming from the couple, I'd understand. How do I go about talking to them about it? He said that ""everyone"" talked about it so I have no idea if he told the couple or just asked a friend what to do about it.It

TL;DR:"," The ex and I got a wedding invite before we broke up, he RSVP'd without me with a plus one. How do I talk to the couple about still attending?"
107,"SUBREDDIT: r/weddingplanning

TITLE: Any east coast (US) brides planning a Sept/Oct wedding?

POST: Had my first bridal meltdown last night (woo?) Got engaged on NYE, am located in NC, and have been searching for a venue since we would like to get married end of September/early October of this year. Naturally, all venues are booked for Saturdays but we're okay with having a Sunday wedding. Ran this by my mother who proceeded to inform me that ""everyone hates Sunday weddings"" and it's very inconvenient to have one and why am I in such a rush to get married? Sigh. Meltdown ensued (mainly due to sadness that my mom is such a jerk rather than anything actually pertaining to the wedding). Spoke with my more-levelheaded father about it and he was totes cool with a Sunday wedding. BUT he did bring up the point that that time frame is kinda peak hurricane season. Wondering if any other brides have had a big issue with a wedding around the Sept/Oct time frame who experience hurricane season on the US east coast?

TL;DR:"," If you're a US east coast bride planning a wedding/that has had a wedding in September/October, did you worry about it being hurricane season and/or did you have any complications due to really terrible weather?"
108,"SUBREDDIT: r/weddingplanning

TITLE: HELP....Date Debacle!

POST: So my So and I had chosen our wedding date 21st Nov 2015. This will be our 4 year anniversary to the day. *insert happy dance*

We were speaking to my FMIL and found out that his 15 year old sister has national dance comps on that day. (HUGE deal to the sister and mum)

Now there is no budge room at all for her. She would have to miss the photographs and only be there *maybe* for the ceremony and reception. Now I had already asked his sister to be in the wedding around two months earlier but it seems like that doesn't matter to them. 

I'm SO SO upset that they are choosing dance over our wedding. I really don't want to go all bridezilla on their asses but I just couldn't fathom getting married without them next to me. 

I was talking to my FH about moving the date forward to March/April 2015 but he is against that idea due to ""finances"", now we have the money for the wedding now but it would chew up all of our savings and we really want to avoid that. 

His mother has already mentioned that they would help with the wedding, but have not said how much at all. I said to my FH that we should sit down with them and say that to make everyone happy we will move the date forward but we would need help financially. He was REALLY against that idea though. 

Please help!!!! I'm so upset and I just need some other opinions that are not so emotionally attached to the situation.

TL;DR:", Sister has dance commitments on our wedding day and would have to pull out of being bridesmaid. Should we move date earlier with financial issues or tell them they will have to choose.
109,"SUBREDDIT: r/weddingplanning

TITLE: HELP! Need to plan a bridal shower and have no idea what I'm doing!

POST: So, here goes nothing with my very first post on reddit, but I need a lot of help!

I'm the maid of honor for my best friend's wedding. She lives in CO with her fiance (early-mid twenties), and I live in MD. She and I both met in high school back in PA, so this whole shebang is rather geographically challenged. I have been asked to take over the bridal shower planning entirely from the bride's mother, who--along with her husband--has been rather abusive and manipulative of her daughter for this entire deal. She's still invited to the shower, which will be held somewhere around our hometown in PA.

I BEG YOU: HELP ME! I have no idea what to plan, HOW to plan a party so far away and on a tight budget, or how not to make it boring. I hate sitting around and eating and watching the bride open gifts, and the ""games"" always feel kinda dumb. I'd like to do something dynamic, unique, and entertaining--something that allows little to no down time between the bride and her mother. (The situation's bad enough that her father is refusing to walk her down the aisle.)

TL;DR:"," Please give me ideas for planning & executing a bridal shower that's fun, relatively cheap, and can be done/planned long-distance while keeping her manipulative, control-freak mother out of the picture."
110,"SUBREDDIT: r/weddingplanning

TITLE: Court house first then a wedding? What to do with an already existing gift registry?

POST: I'm actually terrified of posting this after reading about the Pretty Princess Day at The Knot. I might get scrutinized and accused of being a gift grabber. Still I could really use some input and advice on the logistics of all these things.

 

We're going to have a courthouse wedding this year, and a wedding a year later. The courthouse wedding is happening much sooner due to the military complications, and some health and financial issues. One of our family members is battling cancer, and my maid of honor has been going in and out of hospital for her deteriorating health. I feel like I'm about to lose some of my dearest people in my life. I'm worried to the point where I could barely sleep. 
 

The problem is we've already booked our venue, and had set up our wedding registry for the wedding next year before deciding to get married this year. My best friend and her family have access to our registry and has already given us gifts.  
 

My fiance and I thought that we should inform our loved ones about our courthouse wedding when we send out our Save the Date for the wedding next year. Has anyone ever done this before? How did you word it?
 

Also should we even bother with our gift registry then? Truth is, our wedding registry are full of essential stuff that could really help us, but I feel we'll be fine too if we just scrap by with what we got.  Do we tell guests that we just got married when inviting to our 2016 wedding? How does this all work? Thanks for reading!

TL;DR:"," Did gift registry for 2016 wedding, but have to get married this year. Few friends and family already bought wedding gifts for us prior. What to do with the gift registry now if we get married this year?"
111,"SUBREDDIT: r/weddingplanning

TITLE: Planning A Wedding Before The Proposal? (Family Issue)

POST: I have a (what I think is) pretty unique problem and I was hoping someone had some insight on how I should approach it:

My SO and I have been together for 4 and a half years. We have a beautiful little boy who is 2. We own our home and are very happy. 
Now we have danced around the idea of marriage for the better part of our relationship. We have always said that we would get married but the time (or better yet, money) has seemed to get in the way. This has caused a bit of a rift between my parents and my SO because they feel as if he is leading me on and would have proposed by now if he really wanted to. 

My SO and I had a heart to heart and he said the only reason why he hasn't asked is because he has been saving up for my ring and will be using part of next years tax return to fill in the gap. So long story short he plans on proposing (or presenting the ring) next february/march. We agreed that we would begin to planning now since we plan to wed in August of 2015, 5 months after he proposes. 
I like any other girl would love to have my parents input in the planning of my wedding but they want to hear nothing about it. Both have made it very clear that they don't want to be any part of planning or even listen to anything until he proposes. My father has made it very clear that he doesn't think I should ""get my hopes up."" 

I'm at a loss. We are not expecting them to pay anything, but it really hurts that they will be missing out on a majority of the planning. I have complete faith that my SO is telling the truth, but my family is very old fashioned and they think that we are dooming our relationship by taking a different path than most.

TL;DR:", SO and I are taking the route less traveled and planning our wedding before the ring due to money constraints. My old fashioned parents want nothing to do with it until they see a ring on my finger. 
112,"SUBREDDIT: r/weddingplanning

TITLE: Advice needed on how to make my bridesmaids feel important!

POST: I have a meeting on Tuesday night with my bridesmaids and MOH to ""research"" dresses. This comes after the two bridesmaids purposely withheld information so that the last dress went out of stock before I had chance to buy it. The root of this issue is that I picked my wedding gown without them, and that they feel unimportant as I've brought this process forward as my sister (MOH) is moving across the world at the beginning of august and not coming back until the wedding. 

As unreasonable as some of their actions have been, especially considering that since before the last bridesmaids dress choice there were weeks of exchange upon the subject matter (facebook group dress posts, questions of price, colour preference, style preference etc.), how do I go about making them feel important in this next meeting without letting them walk all over me? I'm worried as I know they're mad at me that I'll over compensate their feelings and end up with a dress that I personally deem to be inappropriate.

TL;DR:"," Need to make bridesmaids feel important, and heard, but not compromise my own tastes. Advice please? "
113,"SUBREDDIT: r/weddingplanning

TITLE: RSVP drama

POST: I am getting married May 26th.  I sent out save the dates in the begining of January to my entire guest list (about 170 people at about 100 addresses).  In the beginning of March I sent my invites to everybody. the due dates for the RSVPs was monday, May 7th.   I have been making random (hidden) reminders on facebook for people to return their RSVPs such as a friend posting on my wall ""hey, when are those due again?"" sort of thing.  it is now 6 days after they were due and I am waiting on over 60 of the 100 that i sent out. Aside from calling EVERYBODY (many of whom I dont know their number) what can i do?

TL;DR:"," My RSVPs were due a week ago, and I a lot of people didn't send theirs back. What can i do?"
114,"SUBREDDIT: r/weddingplanning

TITLE: Need to know when to go full bridezilla on our location.

POST: Hey all, 

So basically, I have not used my new found power as bride-to-be for evil (yet), and need to know if it has reached the point where it is necessary. 

Jokes aside, I am a very relaxed bride. Our wedding is still a year out (Sept. 26, 2015) and we have most everything planned. My FH and I are equally involved in the process, we have had no big blowouts on anything, we just want to have a beautiful start to our lives together. 

We are getting married on the rooftop deck of our apartment building. It overlooks a river and a wall of trees on the bluffs across the river on one side, and a large city on the other. When they opened the rooftop, we looked around and knew that was where we would be saying ""I do.""

So far, there's only been one problem - our apartment building won't let us reserve the space unless we allow other residents to come and go as they please. Our building has approximately 500 units and at least 1,000 tenants. This is a huge NO for us. We do not want to be in the middle of our vows and have some drunk patron wander through the middle of the ceremony. 

I would understand if they stuck to their guns, but there have been AT LEAST 3 private events on the rooftop where tenants weren't allowed up there. I don't know why we are different, maybe because we are tenants and not an outside source wanting to rent the space, but it's a huge inconvenience for us and they have so far been unwilling to negotiate. 

I guess my question is, how pushy should we get? It's our perfect space, we have a small wedding and are planning on a short ceremony. We wouldn't need to restrict the place all night, just for the half hour it's going to take for our ceremony to happen. I don't know why they need to be so rigid with us.

TL;DR:"," Our rooftop location won't let us restrict tenant access to our wedding ceremony, even though they have held private events up there in the past."
115,"SUBREDDIT: r/weddingplanning

TITLE: [RANT] My Wedding Officiant just bailed... 30 days before my wedding.

POST: The title says it all.  There was definite miscommunication on both ends, but she double-booked (from the sound of her very rude email she had many weddings booked the same day as mine).  I responded to this information with disappointment but flexibility to work with her daughter who is an officiant as well and instead of moving forward with that plan, she sent me a nasty e-mail, blaming me for the miscommunication and shaming me for feeling disappointed and frustrated and ended the e-mail saying she would cancel another couple's rehearsal to attend my wedding, would send her daughter, or refund my money.  Hurt by the lengthy and nasty e-mail, we elected to go the refund route and find a new officiant, to which she sent another shaming e-mail and told me she was keeping $25 for her trouble.  I'm full of hurt and rage but am working on letting it go.

TL;DR:", She double-booked and blamed me and was rude in the process. We are letting go and taking the high road which also means we have to find a new officiant in less than a month.
116,"SUBREDDIT: r/weddingplanning

TITLE: lightinthebox.com dresses - colors

POST: Read many reviews and posts on dresses from lightinthebox.com and since most recent reviews seem positive and since I saw pictures of the dress I want on someone who got it from there), I was thinking of going for it (I like this one: 

Most of their dresses come in white, ivory and champagne and I can't tell the difference between ivory and white so if anyone ordered any chiffon dresses from there in either ivory or white, would you mind sharing pictures?  Most of their own pictures state the ""dress is shown in ivory"", but it actually looks like it matched their white swatch (and the only dress picture labelled 'white' I found actually looked ivory).

I was initially going to go with champagne but couldn't find a matching veil.  I'm afraid the white will look too white but if the pictures marked 'ivory' on their site are that white, then I would also find that too be too white...

Also, what is the update on ordering standard vs custom (because the opinions have been all over the place for this over the last 2-3 years)?

Sorry for the long post!

TL;DR:", looking for pictures of dresses that were bought at lightinthebox.com in ivory or white (preferably chiffon or similar)!
117,"SUBREDDIT: r/weddingplanning

TITLE: Conflict over the invite/guest list. Advice needed.

POST: I have posted the same thing on /r/wedding but I am still in need of advice, so here goes.

My weddings is less than two months away and the invite/guest list has been a huge source of conflict between my family and my fiance's family. My FMIL and her sister (Aunt) were going out of the country for a month so my family asked them for a complete list of family and friends they wanted to invite. We were under the impression that this guest was finalized and using those numbers, we gave an estimate to the venue/caterers.
FMIL and Aunt return from their trip right before invites are supposed to be sent out and they mention a lot more people who need to be added to the guest list and by the time they are done, the guest list has increased by about 40%. We have finally convinced FMIL and Aunt to stop adding people now that all the invites have been sent but we are now running into another problem. When a couple of RSVPs for his family came back, they had responded for more people than the names written on the invite, which increases our numbers even more. Apparently, this is common practice in my fiance's culture (Vietnamese) that if one person's name is on the invite, their entire immediate family is invited as well. I don't mind people bringing their spouses and grown kids, but this should have been addressed when his family gave us the guest list and the number of people on it. I am worried that our numbers are getting out of control if more people from his family end up doing this, as our estimates for the venue/caterers are way off and we might have enough space for all of these people.
I tried expressing my concerns to my FMIL but she basically told me that theres nothing we can do about guests RSVPing for more people than the ones invited and if we tell people no, then that will cause drama. Needless to say, that doesn't make me feel any better. The guest list can basically grow and grow and I have no control over any of it unless I want to alienate the groom's family. Any advice on this situation?

TL;DR:", Fiance's family is RSVPing for than just the people on the invite and I don't know how to resolve this madness without creating more drama BS.  Help!
118,"SUBREDDIT: r/weddingplanning

TITLE: Wedding dress shopping did the opposite for my emotions and I need encouragement.

POST: I went wedding dress shopping for the first time with my MOH yesterday, after her appointment. I went into my appointment already trying to figure out how many different ways I could pay for a dress, which wasn't the bad part. I was looking for something French-y for a New Orleans ""wedding"" with a few good friends, but the experience just turned into a nightmare. My MOH is a dress size four and was born to wear wedding dresses. She was told four different times that she should be a model, and even though she was very humble and modest about it, I don't think she realized how hurt I was the whole time. Now, I'm not big (or at least, all of my friends keep telling me), but I couldn't fit in any of the sample dresses I chose when my turn came. MOH got to parade around in all of her choices, but I could only fit in one. All of the ones I wanted to parade around in were smaller sizes, and when I thought I'd found the ""one"", I was so torn down emotionally that I just gave the consultant my measurements (36-27-43; I hate genetics) and left trying to keep up a facade of strength and humor so I wouldn't cry. No, I'm not going to bring my mother to see the dress, lady. She doesn't even realize a wedding is happening, much less that I'm dress shopping. I guess I just need advice or encouragement; dress shopping should be a more fun, happier experience than this.

TL;DR:"," Dress shopping was nightmarish and depressing; kind of tore down any ""real bride"" semblance of confidence I had."
119,"SUBREDDIT: r/weddingplanning

TITLE: Looking for advice regarding a potentially burdensome gift to my MOH

POST: My MOH and I have been best friend for almost 20 years.  She is a single mom and supports her household as a freelance musician.  She expressed a lot of excitement and interest in joining us for our destination wedding in Maui, depending on her finances.  I am able and more than willing to pay for her flight and hotel stay myself but there are a few things that are causing me to hesitate:

1.  Her daughter is three years old and either needs an adult airfare or babysitting at home.  Either way it's money vs. time and effort.  I'm happy to have her join us or not, whichever my bestie chooses.

2.  Her boyfriend is new on the scene, 2 months officially.  He is also a single parent so they're taking things slowly and asking about going on a vacation early in their romance may be too much pressure. I would be happy to have him join us or not, but if he does that's two flights and three if her daughter comes too.  (His child is not a factor for reasons not relevant to this post).  For what it's worth, he is invited to our Toronto reception as her date, so it's not as simple as saying she can double up with a friend, but I leave this choice to her.

3.  My MOH and I are Canadian, my FH is American and we're getting married in the US.  The exchange rate right now makes it very expensive for food, entertainment, traveling on the island, etc.

4.  She is my MOH and already doing lots of other work for me including organizing the bridal shower,  bachelorette party and after-party for our Toronto reception.  For the record, I haven't asked for any of these things, but I am happy my friends want to celebrate with us.

TL;DR:"," I'd like to offer to pay for my bestie/MOH to come to our destination wedding but it still is an expensive gift for her considering her daughter, boyfriend, the exchange rate and other expenses."
120,"SUBREDDIT: r/weddingplanning

TITLE: Does anyone else have unenthusiastic family? [Rant?]

POST: Fh and I have been together over 3 years, engaged since February and are planning a long engagement to be married in spring 2016.  We haven't done that much planning yet because we have been distracted by my graduation (next week), my finding a job (two job offers yay), finding a place for us to live near my new job, and fh transferring his job to the city we will be living in. He is very excited and has many crazy ideas, I'm not super into wedding stuff but I really like organizing and crafts so I'm sure it will come together. 

The problem I am having is not really a huge problem but just kind of annoying I guess.  When we announced our engagement to my parents (we took them out to brunch to tell them) they basically said ""ok"" and then changed the subject.  I understand not everyone's big on weddings (myself included) and I wasn't expecting a huge reaction but I did expect something.  Since then my mom has only made a related comment like one time(about the ring fh had designed for me) and my dad has literally not mentioned a single thing related to it at all. My parents have been separated for many years and are amicable so I don't know that it's necessarily about that.  Perhaps it's just that it's so far out and we have literally nothing concrete planned yet, but it seems like lots of people have family that are really happy for them. I don't think my family dislike fh they just seem indifferent to the engagement.  Granted my sister is always very sweet about everything. 
On the other hand when we told fh's parents they were super excited and immediately started asking us lots of questions (to which we didn't know the answers) so I know I'm not just imagining that this is a thing. 

On the upside friends have been very excited and interested and fh is ahead of himself with crazy plans.

TL;DR:", Just wondering if anyone has family that is less than excited about their engagement and what (if anything) there is to do about it.
121,"SUBREDDIT: r/weddingplanning

TITLE: Need some advice for wedding day compromise (details in description)

POST: So basically my Fiance` and I couldn't be more different when it comes to the big day itself. She wants the whole traditional shebang with the flowers and the fancy meals and fancy venue and fancy clothing. I on the other hand would be just fine with meeting up at the courthouse. Truth be told I don't like to dance, I don't like most of the music at weddings, I don't like being the center of attention, and I hate getting dressed up and doing fancy things lol

We are both willing to compromise some, but the issue we are having is that there doesn't really seem to be a logical middle ground that we have seen, or that anyone around here can think of (Pennsylvania if it helps any). We would like to stay somewhat local, but so far the options have been expensive and fancy ceremony/reception venues or expensive and fancy hotel ceremony/receptions, OR the courthouse >_> If anyone has any ideas we would be super appreciative.

TL;DR:"," Fiance` loves big fancy wedding day, I want nothing to do with it. We want to compromise but can't find middle ground that makes sense, any ideas would be welcome!"
122,"SUBREDDIT: r/weddingplanning

TITLE: tips/resources for planning a wedding at a family home?

POST: Hey Wedditors!

I'm newly engaged and just starting the planning process.  The only thing I have picked out so far is my venue, which is where I've wanted to get married for years - my stepdad's old home, a cabin built in the 1700s on the edge of my city with ~5 acres of land around it.  He's currently renting it out to a family friend, so the ceremony and reception would both be taking place outside (I'm thinking about booking a more traditional venue as a rain plan, but not sure yet).  I was drawn to choose his house as my venue because it's a place that's beautiful and meaningful to my family, no venue fees, and no restrictions on the vendors I can work with.  The biggest downside is probably that I'd have to get everything brought in for the wedding, but since I'm paying nothing for the venue itself I think that's a reasonable trade-off as long as I can keep costs in check.  I haven't had the best luck so far with finding articles relevant to my situation, so I was wondering if any of you have found something in your own reading that could be helpful? Or if you've done this yourself, how did you pull it off, and what advice would you give to someone just starting to plan?

TL;DR:"," just engaged, only thing I know for sure so far is that I want to have the ceremony and reception at a historical family home.  Seeking any and all advice about how to make this happen."
123,"SUBREDDIT: r/weddingplanning

TITLE: I can't help but feel like my mom is still making my wedding about her [RANT]

POST: So to start. My mother and I are very close. I even considered her to be a matron of honor before my FH and I decided to opt out of MoH and best man. I am the only girl in my family, the youngest, and the first to get married. So this is a big deal for everyone in our circle of family and friends. My mother has taken her role as mother of the bride very seriously. When we first went to look at venues she told me she ""has been planning this wedding for 23 years and its going to go her way"" I very quickly put her in her place (as awful as that sounds but I wanted to make it clear she cannot be controlling). But she didn't stop there. She fought with me on the shoes I wanted, the veil I wanted, along with a lot of other details. Thankfully everything has gone my way with approvals of ideas and things like that because we have gotten into a number of fights. Yesterday we were talking about my shower this upcoming weekend. I said my FH will be there towards the end to say hi to everyone and pack up the gifts. She said ""why? They have to come to my house."" I was like...what? She said my father wants to see what I get...I told her they are gifts for my FH and my new home and life together. They go to my house and if my father wants to see them he can see them at the house. She honestly thinks I shouldnt even think about using them until after we are married. That's not happening. But what has really upset me, and im trying my best to get over it, is she is throwing her own party the same night of my bachelorette party next weekend. She invited a ton of her friends over for food and drinks and movies. My girls and I are staying overnight at a hotel having food and drinks and watching movies. I just can't seem to get over that it feels like she is drawing attention to herself to make it about her, at least in her friends eyes. I feel so selfish thinking about this because every decision about the wedding has been made by my FH and I together.

TL;DR:", my mother is throwing herself a party the night of my bachelorette party. Mimicking what I'm doing. We have fought a lot during the wedding planning on who makes the decisions.
124,"SUBREDDIT: r/weddingplanning

TITLE: [RANT] Panicking about rogue ex-maid of honour!

POST: I got engaged in July 2014 and my wedding is on Thursday (15th October 2015). I'm really excited! We're eloping in Maui, Hawaii and our only guests are my future brother-in-law and his partner.

This is where things get a bit stressy.

My best friend was supposed to be my maid of honour but we had a huge fall out, despite being friends for 10 years. She started lying to me about money, expecting me to go out and spend all of my time planning her things for the wedding instead of anything to do with me and my fiance. I've had to plan everything on my own, which was difficult because we're getting married in Hawaii but live in Scotland. I could have used the help but all she was worried about was her dress and when she was going to be getting married (she's not engaged yet).

It was really stressful but eventually, her lies about money etc. got too much and I had enough. Long story short, we don't speak any more and she isn't invited to the wedding.

Fast forward to the present day and she and her partner are also here in Hawaii. They put down a stupid deposit for their trip which they couldn't get back after she was uninvited, so couldn't cancel. They're out here making a huge fuss of what a great time they're having on social media, which is a problem because no one knows we're getting married. She knows this. But she's doing it anyway. I'm really freaked because I'm worried she's going to blow the whole thing. It's not very common for people from Scotland to come out to Hawaii, so I'm worried our mutual friends are going to figure out why they're here too.

Maybe I'm daft to be worrying so much but I really needed to vent. I've been stressed for days and just want to enjoy our day. The whole reason we decided to elope was to avoid all stress and have it all about each other, I wanted to avoid this crap...

TL;DR:"," Ex- maid of honour potentially ruining the surprise that we're eloping and I'm panicked and stressed, which is crappy."
125,"SUBREDDIT: r/weddingplanning

TITLE: Do I have to register for ""home stuff"" for my bridal shower?

POST: Hi! Wall of text ahead.

It's getting about that time when fiancé and I are needing to start registering for gifts. We'll have a separate registry for wedding gifts that we'll do together, which will take care of a lot of our home needs - although I have been moved out of home for a while now, so there aren't a lot of things we need in that regard.

However, for the bridal shower registry, I'd really like to ask for things other than the traditional ""kitchen stuff"". My bosses have told me outright that this year they are aiming to accelerate my professional development, a process which will involve a bigger leadership role for me and a lot more client interaction, so what I really want is to build a higher quality, more professional wardrobe for meetings and presentations. My current style is kind of laid-back hipster, which isn't appropriate for everything.

The problem I am having is that most traditional bridal shower gifts are geared toward benefiting the COUPLE around the house, and what I'm asking for is just for ME, so I'm worried this will come off as selfish.

On top of this, I am fairly uncomfortable about the general idea that bridal showers almost always take on the theme of ""lol, now you're an old housewife!"" - but that's a whole other thing.

While I'm sure there will be a fair number of ""It's your day! Just do you!"" comments, I'd really appreciate some more constructive feedback. What would you do if you were invited to a bridal shower where the bride was only registered for clothes and shoes?

TL;DR:"," I want to use the bridal shower registry as on opportunity to refresh my work wardrobe, rather than acquire kitchen crap. Am I being tacky?"
126,"SUBREDDIT: r/weddingplanning

TITLE: Is it really that weird??

POST: I've never been one to make more than few really close friends. I don't know why, probably a combination of being shy and always having school or work or something.  Anyway, as a result there are only two girls who I would feel comfortable asking to be a bridesmaid at my wedding. My FH worked with one of those girls and doesn't really care for her, and there is no way I would ask someone he doesn't like to be at our wedding let alone in it.  So I decided just to have a MOH, my best friend since high school, and I was/am fine with that. 

My FH is going to have one of his brothers be his bestman. We tossed around the idea of me asking his sister to be a bridesmaid so he could have his other brother be a groomsmen, but decided against it because a) I didn't want to deal with people asking why all of his siblings were in the wedding and none of mine were and b) she just announced her and her FH are having a baby a few weeks ago. They couldn't agree on how far a long she was (she said 6 weeks, he said 8) so she would either have just had her baby or would be about ready to pop.  Either way it would not be convenient or comfortable for her, so we nixed the idea of asking her and went back to just a MOH and bestman. 

Here's my problem (?). Basically,  I'm fine with just having a MOH, FH is fine with it too. However, whenever we tell anyone (I.e. photographer, minister, etc.) they look at us like we're insane. Is it really going to look that awful? We will only have 30-40 guests (40 if everyone comes, 30 realistically), so I thought it would be okay. Also, I think my MOH knows but I haven't specifically said anything yet. Should I? It wouldn't make her change her mind, I do know that. 

Anyway I guess I'm just asking for y'alls thoughts. Have you seen weddings with just a MOH and BM? Do you think it's weird?

TL;DR:", We're only having a MOH and BM. People have been acting like they think it's really odd. I'm just looking for any opinions or stories y'all may have.
127,"SUBREDDIT: r/weddingplanning

TITLE: The feedback I got about travel registries/ honey funds

POST: I recently caught up with some family and as my wedding is next year I asked them a few ideas about what they thought. 

I brought up the idea of a travel registry for the honeymoon, instead of a traditional gift registry. 

Overall they agreed it was a lovely idea. Although I did have to explain what it was at first as it is a new concept, everyone over 50 had never heard of it before

They also liked the fact that they could assign their money to an item and then while u are on your trip you can say ""we are having a meal at this fancy restaurant  as paid for by uncle jo"" and then maybe send back a picture of you enjoying the meal

TL;DR:"," travel registries seem to be acceptable, but explain the concept and ensure people can actually assign their gift to a meal/ticket/hotel room so you can thank them specifically :)"
128,"SUBREDDIT: r/weddingplanning

TITLE: A timeline issue... What to do?

POST: My fiancé and I are getting married on December 29th at 6:30pm. We were looking into where to do our photos and found a cute little 1911 mansion turned museum that was charging a reasonable rate. So, I emailed our photographer to ask his opinion. This was last week Thursday, and I have yet to hear back from him. We were waiting to sign the contract with the museum and put down the deposit until we got his opinion.

On Monday, we get an email from the coordinator at the museum stating that they had a couple who needed to move their wedding to our date, and so the museum would no longer be available at the time we had requested (4-5:30). She also generously offered us use of the museum at no charge if we were out of there by 4:00.

Like I said, our ceremony starts at 6:30, with guests beginning to arrive at 6. So, that would leave us with 2 hours with nothing to do, and it also cuts into our time with our photographer, potentially jeopardizing photos of our exit from the reception at the end of the night.

The museum is really the kind of setting we were looking for--classic architecture, vintage furnishings and decor--and the price is certainly right.

What do you think?

TL;DR:", The only time we can do photos at our ideal location would leave us with a 2 hour gap in the timeline and would make us miss out on exit photos. What to do?
129,"SUBREDDIT: r/weddingplanning

TITLE: Timeline issues - outside perspective needed, especially from Europeans!

POST: FH is German, I'm American, wedding in US. I put together a day of timeline this wknd. All of a sudden, FH saw it laid out and wanted it done all differently (despite not having an opinion when I booked things). I did not appreciate this. We decided to think it over and talk again this week about it.

8 German family/friends flying over for the wedding. FH feels that our schedule from 4-7pm is ""rushed"" and that the Germans will hate it (plus it ends too early). I've laid out the guest perspective below. Can you guys provide feedback? No travel time needed – it's all at our house.

Ceremony 4-4:30pm

Cocktail hour + apps for guests 4:30 to 5:45pm. Six (6) family photos scheduled at the beginning.

Dinner (buffet style for 45 guests) 5:45 to 7pm
(*Note – we'll be off taking photos, eat quickly by ourselves, then use dinner to greet our guests)

First dance 7pm

Dance party 7pm to 10pm (venue is our house, DJ leaves at 10 to be respectful of neighbors)

He now wants to do a first look so we can take photos beforehand, cut down the family photos (again, there are SIX. Six photo combos, guys), start dinner at 5:30, leave the food out for a couple hours (?!?!) so people can go back for seconds later (yeah, no), and push the DJ start time back to 7:30. 

What do yall think?

TL;DR:"," – European FH thinks 1.25 hour cocktail hour + 1.25 hour dinner timeline is too rushed, wants to push everything out. Need advice on if this really is too condensed, or it's just cultural differences."
130,"SUBREDDIT: r/weddingplanning

TITLE: Engagement ring issues with Jared jeweler. Advice needed!

POST: I'll try to keep this as short as possible- I'm desperate for help.

My engagement ring is white gold with a yellow gold setting for my canary diamond. When we first got engaged the original jeweler rhodium dipped the whole ring and was never able to get the yellow gold head back to its original condition, so they gave us a new ring and I've not been back there since.

A diamond fell out of the halo around my main stone so I went to Jared jewelers to have it replaced. I explained over and over again that I did not want the ring rhodium plated. They did anyway. The jeweler was very irritated that I asked if he could remove the rhodium from the yellow gold. He spent less than 5 minutes buffing it off and treated me like complete shit about it. 

I called the manager and took it back in. She claimed it was never rhodium dipped but after inspecting it under the microscope and she finally admitted that it was rhodium dipped. I will spare you the insane details of the verbal abuse I took from her during that visit...

I went to pick it up the other day and yellow gold plating was all over many of the halo diamonds now. I questioned why it was like that and the manager said I could only notice it bc I was wearing glasses. (Bizarre, I know...)

She kept it for a few more days and called me today saying I'm impossible to please and they are just giving me the ring back in its current condition. Are they legally allowed to mess the ring up and give it back without fixing it?

TL;DR:"," took the ring in to have a diamond replaced, told them not to rhodium dip it, they did, now I'm getting a ring back with many mistakes on it. "
131,"SUBREDDIT: r/weddingplanning

TITLE: Need Advice! A few friends have assumed they are bridesmaids even though I haven't asked anyone yet...

POST: I moved away from a lot of my close friends a few years back and have since made a lot of new friends. After my engagement I told both my old and new closest friends personally before any public announcements because they mean a lot to me and I wanted them to be some of the first people to know. My engagement was a long time coming, so a few of my new friends immediately started talking to me about bachelorette party plans and the bridesmaid dresses and such. 

Since then, I've had a lot of time to think about wedding plans and who I want in my wedding party. I'm not sure my new friends quite fit the bill. They don't really know MFH as well as my old friends do and they haven't been a part of our lives the same way as my old friends.

I'm just not sure what to do since I didn't shut down the bridal party talk with my new friends at the start of all this. I don't want them to be offended if I don't ask them, but I'm not quite sure how to break it to them if they ask. I feel like I put myself in an awkward situation and I'm hoping someone else has been through this too and may be able to offer some advice.

I care about all of these friends and at the beginning I thought that maybe I would ask my new friends. But after having conversations with my family and MFH, we are looking to have a smaller wedding than I originally thought and I don't think I can have as many bridesmaids as I would like to have. I'm just not sure where to go from here, so any thoughts, ideas or advice is greatly appreciated.

TL;DR:"," Friends think they are going to be bridesmaids, even though I haven't asked anyone yet, and I'm not sure I want them to be. Help!"
132,"SUBREDDIT: r/weddingplanning

TITLE: Morning Ceremony in Yosemite; how I dealt with music and no bouquet at the last minute and had the best day ever!

POST: Firstly, I've loved lurking and contributing to this sub during our four-month whirlwind engagement and destination-wedding-planning.  We had an amazing ceremony in Yosemite National Park at 8 a.m. this past Friday and there were a couple of hiccups that made me think ""Reddit is going to hear about this!""  I'll keep it brief!

HUSBAND (eek!) and I did sunrise portraits with our photographer from 6-7:45 at various places in the park.  Some with my bouquet, some without.  As we finished up with them and arrived at our ceremony site, I realized I had left my bouquet about 20 minutes away (the park is a one-way loop).  I broke it to them by saying ""Ok, guys, nobody panic...But I left my bouquet at that pretty log.""  I accepted that hey, I'll have to walk down the aisle with bare hands but some of my AMAZING friends snuck off and picked wild grasses and a couple tiny flowers to make a natural bouquet for me!  Adorable and thoughtful and a much better story than ""I had my carefully planned bouquet the whole time.""

Second big hiccup: our friend drove 2,000 miles in order to bring some bulky items we didn't want to fly with, including the guitar for a different friend to play while I walked down the aisle, during our union ceremony, and for the recessional.  After waiting about 20 minutes past our ceremony time, the friend and guitar hadn't shown up and I decided we were going to proceed without it.  But I didn't want to walk in silence, so I asked our friends to hum ""Here Comes The Bride"" as I walked in.  I felt so much love from everyone joining their voices (throats? I dunno) in union to make our day special.  It was completely awesome.  We skipped music for the union ceremony.  For our recessional, a friend belted out ""Ain't No Mountain High Enough"" while our guests clapped and hummed some more.

TL;DR:", no bouquet=my friends made me one out of wild grasses.  No music=our guests hummed as I walked down and up the aisle.  Best wedding ever and so grateful for our friends!
133,"SUBREDDIT: r/weddingplanning

TITLE: Suit rental/buying dilemma.

POST: Hello, friends. Long time lurker here as a groom. I'm having some problems finding suit rentals for my groomsmen, and I'm looking for advice.

I bought my suit and I look dapper as hell. But my groomsmen are more interested in renting because they are A) in no need of a suit B) not in a position to afford a suit. So I am trying to match a suit roughly to what I have in terms of color (a charcoal grey), and I was wondering what other people have done to solve the renting/buying equation for their own wedding.

Also, just for fun, I live in CA, and the other three are in CO, NE, and IL. The wedding is in MN. Hooray!

What's I've found so far:

Most people do not rent suits, only tuxes, which are not my style.
Men's warehouse is useless and keeps trying to talk me into tuxes.
Jim's formal wear is in nearly every city, but their policies change as they do not have a single retail outlet.

TL;DR:"," I was foolish and assumed that everyone rents suits like they rent tuxes, but that is not the case. I have bought a suit and my groomsmen wish to rent for financial reasons. What stores can help?"
134,"SUBREDDIT: r/weddingplanning

TITLE: BHLDN trunk show, but plus size?

POST: Hi everyone!

When I was looking at BHLDN's new line, I fell in LOVE with the [Bridgette] gown. I saw they're coming to my state with the trunk show, so I jumped on it and got an appointment!

Now, here's my question: I am a street size 16. I see this dress goes to size 14 - I have over a year and am confident I'll be able to fit into at least a 14 by that point. In my confirmation email, they stated they will have a size *12* with them for the trunk show (and this is hoping they run true to size, too!). For anyone who has experience with BHLDN and/or trunk shows (I've never been to one), how is this going to work..? I'm having some issues trying to figure out the schematics of it all.

TL;DR:"," A dress I adore will be here for a trunk show, but only in 2 sizes too small. Will any amount of clips/fishing line/unicorn magic make this possible/worth going?"
135,"SUBREDDIT: r/weddingplanning

TITLE: I'm freaking out about the time between my ceremony and my reception

POST: This may not be a big deal, I just need help deciding what to do.  I have only been to about 3 weddings I can remember (this summer I have 5 though...) and none of them had to deal with this.  I just need confirmation that everything will be okay or further suggestions.  

My ceremony and reception will be at 2 separate (but nearby) locations in Forest Park in St. Louis, MO.  I booked my dream ceremony venue and had the choice between the 2pm booking and the 4pm booking.  I picked the 2pm because they guy said that was the one more people wanted in general, and I was hoping it would mean my reception could start earlier.  However I booked the ceremony before I even looked into receptions (dumb, I know) and since we are looking at non-hotel reception places like the art museum, history museum or planetarium, none of them will be able to accept my guests until 6pm.  I am now kicking myself for not taking the 4pm slot but I'm stuck.

So here is my plan: The ceremony will start at 2:30, and probably go until 3:00.  I will have a shuttle that goes from the ceremony to the nearby zoo (which is free) to the hotel, in a loop.  This will be the pattern until about 4 since we have to all leave the ceremony venue at 3:30.  After that time it will just go to the zoo and the hotel.  As soon as we can have people go to the reception, that location will get added to the shuttle loop.  All of these locations should be about a mile or so from the ceremony (the hotel might be further, not sure about that location yet).  The back of our wedding programs will have a map of the whole thing and numbers to call if people get stuck. 

During this time I'll be taking pictures with the wedding party in a leisurely manner since I have a lot of time.

Okay, what do you guys think?  Will this work and how can I make it better?

TL;DR:"," I have a 3 hour gap between wedding and ceremony, how do I entertain my guests? Will busing them to a free zoo and the hotel work?"
136,"SUBREDDIT: r/weddingplanning

TITLE: Bridesmaid rant

POST: So a year ago I chose my bridesmaids. I had some trouble with one due to kids but I got it worked out and had my party completely set. LAst month we bought dresses and everything was going perfectly well. Today however one of my bridesmaids told me that her boss won't give her the days off and now she has to drop out of my wedding! It's 4 months away!! It's too late to buy a new dress, I barely have any female friends as it is and I certainly don't have any that will fit into her small size dress! All because her co-worker wants to go to a cottage on that same weekend! SHE'S RUINING MY WEDDING! Now I don't know what to do, I'm angry, panicking, angry! I just want to cry!...Sorry about the text but I'm just...GRR!

TL;DR:", bridesmaid cancels 4 months before my wedding and I have no one to replace her with. I'm very mad!
137,"SUBREDDIT: r/weddingplanning

TITLE: Questions about having a mixed-gendered bridal party

POST: So, most of my close friends are guys.  I am having a female MOH and three ""bridesmen.""  My fiance is having three men and one woman on his side.  I've been coordinating dresses with both of the ladies in the party (they won't match, I just want them to look good next to each other).  I have offered for us to pay for their hair and jewelry if they can get their dresses and shoes.  I'll also be asking the guys to get their slacks, shirts and ties (no tuxes).   Should I offer to pay for my guys to get their hair done?  Do guys usually get their hair done when they're in weddings?  My FH is planning to have his styled that day, and the woman on his side will probably go with him, since she knows his stylist.  I'm wondering if I should offer to pay for the guys on my side, and if I should also by extension offer to pay for the guys on the groom's side to have their hair done.

TL;DR:"," If I am paying for my one bridesmaid's hair and our one ""groomswoman's"" hair, should we be paying for all the men in the party to get their hair done as well?"
138,"SUBREDDIT: r/weddingplanning

TITLE: ::Anguished cry of pain:: Our priest got reassigned, the new one is a @$&*!

POST: With 110 days to go until our wedding (March 22nd), my fiance got a voice mail from the church telling her that the priest we had already met (and got along well with) had been reassigned and we would be working with another priest. One of the reasons we like our old priest so much was because we felt he really understood us as a couple. Plus, he allowed us to make some ""deviations"" from the standard Catholic wedding ceremony (we were writing our own vows, and had a single piece of secular music for the unity candle). When we finally got a hold of the new priest, he quickly put the kibosh on all of that, as well as adding new conditions. Apparently, now we have to:

 * submit my baptismal certificate (I'm not even Catholic) so we can get ""special dispensation"" to get married

 * have to get all of our music (even the sacred music) approved by the organist. We're not using an organist, we hired a string duo.

On top of all that, he was *extremely* rude. When we tried to set a time to sit down and talk to him about these changes, he told us he was ""extremely busy"" and wouldn't agree to meet any sooner than two weeks. By the time she hung up the phone, my fiance was in tears. That is *beyond* reprehensible in my book. It's been twelve hours since this has gone down, and all I want to do is get another venue. But at three and a half months out, is that even possible? We were hoping to have invitations done by the end of the month.

TL;DR:"," Catholic priest was reassigned, new one made my fiance cry. Find new venue soon enough for invitations? AGH!"
139,"SUBREDDIT: r/weddingplanning

TITLE: Is my plan for our rehearsal dinner tacky?

POST: Because my fiance and i have a super low budget for the wedding, we're trying to keep our guest list under 100 people. both of us have relatively large families (~30 on my side, ~20 on his), which means there's a fairly small number of our friends who we can afford to invite.

in an unrelated vein, we've decided to have a pig pickin' for the rehearsal dinner. it'll be low-budget, relaxed, casual, and a metric fuckton of fun. i would like to invite my fraternity brothers, and any of our friends that we had to cut off the list, to attend the pig pickin'. we'll have a fairly unlimited amount of space, and plenty of food. I'm considering making it a potluck affair (we'll provide the barbecue and plasticware, as well as some condiments, i think)

I feel that weddings are parties, and they should be worth attending. i think everyone should have fun, and i don't want it to be a stuffy affair with family members who only see each other once a year. i'd like for everyone to have fun, so i want the rehearsal dinner to be the huge party i can't have for the reception.

i'm afraid this is going to be tacky, and i can't think of a way to word the invitations that doesn't seem insulting. do y'all have any advice?

TL;DR:", can i invite people to the rehearsal dinner who aren't invited to the wedding because our guest list is minuscule?
140,"SUBREDDIT: r/weddingplanning

TITLE: [Rant] Wedding location chaos.

POST: Im getting married in 2017 in Pennsylvania, where we will be living and where my FH is from. We currently live in Georgia, but are moving back to PA, where we met, this year. I am from Colorado, but have not lived there in 4 years. My mom is paying for the wedding and still lives in Colorado.

I do not want the wedding in Colorado. I want it near where I live and within diving distance for the maximum number of guests. This includes many of my friends too. My mom visits every few months and last time she was in town she finally agreed to have the wedding in PA. She just came to town again to visit yesterday and ranted to me about how ""none of her friends can come to my wedding,"" ""they all said they couldn't make it,"" ""its too far for everyone,"" ""all of your friends are in colorado anyway (not true),"" etc etc.

After asking several times and her avoiding the question I asked who said that they couldn't make it. She has only told two of her friends that they are invited, one declined because of distance and one said she would come. Also note that half of her friends live outside of Colorado in the first place. Many also work in the airline industry and travel for pennies (my mom included). 

I'm so done. I don't want to get married in Colorado. I have told her this many times. I have very few remaining connections there and my mom is my only family there. Im going to help with travel/wedding expenses for my MOH and one bridesmaid who live in Colorado and my mom was horrified. Honestly if this doesn't stop I will pay for the wedding myself and downsize, but I really don't want to burn a bridge with my own mother.

TL;DR:"," My mom is paying for the wedding and continually nags me about not having it where SHE lives, even after she agreed to the location."
141,"SUBREDDIT: r/weddingplanning

TITLE: How an almost perfect day was ruined.

POST: I was married over this past weekend and it was an absolute dream. So many things came together at the last moment, friends & family came from all over to celebrate and share in one of the single most amazing days of my life. I have never felt so happy, loved, and joyous. All of these amazing memories are now somewhat tainted for me because my husband over-drank. This is not normal for him; he is usually an extremely responsible man and I have never, in our 7 years together, seen this happen before. But it did happen. I think he got caught up in the excitement and there were a few heavy-drinking friends and he just wasn't paying attention. He didn't make it to our pre-planned after-party. He broke our friend's phone, threw up on another friend, and had to be literally carried home like a baby by a group of men. I went to the after party alone and was told that he was fine but had needed to get home. I was walking home when I got a phone call that he stopped being responsive, started shaking violently and an ambulance was on the way. I had no idea things had gotten so out of control. I spent my wedding night at the hospital, in my wedding dress, while my husband struggled to understand what was going on. I went from holding the most beautiful flowers, to holding a bottle of my husband's pee at the ER. He feels terrible and I know that he will never do anything even half this stupid again. But there are so many moments that he missed and he will never get back. He will never undo the buttons on the back of my wedding dress. He won't get to hear my friend jump in with the dive bar band at the after party to sing our wedding song. We spent so much time and energy organizing this amazing night, and he doesn't remember large parts of it. I had asked the bartender beforehand to make any drinks for me on the lite side, because I really wanted to make sure that I could remember and experience every possible moment. I really wish I had asked it for my husband as well. Don't let yourself or your loved ones make this mistake.

TL;DR:", Do not overdrink at your own wedding. It is an incredible day in your life and you should do everything possible to be there for every single moment of it.
142,"SUBREDDIT: r/weddingplanning

TITLE: Sacrament of marriage - Deacon/Reverend?

POST: my FH and I were both raised Catholic but aren't practicing catholics, nor do we want to get married in a Church.  We've been engaged for 1.5 years but haven't really planned anything for the wedding, as we both think the cost of weddings is ridiculous.  We got our marriage license today so we plan on making this official within the next 60 days (as our license expires then).  

We are having a small ""ceremony"" (just our parents and siblings) and then doing a celebration in a few months

My mom asked if we were getting married by a Deacon or Reverend, as this way it will still be considered the ""sacrament"" of marriage.  FH & I are both okay with this, but not really sure how to go about this or if it's even a true statement...

.

If I find a deacon or reverend to marry us, will that still be considered the sacrament of marriage, or would we HAVE to get married in a catholic church with a catholic priest?

any help/suggestions/ideas would be greatly appreciated.

TL;DR:"," my mom would prefer we get married by a reverend/deacon so it's still a sacrament, how do i go about doing that?"
143,"SUBREDDIT: r/weddingplanning

TITLE: Is anyone else having more than one shower?

POST: My fiancé and I are having a couples shower on March 1st graciously being thrown by his aunt. Before she offered to do this, some ladies my mother goes to church with offered to host a shower for me. These are mothers of people I went to high school with. I was never friends with any of them, and they were actually pretty rude to me throughout high school. Their mothers are alright, I suppose, just a little stuck up. I haven't interacted with them much. They are all well off, more than my family or fiancé's family. At first, I felt like they pitied me and I felt like a charity case so I was very happy when his aunt offered to host our shower. I am very comfortable with his family. My mom hasn't brought it up since. Then, last night she said they still wanted to host one since they ""understood they couldn't be invited to our small wedding."" She said it was normal to have multiple showers. So is anyone else having more than one?? This second one is just a bridal shower with people not invited to the wedding. It just seems weird to me...

TL;DR:", Stuck up rich people want to throw me a second shower since they weren't invited to the wedding. Anyone having 2+ showers?
144,"SUBREDDIT: r/weddingplanning

TITLE: Registry help - starting from scratch!

POST: I see a lot of registry posts for people asking what they should get if they've already lived together for a while. FH and I are getting married in October, and most likely won't be getting a place until sometime between March and June. I have my own odds and ends, but most of my stuff is hand-me-down/thrifted/yard sale-bought, so we are REALLY starting from scratch here. I don't have a full dish set, have lost silverware over the years, etc..... FH really doesn't have anything, as he still lives at home.

We tried to start our registry tonight, and we did, but I was SO MUCH more overwhelmed than I thought I would be. I felt a little better when I finally told the guy I would be more comfortable if we were just walking around by ourselves (we were at Bed Bath & Beyond), but I just have NO idea what we absolutely need to have.

I also think I'm micromanaging a bit too much... We found dishes we liked, but they were green, now I'm questioning whether or not we should get green dishes - I feel like that means we'll be stuck with some combo of greens/neutrals/browns in our kitchen & dining room forever so it all matches and I'm wondering if I could live with that forever. I feel like I might be overthinking this/going crazy. 

So please, tell me what things I ABSOLUTELY need to register for, what things would be a good idea, and some of the fun things you got that would probably be useful.

TL;DR:"," FH do not live together, we are starting from scratch because everything we have is hand-me-down or second-hand. HALP!"
145,"SUBREDDIT: r/weddingplanning

TITLE: Wedding dress help, please help!!

POST: I have fallen in love with a dress by a Canadian designer, the problem is I live in Australia and there is only one shop in my state that has these dresses. I've got an appointment to try on the dress in couple of weeks and as I'm assuming is normal I had a couple of questions regarding the dress sizing and price (what sort of deposit will be required and such) before my appointment. Unfortunately the shop owner has been less than helpful and hasn't responded to my emails and when I followed up about my appointment she responded with a one sentence very unhelpful email.

My problem is this: the dress is advertised for $2000AUD + a $240AUD shipping cost which is understandable but the shop owner has now quoted me $1600AUD more than what is on the designers website and that doesn't include alterations. Is this normal and should I order the dress seperately to the shop owner and seek a seamstress on my own? I consulted my FH and he's angry with the shop owner for treating me so poorly and charging the excessive amount. 
Would really appreciate some advice!

TL;DR:", only shop owner to host a particular dress from another country and is charging $1600 more than what is on the website for dress and shipping costs.
146,"SUBREDDIT: r/weddingplanning

TITLE: This week's argument with my mother - Receiving Lines [Rant]

POST: Short back story: My mom has been momzilla from the minute FH and I got engaged.  She physically went to bridal salons within days of engagement to send photos of dresses to me (would be less weird if looked online or in a magazine..).  She also has set up multiple appointments with venues and other vendors without asking me and then SURPRISE ""Katesquire, we have an appointment today."" (all vendors/venues FH and I didn't like when we looked online)...

Easter rolls around. I'm there without FH, so my mom pounces. (ETA: my mom is usually on her best behavior when FH is around because she's either afraid he'll get mad, or she actually cares what he thinks...idk idk) She basically interrogates me about wedding stuff from the minute I walk into the door for 6-7 hours. 

We got into a 45 minute argument about receiving lines.  She thinks it is rude to not have one. However, I would rather go to each table during the reception to greet guests. My reasoning: (1) we have our ceremony and reception at the same place. We would need to take pictures during our 1 hour cocktail period. If we have a receiving line, that would cut our picture taking time by at least half. (ETA: 200 person guest list) Pictures are the most important thing to me, to be perfectly honest. (2) My bridal party does not really know my family or his family.  It would be very awkward for all of them, and I don't want to make them do that. 

My mother's reasoning: (1) She had one in 1980. 

Full disclosure: if we were having our ceremony at a different venue and then moving to the reception site, I would be more open to the idea.

Sometimes I think my mom just wants everything to be her way so she will argue with me about anything. It's exhausting.

TL;DR:", my mom argues with me about everything wedding related  & she wants me to have a receiving line when it logistically will not work with the timing of our ceremony/cocktail hour/reception.
147,"SUBREDDIT: r/weddingplanning

TITLE: Mothers and Mothers-in-Law Involvement

POST: I got engaged 10 months ago, and our wedding is on September 1, 2013. Just about 3 months to go and I'm having the hardest time vetting out my SO's and my family's involvement. 

I am my parent's only child, and they adore my fiance. They want to help, and have each (divorced) allotted a certain amount they will contribute toward the wedding. These amounts were decided months ago, and are almost enough to cover the whole wedding. Just last night, my future MIL emails me a list of things that she will pay for. Up until now, we have known they would help, but not how much. The things she has offered to pay for are the largest items, but also have down payments made by my family and I.

I appreciate and understand my parent's approach, and it allows me some flexibility and aid in the things that people don't ask to pay for (Tip, outdoor restroom, insurance, etc). I think my MIL is subtly trying to edge her way into the budget and gain control over the most important parts of my wedding. Don't get me wrong, she and I get along well and work together well, but I am a project manager, this is my wedding, and I cannot allow this to be made an issue of. I want desperately to speak to my mother about all of this, but I am worried she will become emotional and defensive toward my MIL.

TL;DR:", trying to juggle getting what I want out of my wedding without offending my mother and MIL and feel like I'm pulling my hair out trying to make everyone happy. 
148,"SUBREDDIT: r/weddingplanning

TITLE: How do I manage a tricky situation with my future mother-in-law about including FH siblings in the wedding party?

POST: My FH and I have selected our GM and BM and decided not to add his two step-brothers and two-step sisters in the bridal party, but to make the two step-brothers as ushers and include the two step-sisters in another role in the wedding. We have included our biological siblings in the bridal party and were under the impression that the step-siblings were fine with not having those roles. FH mom (whom I love dearly)  has been very generous by offering to pay a large portion of our frugal wedding to help us start out more financially stable. We did not ask for her to help out in this way but she insisted because she is generous and claimed to not have any strings attached with how we spent the money or feeling obligated to follow her suggestions/opinions. She recently made known that she has a very strong desire for all of the step-siblings to be included in the wedding ceremony more publicly (aka part of the GMs and BMs). In this desire she has started using the argument that since she is paying for most of the wedding we must follow suit in generosity by granting her request (that she placed in an emotional, strong suggestion). My FH and I have mixed feelings about this. We are not intentionally excluding them from the wedding party; we wanted it to stay small and stick to biological siblings and closest friends. We also have no other easy options for ushers. I am torn between my desire to roll over and do whatever is expected of me and stay strong with my FH on what we had decided to do because of decisions made based on what we wanted for our wedding party. We also have not heard from the step-siblings any indication they feel left out. Any suggestions on how to include them in the wedding more publicly without making them junior GM/BM or full-fledged members of the bridal party?

TL;DR:"," FH mom *really* wants step siblings to be GM and BM when we already made decisions to include steps in other ways in the wedding, please help."
149,"SUBREDDIT: r/weddingplanning

TITLE: Bridesmaid dilemma :(

POST: Long time lurker, first time poster!

Background: 4 years ago I was previously engaged to David and during that time I asked my good friends Sarah & Hope to be bridesmaids as well as my sister Emma.  Well, I broke it off with David. Thankfully we didn't have any money down for a wedding.

Now, I am engaged to the love of my life Jeremy.  We've been engaged for 3 months now and I can't believe how different everything is.  I asked my sister to be my bridesmaid.  But, I didn't ask Sarah or Hope.  I haven't talked to Hope since graduating from college almost 3 years ago.  I see Sarah about once every 6 months.  We've just grown apart.  

The problem I am having is that I don't want to ask Sarah to be a bridesmaid.  I've actually already chosen my 3 maids. My sister, my cousin Alicia, and my best friend of 2.5 years Cara.  I've already asked all 3 girls.  Do I need to bring this up to Sarah? Or do I just ignore it and send her an invitation? I fully plan on inviting her to my wedding.  I just don't see us being as close as we were 4 years ago and these other 3 girls have been there for me during my whole relationship with Jeremy.  I'm stuck.  I don't know what to do? Any advice would be appreciated!

TL;DR:", Asked friend years ago to be bridesmaid for a former engagement.  Now engaged to new (better) man and don't want her as a bridesmaid.  What do?
150,"SUBREDDIT: r/weddingplanning

TITLE: How to deal with family expectations? Biggest issue right now: engagement ring not good enough for MaMa.

POST: So, my lovely boyfriend of two years proposed and I'm a giggly school girl.  However, upon telling my mother, she immediately told me I need to get a new ring.  For background, the ring we were planning to use as an engagement ring is a ring he got me last year.  It's white gold with a large ruby as the center stone and two side diamonds.  I love it and am more than happy to wear it the rest of my life.  It helps that just using this ring will really help with the financial situation - we are both still dealing with college debt.  However, my mother told me point blank that my family (traditional Southern) will absolutely not accept that we are engaged until I have a diamond on my finger.  (So, she is the only one who knows on my side of the family so far; my partner's family all know would be just fine if there were no rings and we just eloped without inviting anyone.)  She even went so far as to say there is a minimum size for the diamond!  She probably won't be happy until as much money is spent on the one ring as we are hoping to spend on the whole wedding.  That said, I think she might be right about my family looking down on my SO (who they currently think is great) if I don't have a center diamond.  I'm currently planning on testing the waters with my family (subtle questions, mentioning that diamonds only became popular relatively recently) to see if her beliefs are correct, but I can't stop worrying about it in the mean time.  Any advice or stories to share?

TL;DR:", Have a ring with a center ruby I'd like to use as an engagment ring. Mother dearest says nothing but a diamond will do for my family to accept the engagement.  Advice?
151,"SUBREDDIT: r/weddingplanning

TITLE: Burnt out.

POST: I've been seriously working on planning our June 2014 wedding since this past June.  We have the pastor, caterer, florist, DJ, and venue booked and the dress is bought.  All the bridesmaids are asked.  

Aaaaaand it feels like the list is never-ending: still need to book cake, ceremony music, rentals, day-of-transport, buy save-the-dates & bridemaids dresses, make all the crafts... As we near on 6 months to go, I'm terrified I'm going to screw up this wedding with my complete apathy.

I've tried doing the break thing (""Don't think about the wedding for a couple weeks!"") and all it feels like is I've set the planning even farther back by doing nothing.  For frame of reference, I'm marrying the man I've dated for 7+ years (SO EXCITED FOR THE MARRIAGE BIT).  I'm really bogged down with my job-- trying to work extra-hard to land a full-time, permanent position that may never come.  Family is very eager to help, I'm just unsure how to have them help without changing the vision of the wedding (I'm having a rustic vintage-type affair with a barn reception and Mom seems to envision the whole thing as country cute-- think lots of burlap and lace, signs everywhere-- and is hurt if I don't like her ideas).

TL;DR:"," Wedditors, how can I get out of this funk?  What did you do to avoid burnout and stay out of it?"
152,"SUBREDDIT: r/weddingplanning

TITLE: Veil help please! Need a brick and mortar shop so grandma can come along. Plus bonus mini-[rant].

POST: Like the title says, I need a good brick and mortar shop so that I can go veil shopping with my grandmother. This is my attempt to appease her since I bought my dress with my mother and she wasn't there to have a say. 

Anyway, I thought offering to go veil shopping with her would be a good option, but I have some serious regrets about that now due to her insanely controlling nature (she's already complained to both my mother and me about how ""plain"" my dress is and tried to convince me to just ""try on a few other dresses.""). Needless to say, her whole attitude has been rude and hurtful, but I did promise to go veil shopping. I am sure our opinions will differ on the type of veil I want, but I'm more than prepared to put my foot down when I find the one I like.

I'd really like to get this over with as soon as I can (so I can stop hearing about my dress and how she'll have to dress it up with a suitable veil) so ideally I'd love a big selection. I am located in the Los Angeles area so anywhere between Orange County and the Valley would work well. 

Any thoughts on going to places like Nordstrom or something to look?

Any ideas would be totally welcome. 

Also, since I want to avoid her attempting to force me to try on other dresses - any one know the etiquette about bringing my dress along? I figure I'd call first with all the places to get the okay, but I just don't know what's done to be honest.

TL;DR:", Need to go veil shopping with grandma. Must be brick and mortar. Any good places with a good selection in the Southern California area?
153,"SUBREDDIT: r/weddingplanning

TITLE: Honeymoon Registry Advice / Help

POST: Hey Weddit! First and foremost, let me just say how much I love this sub and will probably never leave even after my wedding! The encouragement and love in here is just awesome.

So on to my question... honeymoon registry. We literally JUST bought a home and furnished it and genuinely don't need anything from a physical registry so we decided on a honeymoon registry. This is not a post asking for opinions on whether we should or should not do one. Both of our families are aware of it and think it's awesome / the best choice so no issue there :)

We are going to Europe for 2 weeks directly following our wedding. We have already paid for the bulk of the trip (airfare, accommodations, ect.) but thought if people gave to the registry then awesome, we will recoup some of the cost! We are using Zola **(any Zola reviews also very welcome)**. 

The problem that I'm having is I've put like the major things on there (airfare, hotel / hostel, car rental, ect) as ""contribute what you wish"" items as well as some more local things with specific prices (entrance fee to specific places and things that I know we will be doing) but it still tells me I need more stuff. 

What are some things I could put on there to fill it up a little more if I can't think of more things that I KNOW we will do. I kinda feel like when we get there we will do our own thing (I don't want an itinerary). I have found some things we MAY want to do, but if guests buy that / give towards it and then we won't do it (no pictures on social media, ect) will they be upset? 

I have tried thinking of ""fluff"" type items (i.e. breakfast in bed) that people wouldn't necessarily know if we did it or not, but I'm running out of ideas!

TL;DR:"," Just not sure what to do to have ""enough"" things on our Zola honeymoon registry if we aren't sure of what we are going to want to do once we get there."
154,"SUBREDDIT: r/weddingplanning

TITLE: PSA: Your local jeweler might have better prices than even the best online retailer or chain jeweler

POST: FH and I have been looking at diamond rings lately (even though we've been engaged for a while and I already have a ring). I was really interested in buying from Brilliant Earth or Blue Nile (among other online retailers) and after doing research (I should add that I'm a geologist so I know about gemstones), I found that they really do have much better quality/prices than the popular jewelry stores (Zales, Jared, Kay etc.). Today, we went to a very high-end local jeweler (the kind I always avoided because I assumed they would be super expensive) and we got the best service and found the best price. The sales associate was so sweet and they had exactly what I wanted. Their price beats the online retailers by $1500 and they're allowing me to ship it out of state to a family member in order to avoid paying taxes which saves another $2000. The best part is that I can bring my ring in for free servicing any time I want and that they have a great warranty, not to mention the fact that it's much easier to buy a diamond in store than online.

TL;DR:"," Even with overhead costs, local jewelers are capable of beating the prices of online only retailers and chain jewelry stores while providing better service."
155,"SUBREDDIT: r/weddingplanning

TITLE: DIY Wedding Cake? pics inside

POST: I have planning around with the idea of making my own wedding cake for several reasons. 1. Because I am a very DIY type of person. 2. I grew up only with homemade cakes so I tend to have an aversion to non-homemade stuff it just tastes different to me and 3. Budget, All the wedding cake makers in the area seem charge ridiculous prices for a wedding cake. Now I am not a huge baker, I do bake but I mostly focus on cookies. I recently made this [Cake] here for FMIL's birthday. Now my ideal wedding cake will be white with the bottom portion being 1. 1/2 inch taller and then a smaller tier of the same height as the bottom on top with flowers piled on top. I will be getting a cake comb to smooth the sides so they won't be as choppy on the real deal as the one pictured in this post. I have already looked a great deal into transporting the cake and since it isn't that big it shouldn't be to difficult and the venue is near my house. My parents also offered their kitchen, bakeware and supplies if I do go the homemade route so homemade will essentially be free for me. And I don't have to worry about size because our caterer is providing the main dessert the cake is more for tradition and will be put out with the late night platters if people do want to have a slice. Now I know people always say your wedding, do what you want but I want honest opinions here. Will it look tacky if I make my own wedding cake? I don't want to look back and feel like I looked cheap and ripped off my guests because I insisted on going the homemade route. 

Also our theme is a vintage literary theme.

TL;DR:"," Doing a homemade wedding cake will be completely free for me and really help my budget but considering my current  [Cake] skills, can I pull it off with it not looking cheap and tacky?"
156,"SUBREDDIT: r/weddingplanning

TITLE: Pulling back save the dates?

POST: My fiancee and I are getting married next October, and we sent out the Save the dates a few months ago (We've been engaged since Dec 2013. Long story why such a long engagement). My fiancee is a planner to the max, and wanted to send out the save the dates early, so that everyone could actually *save the date*. Go figure, eh? 

What happened is that we've lost touch with some people that we sent out the STD to, and we're thinking that we would like to invite some others. We're kinda limited in the number of people that can come (120, +/- 5) and so, can't invite any more, without not inviting some. 

There are two couples that we don't want to invite anymore. The first couple was a high school friend that I knew well. She moved away, got married (didn't even get an invite to her wedding). We then happened to get posted to the same town last year (We're both military families) The first few months, we hung out a lot, best of buds, but lately, any time we want to do something, they find an excuse to not be there, or they need to change plans last minute, or, have something better to do.

The second couple is, again, a high school friend. We were a tight knit group for a long time after high school as well. My friend got married, and still, no problems. What happened was almost a year ago, his wife went bat-shit crazy, and started blaming all of us for any disfunction in her marriage, saying we corrupted, let's call him Joe. Joe's bachelor party was fairly tame. We drove down to Atlantic City, gambled, saw an MMA fight, had some strippers in our hotel room, and then went to go see the Jets play. But she seems to think that it was a weekend of drunken debauchary, and has an infectious (not in the good way) mood.

Wow. that was much longer than I wanted it to be. Sorry!

TL;DR:", Sent out STDs to a few people that we don't want to invite any more to the wedding. Is there any protocol?
157,"SUBREDDIT: r/weddingplanning

TITLE: How to give bridesmaid an out?

POST: *

TL;DR:", Bridesmaid is in another country and I get the feeling she wants to step down. How can I offer this in a nice way?
158,"SUBREDDIT: r/weddingplanning

TITLE: *Rant* I got sick & tried of waiting for everyone else to give their opinion on what we should do.. So I said F it, and within 2 days after waiting 6 months we will have a date & venue. Details inside.

POST: My SO and I got engaged on New Years Eve 2012/2013. We have spent the last 6 months waiting on family, telling us they want to help. We came up with ideas, and waited.. and waited.. and waited.... I told myself back in January, that I would give it 6 months. Welp it is 6 months now, and I am sick of waiting on family. It isnt their fault, we are both just sick of waiting. 

So last weekend, I found a venue that pretty much let's you do whatever you want. We can have the ceremony space and the reception in same place. We can decorate it how we want and most importantly foot the bill ourselves. i.e we dont have to wait for anyone or for anything. It is on our dime, and our schedule. We can plan the wedding the way we want. We can have our wedding the way we want. A large event, a nice ceremony and a celebration with all our family and friends. Don't like it, than don't come. Don't think we should, than don't come. We are sending out invites before we plan catering ect.. so we know how many people are attending. Sort of backwards I know, but we have complete 100% control of it, and I love it.

TL;DR:"," We got sick of waiting and people's opinions. After 6 months, we said F it and planned it ourselves. We have complete control of everything and we love every second of it."
159,"SUBREDDIT: r/weddingplanning

TITLE: My cousin probably isn't coming to my wedding anymore and I'm happy about it!

POST: The majority of my cousins in my generation are older than 40 due to a large gap in births, and all of them are either married now or have been married in the past. After I sent out save the dates, my cousin, Bob, messaged my mother on Facebook about bringing his daughters. The invitation was addressed ONLY to him and our website (listed on the save the date) states it is an adult only affair. My mother politely said ""I'm sorry but we cannot accommodate children"" and he said ""well why can't I bring them to the church?"" and my mother replied that no other children will be invited because it is an adult only affair. Well thankfully he got over it because his sister's are going and won't be bringing their kids. But then a month ago he tells his sister he is bringing his girlfriend of 3 weeks so his mother can meet her at the wedding! He doesn't get a guest because he is a single guy who can't hold down a relationship for more than a few months. I love that my awesome cousin let me and my mother know and she (the sister) told Bob that the new gf won't be invited because he doesn't get a plus one. 

Today I was at my mother's house and she had news from MJ, who is my super super awesome cousin (she is my day of coordinator because she doesn't take people's crap). MJ was talking to Bob and Bob informed her that he probably won't come to the wedding anymore because his girlfriend isn't invited and he was offended I didn't invite our other cousins from Connecticut (FYI they don't give a damn). I don't know those cousins very well but I did invite the ""heads"" of the family because, well, they are family, and I have seen them at most family parties. Plus, if we invited everyone that would be **12** seats at the reception I would have to give up for people I barely know instead of having friends or family who I do know there! 

I told my mom if he says anything I'll just tell him to cough up the money for the 12 cousins haha! Kidding of course. I'll be my delightful self and say 'no' then curse him out under my breath. :-D

TL;DR:"," Pain in the butt cousin wanted me to invite his kids, then his gf, then 12 other cousins. Probably won't come to the wedding anymore. Oh well!"
160,"SUBREDDIT: r/weddingplanning

TITLE: My MOH dress has yet to come in and the owner is a no show [rant/advice]

POST: Hello Fellow Weditors!
 
After eloping with my wonderful husband in June, I've finally hunkered down and started my wedding planning the party with the family.
 
I found a gorgeous Jordan's dress for my sister in a local shop and ordered it for $200. I thought ""perfect, I'm ahead of the game"" She said it was going to come in the beginning of September.
 
This was about four months ago.
 
August, she disappeared off the face of this planet. No idea where she went, no response to what is happening to her shop. I called her to find out if the dress was going to be ok. No response.
 
Fast-forward today, I've been calling this woman for a month now just for a reference with still no response, the dress should have been in three weeks ago.
 
I logged on to my Facebook this afternoon and my heart jumped to my throat, there's a moving sale, the hours are 10-3. HOLY HELL IN A HAND BASKET! Of course the moving sale weekend is the same weekend where I'm out of town and three hours away with no way to get to the store.
 
Ok, so now what do I do? I decided to give her another call.  No response, No answering machine explaining what is going on. I've explained calmly that I've been calling multiply times with no reply on to her end, and that I wish for the dress to be in my possession or my money back. I told her that I prefer to keep this.
 
Girls, I am so lost.  This blows but at the same time, if this is the worst thing that happens to me during this journey. Then it will be ok.

TL;DR:"," bought MOH dress four months ago and never received follow up or dress, found out today there is a moving sale this weekend."
161,"SUBREDDIT: r/weddingplanning

TITLE: I have a plus-size MOH, where is a good place to find dresses?

POST: So here is the deal: I have 3 bridesmaids, and they are all very different sizes. One bridesmaid is very petite (around 4'11"") and a size 2. My other bridesmaid is a size 10. And my wonderful MOH (my older sister) is a size 24.

My problem has been most retailers only go up to a size 16 in bridesmaid/cocktail dresses. This is really discouraging me because I love my sister and don't want her to feel bad that I am struggling to find dresses that would fit everyone.

I am open to the mis-matched dresses idea, but I would have to make sure they were the right color (my colors are peach and sage green), which could be problematic if they have to order from multiple designers. 

Does anyone know of any good stores/Etsy shops that make dresses is regular and plus sizes? Any other suggestions?

TL;DR:"," My MOH is plus-sized, while my other bridesmaids are not. Suggestions on where to buy dresses?"
162,"SUBREDDIT: r/weddingplanning

TITLE: FH and I debating on doing a 'first look' before ceremony; good idea or will we regret it?

POST: Ok Weddit, I need your advice!  FH and I are working on our day of timeline for our wedding. I want our photographer to get shots of the reception area before the guests arrive, the bridal party getting ready pictures, then the church and back to the reception for candid shots. I'm trying to figure out putting formal pictures in there somewhere. We will be doing formal pictures at the reception area, which is right next to the bridal party getting ready location. It is the church which is odd-man-out in terms of location.  Our church and reception areas are 15 mins apart, which can add up for our photographers scheduled time. I don't want her spending 45 mins just on travel.

Photographer suggested doing all formal pictures before the church ceremony, and doing a special 'first look' series in which FH sees me in dress all done up.  FH and I are not super traditional, and think this could be a fun (more intimate than church) experience as well as consolidating travel time and photographer time. Both of our sets of parents are not quite as easy going; they don't like the non-traditional style and think we would regret it.

Brides and newlyweds of Reddit. Did you do a first look before the ceremony? Did you opt for the formal shots after the ceremony? I need your thoughts, opinions, and suggestions!

TL;DR:"," Should I do 'first look' and formal wedding party shots before the ceremony to make a more streamlined wedding day timeline, have more intimate and close up photographs of his first look, and make more use of our photographer?"
163,"SUBREDDIT: r/weddingplanning

TITLE: Question about step father of my groom gift!

POST: Okay so I was just thinking of nice meaningful gifts for my parents and my FH's mother, when I realized I'm at a loss for what to do about his step father. First off technically his mother and this man are not married so he is just his mothers boyfriend...person...thing. BUT he is the father of my FH's little brother and they have been together for about 10 years. FH and him are not like ""oh you're more like a father to me"" close though. Confusing I know :/ 
But I really feel we should give him a gift too! He has always been so nice and sweet to me since day one of our relationship and he is pretty much a grandfather to our son, I love this guy he is just super badass. Him and FH are like buddies. 
SO the question is what the hell kind of gift could I give this man? Nothing too lovey dovey or fatherly you know? I'm at a loss!

TL;DR:"," FH has ""buddy like"" relationship with his mothers boyfriend but we need a Gift idea for him when handing out parents of bride and groom gifts."
164,"SUBREDDIT: r/weddingplanning

TITLE: What's a cute/fun surprise for a bride & groom from the bridesmaids?

POST: I'm a bridesmaid at one of my best friend's wedding one month from tomorrow. Three of the other bridesmaids and I have all known each other and the bride for 15+ years, and she and her groom are finally tying the knot after 12 years. The MOH and I have expressed the desire to conspire a surprise for them, but we suck at coming up with ideas! We're all pretty scattered around and have fairly busy schedules, so we only see/talk to each other maybe a couple of times a month (if that), so it's been a couple of weeks since we first mentioned doing something.

We originally thought of doing something on the wedding day that could be cute, but nothing that would spoil or steal the spotlight from them. Just something to show them how much we love and appreciate being a part of their lives and how happy we are for them!

I also remember seeing someone mention here how the bridesmaids each sent a message to the bride in the days leading up to the wedding, one day for each year the bride & groom had been together. I'd love something like that too, and it might be a little more discreet than a display on the actual day. This could also help them lighten up a little from the most stressful time before the wedding (although they're very down-to-earth, stress-free people, but it would still be nice).

TL;DR:"," Looking for some cute, simple ideas for a surprise from the bridal party for a bride & groom who have been together for 12 years to show our love and appreciation, and most of all to honor them!"
165,"SUBREDDIT: r/weddingplanning

TITLE: I need help with planning what to do in a big time hole in the middle of our big day!

POST: We're getting married at 1.15pm, then travelling 15 minutes to the reception venue, where will have dinner at around 5pm followed by drinking and dancing into the night at around 7.30pm.

Our problem is how to keep the evening-only guests who also want to come to our wedding service happy and busy. We would really love them to come to the service itself but both the church and the reception venue are in the middle of nowhere, so not an ideal location for the evening guests to kill 5.5 hours. Does anyone have any budget-friendly ideas on how to provide entertainment for them? Has anyone had any experience with this kind of situation? Should they come straight to the reception with the dinner guests at 2pm, and then leave for a couple of hours at 5pm when we eat dinner? I want to make them feel welcome and have fun!

TL;DR:", Need budget-friendly ideas on keeping wedding service/evening-only guests happy for 5.5 hours in no man's land.
166,"SUBREDDIT: r/weddingplanning

TITLE: Destination wedding... not inviting entire family... help!

POST: We are having a destination wedding and are only inviting aunts/uncles - no cousins. Cousins would put us over the 300 mark bc they're all adults with +1's. My question is how to let the family know that we're keeping it small... I feel like once STD's go out the aunts/uncles will ask their kids if they, too, received one. I feel like it would come off as rude if we just don't invite them. 

The only advice I hear is to do a reception once we're back in town, but I still won't be able to pay for a 300+ person reception here or there...

We are going to a wedding with the entire family next weekend - should we discuss it there and start to let people know it's a small wedding? How do you even begin that awkward conversation?

TL;DR:", We are only inviting aunts/uncles to our destination wedding - no cousins. Do we tell the cousins/family ahead of time that we are keeping the wedding small? If yes - how do we tell them?
167,"SUBREDDIT: r/weddingplanning

TITLE: With the encouragement of this sub, I sang John Legend's ""All of Me"" to my wife on our wedding day!

POST: Hey all!

So my wife and I got married this past October - and when we were planning our wedding, one thought kept going through my head: surprising her by singing to her. 

Some backstory:

when ""All of Me"" came out, we were seriously talking about possible marriage and it became her absolute favorite song. I learned to play it for her on the piano, but I never sang the actual song to her. And when we talked about marriage she would always mention that it would be a dream to have her ""future husband"" sing to her on her wedding day.

So we got engaged and as we planned the wedding, this thought kept going through my head. I actually took to this sub to ask what some of the ladies here would think, and got lots of positive encouragement.

So on our wedding day, I kept a secret from everyone except our DJ. When our Best Man and Matron of Honor finished giving their speeches, our DJ announced that I wanted to say a few words - and then I did it. 

Although I was INCREDIBLY nervous, frightened, etc. doing this for her and knowing what it meant was worth everything to me. In the end (although I get embarrassed looking back at it) I know it was a special moment that she will never forget - and that's worth it to me. So I put together this wedding video from the footage we got from our videographer (if you're in the tri state area I HIGHLY recommend endless wave studios! at 

So again to this sub, thank you r/weddingplanning!

TL;DR:"," I sang to my wife on our wedding day. I was nervous as hell, but she loved it. And I put together a video highlight of it."
168,"SUBREDDIT: r/weddingplanning

TITLE: You were invited to a wedding. You did not win tickets to a concert.

POST: When you invite a couple to a wedding and name the two invited guests on the envelope, do you think it's appropriate for the guest (who is not travelling from out of town and will have all of his siblings, my step dad's brothers and sister, at the wedding to socialize with) to ask if his wife can't come, could he bring his daughter instead?

My fiancé and I have decided to invite my step dad's brothers and sister but NOT the cousins on that side of the family. I haven't seen them in years, and when the question was relayed to me (through my mom, who said, ""No problem,"" and just told me, so ""question"" is being generous), I honestly couldn't even remember the names of any of his daughters, let alone the one he's (probably) bringing. 

Add all this to the fact we decided not to invite ANY cousins from that side of the family and could create drama if the other uncles and aunt find out (""But I know it won't be a problem! Everyone will be fine with it!"" whined my mother, who also insisted I invite the uncle from that side of the family who showed up completely wasted to Christmas.), and I'm really wishing we went with a courthouse wedding and a backyard cookout for friends.

Be honest with me, Weddit: Am I being a control freak? Making a mountain out of a molehill? Justified in wanting to stick to my guns? Using too many idioms?

TL;DR:"," Mofo, if I wanted you to pick your own plus one, I would have written ""Presumptuous Nitwit and Guest"" on the invitation."
169,"SUBREDDIT: r/weddingplanning

TITLE: Wedding planner is helping me feel sane already

POST: I had originally planned to do almost everything DIY. We have a small budget for the bay area (10k) and had posted for a caterer on Thumbtack. We had quite a few quotes but I had the best connection with one. They had excellent yelp reviews and were a thumbtack vendor of the year as well. I looked at the company website and they are a ""full service"" event company that can work with our venue (a park). Their quote for food was a totally reasonable $20 per person for bbq! In light of this I asked about their rates for day of coordinating and she said she would throw in FULL coordinating services if we used them for two services. We can rent the speaker system and that will count as the second service! Around here I couldn't find a DOC for less than $1500 and now I'm essentially getting a full coordinator for $75 bucks! 

I was starting to panic about how challenging it would be to plan a wedding while we remodel a house but now I feel like I'm in safe hands.

TL;DR:"," Used Thumbtack, found a great vendor, got more than I could have dreamed of, can sleep tonight."
170,"SUBREDDIT: r/weddingplanning

TITLE: Help with flowers/colors? (destination wedding)

POST: Okay, I need some help. I've never been good with flowers & have never cared much for them. But, they are rather traditional so i'm trying to figure out what would work best.  
I'm currently considering real touch silk flowers, paper flowers, book flowers, and map flowers. The resort is offering a small selection of live flowers such as white calla lilies and white roses. There are some that have colors but not really any that would go well with my colors, though.  
My other issue is colored/white flowers. My sister is saying that the bright orange bridesmaids dresses would be better complimented by other bright colors (hot pink, yellow, blues, etc.) while one of my bridesmaids is saying that white would look just as good, if not better. I'm torn. I would prefer a color bouquet for myself though.  

* [This] is what i've thrown together as an ""inspiration board"" of sorts. 
*We have booked a beach wedding at Dreams Palm Beach in DR. 
* The colors I've picked are tangerine and turquoise. 
* The bridesmaids dresses have been purchased (David's bridal tangerine orange)  
* My dress is the one shown but altered to take some of the puff down & shorten the train

Any advice?

TL;DR:"," I have bright orange bridesmaid's dresses white or colored flowers? Also, what type of flowers for a destination wedding?"
171,"SUBREDDIT: r/weddingplanning

TITLE: Is anyone else considering NOT having bridesmaids? I am having a hard time deciding.

POST: **Why I'm considering going bridesmaid-less**

* I'm anxious about the prospect of choosing friends (and leaving others out). It makes me REALLY uncomfortable.

* I don't feel comfortable asking anything of my friends (shower/bachelorette planning, help with crafty things, spending money on specific shoes/dress/makeup). I just want everyone to show up and have a nice time!

* Our guest list is small (50 people) and the event is much less formal than typical weddings (Sunday brunch wedding). 

* We each have a sibling that could stand with us for the ceremony (I suppose it would be sort of like having a MOH/best man).

* We are trying to keep costs as low as possible.

**Why I'm second guessing myself**

* I always envisioned getting ready together with my bridesmaids! It's a silly detail, but one I would really cherish. I love ""girl time"". Would it be odd to invite a few friends to join me in getting ready if they don't have a ""role""? 

* Pinterest (ugh) is tempting me with all of the fun bridal party photos. I feel like I'm going to be missing out on one of the key wedding elements somehow.

After typing all of this out, I get the feeling that I may be way, WAY overthinking this.

TL;DR:", anxious about forming a bridal party and considering just having our siblings stand with us. But my heart feels like I may miss out on some memories. How are you dealing with this?
172,"SUBREDDIT: r/weddingplanning

TITLE: Just a cute story from last night

POST: I just wanted to share this with y'all because it made my heart happy. 

I've known for about a month that I wanted my grandfather to walk me down the aisle on my wedding day. There are a few reasons for this: my fiancé's grandfather is officiating and we thought it would be nice to include mine somehow too; my father passed away a few years ago and I am really close to my grandfather; and also he and my grandma weren't invited to my mom's wedding to my dad (for reasons) and my mom and her new husband eloped and didn't invite anyone. So my grandpa has never gotten the experience of being the ""father"" of the bride, and he probably wouldn't get another opportunity in his lifetime since my mom is his only child and I'm his only granddaughter. 

So last night he called and we talked for a little bit (he lives in Costa Rica so we see each other about once a year or once every couple of years and Skype is our main form of communication) which was nice in itself. When I sensed the conversation was winding down I said, 

""I did have something to ask you: would you do me the honor of walking me down the aisle at my wedding?""

He said he'd be delighted! He just sounded so giddy and excited and he kept saying ""Wow!"" It was so cute! 

He immediately launched into stories about how he has one suit that he hasn't worn in 30 years and what color it is and would that be OK (meanwhile I'm like yes, yes, wear whatever you want!) and he was talking about buying new shoes and about grandma needing a new necklace... It was just so stinking cute! It made me feel so good about asking him and I couldn't stop smiling afterwards.

In addition to that he was so excited that he offered to pay for most of if not all of the wedding! I declined because my fiancé and I have it all budgeted out and can pay for it ourselves, but it was just such a gracious offer and I really didn't expect it! 

He did ask if he could at least pay for our flowers and I said yes. He is such a sweet man and I can't wait to walk down the aisle with him!

TL;DR:"," I asked my grandpa to walk me down the aisle and he got as giddy as a schoolboy, said yes, and offered to pay for our flowers for the wedding. :)"
173,"SUBREDDIT: r/weddingplanning

TITLE: Ordering my dress from a different boutique than where I found it

POST: I went dress shopping while visiting my hometown since my mom, sister, and a couple of my bridesmaids were there at the same time. I found a dress that all of us love, and I'm very close to pulling the trigger on it. The bridal boutique didn't give me the designer or style, but after perusing their website, I found it. I live ~1.5 hours away, and I found a boutique close to me that carries the same designer. It's definitely not a horrible drive to make to go back to the original place I found it to get my measurements and actually order it, but it would be that much easier to order it where I live so that I can stop in for measurements and alterations as necessary. Is that messed up?

TL;DR:"," I found my dress at a boutique 1.5 hours away, but I'm thinking of ordering it at a boutique close to me for my convenience. Is that messed up?"
174,"SUBREDDIT: r/weddingplanning

TITLE: Quick rant about my bridesmaids

POST: So, my fiance told me Saturday that his best man text him and said that I was being a total bridezilla. Well, the best man's wife is one of my bridesmaids. I honestly don't know how I've been a bridezilla. I've asked for all of the girls' opinions on dresses and let them decide what they wanted to have on the day of the wedding. I want them all to be happy and comfortable. The only way I could think they mean I am being a bridezilla is because I post a lot of wedding related stuff on Pinterest. Other than that, I try to keep everyone in the loop of what all I have going on in the planning phase so no one feels left out. I don't believe I've asked them to do anything that they weren't comfortable with. And I've asked them to be honest with me if I'm being too overbearing and that I would fix my behavior if I was being mean or whatever. My fiance says he doesn't think I've been mean to anyone or that I'm doing too much too fast. We had to book our venue and stuff early, because we're having a June wedding and all the ""nice"" places had already been booked for our wedding date except for the one we went with and vendors were getting booked fast too. I just feel like all the girls are kind of being two-faced behind my back and no one really wants to help me do anything. I guess I'm just going to cut back on communications with them all for a few days and see if they notice. I have quite a few things going on in my personal life that I need to deal with and I don't need the extra stress from the 5 girls that are supposed to be my best friends, but are acting totally shady when I really need them.

TL;DR:", Best man told my fiance I was becoming a bridezilla. I'm thinking my bridesmaids are not being honest with me and it's stressing me out.
175,"SUBREDDIT: r/weddingplanning

TITLE: Help. Serious help needed with not offending family members for not inviting them to my wedding. 2 days before wedding.

POST: Hi all

So it's 2 days until my wedding

I've decided not to invite one set of cousins and their parents as we haven't spoken for over 5 years, I'm not close with any of them, but they are close with some of mine. I don't hate them, I just don't have much connection with them.

Have just had a question from one of the cousins I've invited, saying that I should probably tell my not invited cousin as he is under the assumption he's invited even though he hasn't received an invite.

The issue is, I've had one person drop out, so I COULD invite just him. But then doesn't that make it even worse? That I'm excluding his 2 siblings and parents? And that he's an afterthought? How do I let him/them down gently?

Should i contact him directly, or should I post a Facebook message to all to explain?

I really don't need this kind of stress 2 days before the wedding 😖

Help please - what do I do? I should probably note that I have only 50 people at my wedding.

TL;DR:"," cousin thinks he's invited to my wedding, I like him but I have not had a relationship with him so want to let him down nicely/gently."
176,"SUBREDDIT: r/weddingplanning

TITLE: List of what to budget for?

POST: Engaged about 5 weeks now, and my FW and I are now getting into the real wedding planning. After talking with our dream venue yesterday, we're awaiting getting a proposal from them of costs and what would be included and what extras could be included, and every fee possible will be listed. This is great!  
  
But when discussing what our budget was with the venue, I kept finding myself not knowing how to differentiate between my overall wedding budget and my wedding budget for the venue (since the venue would be providing the food, beverage, some decorations, etc.).   
  
I realized if I could find a spreadsheet that lists EVERYTHING that might come up when budgeting for a wedding, and then compare that with what the venue cites as included in their fees, then I would be able to identify what else I need to budget for on top of the venue costs.  
  
So

TL;DR:"," what is a good source of a spreadsheet or list of all the costs associated with a wedding that someone starting from scratch could use as a reference, to create an initial budget estimate? Thanks!"
177,"SUBREDDIT: r/weddingplanning

TITLE: How can I tip a vendor who is unlikely to accept it? x-post /r/Wedding

POST: Hi Wedditors! I just got married on Saturday. :) I worked with the most amazing florist. The wedding was in Carmel, CA. However, I was in school the last four years and had to plan nearly everything from Scotland. My husband lived 5 hours south of the florist and didn't know enough about flowers to communicate my ideas to her.  She and I played email tag for 4 months before we could finally meet up, which was 4 weeks before the wedding. I never sent her a deposit before this date, she didn't know any of my ideas, colours, etc. She kept the date open for me and when we discussed everything to get a quote she said she had no minimums. I was a bit stressed out trying to sort flowers out so soon to the wedding, but she has the most amazing personality and calmed me down within seconds. We took a few things off the invoice that weren't very expensive, but we had decided not to do them. I know I did not pay for them, but she had still made the boutonnieres. I called her in confusion (I didn't know what they were or what for) since she beat me to the venue by a full hour and was already at the reception. I said I would double check the invoice and send her a check, but she only said, ""Don't worry about it. Merry Christmas."" The bouquets and centrepieces were gorgeous. Even without the extra items we didn't pay for I still want to send her a tip, but I doubt she'll cash a check and I don't want to post cash. Any suggestions? Does anyone need a florist recommendation for the greater San Francisco area or know someone who needs a recommendation??

TL;DR:"," the florist for my wedding was phenomenal, but doesn't want money for boutonnieres that were accidentally made. Suggestions for sending a tip?"
178,"SUBREDDIT: r/weddingplanning

TITLE: Making your own wedding invitations...is it worth it?

POST: Invitations were so much fun. Husband and I found a little clip art of two married stick people and fell in love with it. He's graphically gifted so he tweaked it and we built our invites around that. Our colors were purple and orange (May Day wedding) so we went with orange cardstock. We got 2 invites to a sheet of 8 1/2 x 11 cardstock and the invites fit into an A7 envelope. On the front, we printed our ""people"". Inside, we printed the wedding information and a watermark of our ""people"" onto a sheet of eggshell cardstock. We put a purple ribbon along the inside behind the eggshell insert and voila! Cute and easy invitations. Some of our guests received an RSVP card to mail back. We used eggshell cardstock. This was a mistake, as scrapbooking cardstock was not meant to withstand the rigors of the USPS. Thankfully the postcards were inside the invitations so we were the onely ones to know how crappy they looked after our guests mailed them out. I found white cardstock on sale at Michael's so my bridesmaids and I made our envelopes. It sucked but I finally think they've forgiven me. :)

All in all, I think we spent $250 on 150 invitations, including postage. I didn't buy the cardstock on sale (too impatient as it only goes on sale once in a while) but it's like 29cents a sheet. They took quite a bit of work but were so personalized. Many people wrote on their RSVPs how much they loved our invites. You could definitely go to Target to do them cheaper, but I loved that we were able to set the tone of our wedding with the invitations.

TL;DR:"," You might spend a bit more to make them yourself, but if personalized invitations are important to you they can be done pretty easily."
179,"SUBREDDIT: r/weddingplanning

TITLE: I, the brother of the groom, has to plan a proposal party and need help on ideas. Please help.

POST: So my brother married his girlfriend in November last year without having a wedding or a proper proposal because he did not have enough money. His wife is very understanding about not having a wedding at the time. Fast forward until last month, when my brother got a better job and now wants to surprise his wife with a wedding proposal and to have an actual wedding in August. 

Things he wanted for the proposal is to have friends and family when he propose because he was sad that no one, except me, was there at the wedding procedures in City Hall. People have a busy life of their own so I will not fault them for not being there, and I was between jobs at the time so I had spare time.

So he plans to invite friends and family over to his house, hooray his owns a house now, and will have his dog bring his wife the ring and that is when he will propose. So he left me with the job of planning the evening with about 15 people at 8:00 PM on a Friday, May 30... If it helps, I live in Southern California.

I never heard of a proposal party before and have no idea what to plan for the party since he wants it to be romantic and yet have friends and family over... 

So

TL;DR:", is my brother is proposing to his wife. What goes on in a proposal party if there is such a thing and what can I plan for that is romantic and appropriate for the occasion?
180,"SUBREDDIT: r/weddingplanning

TITLE: Grooming Issue with [intended] Best Man

POST: My fiance and I are beginning to plan our wedding for next fall and we have our bridal party all chosen, but we haven't officially asked anybody yet.

My best friend, who I'm intending to make my best man, wants to look like a scummy bad ass biker guy. I don't know why he has this aspiration, but he does. Now, I don't really care how he wants to look, but I do care how he looks on our wedding day. He has made proclamations that he's not going to cut his hair or trim his beard anymore on multiple occasions over the past few years, but ends up caving for one reason or another. This weekend, he told one of our mutual friends(after attending some motorcycle event) that he's growing his hair and beard our and isn't even going to cut them for our wedding.

The problem here is that his beard isn't a good beard. The base layer is good, but then it stops looking good, so the longer it gets, the more scraggley it gets. I don't care as much about the hair because I'm fine with it being in a pony tail if the beard looks okay. 

Basically I'd be fine if he were willing to cut the hair and keep the beard as shitty as he wants, or trim the beard so it doesn't look shitty, and just pull his hair back.

I haven't spoken with him about yet, and considering how he generally doesn't follow through with growing out his hair, I'm not sure it's a relevant point until the wedding gets closer. 

What he said to our friend just particularly bothered me because I don't want my best man to look like a caveman next to me.

TL;DR:"," Best Man wants to grow his hair and beard out to look like a cool biker guy, I don't want a caveman standing next to me at our wedding. Not sure how/when to handle the situation.***"
181,"SUBREDDIT: r/weddingplanning

TITLE: Making my dress?

POST: Hi, everyone! I have a question for you that I might be a little bit blind about.

I'm getting married next fall, and my MOH offered to make my wedding dress. I like this idea for several reasons, but namely because a.) she does fantastic work, b.) I'm having trouble finding what I want in traditional stores (see [Pinterest board] of very expensive ideas and admittedly different designs), c.) I won't have to pay for anything but materials (which will get expensive) and my time--I'm looking forward to it as a bonding experience, and d.) I won't have to worry about alterations, which my friend who just got married confided to me that the fittings cost almost as much as the gown.

I think it's a fun way to get exactly what I want and not spend a lot of money on it, but both my fiance and my mother have expressed concerns that making the gown will be more stressful than traditionally purchasing it. I'm having a devil of a time justifying spending $1500 (when all's said and altered) on a gown I'll probably only wear once--even the $500 I've budgeted for making the gown feels expensive--but I know that I just don't like many of the styles I've seen out there.

So, I bring this question to you, wise ones: Is helping make my dress a good idea--especially for my MOH to do it, even though she volunteered--or am I just being stubborn? If you have questions about it, I'll answer as I can.

TL;DR:"," Is making my unique idea for a dress a good idea, or is it worth the extra money to avoid the stress and uncertainty?"
182,"SUBREDDIT: r/weddingplanning

TITLE: Did you elope AND have a party? Is there a best of both worlds?

POST: My FH and I got engaged a few days ago (yay!) and finally told our moms yesterday once my ring arrived in the right size, so we could show off the sparkle. 

We were going to tell both about our planned elopement next year (we live in the US but want to get married abroad) but at each announcement visit, our moms got teary and excited and wanted to break out the wedding planner binders immediately, and both of us chickened out on telling them. My mom dropped wedding planning books off at my office this morning, too. 

For reference, eloping is the norm in both of our families. Both sets of parents have eloped (his mom as recently as last year), siblings have eloped, cousins have eloped. We didn't think it would be a surprise if we said we were planning to elope, too. 

On top of that, all of our close friends have contacted us about ""when's the date so we can get time off work"", and ""have you decided wedding party yet??"" and ""let me know if I can help plan!"" and all those (really sweet) questions. 

We can't bring our moms for a destination wedding, either, unless we paid for them ourselves, and we don't have that kind of money. Neither has money to help pay for a wedding or even their own travel. 

The idea of paying thousands of dollars to throw a party that we don't really care about seems ridiculous. We'd rather spend that kind of money on having an amazing trip together. But, we also don't want to alienate our families and friends, who have made it clear that they want to celebrate with us. (I realize that sounds like a humblebrag, boohoo we are loved, haha. To be clear, we appreciate them, that's why we're hoping there's some kind of compromise.)

TL;DR:", Anyone out there find a way to make the best of both worlds - to have your dream elopement while also finding meaningful (and budget-friendly) ways to celebrate with loved ones?
183,"SUBREDDIT: r/weddingplanning

TITLE: Pre or Post-Celebration ideas for those who might be cut from the invite

POST: Hello Weddit! 
Longtime lurker, first time on this subreddit.

Here's the situation: 
FH and I have a good-sized (~20+ people and kids) group from college that we'd really like to be there at my wedding. Realistically, with the amount of family FH and I have (ie. a LOT), it is looking like they will be cut from the list. Which sucks, because we really want them to be there, but don't have a budget or venue for over 350 people (which it will be.) These aren't just people we got drunk with or had all-nighters for finals with. These are people who are life friends who will most likely not be included because family get the invite first.

What are some ideas (if any) that respect the want to celebrate with them, but can't invite to the actual day?

Our thoughts: We've been bouncing around having a BBQ/outing a few weeks before wedding day.

TL;DR:", Thinking of having a separate pre/post celebration with people who didn't make the cut but still consider special enough to us as a couple and need ideas for the gathering.
184,"SUBREDDIT: r/weddingplanning

TITLE: Wedding cards missing?

POST: So my gal and I got married a week and a half ago, went on our honeymoon, got back and just opened up the cards last night.  We used our invite/address list as a checklist to fill in notes for personal touches on the Thank- You notes and to record gifts. 
When all was said and done, we found that some people didn't give a card.  I can understand if things are late or if times are tough, but a particular group didn't have cards in the pile and some of the people that you'd really think would at least give a card (a 35 yr old gay doctor?!).  Now, i'm not harping on the money, but I really feel like some of these people would def give a card.  If they did give cards and someone took them... i'd think they'd want to know, but we don't really know how to ask w/o sounding like we're trying to collect... has anyone had any experience w/ this?

TL;DR:", Didn't get wedding cards from people that we'd totally expect to get cards from.  Don't know how to ask if they actually brought cards.
185,"SUBREDDIT: r/weddingplanning

TITLE: PSA For Massachusetts Brides with a One-Day Solemnizer.

POST: 1. Make sure that you send in the marriage license to the town in which you got it from ASAP. My advice here is to do this yourself, and not entrust it to someone else. You may end up calling to get your certificate to change your name and being told ""...We don't have it.""  
  
2. Send in a copy of the Solemnizer's one-day certificate with your license. We were not told this when we got the license, nor was my Solemnizer told this when she got said certificate.   
  
  
Yeah. I called about 3-4 days after I got back from my honeymoon to get the copy of the marriage certificate. I was all excited to change my name, and be a Mrs. I call, and they tell me ""I haven't gotten your license, yet, actually."" 
  
  
  I call my parents, who I entrusted to send it out, lo and behold, they never did. I was assured it would be in the mail that very day. Just in case, I make the trek to their house the next day, and ...it's still in the pantry. I put it in the mail myself!   
  
  
So I call yesterday to make sure I can just go pick up my certificate, because it had been a week since I sent it. They tell me, yes, we got it but there is a problem. ""Did your solemnizer have a one day designation?""  ""Yes, of course she did!""  ""...We need a copy of the certificate."" 
  
  
  
So ... I am still in limbo. I'm not officially Mrs. Husband's surname, because they have still not recorded the marriage 23 days later. I am at my parents house today trying to get this all sorted so I can officially be married, and stressing because NO ONE IS AROUND.

TL;DR:"," Make sure you send your own marriage license, and make sure that you send a copy of the one-day solemnizer designation certificate with it, to save yourselves the stress that I am currently going through."
186,"SUBREDDIT: r/weddingplanning

TITLE: Am I sounding greedy? Help!

POST: So, My situation is that my parents are funding most of my wedding. They have set a strick budget and anything over must me paied back by me and my fiance out of our gift money after the wedding. I am already going over the budget and im keeping things pretty basic. Also me and my fiance have been living togeather for quite some time and already have eveything that could possibly be on a typical registry. So my question is, Is there a nice way of saying we would prefer cash insted of tosters and sheets?
My mom is segesting that we add an extra little card saying '' help Amanda and D`Arcy realize there dream of buying there frist home'' which we are trying to do within the next couple of years, and any money left over would definately go towards our down payment. I just don`t want to offend any one. Any form of insight would be a geat help.

TL;DR:", Do I sound greedy asking politly for cash insted of physical gifts? and is there a polite way to say it?
187,"SUBREDDIT: r/weddingplanning

TITLE: My fiancé's boss wants to throw me a wedding luncheon, I need some advice

POST: My fiancé works for our local government under a really wonderful woman who we occasionally get together with for social events. However, considering she is technically my fiancé's boss their friendship must maintain a certain degree of professionalism. 

Yesterday she sent me the following message:

""I want to do luncheon for you for the wedding. Bridal or your choice.""

She then listed off a potential venue that would involve renting part of the facility, hiring a caterer, and buying flowers and decor and stuff. It also requires that you pay for their waitstaff and bartender to attend to your guests. I've never heard of a wedding luncheon so I have no idea if this is normal. She also mentioned we could do the luncheon anywhere I prefer. I would just assume we go to a restaurant where everything is included. I don't like the idea of others having to put in a lot of time and effort into planning an event for my wedding.

Also, when is a wedding luncheon supposed to occur? We're not getting married until Fall of 2017 so it's still a long ways off. My fiancé and I moved to a new city for his current job with the aforementioned employer about two years ago so the majority of my friends live out of town and would need advanced notice. Can anyone help me out with the protocol on how to proceed with this offer?

TL;DR:"," Fiancé's super nice boss offered to throw me a wedding luncheon, I don't know the proper etiquette on how to proceed or what I should request. Any help would be greatly appreciated!"
188,"SUBREDDIT: r/weddingplanning

TITLE: I just narrowed my guest list down to 25! The story of that plus a little rant.

POST: (There may be a little bit, okay, a lot of gossip/rant here.)

My FH and I *really* wanted a small wedding. We don't want to spend 40k on a wedding (rather start a down payment for our home!) and I really get uneasy if I'm the center of attention in big groups. 

We were planning our wedding for Texas which we just moved to (all of our family lives in Florida), but my FH's mother wanted us to invite all of their family. We figured only about 60% were going to attend, but that still put us at over 100 with all of his family and not even all of mine (I have way too much family). She was very adamant on this, but I was *so* unhappy about it.

I had a talk with my parents (my parents are helping us tremendously with the wedding - his parents haven't even offered and his mother actually tried to bring up the fact that it's supposed to be the bride's parents that pay. UGH.) and they said they would pay for the entire wedding AND honeymoon if I kept the wedding under a certain amount. UHM, SCORE.

So, I narrowed it down to a list of 25 people we really wanted to be there. My FH loved it and said sure, but his mom might not like it. I said fuck it, she's not paying for a dime, so this is what we're doing and I don't care if she likes it or not! 

Yay! I feel GOOD! (Especially after his mother and sister had the audacity to say I don't include them in anything when we went out to lunch with just the three of us and I brought the original invite list and brought invitations. We haven't planned anything else! And his sister got all pissy because I didn't invite her wedding dress shopping. I told her it was going to be just my mother and me. It's not like I invited a bunch of people and not her. Annoying!)

TL;DR:"," We're having 25 people at our wedding - don't care what my FH's mother thinks. My parents are paying for it, not her. Whoo!"
189,"SUBREDDIT: r/weddingplanning

TITLE: Advice/rant about family pictures

POST: I got married about a month ago and we had a small (60-ish people), low-budget wedding.  We got our pictures back a few days ago and I think they're gorgeous.  I love them and I'm really happy with what the photographer did.

BUT

My mother has been upset SINCE THE WEDDING DAY that portraits of each family unit in each extended family weren't taken.  I didn't know she felt so strongly about family pictures before the wedding.  I had given the photographer a list of family groups to photograph, but she apparently didn't follow the list, so now we don't have any pictures of family units to speak of.  (I'm not blaming the photographer; I should have clarified ahead of time about what the expectations were)

Advice:  Talk to your parents/fiance/relevant person about what pictures they would like to have taken.  Give the list to the photographer.  Designate someone to check in with the photographer during the event to make sure that whatever pictures necessary are taken.  My mother complained to me a bit during the reception about why pictures of families weren't being taken, but, hey, I was the bride.  I had to go talk to all the guests.  I didn't have time to police the photographer.

TL;DR:"," Make a list of pictures you need, give it to the photographer, and make someone hold the photographer accountable so that your mom won't complain about the pictures for weeks after the wedding."
190,"SUBREDDIT: r/weddingplanning

TITLE: Need help choosing bridesmaids!!

POST: OY, so I have been dreading choosing bridesmaids since before I got engaged; for years, really. At this point in my life I don't have any super close female friends. I'll list below who I have to choose from. Numbers don't really matter to me, but my FH will have 3 most likely.

Old best friends: H and J- these two were my closest friends for about 7 years. Towards the end of college and within the past few years we kind of grew apart as we moved to different places, ect. We have stayed in touch and do see each other from time to time, but I just don't feel as close to them as I once did. (Side note: I was not chosen as a bridesmaid in J's wedding)

College friend: CR- she is maybe the only person I feel confident in choosing at this point, but we haven't known each other that long and are not currently living in the same place. I have probably seen her the most in the past few years and she passes my arbitrary ""have I had a sleepover with this girl"" test.

FH's sister: CL- I know this is kind of required, but for the sake of this discussion, I'll include her in here. Basically, I've only met her a handful of times and she's quite a bit younger than me (7 years).

New friends: E and S- ok first off, S is a guy, but he is probably the closest friend I have here in NYC. E is the only girl friend I really have here, but we're not really at the point where we would ever do things just the two of us. I think if both E & S were in my party it wouldn't be weird since we are part of a larger group of friends, but again, I have only known them for about a year and a half.

Maybe this seems like a no brainer to someone on the outside, but I have been stressing out trying to put together the perfect combo of people. I'm also thinking of not have a clear ""maid of honor"" mostly because I don't know who would be one.

Any and all help/advice is appreciated! :)

TL;DR:", Should I choose friends I have known longer but aren't necessarily close now or ones who are close now but that I have only known for 1-2 years?
191,"SUBREDDIT: r/weddingplanning

TITLE: SIL is royally pissed about the day we picked. I have no idea how to go about fixing this.

POST: For some background: My brother and family moved out of province a few years ago and we kind of lost touch. My SIL has never liked me and was downright cruel to me as I was growing up (she's 16 years older). My brother and niece/nephews are cool, though.

My fiance picked November 2nd as our wedding date. Halloween is our favourite holiday and we wanted the Saturday closest to it. We've already started booking places and things. Turns out, November 2nd is the day my brother got married. Now, this happened 13 years ago and I was 12 at the time and I honestly remember very little about their wedding.

My SIL absolutely flipped her shit when she found out. She called me a selfish bitch for taking her day away from her. She thinks I did this maliciously. She planned her whole life for that day and I'm trying my best to outshine her by making it MY day. Even if I didn't know the day, there's no way I would forget that it was in November. I honestly had no idea and I would change the date if I could just to get rid of this drama. As it stands, she said neither she or her family would come to the wedding and she cancelled my nephews trip to visit this summer.

I'm not even sure what I should do about this. I'm trying to see this from her perspective, but even if my little brother chose the same date, the only way it would upset me is if it was the same year. I'm going to try to talk to my older brother when I get a chance, but SIL is too volatile to reason with.

I guess I'm just wondering if anyone has a similar experience or any advice. And really, I just wanted to rant a bit to people who aren't involved. I hate drama.

TL;DR:"," Learn all the days when friends and relatives were born, died or got married. Do not get married on any of those days."
192,"SUBREDDIT: r/weddingplanning

TITLE: A band I am considering invited me to come see them play.....at someone else's wedding?!?!?!

POST: So I've been in contact with a band and everything seems to be going pretty well. Before I signed them, I wanted to see them in action. I live out of the state, so my mom and sister offered to go see them for me. I emailed the band member and asked if they had any public show cases coming up for my family to come see them play. He said there was one coming up in a few weeks, and he would take them to dinner and everything! I thought it was great! I reserved a hotel for them (it's still a 3 hour drive from where they live) and asked for the gig location. Turns out it's someone's wedding reception! Am I crazy to think this is totally out of line? I would be livid if the band offered strangers to come to my wedding. Is this a normal thing do? The fact that he even offered makes me want to just write them off all together. They were pretty much the only band we have seriously considered! Should I email back and ask if they have any public events, or just forget about them? Advice needed!

TL;DR:"," The band offered to let my family come see them play at a wedding reception, is this a normal thing to do?"
193,"SUBREDDIT: r/weddingplanning

TITLE: Need Advice: Future MIL Driving Me CRAZY!

POST: My fiancée and I are having a short engagement (5 months. Exactly 5 months as it worked out). He proposed at the end of March, a month away from me finishing my Bachelor's degree. I tried having a ""nobody talks about the wedding until school is done"" rule (once I'd booked my venue and photographer), but it didn't work, so I gave up.

Now, here's where my FMIL comes in. She always wanted a daughter, but she had two sons. One of her sons is gay, meaning I'm her only opportunity at getting a daughter-in-law. She watches A LOT of Say Yes To The Dress and other wedding shows, and has this very specific image in her mind of what a wedding *should* be like, and what wedding dress shopping should be. And she's pushing those on me. I want a short dress, and something pretty simple. I bought a dress at Anthropologie that I decided isn't right for the wedding, but I will wear on my honeymoon. Then (with the input of my mom, who I'm very close with) I found two dresses online that I LOVE. And ordered both of them (with the intention of returning one, obviously). However, my FMIL is offended that I'm not doing the bridal salon thing (she really wants that Say Yes To The Dress moment) and that I'm not buying a ""real"" wedding dress. She's started sending me dresses she thinks I'll like, totally disregarding what I've said I wanted (including ignoring her own sons's style preferences). What can I do to make her stop without offending her or wearing something I hate?

TL;DR:"," My FMIL wants me to buy a traditional wedding dress at a bridal salon, I want a simple dress and have no problem buying it online, without the big production of bridal shopping."
194,"SUBREDDIT: r/weddingplanning

TITLE: [Update] 4 days out, no you can't add a guest I have never met.

POST: Original: 

I have been happily married for 5 weeks! And just got proven right that my whole family was being ridiculous!

So I stood my ground and refused to let my brother bring his girlfriend.  My mom called me and said your brother is really upset you need to make this right and make him happy. I was shocked. I was not able to make the accommodations in time and how about instead of trying to make my brother happy you should be trying to make me happy 4 days before the wedding!! Instead of being supportive my family all made me feel like absolute shit for not being able to accommodate his girlfriend. They even went so far to say she can just stand around, she doesn't need a chair. What, she is supposed to stand in the corner while everyone eats?

I finally told my mom if he doesn't come so be it, he can choose his sister of 25 years or his girlfriend of 3 months. I want only people there who love and care for me and my husband not this woman who is causing major family drama right before the wedding and I haven't even met her. So he didn't come. I was actually relieved. There was no drama day of, everyone was so happy and all got along which never would have happened if my brother came. He is an alcoholic and would have gotten wasted and embarrassed me if he came. 

And I just found out today they broke up!! He went on and on about ""standing up for the love of his life"" and they broke up 5 weeks later!!! So much for your true love. They were really codependent alcoholics and it's very good he moved out because they were spiraling down hill on binges. 

So I am happy for my brother, maybe he can turn his life around and I am so happy for me because I stood my ground and didn't let anyone push me around for this crazy woman.

TL;DR:"," Brother told me 4 days before the wedding that he wouldn't come unless he could bring his GF, it wasn't possible to make the changes in time so he boycotted the wedding only to break up 5 weeks later."
195,"SUBREDDIT: r/weddingplanning

TITLE: [Tutorial Request] How to DIY the flowers on these centerpieces/favours?

POST: Hello fellow planners (past, present, or future)!  

My wedding is coming up much faster than I would like, and I need a little help with potential centerpieces. The centerpieces that our venue has are hideous, so we decided to make our own. We were originally intending on making submerged floral arrangements (something like the ones [here] using faux flowers, but today while looking for favour ideas, I found **[THESE] which combine candy favours and centerpieces into one lovely package. 

Problem is, and here is where I need the help/expertise of all you DIYers out there, neither my fiancé or I have been able to find a tutorial on how to create the floral-looking piece on top of the candy tube. We can't even decide what it's made out of (tissue? felt? hard to tell), and a reverse image search has been all but useless for us. 

**Any ideas?** Perhaps have you seen a tutorial for these or something like it out there? We have several tutorials for tissue poms, but I really like the look of these. We can't even figure out what to call them in order to search for it, so I apologize if I've missed a really obvious search... 

Feel free to give me your thoughts on the idea of the centerpieces as well. Our wedding is pretty informal, but I'm still worried about these maybe being too casual? The submerged ones are gorgeous, but I feel like these favour/centerpieces would be much easier and take much less time to assemble.

TL;DR:", Found new idea for centerpieces. Can't figure out how to make the flower-like thing on top. Help a stressed bride-to-be out? :D
196,"SUBREDDIT: r/weddingplanning

TITLE: A whole new kind of rsvp struggle!

POST: So I know this sub is full of RSVP vents but I think I'm dealing with one that's a little bit different. We are still over a month away from our RSVP by date and we're getting rsvps pretty much every day! Awesome, right? Well about half of the rsvps we've gotten have no indication of whether they're attending or declining. Our rsvps have the standard __ gladly accept __ regretfully decline options which I thought were pretty self explanatory. I'm trying to just laugh at it because it's mostly people we know are coming but it seems so simple to just check a box! 

Also my wonderful crazy grandmother manually wrote in a random plus one for an uncle who was not given one as he's not in a long term relationship and tends to go through significant others pretty rapidly :/ completely ignoring the ___ seats reserved in your honor meant to avoid this exact situation! 
/end rant. :)

TL;DR:", invites coming back with no indication of a yes or no to attending and a random plus one written in for someone who was not given one.
197,"SUBREDDIT: r/weddingplanning

TITLE: Question about bridesmaid dresses being different

POST: Originally I had a small uneven bridal party that I told to choose whatever they would like to wear as long as it was red or blue (our wedding colors). However for certain reasons the party has doubled and I asked for the girls to be in red but still choose whatever shade and style they would like.   Two of the three boys will be in black tuxes and blue vests. The other groomsmen is in the navy so he will be wearing his dinner dress blues. To add to the situation two of the three bridesmaids are thinking of doing their dress in the same shade as the red in my dress.  This would be hard for the third one to do as she already has a brighter red bridesmaids dress and it would be difficult for her to spend the money to buy another one.  So my question is Can one bridesmaid dress be a different color than the other two? Should I be more traditional and just pick something?

TL;DR:", Can one bridesmaids dress be a different shade of red? Or should I be more traditional and pick a dress for them?
198,"SUBREDDIT: r/weddingplanning

TITLE: Long weekend/holiday weekend wedding

POST: So, we're still trying to settle on a venue & date for our wedding. We know we want to have not just a wedding in the traditional sense (a few hours with dinner, dancing) but instead we'd like a full weekend of fun for our guests. We have both moved around a lot, and our friends and family are very spread out so many will be traveling. Therefore, we'd love to do a long/holiday weekend (3 days) to give people time to travel and have fun. We'd like to make the weekend a mini-vacation and are looking at doing a camp venue where a lot of people can stay on site and enjoy outdoors activities (canoeing, hiking etc) in addition to the wedding, or a vacation rental (or two in the same area if we can swing it) on a lake for the same type of thing. 

I know holiday weekend weddings are pretty controversial as some people have annual events etc. If it's not just a night but instead a whole weekend of fun, would you all find this to be annoying or exciting? I don't want our guests to begrudgingly attend our wedding, even if it will be super fun. The other option would be to do events Friday or Monday and just whoever can make it can come early/stay late, but I'm sure they'd be less attended. 

Let me know your opinions please!

TL;DR:"," If the wedding weekend is a whole weekend of events and fun like a mini-vacation, would you mind if it was on a 3 day holiday weekend?"
199,"SUBREDDIT: r/weddingplanning

TITLE: [Story] The End to that $2000 Dress Story

POST: Woo HOO I've just bought my wedding dress. FINALLY. After [falling in love with a dress I didn't want to pay for] I never bought that one and kept looking, looking, looking. I really irritated my bridesmaid I think. She was lovely about it but insisted I make up my mind. And so I did.

Found a dress on Saturday, found out it's discontinued and the shop only has a size that's too small for me. Couldn't stop thinking about how much I like it. And the thing is, this is **mindset** isn't it? There are still things wrong with the dress. Perhaps the skirt is too puffy, and it has this huge inbuilt belt/kummerbund thing. But I was ready to commit! Like with a man, do you just have the point where it's time to do this thing?

Anyway, I phoned the company's HQ on Monday, found out there's a branch near me that stocked a size slightly larger, went to try it on. It doesn't fit perfectly but we can work this and put in a corset back (I love those anyway). It was in the sale for £549 (that's under $1000 US). I paid right there and then, walked off and now it's in my wardrobe. Boom bang, dress bought.

[And just check out the neckline on this!](

TL;DR:"," After a year of faffing I've finally bought a wedding dress. The right one will come when you're ready to buy. Once that happens, little things won't matter."
200,"SUBREDDIT: r/weddingplanning

TITLE: My best friend just bailed.

POST: My best friend of 15+ years just *texted* to say she can't come to my wedding next summer—her husband's cousin is getting married the same day, more than two hours away. Her husband has an enormous extended family and I've never heard her mention being close with this (or any) cousin of his. She's known our date for a few months now.

The salt in the wound is that I was *her* MOH just two years ago. I planned and fully paid for her bridal shower (dealing with the other maids was a nightmare) from two states away while I was out of work. The financial stress of being her MOH directly contributed to my FH and I deciding not to have a bridal party. I'm not having a MOH, but she's essentially that person to me. 

I don't quite know how to respond. I'm really upset, but I don't want to say anything that will permanently damage our relationship... but **shit**. I'm just angry. She's the only friend of mine who's stayed in touch since I moved, and I'm having this wedding in my hometown to make it easier for people like her to be there—it's *fifteen minutes from her house* and *six hours from mine*.

TL;DR:", I was my BFF's MOH. She's just bailed on my wedding. How do I respond like a rational adult?
201,"SUBREDDIT: r/weddingplanning

TITLE: [Vent] & [advice please] inviting relatives I don't want at my wedding.

POST: I have some weird family dysfunction in my extended relations. This is to give a little context. 

I wanted to invite cousin 1+2 to our wedding, but not cousin 3+4. When it comes time to send save the dates, we find out cousin 2 lives with cousin 3. Dammit.

 Sooooo, I think to myself 'cousin 3 and I were very close as children! Maybe it would be OK, and they live on together, would be awkward to invite one sibling and not the other.'

So we send the mail, with both cousins I wanted, and one I really don't. Because cousin 3 is really messed up, they have issues- including stealing. 

Then, not 5 days later- I find that cousin 2 broke up with their SO and is moving across country to live with cousin 4.

I have no idea now what will happen. Another relative told me to make sure cousin3 gets **no** access to any gifts. I'm really unsure how to treat any of this. Advice, help, anything welcome!

TL;DR:", I sent STDs to unsavoury relative because they live with cool relative- cool relative moving across country. Help.
202,"SUBREDDIT: r/weddingplanning

TITLE: Unusual wedding structure, how to word invites?!

POST: Hello weddit! This might be my first official post here! My fiancé and I got engaged a few weeks ago, Sept 13th. We're diving headfirst into planning and trying to get as much done as possible asap. 

We *just* secured our venue, a beautiful local art gallery here in Chicago, and our date, October 11th, 2015. We are, however, very lost on how to properly word our invites due to the weird structure we're planning for our wedding and reception. Our venue can only hold 70 people for a ceremony and seated meal but between 150-175 for a standing event (there are two floors that we can rent simultaneously). We both have rather large families and friend groups (tentative guest list was at 200ish) but the venue was the most important part to us and we're willing to cut whoever necessary to make our venue work.

Here's the unique part: We're going to have a brunch wedding with our ceremony beginning at 11am. We're going to invite 70 of our closest friends and family to the actual ceremony. At approximately 12pm we will begin our reception and we want to do a more open reception as the capacity for a standing event is closer to 150-175 between the two floors. 

How do we differentiate the wording on the invitations to make it clear to the other guests that they will only be attending the brunch reception and not the ceremony itself?

TL;DR:"," 70 people are invited to the ceremony, everyone else is just invited to the reception. How do we word our invites (two different wordings) to specify who's coming to what?!"
203,"SUBREDDIT: r/weddingplanning

TITLE: A word of warning for anyone registered on Amazon.com

POST: I came to my building in the afternoon to find a delivery from USPS, only to see that the box was completely open. It was an item from our Amazon.com wedding registry. They had left the box completely outside of the door/gate, exposed for anyone to take. There was no ""Notice of delivery attempt"" slip, just the box left outside.

Thankfully, whoever was picking through our package decided the keyboard inside wasn't worth the trouble, but I irately took the package to the USPS annex from which it was shipped. After taking my wrath for two minutes, they calmly explained that they received the package from UPS, and that UPS expressly told them (USPS) to leave it at my building in case nobody was home. They pointed towards the shipping label on the box, and clear as day, there was instructions of ""Carrier - leave if not home"".

So be warned, kids - Amazon.com will ship via USPS (through UPS, apparently), and they have supposedly express instructions for USPS to just leave it at your location. Your delivery address better be secure!

TL;DR:"," found out Amazon has a contract with UPS to deliver via USPS without need of signature or notice of delivery, so be wary of what address you set as your delivery address"
204,"SUBREDDIT: r/weddingplanning

TITLE: [Rant] NY Brides, do not go to RK Bridal!

POST: I live in NY and heard great things about RK Bridal so decided to give it a shot. I went a few times before choosing a dress but was having a hard time because I wanted a trumpet that flared at the mid thigh but am only 5'2. The bridal attendant handed me a dress that said should be perfect so I put it in, she clipped it, and it was great! I ordered it that night and was so excited. My dress arrived and this week went in for my try on which is when the disaster unfolded. The dress flared about three inches lower than when I tried it on and looked ridiculous on me. The way the bridal attendant clipped the sample made the flare considerably higher and I was told that is how it would flare. She insisted that did no wrong even though I have pictures in the sample showing the flare much higher. I asked to speak to the manager and they pretty much stalled for two hours. They made me try on my dress, then the sample, then my dress again, then another identical size 8 they had in the back (which apparently was not there three weeks ago when I ordered my dress but is there now?), my dress again, the sample again, and then someone else's size 6 dress which they said was for a bride getting married next august so they could get her a new one. All while this was going on, an outside seamstress who they have there would not stop badgering me and trying to get me to do alterations with him.  I finally spoke to the owner and she refused to give me the deposit back despite the dress being a completely different shape from what I was told it would look like. She was incredibly rude, kept interrupting me, and was telling me the dress always flared at that place even though I had pictures from the day I ordered it! I left there crying and still owning a dress I that looks ridiculous on me with my wedding less than 5 months away. So to all my fellow NYC brides out there, be careful before getting a dress from RK Bridal!

TL;DR:"," They lied to me, tried to give me someone else's dress, and pretty much scammed me out of my $750 deposit."
205,"SUBREDDIT: r/weddingplanning

TITLE: Potential bridesmaids drama-- Help!

POST: Hello Weddit! I'm recently engaged (yayyy!!!) but I'm having a little bit of trouble with putting together my bridal party-- namely, how to navigate ""second engagement"" waters with a changing bridal party.

I got engaged a few years ago, and while we called it off before getting married, I had already picked out my bridesmaids-- my sister, cousin, and two close friends--Kay, from high school, and Mary from college. It's a long story, but I found out after the fact that Mary and Kay hate each other and can't be in the same room together. I was super stressed about it, but then I ended my engagement I hadn't thought it since.

Now I'm engaged again, and I'm ready to put together my bridal party!!! Although my FH has changed, the ladies I want to stand up with me have not... but I have no idea what to do about Mary. I don't really want to ask her to be a bridesmaid, because Kay has been like a sister to me for 20 years, and I do NOT want drama or tension when the bridal party gets together. I'm worried that Mary will assume that she'll be asked and get really offended when she's not. What's the etiquette here? Is there one?

TL;DR:"," I asked a friend to be a BM during my first engagement, but I don't want to ask her to be one this time around. What do?!"
206,"SUBREDDIT: r/weddingplanning

TITLE: Trouble with hair & makeup vendors

POST: Firstly, forgive my rambliness, I'm just so stressed over this decision and it's pretty much all I've been thinking about for three days.

My wedding is in my partner's hometown on the other side of the country, so I'm organising everything long distance.  We're going over there for the Easter long weekend and I was hoping to have a hair/makeup trial.

I hit a roadblock when I discovered my top picks are already booked out on my wedding date with either weddings or school formals (who knew every school in the city has their formal that week? Not me!)  So now I'm left very few choices.

* Go to a salon with great portfolios but with an hour of travel time at a minimum, an abundance of random teenage girls getting ready in the same space, and most are unable to fit my bridal party in for both hair AND makeup because they've got so many bookings so we may even have to go to two different places and possibly split up.

* Go with mobile services whose portfolios I've barely seen or haven't been impressed with, or have nice portfolios but have to be pestered to reply.  Mobile services would means no travel time, I won't have lots of random teenage girls getting ready in the same environment, I can have more intimate 'getting ready' photos/video

I hate photos, but I've booked an amazing photographer and videographer with the hopes I can put my camera phobia aside because I'll have some wonderfully skilled people armed with straightening irons and blending brushes to help me look my best!

The wedding is at a farm stay that's booked out for us for the whole weekend.  We'll be doing DIY setup on Friday and staying the night, with the bridal party hopefully getting ready at the venue in different cabins.  I really didn't want to leave the farm stay at any point on the Saturday because it's kind of isolated and the travel time would stress me out, but then this came up.

TL;DR:"," Is it worth continuing to try and find mobile services for hair/makeup, or do I just suck it up and go to the salon(s)?  What's best for my sanity on the day?"
207,"SUBREDDIT: r/weddingplanning

TITLE: Save the Date question-- give people a heads up it's an a.m. wedding?

POST: First time poster- this may be a stupid question, but haven't seen it addressed before (maybe because I'm making up things to worry about that aren't real issues?)

I'm getting married in March 2016 in the northeast US, and have a lot of friends and family who will be flying in or driving ~3.5 hours.  The hotel where we're holding our reception encouraged me to send out STD's right away so people will book their rooms early, since they fill up pretty quickly (we do get to reserve blocks of rooms, but only in groups of 10, and can only reserve another group of 10 when the original 10 are filled).  Our reception is from noon-5pm, and the ceremony will be at my old church literally right across the street from the hotel (so I would think it would start ~11am, but haven't sat down with the pastor yet to hammer out details).  In light of that, should I put the time of our wedding in the STD, or mention that it will be an a.m. wedding?

If I were a guest and just got a general STD card, I might only think to book a hotel room for the night of the wedding, not the night before, assuming it is likely an afternoon wedding and I'd have time to travel (especially if I were one of the many guests who have a 3.5 hour drive).  Is it okay to say something on the STD like ""late morning wedding?"" Is it also horrible etiquette to write on the STD something like, ""This hotel is really popular this time of year, so book your rooms early.""
  
We're also planning to invite a bunch of friends/family to our rehearsal dinner the night before, so maybe I could circumvent adding the time of the ceremony when that's not yet set in stone, but instead handing writing on the STD's of those guests who will be traveling far, something like, ""We would love to have you present for both the rehearsal dinner and the wedding- more details to follow!"" which might let them know to book a room for the night before.  Is that overkill?  Wait to send out the STDs until I know for sure the ceremony time?  Would love any feedback!

TL;DR:", having a morning wedding at a hotel where the rooms get booked quickly.  Should I mention on the STDs the time of the wedding so people know to get a room the night before too?
208,"SUBREDDIT: r/weddingplanning

TITLE: Bachelorette Absentee Bridesmaids

POST: So, I've been made co-MOH by my bride, and the first MOH put me in charge of planning the bachelorette entirely on my own. Okay, I can deal with that. 

Then she said she wouldn't be able to come, and made it sound like the reason is she's only 20 and wouldn't be able to get into the clubs. (Not true, BTW, I found both a dance club and a strip club that are 18+). The bride *really* wanted her sister there, so I did the research and found a way to make it work. 

Now that I'm working on the invites, she suddenly says she'll be out of town. The entire weekend. For something she does every year but ""can't reschedule"". Its vacationing with her boyfriend's family. 

...okay, *fine*, I think she's being selfish, but whatever, not my family. Unfortunately, two other bridesmaids are also saying they won't be able to go, one 'might' be camping and the other can't afford the gas to drive an hour to the town where the party is.

SO, question. Is it fair to ask these three absentees to still chip in to make sure the bride's costs are 100% covered? I'm not talking a lot of money, maybe $10-$15 each, the same as I'm asking the other girls to contribute. The bride wants dinner at Applebee's, dancing/drinking, then a visit to a strip club. I figure, with 6 bridesmaids and two other party members, we should be able to fully cover her expenses if we all chip in just a bit.

 They could just mail it to me ahead of time so that the money'd be available, and I could say stuff like "" And THIS drink is from your friend BlahBlah, who couldn't make it tonight!""

Yknow, like including them there even though they aren't there, to help the bride feel better about her missing friends\selfish sister?

TL;DR:"," Three bridal party members saying they can't/won't attend bachelorette, is it okay to ask them to chip in to cover the bride's food and drinks, like the rest of the party is?"
209,"SUBREDDIT: r/weddingplanning

TITLE: My cousin got married yesterday! My only [complaint/request] for you to keep in mind w/""day of"" coordinators

POST: The host/coordinator of the venue was fairly rude and impatient when it came to slower-moving guests, in my opinion. There were quite a few elderly and sick family members in attendance, and they were take a big group picture. The guy was practically yelling (he was already yelling to be heard above the noise, but this was definitely even louder) to each member who was not in the mob of craziness within 5 minutes. I actually walked away from the crowd to grab my grandfather and visually-impaired father and was met with ""young lady, where do you think you're going?"" Seriously? My dad had his cane out and was obviously struggling to move since sand is not a good medium for a visually impaired person, especially with the chair obstacles.  

Mother of the Groom needs a cane and was having trouble standing, so he was telling her ""you need to come to be in the picture!"" Other relatives who were familiar enough to be comfortable with her were busy helping another ill member who needed 3 people to help with walking and carrying equipment. I know this guy wants to get the picture done so we can move on to the next thing, but really, several members of the mob were back-talking/complaining under their breath that this guy was being rude about it.  

Later on, I think I was just still irritated by the original event, I was upset each time the guy spoke and asked people to sit down every 10 seconds. Once again, some people move slowly, thanks. Besides this, the wedding was gorgeous, and I am very happy for my cousin and her husband! They definitely deserved this occasion!

TL;DR:", Please keep in mine guests who may not be as quick as everyone else and make sure your coordinator knows how to handle such situations and be more patient. Wedding was otherwise beautiful!
210,"SUBREDDIT: r/weddingplanning

TITLE: Mum wasn't there when I bought my dress, now I feel guilty.

POST: Sorry for the wall of text!!

Okay, so I went to the other end of the country (UK so not that far really) to look at a dress I loved over the Christmas holidays. It was a last minute appointment and my mum couldn't make it, she was having a huge dinner party and would be cooking all day. I thought 'fair enough, its just a trying-on day anyway and I have other dress appointments she can come to'

Well Dress-Day comes around and I even said to my Dad (who came with me) that I would NOT be buying a dress today, this is just to try the dress on. (Should point out that the designer only has 1 shop in the UK and thats why I was going across the country to try it)
We get to the dress shop and try on the dress, I wasn't wowed by it, nevermind, but while I'm here I might aswell try on some more. Put on another blush coloured dress and I love it! My Dad loved it, my brother turned up later and he loved it. I put a veil on and I was sold. I've looked online and through magazines and never found anything I've even remotely liked but this one was just beautiful.
We then rang my mum and did a video-chat. She saw the dress, liked it and she gave a thumbs up. 

I bought it, it is mine, its been made and will be back April-May time!! So excited. Whilst I was paying the deposit and getting measured up my brother got a text from my mum saying 'wish I could have been there' and its hit me like a tonne of bricks since.

I feel so guilty. It wasn't her intention to make me feel guilty, I rang her after the appointment and said we talked and honestly she is fine with it all. But I can't get rid of the guilty feeling like I've taken a moment away from her. 

We're going back to for the fitting and to get accessories and a veil etc so I can do that with her, but what can I do to shake the guilt?

TL;DR:"," Mum wasn't there when I bought the dress, not I feel guilty because I've taken a moment away from her. What can I do to get rid of the guilt?"
211,"SUBREDDIT: r/weddingplanning

TITLE: Caterer is the worst [rant]

POST: So we had to pick one of 6 caterers with the venue. No problem, I didn't really care that much as long as it was in our budget. Picked one because the prices were in our range and the food sounded way better than the comparatively priced option. The online reviews all say the food is delicious too, so success! 

A couple of the reviews say their communication dropped off, which is fine because we have a planner to hound them. And hounding she's been doing, but they have been pushing back any sort of tasting for months. At first I was going to send some friends to taste food because I didn't give a shit/am a vegetarian and won't taste the meat anyway. And they were really excited about it, so I thought at least they'd have a good time. First a general tasting was cancelled, then a private tasting was pushed back because of a busy wedding season, then a vacation, then a new fall menu where they didn't know when it would come out, and now it's so far back it'll be about a month before the wedding. They're also a ways away so it's going to be a pain to get there and I'm going to be scrambling to find a time someone else can go because September is a busy month. Then my planner starts saying it doesn't matter if others can come, just that I can. Um no, I'd rather not do this at all.

And then she mentions something about there not being enough time to choose not only food but linens too? I'm thinking of printing out the color sheet and throwing a dart to make my linen decision. It's what the bride wants.

TL;DR:", I don't even care about catering but trying to plan a tasting I didn't want to go to is giving me a headache.
212,"SUBREDDIT: r/weddingplanning

TITLE: BM dresses already ordered, newly expecting bridesmaid will be seven months along at the time of the wedding. Not sure what to do!

POST: So I am a bridesmaid in a wedding that is going to take place in June 2015. One of the other bridesmaids just found out she is expecting and will be about seven months along at the time of the wedding. (Hooray!) The dresses were ordered a while ago (mid-September) and the lady at the shop (House of Brides, for all you Chicago ladies!) said that she'd have to call the manufacturer directly to see if they could change the sizes this late. Now this is where I'm confused. The consultant said that she was going to have the expectant bridesmaid guess what size she was going to need at that time and they would prefer she order too large so they could alter it down to fit. Does this make sense? Just wondering if any of you ladies have been in a similar situation and what you did to alter the dress to fit? The bride is not on Reddit so I told her I'd ask around to see if you ladies have any suggestions! 

In case you're curious, [this] is the dress. Thanks in advance for your help!

TL;DR:"," Bridesmaid wasn't pregnant when ordering dresses, but she just found out she is expecting, will be seven months along at the wedding and not sure how to handle the dress situation!"
213,"SUBREDDIT: r/weddingplanning

TITLE: Help! I can't afford any sort of wedding and my family is demanding a traditional ceremony/reception.

POST: Hi, I'm looking for a bit of a rant but also some advice on how to handle this situation. My fiance and I are broke. He's unemployed and desperately searching for work like many of us millenials. I am working full time but still only have $200 a month left over after paying rent (for the cheapest apartment in town), student loans, utilities, and car payment. I use this $200 a month to buy gas to get to work and groceries. It is literally impossible at this time to save up money at all, let alone save up for a wedding. My fiance and I planned on having a court wedding.

Our parents said that this is not an option. The wedding is a celebration of the union of two families and we owe it to everyone to have an event. I am the only daughter so I have to have a wedding. Our parents are broke too. There is no money for this thing from them, they know how much money I have and are still demanding the whole shebang. WTF do I do? I don't want to let the family down but there's no way to pay for it. How can I make them understand that what they're asking for is impossible? I have enough student loan debt, I don't need to take out an additional loan for a party that I didn't even let myself want because I never expected to afford it.

TL;DR:", Whole family is broke but demanding an expensive wedding. How to I tell them to forget it without making it sound like I resent them?
214,"SUBREDDIT: r/weddingplanning

TITLE: Who gives this woman alternatives with family issues [Ceremony Question]

POST: With 99 days to go (eeek!), our officiant has suggested that we start getting the ball rolling on our ceremony. I have a basic outline of what we want, and our officiant has offered me past ceremonies to help guide us. 

However, I am at a loss for how to deal with my father ""giving"" me away. We have a great relationship, but he and I agree this is dated. I found a good post through searching, but the ones I liked best involve the entire family which I don't want. My parents are divorced, and my biological mother told my dad that she didn't want me or my younger brother. This was quite a shock in the south in 1995. My biological mother and I have an okay relationship, but she didn't raise me. My stepmom (my mother in my eyes) has raised me into the woman I am today. She's been there since I was born as my parents were all friends in college, but has been my mother since I was 7. I don't want to start World War 3 by having families included in the ""giving away"" aspect. I don't even want to have parents and grandparents walked in because I don't want to honor my biological mother at all. My stepmom disagrees, so we'll see on that. So, does anyone have any suggestion for how to word the ""giving away"" aspect?

My dad suggested just taking my hand and placing it in FH's after he kisses me on the cheek. I think that's sweet, but personally would like some exchange of words. FH suggested (jokingly) just saying, ""[dad name], hand her over!"" Other ideas?

TL;DR:"," I don't want to deal with honoring my biological mother by bringing in the family aspect of ""giving away."" Suggestions on ways to reword the ""giving away"" part of the ceremony?"
215,"SUBREDDIT: r/weddingplanning

TITLE: Modcloth dress help!

POST: I don't even have a date yet (probably next summer), but I think I found the dress!

Very shortly after I got engaged I ordered a couple of dressed I'd been eyeing on ModCloth because they had a good sale and I was excited. At the same time I used the 'I need it!' notification feature for [this dress] which was out of stock. I'm hoping to have a relatively small, casual, outdoor wedding, so this dress fits the vision well. Low and behold, two days later (after the sale was over of course), the dress became available in my size. I pounced and got the only one in my size and now the dress is out of stock in all sizes.

I tried on the dress with FMIL and MOH yesterday and they LOVE it on me. It fits well, but will need some alterations to get rid of zipper tail and potentially a little length. I especially like this dress because it accentuates the arms and I've been meaning to start lifting (I play roller derby, so it's not a ""work out for the wedding"" thing, it's a ""lifting will make me a better derby player if I just bite the bullet and do it"" thing). Since we'll probably be getting married next year, that gives plenty of time to get some awesome arms and get in the lifting shape I've been dreaming of. That in addition to the fact that this is exactly the type of dress I've been picturing has me 80% this is the dress for me.

The problem is that if this isn't the dress, in order to get a full refund I need to return it within 30 days. I feel like I should at least look around a little more before committing, but there's not a whole lot of time for that (also my May is ridiculously busy). I also don't know much about how dress alterations work so I'm worried about committing before talking to a seamstress to make sure what I need done is possible. But it seems to be a popular dress, so I don't want to return it and risk it never being available in my size again.

What should I do!?

TL;DR:"," I definitely jumped the gun on dress shopping, but now I have less than 30 days to make a decision about a ModCloth dress I already tried on and love."
216,"SUBREDDIT: r/weddingplanning

TITLE: I can't have the spotlight for anything!

POST: Okay I'm sorry for this in advance: I really need to say this. 

I'm so mad. My fiancé is telling me I'm angry about nothing but he just doesn't get it. 
Okay so me and my FH have been engaged since October of 2012. We finally set a date for our wedding to be march 7, 2015.. I told my bridesmaids and made sure they could be there at that time and was so excited to have my happy moment. For about a day. 
WELL- the week after we do this my sister tells me that her boyfriend (who is still married) will be divorced finally as of July and they are just gonna run off and get married around Christmas. Mind you this is my maid of honor and sister and best friend and she just ruins my happy. 
THEN- my other bridesmaid decides to post pictures of HER engagement ring (she's been engaged for a while too) all over Instagram and Facebook and post wedding stuff and act like this is some new shiny thing for her too. Awesome. 
THEN- my other bridesmaid decides she is going to get very distant and barely talk to me now, most likely because she is going through a bad breakup and when I told her I was getting married and needed a bridesmaid she cried in front of everyone and made me look like an asshole.... 
I went to try on dresses today and nobody could go with me... I was alone. No happy faces. 
The other night I told my mom I didn't want religion in our wedding and had to explain to her that I don't believe in god and she got pissed.  Now she says ""we're gonna have to talk about this whole wedding thing""
Whenever I say anything about stuff everyone just doesn't look interested. 
It hurts my feelings so much. I feel like I'm the only one who cares and I honestly don't even want a wedding anymore. I really don't even wanna deal with this shit any longer. 
Soooooo sorry for this wall of text.

TL;DR:"," nobody cares I'm getting married, mom is mad because I don't believe in god and I think I just don't even want one anymore."
217,"SUBREDDIT: r/weddingplanning

TITLE: Bridesmaid and groomsmen bringing their two-year-old to the wedding

POST: My two friends have a darling two year old girl, I love her very much, and didn't think much of it when I gave them the option of bringing her to our wedding, since it's a Sunday afternoon and not childfree. My FH's brother will be bringing his two kids under six and my cousin might bring his twin girls. They are both traveling from the midwest so finding childcare would be a burden.

However! Our two friends are both in the bridal party, and now as I'm putting together the timeline for the weekend, I have some concerns. We want everyone to get together the afternoon before, do some bonding activities (girls get their nails done, boys go bowling or something like that) plus the rehearsal and the rehearsal dinner. Also the guys and girls will be arriving separately to the venue in the morning to take pictures. Our ceremony will be short and onsite, but still. This is two pretty long days for that baby, so no matter how good she usually is, I feel like they will be dealing with one cranky kid throughout.

Their solution for times when they both need to be doing something is to have a mutual friend watch her. I have no idea if they've talked to that mutual friend about this yet, but when they do I'm afraid he'll feel obligated to do it. And we're not talking a few minutes here and there, we're talking 30-minute stretches at a time. I'm not sure I feel comfortable with giving him that responsibility.

I told the mom I'll talk to her about this tomorrow in person, but I am not sure what to say. We are still seven months away from the event so I'm sure that's enough time for them to ask the grandparents to watch her for the weekend, but I still feel rude for back pedaling and basically uninviting her, since we said we were open to it in the beginning. Should I let it go and just let them figure out the logistics?

TL;DR:"," I told my friends who are in the bridal party that they can bring their two-year-old for the weekend, but now I'm having second thoughts."
218,"SUBREDDIT: r/weddingplanning

TITLE: Help approaching a sensitive [religious] topic with my Mom

POST: Hello planners! Sorry for the semi wall of text... I need some help dealing with a sensitive subject. 

I grew up Jewish and was religious until high school.My family knows I am no longer religious and haven't been for a while. My FH is an atheist. I support his decision to be atheist and he supports my decision to be... well... whatever I want to be. 

We knew this would be a problem when we got married because we knew my Mom would want us to have a Jewish wedding. She told us many, many times how she wanted/expected the whole thing, Chuppah (Jewish alter to stand under), which sides we stand on, lifting up on the chairs, prayers and the breaking of the glass. From the start, before we got engaged, we started telling her that we weren't sure what religious aspects, if any, we wanted in the wedding.

My FH and I have talked a lot about what we wanted in the wedding. We looked up details on Jewish traditions and talked about what we liked and we wanted vs. what we didn't. We agreed 100% on every aspect. My Mom has been *relatively* supportive.

We decided Yes to the Chuppah and one prayer. No to the other prayers, lifting of the chairs... and no to the breaking of the glass. The glass thing we discussed at length because of how much pressure she was putting on us to do it. 

The breaking of the glass thing is tough because she has told us multiple times how he 'better' do it. How he 'absolutely has to'. Me and the FH are ABSOLUTELY IN AGREEMENT about not doing it but I'm not sure how to bring it up with Mom. It's such a touchy subject and I know its going to cause a fight no matter what I do. How can I soften this issue?

TL;DR:", We've decided not to break the glass at our wedding. My mom is going to have a fit. Whats the best way to handle it?
219,"SUBREDDIT: r/weddingplanning

TITLE: How do I not exclude FMIL from planning? Help!

POST: I'm not intentionally excluding his mother from planning things, but I'm starting to feel guilty because I have my own mom help with everything planning related (picking caterer, venue, dress, dj, etc.) A lot of her involvement does have to do with the fact that she's shelling out *a lot* of money on things, so I feel that she deserves more input. She's never pushy or too opinionated and always level headed and ultimately understands that it's not her wedding and agrees with me on most everything. My FH has basically given the reins to me and doesn't have an opinion on much, so my MOH and mom have really been who I ask for help. 

I love his mom, but I'm just not comfortable giving her huge responsibilities because she's a little flakey and generally needs a lot of direction doing pretty much anything. 

Should I even be feeling guilty for not including her on dress shopping and such? I am my mom's only daughter and FMIL has already had one of her daughters married and another planning currently. Shouldn't it be her own daughter's responsibility to make her feel included, not mine? I want to share wedding/bonding time with my girlfriends and my own mom. I am way out of line and being completely selfish here?

TL;DR:", what activities did you/are you giving your FMILs to make them feel included in planning or day of events?
220,"SUBREDDIT: r/weddingplanning

TITLE: Horrible Experience with Etsy bridal gown

POST: I know, every seller on Etsy is different, but I'm telling my story to see if anyone has other ideas, or similar experiences. 
I corresponded with the seller about a custom bridal gown back in May (2015), agreed on price, dress, details, etc with the seller in writing. Seller agreed the dress would have a bustle, and would be shipped in July. Fast forward to July, she repeatedly keeps telling me that it's ""almost done, will ship next week."" She marks the item as shipped finally in mid August. On September 6th I received the package which consisted of a large flat rate box, extremely stuffed full with my giant dress. It was literally shoved into a flat rate box, no garment bag as advertised, no protection whatsoever. I contacted the seller once I was able to try on the dress and told her that the length was WAY too long (Like I'd have to be 7 feet tall for it to fit), and that it didn't have a bustle. She agreed that she forgot the bustle, but stood by her measurements. She stated that she would reimburse me for a bustle up to $150 if I sent her an invoice. A month later (early October) I finally got in to a local alterations lady who gave me the invoice for the bustle, which I sent to the seller immediately.  The seller did not respond for a week, so I said I would escalate it to Etsy Support if I did not hear back from her. She then responded that I was being ungrateful, and that she would no longer issue a partial reimbursement for the cost of the bustle.  I tried to reason with her, and also contacted Etsy, who said that since she listed the production time as 10 weeks (from May) plus 10 days after she said she shipped it (it was post marked August 29th) means that my deadline to file a complaint was September 12th (around the time I actually received the dress.) They suggested I dispute the charge with my bank, but my bank (USAA) says that I only have 60 days to dispute a charge (so my limit with that option expired in July). Is there anything I can do?

TL;DR:"," Custom Etsy dress was late, stuffed into a box, and didn't include the paid for bustle. Seller agreed to reimburse for bustle, but changed her mind. Etsy and bank won't help."
221,"SUBREDDIT: r/weddingplanning

TITLE: What's Next? Destination Wedding

POST: We are getting married summer 2016, been engaged almost 2 months and we've been very productive, but as the major things have fallen into place I'm jobs of at a loss of what to focus on next? 

Budget: Ran through basic numbers to get an idea is what we are comfortable with and where we'd like to be in the end. 

Location: Italian Villa, rented for a week through Air BnB (awesome find and alternative for destination wedding). One snag was we ended up moving the week up a month because the original week was sniped by a travel agent as an option for another group. *shake fist* but now it's set Mid July 2016. Also comes with connection for catered meal for wedding day, the rest we'll make our own or go out to eat. 

Engagement Ring: Redesign of my grandmother's wedding set, to be competed first week or so of October (omg I cannot wait!!!) 

Dress: Struck gold first time out trying on dresses, found a dress so very similar to a dress I found online, so beautiful! Ordered, waiting until February or so for it to come in for alterations. 

Guest List: Done. Save The Dates/Invites have been sent out since we're asking for a deposit for the week. We are travelling from Canada, so wanted to give people as much time as possible to save up, find flights, plan their vacation time, etc. Pretty much everyone has RSVP'd.

So now what? It's too early to book flights, or rental cars. I'll get a few more specifics for wedding meal closer to the date. Dress is good until late winter. Please tell me what I'm forgetting! Lol!

TL;DR:"," Location, guests, dress, ring are done. What's next? July 2016 wedding in Italy, coming from Canada."
222,"SUBREDDIT: r/weddingplanning

TITLE: Should I find a new bakery?

POST: Hey everyone! 
In early January I emailed a variety of bakeries. I picked one and emailed her back and she said she was on vacation and would get back to me in a day or two. 
Fast forward a few weeks and I haven't heard anything. Really liked her website/prices so I email her again. She says she was in the hospital and apologized for not replying. That's fine, good excuse. 
The last couple of email exchanges have taken her 3-4 weeks to reply to. In my most recent email I told her the contract she had drawn up looked great and asked how I could pay the deposit/sign the contract. This was almost a month ago now and I haven't heard back. 
Is it normal for vendors to take so long to get back to you? 
I think we should ""fire"" her and pick a new bakery (our wedding is July 19th, 2014) because I'm getting anxious that she will flake out on our wedding day. My fiancé thinks we should give her the benefit of the doubt, call her and use her as our vendor. 
Any thoughts?

TL;DR:"," Cake vendor is being super flaky and taking weeks to answer my emails. We haven't paid a deposit yet, should we just find a new baker or give her a chance?"
223,"SUBREDDIT: r/weddingplanning

TITLE: Do I really have to invite the whole family?

POST: My SO and I are starting to look at venues in the tri state area. My mother has been on my back non stop demanding I invite the ENTIRE family, which means 100 people easily. Not counting children and not including my friends. My mom was one of 5, my dad was one of 3, and I'm pretty young on both sides so most of my cousins have kids now of varying ages. My SO's parents have said they will pay for as much as they can, but we don't know how much this is. I KNOW they can't handle anything quite that big. My attitude is, it's my day. Why should I invite every last random relative who I see once a year and genuinely don't know or care about. My mother and sisters are mortified by this, saying it's hugely inappropriate and that my mom will get harassed by the family demanding to know why they weren't invited. My response - if they knew me well enough to complain to me instead of my mom, they'd be invited. Anyone ever deal with this kinda stuff before? I'm not made of money. I can't afford that many people and I wouldn't want to even if I could.

TL;DR:"," Mom says I have to invite entire family. I'm not made of money. SO's parents are paying, also not made of money. Don't want people I don't really know there. Any thoughts?"
224,"SUBREDDIT: r/weddingplanning

TITLE: How do you accommodate bigger wedding party members?

POST: My trouble is specifically with a groomsman, though I bet some ladies could use some help with bridesmaids.

For the wedding, I'd like--after consulting with the groomsmen--to have everyone in dark brown dress slacks, a lighter brown vest, and a dress shirt for less than $200. I'm trying to source everything, but sizing's become an issue for one of my groomsmen.

We love him to death and he's a great guy, though a little depressed atm, but he's... large. Very large. I'm worried about finding him a vest that'll fit while match everyone else's.

And then, he's reluctant to tell me his current sizing (which I know he knows, because he's also in the wedding party for a mutual friend of ours). He says he wants to ""lose weight"" before the wedding--which is all well and good, but we won't be getting stuff tailored until 2 months or so before the wedding, including me. I don't want to wait until the last minute to order stuff. (It's almost April, and the wedding's in October. That gives me 6 months.)

So! I suppose my question is two fold. One, when do I get the groomsmen to order their clothes in time for the wedding? And two, how do I gracefully/tactfully/successfully clothe my bigger, potentially too-optimistic groomsmen? (I say this only because we've seen him ""diet"" before and it doesn't really work.)

TL;DR:"," Bigger groomsmen is evasive with size, am fretting about getting him clothes that actually fit. Would like to know how others have dealt with similar issues."
225,"SUBREDDIT: r/weddingplanning

TITLE: Is a Videographer Worth it?

POST: We've been going back and forth on whether to hire a videographer or not for the wedding.  Anyone I've found who is in our reasonable price range (for us, read $1200) I have not been impressed with after looking at their portfolios/sample videos.  Those who I've found and liked have ranged from $2200-$3500.  For something that was not on the top of our priority list, this is a lot extra to spend.  

If you had or are planning to have a videographer, did you find it was worth it?  If you are comfortable sharing, how much was your videographer and what was included in their cost? In the end we can always have someone just use a home camera to record the events but I would prefer professional quality recording, sound, and editing. 

(What I really want is a recording of our ceremony, vows, speeches, special little moments photos don't necessarily capture, etc.  So about 6-8 hours of service.  I'd also love one of those 'movie trailer' style summaries in addition to a full wedding video.  If anyone has any suggestions for videographers serving the GTA area of Ontario, that would be great!  I've already done a decent search through bridal shows, recommendations, and weddingwire but no luck thus far.)

TL;DR:", Was a videographer worth it to you?  What was the cost and what was included?  Any suggestions for videographers in the GTA area?
226,"SUBREDDIT: r/weddingplanning

TITLE: Plus one problem

POST: Hey y'all. So, I have an issue. My biological aunt's husband has three sisters who I grew up calling aunts. They are wonderful women with wonderful husbands, except one. My favorite one of them has an awful, mean husband and idk how that even happened. She doesn't even like him much and is embarrassed by what an asshole he is, but you know holy matrimony and they have a son so she's staying with him, sadly. He has been mean to my FH intentionally to his face since he was 16 years old. A child. He picked on a socially awkward child, and almost made my FH give up entirely on meeting more of my family. He is still rude to him to me and my aunt and I give him shit for it, but he never listens. So the dilemma is FH refuses to be around him, which I think is 100% fair. I will not make him suffer his company, because that's being disrespectful to him in my mind. He never respected him, me, or our relationship. But I want my aunt there. What do I do?

TL;DR:"," aunt"" has asshole husband, FH and I refuse to have him at the wedding (he'll be snarky and rude to us even at the wedding), but I want her there. What to do?"
227,"SUBREDDIT: r/weddingplanning

TITLE: Guest List Issues (Conflicts between guests)

POST: We haven't sent out save the dates let alone invitations.  The nagging issue is the guest list.

* Extremely conservative relative that traps you in a corner and talks to you all night about how the government sucks and how to cheat it? No problem
* Uncle that loves to spin stories that aren't true and you must keep away from the mic during speeches? No problem
* Friends bringing their special kid despite the fact that you told them not to? No problem

* Two friends who are going through a really messy break up and possible legal fight over their one child? PROBLEM

Two solutions up to this point would have been to invite only Friend A, suffer the consequences of Friend Z's wrath socially.  A friend who invited them both (when they were more civil post break-up) advised to invite the two.  The reasoning was that they were grown ups and they can handle themselves. This was not a problem until Friend Z declares that they will start legal proceedings for custody of their child, and Friend A has to respond in a legal fashion as well.  Friend Z has narcissistic tendencies and never treated A very well in the last couple of years of their relationship.

I'm close to A so they proceed to give me their side of the story.  The sad part is that Z hasn't come forward to tell their story, and they pretty much lambast A on their FB.  It's rather petty because I want to give Z a chance.  Their actions and their attitude towards A makes it really frustrating for me to want to invite Z.  I'm not sure if the acting civil part is going to happen anymore.

The option was to just invite A and not bother with Z, but now Z is staying with friends who I am inviting (they are also helping with the wedding, so Z will know when and where the wedding will be.)

TL;DR:"," Two unmarried Friends have a child, then have a messy break up, Z threatens to take legal action for custody of their kid, A has to legal up too.  Who the hell do I invite to the wedding?"
228,"SUBREDDIT: r/weddingplanning

TITLE: Ugh, freaking out. How do we stretch our budget??!

POST: So, here's the basics:

* Our current budget is $4000-$5000
* We are inviting 150 guests
* I have my dress
* Everything else is up in the air

We live in West Michigan, and the only things we've found in our price range are a few country clubs and a hotel. Fiancé isn't sold on the hotel, because hotel guests would be intermingling with the wedding. I've look at parks, refurbished warehouses, theatres... Just about everything I can think of! We have a lot of people to feed and entertain, and I don't want to throw a pile of money at something that we're not both head-over-heels about. Is there anyone who's had experience working with a smaller budget? I have some money-saving ideas:

* Mom's friend makes really good cakes, made a Viking boat cake for my brother's wedding as her gift to them
* Friend from high school is a professional DJ
* Know a few people who went to the local culinary school, who said they would be willing to help with food or use their connections to help us out
* Myself, FMIL, FSIL and MOH are going to be making bouquets, centerpieces and boutonnieres from silk flowers.
* We're decorating our own paper, and using rubber stamps instead of printing.

I just feel so lost!

TL;DR:"," I want my money to work for me, without sinking us into a financial hole, and still have an amazing day! "
229,"SUBREDDIT: r/weddingplanning

TITLE: The delicate balancing act between guest list, travel expenses, and budget

POST: I have looked through lots of great Weddit posts and am looking for advice on guest list management prior to sending out STD's. We will be e-mailing them and collecting mailing addresses that way. 

My family is large and will be coming to Baltimore from California and Chicago/MSP. FH's family is small and will likely not all attend. We  have a very inclusive list of about 140 folks for a 8-10k budget where I am still working out catering for a vegetarian afternoon park-based shindig. We have awesome compostable plates and will likely do a family-picnic style buffet.

Did anyone just send STD's to relatives and must-haves and wait to see costs shake out before inviting more people?

Were you conservative and thankfully so when mailing invites or making the list or do you wish you'd sent more STD's out? 

SIDEBAR: I hate the idea that anyone invited to a wedding is obligated to gift--my FH and I were dirtbag outdoor instructors not so long ago and I don't want old colleagues (not field staff but office folks) to send regrets and money/gifts. It just doesn't feel right. :/SIDEBAR::

I also am planning on finding out about group discounts to the aquarium, zoo (in our neighborhood!) and doing a DC trip one day with family, which I think will add to the ""we have flown out for awesome"" but also am nervous about planning events for family when I will likely be super busy with wedding stuff.

TL;DR:"," What were your best practices for balancing your homegrown vibe/budget, guest list size, and guest expectations in a wedding where a great deal of family is flying in?"
230,"SUBREDDIT: r/weddingplanning

TITLE: [Catering] Ideas for our Menu

POST: Hi all, I'm just hoping to get some ideas. We're having a meeting with our caterer tomorrow for our September wedding. Our caterer isn't super traditional since it's a friend of FH who has experience as a head chef at a restaurant they used to work at together as well as some side catering experience.

He said we really can just write anything down and he can do it. He will have helpers the day of and is only charging us the cost of the food since he's a friend.

SO..my question is what are some ideas for simple but still tasty dishes that will be economic for us as well. Need ideas for cocktail hour appetizers as well. 

Our only thought so far was to possibly do Italian. Everyone likes it (mostly? I think?) and it's easy to do vegetarian options. FH wants mashed potatoes and I want there to be a salad option with dinner. I just want to make it as easy as possible for our caterer since he's helping us so much!

Any and all tops welcome :)

TL;DR:", our caterer said pick whatever you want and you'll only pay for the food. What should we serve for dinner?
231,"SUBREDDIT: r/weddingplanning

TITLE: Experiences/opinions with planning a long distance wedding?

POST: Backstory: My SO and I met each other while in grad school, which is 1500 miles away from where either of us live. We got engaged in early 2015 but planned for a late 2017 wedding to allow time to accrue money and finish schooling before we moved closer to home. However, my SO recently took to opportunity to continue with his graduate education (I honestly am thrilled about it despite the wedding snags) so we are stuck 1500 miles from home for another 3 years. I have taken a job somewhat close to him (2.5 hours away, although I do hope I can move closer eventually) and we see each other every weekend.

The Issue: He keeps pushing for us to plan our wedding and I don't think it's feasible to have it as we previously planned. I have always wanted to get married in my church (received all of my sacraments, where my parents were married, etc, lots of sentimental and religious values). This church is 1500 miles away and my job requirements prevents me from visiting home to visit venues/meet with caterers, etc. My family does live in town and would likely be willing to help, but I feel it is unfair to them and although I trust their opinions, their visions and tastes may differ in some regards. His family is too far away to help.

My fiance is optimistic but I feel it's unrealistic.
    I figured I would come to this sub to see if anyone has had any experience with long distance wedding plans, and if there were any words of advice to contribute. Any and all thoughts welcome.

TL;DR:", SO and I are 1500 miles away from prospective location of wedding but unable to move/travel much to visit and plan. My family is local and could help. Is this a horrific idea?
232,"SUBREDDIT: r/weddingplanning

TITLE: Need advice on number of people who can fit at tables

POST: Hi,

Longtime lurker here in need of help! I'm getting married in 25 days and I'm freaking out about space.  We invited 125 people to the wedding (including bride and groom) and it looks like we're going to have 120-122 people come, which is WAY more than we were told to expect.  We are having a tented reception, and rented a tent that is 44x63.  The tent rental people told us that it was ideal for up to 110 people but would fit 120, and we were expecting a yield of about 110.  

Now with these bigger numbers, I'm freaking out.  The vendors gave us a floor plan and said we can fit a max of 12 60"" tables, and will need to put 10 people at each. This is despite the fact that we are doing an ipod sound system and a plated dinner, so don't have buffet tables or a band to contend with. If we have 122 we can have a sweetheart table for the bride and groom on the dance floor.  However, all of the other online forums (weddingbee, theknot etc) are telling me that 10 people for a 60"" table is too tight.

Do I need to try to switch to a bigger tent? It sounds like it MIGHT be possible, but is not guaranteed and would cost an extra thousand dollars (which we could pull off but it would definitely sting).

TL;DR:"," Due to higher than expected yield we are anticipating 120 people in a tent that fits a max of 12 60"" tables.  Is 10 per table okay or do we need to scramble for a larger tent?"
233,"SUBREDDIT: r/weddingplanning

TITLE: Unique Honeymoon Destination?

POST: Hi Everyone! I'd like to book our honeymoon within the next month but we're both stumped as to where to go.  We want something unique where we can explore the local culture (neither of us are 'sitting by the pool for a week' people) but I also think we're underestimating how much we will want to relax after the wedding.  We're looking to spend up to $4000/person for 1-2 weeks.  So far the ideas we've floated around are Iceland, Hawaii, Maldives, Thailand, Dubai, and Africa.  I've also looked briefly into Sandals all inclusive and Atlantis resorts.  Clearly we're super directed in our thinking...

We want to have an amazing experience and come away with memories having seen things that are amazing.  We did backpacking around Europe two years ago and trip to Scotland last year so something different than that would be nice.  We're willing to spend a decent chunk of money to stay somewhere nice this time around while exploring another corner of the globe.

TL;DR:", Give me unique places to visit for our honeymoon that cost under $4000/person which will be both relaxing and adventurous.
234,"SUBREDDIT: r/weddingplanning

TITLE: When people assume they're invited to the rehearsal dinner...

POST: Hi all,

So, my uncle and his wife just called me to ask when the rehearsal dinner is. It kind of caught me off guard that they would just assume they were invited. Originally, my fiancé and I were planning on parents, wedding party and their significant others only (as well as the officiant and his, as etiquette suggests), but we looked at our budget and decided we could expand to include aunts and uncles.

Except, we hadn't told this to anyone yet because we're still ironing out the details with the restaurant and wanted to make absolutely certain before we started telling people.

Now I'm worried that cousins and other guests are going to assume they're invited as well. I know some people host all out-of-town guests at their rehearsal dinners, but since like 90% of our guests are from out of town, we would basically be having a second wedding reception if we were to do that.

I was going to tell people about the rehearsal via word of mouth, and now I'm thinking I need to send official invitations to make it explicitly clear who's invited. :-/

TL;DR:"," Uncle assumed he was invited to the rehearsal dinner, and an awkward moment was avoided because his assumption happened to be correct. What do I say when people who aren't invited assume they are?"
235,"SUBREDDIT: r/weddingplanning

TITLE: Deciding whether or not to do all-inclusive option

POST: I am getting married in Atlanta in over a year. I live out of state, so I am doing most of the coordinating online and on the phone. This means I'm limited in going to see vendors in person, and I really have to maximize my time around Atlanta. 

I've already booked my venue, which I had to do sight-unseen to get both the location and date I wanted (my FH and FMIL have both been to weddings there and love it). The venue offers an all-inclusive option, and I have a few days left to decide if I'm going to do it or not. I really can't tell if I'm getting a better deal or not, or if it's worth it for the amount of work I'll be saved. For each of the all-inclusive options, I get to pick one of their preferred vendors, and I can opt-out of using two of the eight included components: 

-Officiant (4 choices)
-Ceremony music (5 choices)
-Flowers (3 choices)
-Photography (4 choices)
-Reception music (3 choices)
-Cake (1 choice)
-Catering (exclusive, so I will use it no matter what)
-Getaway car (1 choice)

The all-inclusive has a base rate, and I can upgrade through each of the vendors. For some of them, I already know I'd want to upgrade. For others, I feel like I'm overpaying for something I'm not sure I really want. That being said, I'm not sure how much I'd be able to save by doing it myself or if it's worth the headache to coordinate all of the contracts myself, especially from 1000 miles away. 

So, has anyone done an all-inclusive wedding who can tell me what they thought of it? Or, if you didn't do one, do you wish you had? I have over a year until the wedding, so I'm not crunched for time on choosing vendors. I do, however, only have 6 days left to decide whether to opt-in to the all-inclusive wedding option.

TL;DR:"," Coordinating a wedding from far away, trying to decide whether or not to do all-inclusive option through the venue (venue is already booked)."
236,"SUBREDDIT: r/weddingplanning

TITLE: Mom doesn't 'get' non-minister officiants (mini rant)

POST: So, I've always known choosing our officiant was going to be a battle, but first I figured it'd be a battle of us not knowing who to choose. It's important to both of us that the officiant actually be someone who is important to us. One of my close friends from college is partially responsible for us meeting and happens to be 'ordained' by the power of the interwebs so we want her to do it.

Momma Bear of the Bride is having a big ol' problem with that. She is fine with us not getting married in a church, but she just doesn't 'get' what gives someone the 'authority' to marry us. YET, she has no suggested alternatives other than another non-minister who happens to be very active in their congregation but has no real connection to FH & I [My dad's cousin whom I haven't seen in 4 years and FH has never even met].

I'm the youngest of my siblings, my older 2 already married -- one not in a church but with a minister officiant, the other married in a church with a non-minister officiant. So, my mom at least got a fragment of what she wanted at both of those.

We've had a few convos, both which have led to me half scream-crying by the end. My parents are the type that hate being told that you're doing something no matter what they say. So, I've told my mom we'll talk and we'll listen, but that doesn't mean we'll compromise. [We aren't compromising -- most i'd compromise is having someone else pop up at the end and do the 'YOU'RE MARRIED' bit...but again, there is no one to do that...also FH thinks that's stupid].

Anyone navigate this issue before? I've promised it won't be a short simple legal ceremony nor will it be devoid of any religion -- we'll do the unity candle and prayer -- but she keeps saying ""we'll talk"" as though there is an iota of chance that I'll change my mind.

TL;DR:"," Want close friend to officiate, MOB not having it, we don't plan to compromise but would like to diffuse the situation so we can move on with the planning."
237,"SUBREDDIT: r/weddingplanning

TITLE: [Request] Tactful way to explain which meals are paid for

POST: We are doing a destination wedding, and thus are having events over several days.  The night before, we are having our rehearsal dinner, which we are paying for, and then of course dinner at the wedding.  The morning following the wedding, we were planning to have a brunch at my parents condo with some breakfast casseroles and bagels and such, for people to chill and hang out with us before we leave for the honeymoon.  Well, the condo owners said we were not allowed to have that many guests, so I'm looking for a local place that serves brunch.  It was fine when we were going to make everything ourselves, but we can't afford to cover everyone out at a restaurant.  I'm wondering if there's a good way to tell people that we can't afford to cover the additional meal, now that plans have had to change.

TL;DR:"," need a way to tell people that rehearsal dinner and wedding meal are paid for, but not brunch the morning after the wedding."
238,"SUBREDDIT: r/weddingplanning

TITLE: Has anyone had experiences with little to no alcohol at a wedding?

POST: Long story short, my dad died this year of end stage liver disease brought on by alcohol abuse.  He had his addiction my whole life, I can't remember a time he didn't pop open a beer in the morning or drive with a can between his legs.  He died two months ago after 4 months in the hospital.  It was really ugly and tragic.  

My dad's situation really made me think about my relationship with alcohol.  I drink socially as much as the next average millennial, maybe a little less.  I don't need alcohol to have a good time.

However, there are 2 alcoholics in my immediate family.  My grandfather and my aunt's husband.  When they start drinking, they really knock them back like it's going out of style.  I don't want that.  I don't want to get frustrated, I don't want my grandma or my aunt to have distress on what's supposed to be the best day of my life.

My fiance doesn't drink at all.  We both agree we'd like to incorporate some kind of limit, or not supply alcohol at all.  It's not worth it to me.  Meanwhile, his mother encourages us to have some kind of system that HER family can drink as much as they want.

TL;DR:"," Has anyone ever had experience with a dry or almost dry wedding?  Does anyone have any ideas for how we can accomplish this without having a ""boring"" wedding?"
239,"SUBREDDIT: r/weddingplanning

TITLE: MOB Dress help!

POST: Hi Wedditors!

So I am hoping that someone on here may be able to help me out. I live in Toronto, Canada and my Mum and fiancee's mum recently went to a local dress store for them to find dresses for our wedding. My fiancee's mum found a beautiful dress that looked adorable on her, but my mum felt really shitty about how she looked, My mum has recently gained some weight and is feeling really down, and the one thing she really liked was about $400 above her budget, she looked amazing in it but she really can't afford it! 

We tried again at another store (The Bay's the room) not realizing they didn't have anything under $1000!! So this made my mum feel even worse and she just kept talking about all the weight she has gained (now to be fair, yes she has gained some weight but she still looks beautiful!). 

Now I'm not sure where else to look as I can't think of anywhere else to go! She is by no means over weight (she's around a size 12-14 now - she was a 8-10 before) I know she is hoping to lose some weight before trying on dresses again but I'm not even sure where to take her to look now. Can anyone suggest any good stores in the Toronto area where they have some beautiful dresses for a beautiful woman! Her budget is around $500. Thanks so much guys!

TL;DR:", My mum can't find a dress for the wedding and is sad about weight gain. please help locating a great dress store in Toronto area!
240,"SUBREDDIT: r/weddingplanning

TITLE: Our dream venue is booked on our date...

POST: Actually, almost every venue is booked on our date. We spent months  finding a date we both liked, and we are quite set on it. We have played with the idea of getting legally married on our date and having the wedding the day or two after(ceremony and all). Is this doable? Is this rude? We have never really planned a big event like this before so we are unsure of what etiquette is expected.  
            
I am still searching for venues in the meantime but I am not sure we will find another venue we like this much within budget and available on our date. I know most people get married and have a wedding months or years later but I haven't heard of someone having the wedding days after. We are lost on what to do. Any ideas or tips?

TL;DR:", Is it Faux Pas to get legally married on our date and host a wedding(ceremony/reception) the next day?
241,"SUBREDDIT: r/weddingplanning

TITLE: Payment Schedule Advice

POST: Not sure if you guys can help with this or not, and this may seem a little frivolous to ask. But, I'm looking at all the payment options now that the second, third, etc. payments are coming up and was hoping you guys could give me some advice.

My FH is actually funding the wedding. I am finishing my Master's degree in 8 weeks, so currently have no job. My single mother had a hard enough making ends meet, so she did not save for college or weddings and she recently lost her job. The FH's family is more well off. They presented him with the remainder of his college savings a few years ago after finishing his degree; so, we're taking an exact amount out of that savings to pay for the wedding (and trying not to spend much more). The FH has clinical depression and while he has a great job making a decent living, his depression nearly got him fired recently. This is relevant because the savings are fine now, but may end up iffy down the road.

So, my question is, do we continue to pay by the payment schedule, or do we just go ahead and pay it all at the next payment date so we don't have to worry about it anymore (FH is notoriously bad with remembering due dates)? We can afford it from the savings now, we don't plan on cancelling the wedding, and I do have the wedding insured. FH and I have been together several years, are very stable, have similar temperaments and personalities, and never fight, so we also won't be splitting before the wedding.

Would you guys recommend paying the vendors off now? Or should we be worried about if something happens and it needs to cancel/move? The fine print for the vendors say deposits and payments are non-refundable but can be used for other dates.

TL;DR:", We have the money now. Questionable on whether it will be there later. Should we just pay the vendors and be done with it? Or is something happening and not getting our money back a legitimate concern?
242,"SUBREDDIT: r/weddingplanning

TITLE: Advice/ideas on alcohol at wedding with different family ideals?

POST: Hello everyone, 
 So my current issue is deciding how much or even to supply alcohol at all. My fiancé and I both like to have drinks about once a week. We both feel that a moderate amount of alcohol at the wedding (whether a signature cocktail or just beers) would be something we'd like to do. However, most of my fiances direct and extended family members who would attend the wedding are Mormon, and would at the least not drink the alcohol. That alone wouldn't be a problem, but we think there's at least a 50 percent chance that those family members might actively voice their disapproval of the alcohol, if not just not attend at all. My family would enjoy having a beer or two at the wedding but probably wouldn't be too put out if there was no alcohol.

TL;DR:"," grooms family disapproves of alcohol, but bride, groom, and brides family would like to have light alcohol at wedding/reception. "
243,"SUBREDDIT: r/weddingplanning

TITLE: Tips on how to create boundaries with my mother?

POST: Hi Wedditors!

After about 3 months of internet searches, venue tours, and crunching numbers, my FH and I decided on a venue for our Fall 2017 wedding! yay! 

Our only apprehension about the venue is that it is near my hometown where my parents still live, while we both live approximately a two hour drive away. Our apprehension is based upon my mother's tendency to take things over and make decisions without asking me and FH first. My fear is that she will call me one day and say ""oh well, I picked out the florist/music/bakery/your dress/what-have-you..."" and then when I say ""no,"" she will cry and throw a fit. (She has done this before to me while venue shopping and in other non-wedding related things). 

Despite this fear of ours, we decided on this venue, because we liked it, its a 5 star hotel, and it's cheaper than places by us. 

I know my mom is very very very ridiculously excited about my wedding (more excited than when I graduated law school).  I would like her help with some things, but she's the type of person that if I give her an inch, she will take 10 miles. She has done things without asking or telling me already. Examples: She's already pretty much planned my shower, without asking or telling me anything. (TBH, I don't really care about the bridal shower, so she can have at it. However, I would still like to be able to say ""I'm not sure I like that."") She also has basically verbally invited all of her 25 friends (plus their husbands) without asking me if it's okay. Keep in mind, my FH and I are only inviting 18 of our friends TOTAL. 

I should note that my mother and father will be contributing financially to the wedding, but they are probably paying for maybe 30% of it, if that. My FH and I will be paying for the rest.

TL;DR:"," My mom likes to do things without asking, and I'm fearful having my wedding near her (and 2 hours from me) will encourage her to make wedding decisions without asking me and FH first. "
244,"SUBREDDIT: r/weddingplanning

TITLE: Trying to decide between small local wedding or destination wedding with party at home afterward. Help!

POST: Alright, both FH and I are very private people. I have a small, very close-knit family, his is large-ish but not very close. There are 11 people total in both sides of my immediate family, and I always thought I wanted a destination wedding. Now that the wedding is actually a reality, what I would really prefer is to just elope but FH is definitely against it. At first he was also against a destination wedding, because all of his family members wouldn't be able to make it. He's since changed his mind, and thinks it would be okay as long as he can at least invite all of his family members. Sounds great right, except in the time that he was totally against a destination wedding we starting thinking a lot about what we would do instead. Basically just talked about size and made a guest list. Now we're having a hard time deciding just to do the destination wedding because of all the people who wouldn't be there. I'm really torn and he just wants me to be happy so is letting me make the decision. Any words of wisdom from those who made the decision either way?

TL;DR:"," trying to decide between destination wedding and local small wedding, but having a hard time knowing some people we want to be there wouldn't be able to"
245,"SUBREDDIT: r/weddingplanning

TITLE: Invitation Timing - why is it this way? (long thoughts)

POST: Hi everyone! I've been lurking here the past couple of months to learn (correct me if I'm wrong) that STDs go about 6-9 months before the date, and invitations go out 2 months ahead (with 1 month response before following up), and with 2 weeks left, update the caterer with headcount (roughly).

I was telling a friend about the timing, and she had a different perspective. She thinks it's best to send the invitations out 8 months in advance with a 2 month deadline for responding. This gives everyone advance warning so they can plan around it. The +1 would also be reserved for them if they respond yes, whether or not they have someone.

She had a friend who held her wedding in Germany with most of the guests from the US. The friend sent invitations out 8 months with 2 month deadline for responding. My friend's point of view is ""it's understandable because it's in Germany for her to do that, but why wouldn't it be even if you were holding it nearby?"" 

I have no idea why not! For 20 out of our 100 guests, it would be a  ""destination"" wedding for them. We would send them invitations 8 months in advance (so they know where it's located in order to do their planning and save for travel).

We then went through some rough scenarios: People have emergencies and cancel last minute - that's very understandable and could happen even if sent 2 months in advance. What if someone responds yes but later finds out a close family member's baby shower is the same day? She believes because they responded yes to you, they should decline the baby shower. 

My friend was pointing out - why can't a guest look at the calendar, see that it's empty, pencil it in, then if something else comes up (a concert, a party, etc) decline that one? If they want to come, they should say yes. If they don't want to come, they should say no, not wait until last minute for the best events to choose between.

I was speechless. I have no idea why not?

TL;DR:", I'd like to know the reasoning of sending invitations 2 months out instead of 8 months out. Why is it acceptable for destination wedding but not as acceptable for somewhere close by? 
246,"SUBREDDIT: r/weddingplanning

TITLE: Expectation vs. Reality [rant/rave]

POST: It has been a whirlwind of a weekend. Friday, FH has to be on a romance kick right now because my day started off with him kneeling down next to my vanity stool and he says ""put your stuff down. Look at me. When I get you home I want you waiting for me in a pretty dress because we have reservations at the refectory."" [city's favorite fancy restaurant]

So all day I am all googly eyed about this date and I check my daily wedding spam. There's a [beautiful dress] in a David's Bridal weekend only sale! So we find this dress in the ad and I am obsessed. It's only available this weekend so we try and coordinate everyone to go to either Columbus or my home town 3 hours north and settle on FMIL and I driving north where my mom and one of my MOHs meet us.

I put the dress on and it is my worst fear, [it looks terrible] I have dragged everyone out on a day my FSIL couldn't even come and I hate the dress. I have already done my research and know David's Bridal doesn't have anything else I'm interested in. The whole while my phone is dead, which is a whole other story involving the fancy dinner and crashing somewhere that wasn't home.

I agree to let the consultant bring out a couple of dresses that I knew I wouldn't like. She has an idea and runs back to the rack. She comes back with a disappointed look, someone else was using the sample she was looking for, but she found a sample sale dress she thought I might be interested in.

After lots of chatter between our group, the consultant, and the seamstress, we are creating a beautiful dress. Starting with a simple strapless gown with geometric (our theme!) layers in the bust, we are adding the sheer neckline with cap sleeves and the pendant belt completes a dress that really is something special when you see it in person.

All in all I can't wait to see it completed and I have never felt more beautiful in anything else. Of course I made them make me a custom dress, I don't know what else I was expecting. I'm so happy and excited!

TL;DR:"," I took my family on a last minute roadtrip to chase a sale for a dress I ended up hating, ended up ordering a custom dress I absolutely love."
247,"SUBREDDIT: r/weddingplanning

TITLE: Trying to find ""the"" dress and David's Bridal is incredibly unhelpful.

POST: Just need to vent!

I have tried on probably 15 or so dresses since getting engaged. I haven't found the ""one"" yet, but I do have a pretty good idea of what styles/materials I like best. So I was pretty happy when I found (what I think will be) the one while looking through David's Bridal's newest releases. Sweetheart neckline, structured top, ballgown silhouette but not *too* poofy, tulle skirt. Gorgeous and perfect for my evening wedding.

I called my local DB: they don't have it in stock. Can't tell me when they're getting it in stock. They get new dresses every single day, but don't know what they're getting. I reached out to their online customer service. I reached out to their Facebook customer service. Not only can no one can tell me when this dress will hit stores (as of right now it's not in ANY of them), they also don't have a way of notifying me when it DOES come in. All they keep telling me is, ""It's available online now!""

That's all well and good, but after trying on as many dresses as I have, I know that ordering a dress online without ever trying it on will be a HUGE risk that probably won't pay off. I've fit in dresses one size down all the way to three sizes up.

I just can't believe it's 2016 and a store that relies on computerized inventory can't tell me when they'll get a dress in. All I can do is call my local DB every couple weeks and say, ""Do you have this dress yet? Does anyone nearby have this dress yet? Do you know when you'll get this dress?""

Has anyone else had this happen? Anything I can do to make this process a little easier?

TL;DR:"," Found a dress I desperately want to try on, but David's Bridal doesn't have it in stores and doesn't have any idea when they will get it."
248,"SUBREDDIT: r/weddingplanning

TITLE: [dilemma] unexpected out of pocket cost at my friend's bachelorette party last night

POST: So  friend had her bachelorette party last night and it was a lot of fun. We did a wine and painting night and then a limo (paid for by bride's mother) took us to different bars. It was a lot of fun and no one had to worry about being DD. However, when the night drew to a close the bride was very drunk. We were getting her  the limo, and the driver talks to me (probably the most coherent and sober of the group). Who's taking care of paying/tip? I tell him bride's mother. He asks if MOB will be at their destination, and I know that it's 99% certain she won't. He looks disheartened and mentioned no one took care of the tip. I used to live off tips as a server and I felt for the guy. I asked him how much it normally is and he said $75 just for tip. I had $50 and that's what I gave him. 

Now, looking back I'm wondering if I did the right thing. I had the fleeting thought that he might be being dishonest  the moment, but I also felt wrong saying 'it's not  problem' and sending him packing. Should I bring this up to the bride's mom? I don't want to stress out the bride, but I'd have to get the mom's number from the bride so she'd likely end up asking why I needed to talk to her mom. If MOB had already paid/tipped and I got ripped off I only want to get the limo companys info so I can call and report it and perhaps get refunded.

TL;DR:", I may have gotten scammed into unnecessarily tipping a limo driver at  friend's bacholerette party. Should I try to starighten it out or let it go?
249,"SUBREDDIT: r/weddingplanning

TITLE: Advice: how to deal with step-family

POST: So my FH and I are engaged, but have not announced it officially yet. Some things are planned but I anticipate this to ramp up in the next two weeks when the official announcement is made. My father is well-aware as FH has called him to let him know before he proposed (not to ask permission per say just to give him a heads up).  I do not get along with my father's wife (i don't really call her my stepmother as she has never made an effort to get to know me and they got married in my late 20s).
I am looking for advice on how to put my foot down on who from her family gets to come before the s**t hits the fan. I am known to put my foot in my mouth and my temper can flare pretty easily so I would like some good phrases to use with my dad (who will contributing significantly to the budget) to say why her family can't be invited. 
She has two children (+ bfs/gfs) who I have figured to invite. This is reasonable as technically they are my step-siblings. However, I imagine getting guilted into inviting her extended family since that is the type of person my father is.  I was not invited to her niece's wedding. However, my father was not married to her at the time.
The church we have booked only allows 150 people (tiny chapel) and I would rather have people I know and love there rather than her family. 
So weddit, any good phrases I can use without sounding like a petulant-ungrateful child?

TL;DR:", Need good tips on how to politely say to my father that I don't want his wife's extended family at my smallish wedding before the ball gets rolling on wedding planning.
250,"SUBREDDIT: r/weddingplanning

TITLE: Bridesmaid and groomsmen bringing their baby to the wedding

POST: My two friends have a darling two year old girl, I love her very much, and didn't think much of it when I gave them the option of bringing her to our wedding, since it's a Sunday afternoon and not childfree. My FH's brother will be bringing his two kids under six and my cousin might bring his twin girls. They are both traveling from the midwest so finding childcare would be a burden. 

However! Our two friends are both in the bridal party, and now as I'm putting together the timeline for the weekend, I have some concerns. We want everyone to get together the afternoon before, do some bonding activities (girls get their nails done, boys go bowling or something like that) plus the rehearsal and the rehearsal dinner. Also the guys and girls will be arriving separately to the venue in the morning to take pictures. Our ceremony will be short and onsite, but still. This is two pretty long days for that baby, so no matter how good she usually is, I feel like they will be dealing with one cranky kid throughout. 

Their solution for times when they both need to be doing something is to have a mutual friend watch her. I have no idea if they've talked to that mutual friend about this yet, but when they do I'm afraid he'll feel obligated to do it. And we're not talking a few minutes here and there, we're talking 30-minute stretches at a time. I'm not sure I feel comfortable with giving him that responsibility. 

I told her I'll talk to her about this tomorrow in person, but I am not sure how to handle this. We are still seven months away from the event so I'm sure that's enough time for them to ask the grandparents to watch her for the weekend, but I still feel rude for back pedaling and basically uninviting her, since we said we were open to it in the beginning. Should I let it go and just let them figure out the logistics?

TL;DR:"," I told my friends who are in the bridal party that they can bring their two-year-old for the weekend, but now I'm having second thoughts."
251,"SUBREDDIT: r/weddingplanning

TITLE: Mixed Gender Bridal Party

POST: I have 6 people in my bridal party - 2 girls and 4 guys (all close friends). Even though it's 2016 and wedding standards have changed a lot since, say, the 80's, I'm having a hard time finding examples of other brides who have had non-relative guys in their bridal party, besides a few photos I found on pinterest of a couple guys in a bridal party.

 

Knowing what to do with the girls is easy (one is my MOH) because there's literally a bazillion things on the internet for hair, clothing, etiquette, gifts, etc, however, I'm not sure what to do with my guys. The clothing part is probably the easiest for me - they're going to wear the same thing as the groomsmen and then wear a different colored tie and/or suspenders (everyone I asked told me it was a bad idea to have them wear a different color than the groomsmen, which will probably be grey pants with a white shirt).

 

I've messaged my MOH and BM about wedding stuff, asked them for advice on things, just general wedding talk but I feel like the guys are just gonna show up on the day of the wedding and be there. Should I include them in anything? I've never been in a wedding and I've only been to 2 weddings in my adult life so I'm not even sure exactly what BM's are suppose to do in the first place! And then I have mostly guys as BM's and there's barely anything for me to go off of. The guys will be at my bachelorette party and wedding shower for sure. But do they get reading with us on the day of the wedding? I'm not having them get ready with my FH and his GM but I don't know what else to do with them. Would they just hang out with us and chill while we get ready? I'm paying for my MOH and BM hair & makeup but obviously the guys don't need that, should I do something else instead for them? 

Sorry this got long.

TL;DR:", do any of you have male friends as bride(men) and/or can you give me advice on what to do with them? :)
252,"SUBREDDIT: r/weddingplanning

TITLE: Engagement Shoot Mishap Gone Right (Minor Rant, Major Rave)

POST: So we did our engagement photos today. We actually planned them a while back, because a mutual friend of ours offered to do them as a wedding gift; he and I work together and rarely have the same day off so it took some coordinating.

ANYWAY this morning our beautiful, loving, adoring 60 lb puppy whom I love very much decided to jump up from her spot next to me on the couch to chase after our cat, but in the process body slammed into my face... as I was taking a drink of coffee. The rim of my mug smashed into the bridge of my nose. Hard. It immediately started swelling. After a few minutes it started to turn purple. Not a hideous shade - and HEY one of our colors is purple! - but it was noticeable. And painful.

The good news? A little bit of ice, a lot of ibuprofen, and even more makeup made me look human in time for the shoot.

The great news? We had a blast taking pictures with one of our good friends, and the shots he has sent us so far have looked AMAZING. I'd totally hire him for the wedding if we didn't want him to be able to relax and enjoy himself.

Thought you all might enjoy a horror story with a happy ending (somewhat happy... the meds are wearing off and my head/face hurt again).

TL;DR:"," The puppy is jealous of mommy and daddy taking photos together, attempts sabotage through nearly broken nose, fails, brings toys and kisses as penance."
253,"SUBREDDIT: r/weddingplanning

TITLE: 2 weeks out and I'm not sure I want my mother at the wedding. [Rant]

POST: Storytime: My mother has been decidedly un-mother-like throughout this entire process. Not really excited, not helpful, she barely cracked a smile at the dress fitting. I've dealt, because it's not like I expected Judy Cleaver all of a sudden.

However, I had my bridal shower last weekend. I'm not big on being doted on, but after some pushing from FH I was kind of liking the idea of having ""a day just for me."" I found out a few days before that my mom didn't even try to get the day off work (Sister confided in MoH in an attempt not to upset me). To top it off, when she showed up, 2.5hrs late as everyone was leaving, she was wearing a hijab (She recently converted to Islam; REALLY long story) The first thing she says is ""So [my husband] threatened to kill me & I was at the FBI office yesterday."" No ""Hi honey"" or ""Sorry I'm late,"" immediately turns the attention on her (not that the hijab hadn't solidified that already). The whole bridal party was irritated/angry & I had to talk my MoH down from asking her just to leave. 

Her husband is from Mauritania but lives in Angola. They've been fighting on & off since he was deported last year. His threat was over the phone, and not 10 mins later he told her he loved her. They have a dysfunctional relationship at best. She is incredibly good at making drama where there isn't any, and claims to hate it, but thrives on being the center of attention. I'm just scared she's going to show up looking crazy, or do something to embarrass me, and it's making it hard for me to relax & enjoy this last bit of planning because I'm worried about her. :/

TL;DR:", Mother is a lunatic; Hoping I don't strangle her at the wedding. Looking for advice or just commiserate with other folks with insane parents.
254,"SUBREDDIT: r/weddingplanning

TITLE: My mother said yes- we have a venue, people!

POST: SMALL WALL OF TEXT

I don't have many specifics on what my ""dream wedding"" looks like, but one thing I've always known is that I wanted to get married at my family's farm. When I got engaged and started talking to my parents about my wedding, my mother was very insistent that it would be too much work and wouldn't save us any money to have our wedding at the farm. 

I tried looking into other venues, but nothing seemed right and everything that seemed like it could work was ridiculously expensive. I gave up on the venue search and focused my attention on booking the vendors I knew would get snatched up quickly: photographer, DJ, caterer (June wedding competition. Ugh.) I met with my caterer last week and came out of the meeting so excited that I called my mom to talk about it. She kind  of popped my blissful bubble by telling me I was jumping the gun on all this stuff and reminding me that I didn't have a venue. Wedding planning was drowned out by a bottle of wine that night. 

Well, the mama and I sat down yesterday to talk about the wedding. She let me go through my whole farm wedding plan- the day-of timeline, the ceremony, the reception, etc. She asked a lot of questions about what my 'vision for this wedding' was. She kept looking up alternative vendors to those I already had/those I really wanted, and just as I was about to give up and ask her to help me look for a venue she says ""Well. If you're this organized a year out, the farm is a go. Now what's your plan for centerpieces?""

Cue the dropping of the jaw. 

I have my dream venue!

TL;DR:"," After being against the idea for a few months, my mom finally said I could have our wedding at the family farm after she saw my stellar planning skills."
255,"SUBREDDIT: r/weddingplanning

TITLE: Rant - My Hairy Friends and Something Blue

POST: So, my maid of honor has been pretty much non-existent throughout the whole planning process, and I expected that because that is just her personality. She is one of my oldest friends and I have come to terms with it. I live an hour and a half away, so I don't see her very often, and haven't seen her since February. She lives with my other (male) best friend who will also take part in our very small (25 person) ceremony.

I went to visit them this weekend, so I could help my MOH try on her dress. It's a wrap dress, so you can tie it in different ways. She goes into her bedroom to put on the dress, and calls me in when shes ready. The first thing I notice is that she has grown her armpit hair fully out. The hair was several inches long. It looked like a '70s pube bush under there. Now, I can respect that at some level, but I certainly do not want to see it in my wedding pictures for the rest of my life. Not to mention my grandma is going to be horrified.

I wish that was the end of it. 

Then, my male friend tells me that he is growing out a rat-tail, and he is going to dye it blue. It is already getting sort of long, and there is still plenty of time before the wedding for it to grow.

I feel like I can't really mention these things to either of them, because it's really not my business what they decide to do with their hair. I am just hopeful that my MOH chooses a dress style with sleeves, and my other friend waits til after the wedding to dye his rat-tail.

TL;DR:"," My MOH is letting her armpit hair grow out, and my other friend is growing a rat-tail and dying it blue."
256,"SUBREDDIT: r/weddingplanning

TITLE: A ""No Dancing"" Wedding?

POST: Clarification: we're not the mayors of that tiny town from Footloose. Just two people who aren't really into dancing.

We're planning on having a first dance to a meaningful song, but neither of us are super pumped about the idea of having to dance all night at the reception (yes--it would be the feeling of *having to* dance, not *getting to* spend a night dancing). On top of that, the wedding will mostly be family. Although some friends are attending, no one is really the partying type.

The problem we're facing is, if there's no dancing... what do people do? I don't have a problem with a nice dinner party-type reception in theory, but do guests secretly hate those and find them boring? At every wedding either of us have gone to, the wedding party and/or DJ typically has to go around coercing people into dancing, and there aren't ever more than a dozen people on the dance floor at a given time. Forcing people to dance just seems kind of lame to me, and I don't want to spend the big day worried that people aren't having enough of a good time. (Note: these weddings had good DJs and decent, danceable music).

I doubt we would have a strict NO DANCING wedding, just thinking more along the lines of a DJ/band playing background music mostly. Maybe some danceable tunes if people want to get up and dance, but we don't want it to be the focal point of the night. 

Thoughts? Should we tough it out and do the dancing thing anyway? If we don't have dancing as the center focus of the wedding, what should we do (not really in a venue that has room for ""lawn games,"" although we could make those work. just worried about the trend factor there, too.)? If we don't do dancing, should we still pay for a DJ/band?

TL;DR:"," Is it okay to not have dancing as a part of the wedding, and if so, what should we do instead?"
257,"SUBREDDIT: r/weddingplanning

TITLE: Groom-to-be needs help planning the honeymoon!

POST: Hello all! My fiancee and I are getting married in April of next year, and we are in full planning mode right now. I have been very involved in that planning, with the exception of the bridal gown, but my fiancee has asked me to take care of the wedding night accommodations and the honeymoon.

I selected a few wedding night spots (we are getting married at our church and our reception is at a private clubhouse, so no hotel deals) but I don't see any listings or pricing info for a ""bridal suite"" on hotel website, am I missing something there?

Also, I am considering planning for our honeymoon to be a week in the British Isles. I've never been the planner for travel abroad (I only ever traveled with family, and other people set the agenda) so I'm a bit lost when it comes to the actual planning. Should I use an agency? Are they scams?

TL;DR:"," How do I book a ""Bridal Suite?"" and what is the best way to plan travel to the UK?"
258,"SUBREDDIT: r/weddingplanning

TITLE: Accents&Petals/Artfire Wooden Flowers - They are in the Philippines...Anywhere Else???

POST: A few months ago, I ordered ALL of our flowers through Artfire; Accents&Petals.  

I have tried to contact them via email(I could not find any phone number to try) and have not heard back.  I have probably tried 3times over the last couple of weeks (after Typhoon Haiyan) and have not heard back.

I have previewed my order and paid the deposit on it.  I am sad that there may be some serious/complete infrastructure devastation and that I need to find a Plan B as soon as possible, for roughly the same price (they were SOOOOO reasonable!!).

Can anyone help with somewhere that makes beautiful, timeless bouquets and other flower arrangements in a quick manner?

TL;DR:", I greatly fear that the company I ordered all of our flowers through has been ruined by Typhoon Haiyan and need to find a back-up plan ASAP!!  
259,"SUBREDDIT: r/weddingplanning

TITLE: How do I tell my sister in law we've picked our wedding date?

POST: Hey weddit! I'm so glad to be a part of this community :)

My sister in law (to be) got engaged to her fantastic boyfriend in January of 2015. She has asked me to be one of her bridesmaids, as we are very close. We threw them an engagement party in May and had a blast. 

My SO and I got engaged a couple of weeks ago (yay!) and have started looking at venues as we know the dates go fast in our city. We have tentatively reserved the venue for a Saturday next Fall. 

The issue is that my Sister in Law and her SO haven't started planning their wedding - at all. She is quite a bit older, and they want a child, so they are currently doing fertility treatments, which are hard on her. No time has been set for their wedding, as she doesn't know when/if she'll get pregnant. 

Anyway, we only have a couple of days to confirm to the venue that we will take it and make a deposit. I feel that we should talk  to them and let them know that we've picked a date and a month. However, my FI feels that since his sister is currently feeling very sick, sensitive, stressed, etc, we should go ahead and reserve it and tell them later. 

They had talked about Fall as a possible wedding time, however nothing was sure because of the pregnancy and they really go back and forth. The month we chose was initially a month they had said they didn't want.

Weddit - what do you think? How should we go about this? Any tips would help.

TL;DR:"," Sister in law got engaged months before we did, but hasn't picked a date or visited venues as they are undergoing fertility treatments, which make her very sick. Do we tell her now, or wait until she feels better? "
260,"SUBREDDIT: r/weddingplanning

TITLE: Officiant? Do I out my father?

POST: My fiancé was raised in a church-going household while I was raised by a secular humanist and agnostic who used Bill & Ted's Excellent Adventure as a teaching film (Be excellent to each other was a mantra in our house).
We were going to ask my oldest uncle to officiate as he's a yogi and pretty Christian.  But then he said some old guy racist things while we were visiting him, and I crossed him off the list.
My future father-in-law (FFIL) has expressed displeasure in our not getting married in a church or by a pastor.  He wants us to start out on the right foot.
Ten years ago, my dad flipped out on me when I allowed a minister to co-officiate my mother's funeral with me.  So I expect the same reaction at the wedding.
I've been blogging about the wedding planning sans mother process, and really want to write a post about what we're looking for in a officiant, but my 70 year old father hasn't told his siblings he's not Christian.  I'm afraid of starting something, but the subject is pretty close to my heart.
Do I just leave it?
Or screw the fallout?
How do I find an officiant?

TL;DR:"," raised by an atheist who has blown up at me about church things before, do I out him in a blog explaining why we aren't having a church wedding?"
261,"SUBREDDIT: r/weddingplanning

TITLE: Two handmade veils, what do I do?

POST: I have a tough choice. When I bought my wedding dress, my mom balked at the idea of spending hundreds of dollars on a veil when she could make it herself. I'm a sucker for sentimental things, so I loved the idea. She made a beautiful veil, exactly what I had in mind; a simple drop veil, two tiers to create a blusher, and a sequin edge to match my dress. I loved it.

Then, my aunt calls me. She was cleaning and found, tucked away, my grandma's veil. Still in good condition, though a little discolored with age. She offered it to me to use for my wedding.

Some background, my grandma made this veil for her wedding in 1950.  She passed away about two years ago. I'm the only granddaughter left who would utilize it. It'll be a while before there are any other weddings on this side of the family.

I love the idea of wearing her veil and it really is beautiful. Two tiers attached to a pearly, floral headpiece. It gets tied like a headband under your hair. The only thing I'm not a fan of is the volume. It's gathered, so it poufs up instead of laying flat like a drop veil. Not a deal breaker, but also not what I envisioned.

So now I have to choose between the veil my grandmother made and wore at her wedding or the one my mother made for me. My mom says it's whatever I want, but I can tell that she's a little upset that I may not use the one she worked hard on.

I just have no idea how to choose. The only compromise I see is taking apart grandma's veil and attaching the headpiece to the one my mother made, but they really don't match. Plus, I hate the idea of dismantling the veil for anything beyond restoration, which I plan on doing anyways. I don't want to ruin it in case someone years from now wants to use it. I could really use some outside perspective on this.

TL;DR:", I need to choose between the veil my mom made for my wedding and the one my grandma made for hers. Help?*
262,"SUBREDDIT: r/weddingplanning

TITLE: How do I ask my groomsmen to step the fuck up without sounding selfish/needy?

POST: I'm getting married in two months, and so far, my groomsmen haven't done much in terms of helping me reduce the stress of planning. I'm not asking for much, but in some cases, these groomsmen live in a different time zone, which has required travel-planning.

I've had to help them with places to find flight deals, and reserved their hotel rooms. They've booked a return flight the morning after the wedding that would require them to leave the hotel at 5am. This would be fine, except that they haven't rented a car, or booked a shuttle, or communicated in any way that they intend to exchange tickets for a later flight, so the passive onus is on me and the bride-to-be to possibly drive them back (no) or book a shuttle for $200. It's a 2-hour drive from the venue to the airport. In that specific case, the groomsman have less money to afford the costs, and one of them is unemployed. I've specifically said that exchanging tickets would be cheaper, but neither of them has said anything other than ""as long as we don't get stranded."" Thanks.

On top of that issue, there's little things causing anxiety: not everyone has gotten their suits together, no one's stepped up to give a speech at the reception (or at least told me about it, but I have asked them collectively), and I've asked one of them to volunteer with helping set up a photobooth, but no one's responded. When I call them up or send emails to get updates, the more it seems like I'm nagging. Part of why I'm in this dilemma may be because I led by trying to be as accommodating as possible, but now I need them to step up and handle themselves, their suits, and their travel plans like grown-ass adults.

I'm stressed and anxious and depressed, so I need some help in finding a rational way to be more proactive and direct, without coming off as nagging, or at least, no longer caring about nagging. Am I approaching this incorrectly? If this is just paranoia, what can I do to reassure myself?

TL;DR:"," Long-distance groomsmen aren't communicating well enough or stepping up on certain tasks, while asking me to figure travel issues out for them. How do I get them to take charge without being a dick?"
263,"SUBREDDIT: r/weddingplanning

TITLE: Are you inviting children to your wedding reception?

POST: My fiancee and I are trying to keep numbers down, and are undecided on if we should invite kids (8 and younger) to our wedding reception.

We're young (24), but most of our friends have just started having kids, and I have 2 cousins on my side who are both single with 4 kids each! Yikes!  I don't care about telling my side of the family and friends ""no kids"", I think they will respect and understand our decision. However, my fiancee says her side of the family will be greatly offended if we did not invite their kids (probably about 5 kids total on her side).

We need some advice!

If we only invite those 5 kids on her side, people on my side will likely be offended that they weren't allowed to bring their kids when others were.

What are your opinions on having children at the reception?

TL;DR:"," My side has lots of kids I don't want there. Her side has fewer kids, but get offended easily if they weren't invited. Help!"
264,"SUBREDDIT: r/weddingplanning

TITLE: Warning: choose your officiant wisely and meet with them ahead of time!

POST: Story time! (Sorry in advance for the long post)

So my FIL helped us a ton with the wedding, from booking the DJ, to doing the uplighting for us... and booking our officiant. He told us she was a very good friend of his, a judge, lawyer, and senator. While that made her sound trustworthy and prestigious, it also meant she was very busy and unable to meet with me or my husband before the big day. But I took my FIL for his recommendation and we booked her. 

Fast forward to the day of the wedding, June 6th. Pretty much everyone is there and seated, our ceremony time rolls around, and the lady running the show told us to get ready to walk. I couldn't see the arch we got married under from where I was, so I just watched my girls walk down the aisle. My parents took my arms and we started to walk down the aisle. Everything seemed perfect, the look on my husband's face when he saw me was priceless. 

But the officiant wasn't there. No one informed us that she hadn't showed up, so we all walked down the aisle to an empty arch. It was awful and the most awkward moment as we all stood there unsure of what to do. After about 5 minutes of trying to make some witty comments to those watching the shitstorm, we decided to go for a do over. 

Eventually (a half hour later) she showed up, we said our vows, and actually got married (even though she never signed the license, so we legally only got married today at the courthouse) and the rest of the evening was amazing. It kind of worked out because a ton of people showed up late. But my god, it was EMBARRASSING.

TL;DR:"," Meet your officiant ahead of time, make sure they aren't a flaky ass who doesn't show up on time with no reason behind it"
265,"SUBREDDIT: r/weddingplanning

TITLE: How long do you keep your wedding website after the wedding?

POST: I'm in the process of setting up a wedding website with Squarespace (I've used them for a personal photography blog), and was thinking how long do I need the website running for the guests? What's the etiquette for this? 

I'm also planning on an unplugged wedding, and have a dedicated photographer or two for the whole ceremony. Should I get all the photos on the website with the photographer's permission and remind the guests to check a few weeks later for photos or use flickr, or something else (NOT Facebook).

Also feel free to share some tips for making a wedding website!

TL;DR:", How long to keep a domain for a wedding website after the wedding? Should photos from the wedding be uploaded to the wedding website or somewhere else?
266,"SUBREDDIT: r/weddingplanning

TITLE: In need of advice.

POST: There's this girl that I've been friends with for about 8 years. We've never been the closest of friends, but I've always considered her one. She's getting married in a week and and half and I'm her maid of honor. She only chose me because I'm closest (all of her other bridesmaids live over an hour away), which is fine by me. I also asked her to be my maid of honor- she'll be a matron of honor by the time of my wedding. I didn't really have many friends besides her, and she had just asked me to be her a couple months earlier. I felt like I didn't have a choice.

Since then I made friends with an amazing girl. I've known her for about 4 - 6 months now, and we clicked instantly. We became best friends in a matter of weeks. Screw love at first sight, we were bff at first sight. It really sounds stupidly chick-flicky, but I just feel so close to her. If I would have gotten engaged a month ago, she would have been my maid of honor without a second though. But because I asked my previous friend already I don't know what to do.

I want to ask my new friend to be my maid of honor, while my old friend would be my matron of honor. They're both just really special to me, and I want them both to have a big role in my wedding. I'm just worried about offending my old friend because she's been my MOH since October, and I didn't even meet new friend until the beginning of this year.

TL;DR:"," Is it normal to have a matron of honor and a maid of honor? And would it be offensive to the matron to ask the maid of honor now, when I've had a matron for 10 months already?"
267,"SUBREDDIT: r/weddingplanning

TITLE: Bridesmaid makeup - rant / advice appreciated

POST: *

TL;DR:"," My sister (MOH) wants to wear dark makeup when I asked the bridal party to have muted, neutral looks, says I am being selfish."
268,"SUBREDDIT: r/weddingplanning

TITLE: Best friend wants to come to wedding with green hair, need advice

POST: Hey ladies! My wedding is 3 weeks away and my best friend has decided that now it the time she must get her hair dyed green. I've known her for 6 years, the whole time her hair has been either dark brown or black, both of which look very natural on her. All of a sudden, she decided to get the ends of her hair dyed green to look like a mermaid right before my wedding, and I'm a little upset about it. 
I see the wedding as a great opportunity to have professional photos taken of us, which we never have before, and as my family is rather conservative (aesthetically, not politically), I think it's kind of a bad time for her to debut a drastically different look. 
Anyway, I want to know if I'm being ridiculous in asking her to put off her hair appointment until after the wedding. I've asked her for almost nothing else, wedding related, and I feel it's pretty reasonable. When we talked about it, she asked if it was okay, and I said I didn't think it was the best idea, but pretty much told me she was going to do it anyway.
For reference, she's not a bridesmaid, as we're not having them or groomsmen, so she has not spent any wedding-related money thus far. Thanks for reading.

TL;DR:"," My best friend wants to do her hair like a mermaid right before my wedding, and I want to know if it's rude to ask her not to. "
269,"SUBREDDIT: r/weddingplanning

TITLE: We rented a resort for our wedding weekend. How do we ask guests to contribute to the accommodations?

POST: So my fiance and I have decided to have our wedding at a nice rustic resort in northern Minnesota, that is all inclusive for the weekend's festivities. Lodging, meals, and activities are all provided through the resort for a Friday through Sunday wedding weekend. Rather than having each individual room and meal priced out per guest or reservation, the resort quoted us one price that they are looking to take in for the entire weekend. The lodging is family or camp style, with bedrooms ranging in size throughout the resort from private rooms, to shared bunks up to 12 in a room. We will be the ones pre-assigning the rooms based on family size, family age, and desire to party. We could use some help in wording our invitations to best describe the weekend, accommodations, meals, and festivities to our guests.  The resort also recommends charging guests per night, but we aren't sure how to word this request in a wedding invite fashion. We were considering a 'donation' or pay as you wish style, with suggested amounts paid directly to the resort when they arrive, that would justify the accommodations and all meals provided

TL;DR:"," we are renting an entire inclusive resort for our wedding weekend, and we are supposed to determine guest rates, and could use some help in wording and deciding pricing per guest per day."
270,"SUBREDDIT: r/weddingplanning

TITLE: Bridesmaid shoes questions

POST: Hey ladies (and men?)! I have a question regarding shoes for my bridesmaids. I am trying to make things as economical as possible or my ladies. I found gorgeous dresses at DB (the lace collection in plum) and I'm letting them pick whichever style they prefer and giving them plenty of time to pay it off (wedding is still over a year away!). I'm also letting them wear any gold jewelry (though I do plan on buying them earrings). 

My question is this: originally I was going to say whatever kind of nude shoes they want to wear, but I mentioned it to one of the girls and she said she didn't have nude shoes. I think gold shoes would also look fantastic with the dresses/colors, so would it be crazy to tell them they could wear gold OR nude shoes? Their footwear really doesn't bother me personally, but I'm not sure if it will look weird when the pictures come back? Thoughts?

TL;DR:"," Is it crazy to tell my BM's they can wear either gold or nude shoes, not make it one universal color?"
271,"SUBREDDIT: r/weddingplanning

TITLE: Feeling very blue about my wedding...

POST: The day I laid eyes on my now Fiance I knew he was the one. We were friends for about 4 years before he and I finally worked up the courage to go on a date with each other and since that day it's been a whirlwind. 

We have been together for 3 years and engaged for just under a year. I recently landed a new job that pays more and offers a much better work/life balance so I am just now delving into the world of wedding planning and am absolutely overwhelmed. To start, his family is huge and very close whereas mine is huge and distant. My aunts/uncles on both my mom and dad's side never wanted anything to do with me so I see no need to invite any of them. 
Which brings me to Problem #1 - Why is my mom paying for a wedding for the grooms family to attend when none of mine will be invited?
Problem #2 - We live about 6 hours away from home so planning is more difficult than if I could go see venues for myself.
Problem #3 - I really don't want a wedding but the groom does.

I have never cared much for weddings. I never liked attending them and certainly would not like to have one if the attendees are people that have not been actively involved in my life. I feel awful because I want my fiance to be able to have his family watch him get married but I certainly don't want my mom and dad footing the bill for it. If we pay for the wedding it will be 2020 before we have the cash for it and I absolutely refuse to take out a loan for a one day event. I'd rather spend that money on a down payment on a house or something to benefit our marriage.

Another difficult aspect of planning this wedding is that my Fiance does not want it at a hall, no DJ, no dancing... I've looked into a few local restaurants but their minimum transactions are.... straight stupid. I don't know what is left to do besides a back yard wedding and a tented reception....

TL;DR:"," I don't like weddings, dresses or my family. Fiance's family is amazing and extremely large but I don't think it's fair my mom pays for the bill so his family can see us get married."
272,"SUBREDDIT: r/weddingplanning

TITLE: Looking for Marriage or Marriage-Preparation Book Recommendations

POST: I'm newer to this community and this may be a different sort of question than is typical, but from what I've seen of this community so far, I think it's full of really good advice and a variety of perspectives, so I figured I'd throw this out there.

We're about a year out from our wedding, and we're planning to get married in my church, which requires some premarital counseling prior to the marriage. My fiance and I met with our officiant this past weekend, and as part of our premarital counseling discussions over the next year, we've decided to read a book together to guide some of our discussions. So, our first homework assignment was to select a book! So, I'm looking for recommendations!

My fiance and I are Christian, so ideally I'm looking for something that's grounded in a faith-based understanding of marriage. However, we're definitely on the more liberal end of the spectrum. As an example, trying to avoid titles that espouse traditional male/female gender roles or those that refuse to consider definitions of marriage beyond the ""traditional"" man+woman (for example...one of the options we looked at said a bunch of lovely things, followed by, ""Of course, this only applies to heterosexual couples..."". Completely uncalled for, and not cool.)

However, I'm trying not to be too close-minded in my search, as more secular titles may have just as much to say in terms of grounding a relationship with love and respect. Additionally, works on the more conservative end of the spectrum may still have valid and valuable messages - and challenging oneself to read and discuss something you may not fully agree with can lead to better discussion.

So, what would you recommend? Thanks in advance!!

TL;DR:"," Looking for marriage book recommendations! For me, preferably of the liberal Christian sort, but I'd love to open the discussion up to anything you found valuable as you are/were preparing for marriage."
273,"SUBREDDIT: r/weddingplanning

TITLE: Plus-sized bride doing a destination wedding...not freaking out about my weight like I should be??

POST: I'm really confused so sorry ahead of time. I'm on my phone and have wanted to rant about this for a few days now.

I'm definitely a plus sized bride. I'm 28, 5'8"" 242 lbs. I'm curvy and also just fat. I feel pretty good about myself most days, but the thought of my weight doesn't go away.

So I'm struggling because we're having a destination wedding in a tropical place in December, and everyone from my mother to FHs mother, to my cousins girlfriend and my skinny (quite skinny) sister are all getting very serious about losing weight for the wedding. And I'm just...not. they don't make me feel bad for being big or encourage it. It's just not a topic interesting enough to talk about. 

I've struggled with my weight, I've been addicted to food, I've gone through hating myself every waking moment of the days to eating whole foods and dropping 20 lbs here and there. But right now I'm just happy to be me and to be loved.

My fiancé makes me feel beautiful. I don't think I look like a cow. I don't feel bad telling people I'm going to a plus size dress store to find what looks great on me.

So I now have these moments that I'm freaking out because I'm not losing my mind about losing 30 lbs and berating myself into being smaller for photos or swimsuits or whatever. I'll definitely be the biggest girl at the wedding, too. But I just don't care all that much!

I can't decide if this is some sort of cognitive dissonance or what, but does any other bigger bride feel similarly?

TL;DR:", i am a plus sized bride not trying at all to lose weight before wedding. Should I be more concerned about losing weight for this specific purpose?
274,"SUBREDDIT: r/weddingplanning

TITLE: Rude comment by a former friend has me feeling down

POST: I'll start this out by saying this is far from the worst thing in the world. I'm just feeling really down about it and needed someone to lend an ear. Thanks for listening!

So my fiancé and I had a couple friend who are actually responsible for introducing us. Unfortunately, the husband half of the duo did some bad stuff and they're now getting divorced. We've been supportive of the wife and have limited contact with the husband. 

Yesterday, the husband convinced the wife to have a drink with him since they wouldn't be celebrating the 4th together. While they were having their drink, he told her that he spoke to the lead singer of a local band that my fiancé and I love, who we've asked to play a set at the end of our wedding reception. He said the lead singer was ""being a dick"" about being asked to play a wedding and made sarcastic comments to the effect of ""I guess we're a wedding band now.""  The wife then came to our house for a BBQ and proceeds to tell us what he said. I felt shocked, hurt, and mortified that we might have offended one of our favorite bands by asking them to play during our wedding. 

My fiancé says the comments probably aren't true. The husband is angry with us for ""siding"" with his wife (we were the first ones she called when she decided to get out and we've let her stay with us and generally provided emotional support) and probably wanted to hurt us, knowing that she would tell us what he said. I've been going back through all of our conversations and emails with the band and they've always been nothing but gracious, humbled to be asked, and excited to be part of our day. I feel like I have to trust in what I actually know about our interactions and put this ugly comment out of my mind, but I keep stewing on it anyway. It just sucks to have this thing that I was so excited about feel tarnished a little bit.

TL;DR:", former friend said our wedding band was making fun of us behind our back. I'm pretty sure he's lying but I'm still bummed out.
275,"SUBREDDIT: r/weddingplanning

TITLE: How to politely tell a friend you can't let them design your invitations?

POST: So I have a lovely friend who is very design savvy and has designed wedding invitations for several of her friends in the past. When she heard about my engagement she basically immediately offered to design our StDs and invites as well! Our save the dates turned out wonderfully and I am eternally grateful to her for those.

However she is just starting grad school this week and has been stretched thin with homework already. I do not want to add to her stress or take away from her time to study. I've mentioned several times before that we don't want her to feel obligated and we are 100% fine with ordering our invites online. She is just a really accommodating person and insists she still wants to do it.

Trouble is we're down to crunch time here. I'd really love to have the invites ordered/printed within the next week so that I can send them out the first week of August. I really cannot ask her to design them right now (and do not want to!) because she is literally starting school tomorrow. How do I politely tell her that we are going to just order our invites online that makes it clear that this is for her benefit and not because I don't trust her/believe in her/want her to design them? We've been friends for a few years but are still in the polite, don't wanna be too straightforward phase.

TL;DR:", Friend offered to design invites but realistically is too busy with grad school and I think doesn't want to back out. Need to tell her to focus on her studies and not worry about us without insulting her!
276,"SUBREDDIT: r/weddingplanning

TITLE: An extra gift for a hardworking bridesmaid?

POST: My best friend (an artist) has offered to help paint canvas shoes to give as a gift to my and my FH's bridal party (including her). I'm on my phone right now so its hard to link but you can see what I'm talking about by searching painted canvas shoes on etsy. Anyways, I'm buying all of the materials she needs but she is putting in the time and effort. She won't accept money. (It was difficult buying the materials for her to use!) And she is really doing this all out of the kindness of her heart and excitement for me. I am looking for ideas on what to get her for an extra gift. All the bridesmaids are getting jewelry, the shoes, Mani/pedis and money towards makeup. What is something extra I can give to my best friend? And she would have been my MOH but my fiance and I decided to nix MOH and Best Man to have our aunt and uncle be the witness.

TL;DR:", what is something extra special I can give a bridesmaid that is putting a lot of time and effort into our wedding?
277,"SUBREDDIT: r/weddingplanning

TITLE: [Rant] The invite said TWO SEATS.

POST: This is a pretty unnecessary post, but I like finding solidarity in your guys' struggles too, so let's have a moment together.

We are 33 (!!!) days out and I'm happily getting RSVPs, and people are actually being pretty good about it. So far, no one's left off their name and only a few people haven't told me if they're bringing a guest or not, but that's okay because I can just assume that they are.

Except...

Back in December I met some more of FH's family--specifically his aunt. He warned me that she hated him and he doesn't know why and that overall no one really likes her. Needless to say, she wasn't much of a pleasant person. She'd ask me about the wedding but then be completely disinterested in my answers. I don't mind if you're not interested, I don't care to not talk about the planning I'm doing, really. It felt like it would have been less rude to just not ask. Anyway, it was clear to me that she was the kind of person who would bring all three kids and her kids boyfriends to the wedding and I am not about having that. So I specifically worded the RSVP cards to say ""a total of two seats have been saved in your honor."" For. Her. Literally for this woman. Because I knew.

Guess who is bringing more than 2 people? SHE IS. I'm so angry about it, I picked that wording FOR YOU, LADYMA'AM. It's just another instance of how inconsiderate she is (from my one meeting with her, I've already racked up quite the list). And since I've only met her once before, I don't really feel right rocking the boat and telling her no, so I feel like I have to just let it slide, but also that kind of screws up everything. Neither FH nor I even like her, no one likes her, why did I even have to invite her.

I think I'm going to enlist the help of MoH to tell her what's up.

TL;DR:", sometimes people don't even read the instructions on the invites you paid so much money for and spent so much time putting together. Rudeness abounds.
278,"SUBREDDIT: r/weddingplanning

TITLE: Grooms cake battle

POST: This may sound silly but me and my fMIL are literally fighting over who gets to do the grooms cake. It's a BIG deal to me and traditionally it's a gift from the bride to groom. Now it's not JUST who gets to pick out and buy the cake but she also wants to have the grooms cake at the rehearsal dinner. We don't really eat sweets that much so I'd rather have both cakes at the reception where people will have the option to take leftover cake with them versus eating it at a restaurant and the rest going with us. I also just don't understand where she came up with what she is calling ""tradition"".

TL;DR:", FMIL is trying to take the grooms cake away from me. How do I nicely but firmly tell her back the heck off.
279,"SUBREDDIT: r/weddingplanning

TITLE: Wedding day timeline issues

POST: Our wedding is July 13 and the invitation time is 1:00. This portion of the day will last until about 2:00, with receiving line included. This is the only part that I know is in line. 

We love our venue but there have been some challenges. We originally booked with an enclosed room on the main level. When meeting with our caterer she mentioned we could use the restaurant space upstairs for our seated dinner service. Which we love even more than the original space. At the time it was offered for free and for dinner into the reception. This was not put in writing (my own mistake) and over the next couple months they decided they would be opening the restaurant for service at this time.

This has put the plans for after the ceremony up in the air. We have negotiated to have dinner upstairs. The earliest dinner can start is 4. This leaves an awkward gap where we can have cocktails in the same space our ceremony was just in. Upstairs we go for dinner. We will do speeches during dinner and move downstairs to have dancing and live jazz. 

We are not really sure how to make sure this odd arrangement the most comfortable for our guests. Any recommendations for making this flow a little smoother.

TL;DR:", we have an early ceremony time and are back and forth between the ceremony space and dinner. Not sure how to make our guests the most comfortable.
280,"SUBREDDIT: r/weddingplanning

TITLE: Mary's Bridal Returns?

POST: I had my first dress appointment today and it was wonderful!! Previously I posted that I would have to go alone due to my family and friends all living out of state. BUT I DIDN'T HAVE TO GO ALONE! My fiancé's grandma and aunt surprised me with an offer to join me. It went so well. They are both really sweet agreeable people and we had a great time. 

Originally I was set on lace, but after trying on some more flowing chiffon dresses, I realized that was the way to go for our simple garden wedding. 

So here is my dilemma: 
I found a dress at this shop I liked, but this shop charges for alterations on top of the cost of the dress. 

A local shop closer to where we lived is run by a nice woman who I have met before. She would charge me the cost of the dress alone -- alterations would be free. The only issue is she only has dresses from Mary's Bridal. 

I found a Mary's Bridal chiffon dress online that is very similar to the one I liked at the shop. In fact there are a few things about it I like even more. 

The issue: there aren't any samples within 100 miles of here. If I have the local woman order it, what sort of chance do I have of being able to return it in case it isn't what it looked like online? 

Any advice would be appreciated :)

TL;DR:", is there anything I can do to return a Mary's Bridal dress if I don't like it after I order it?
281,"SUBREDDIT: r/weddingplanning

TITLE: Help! I feel like we're using too many websites for our wedding/registry.

POST: Hey everyone - I'm the groom, and I'm working on the websites we'll be using for our wedding information and registry. The Fiyonce and I are feeling a little scattered. 

Currently we've signed up for a wedding website on [theknot.com] - the purpose of which was mainly to provide details about the event and links to various travel details/wedding party profiles etc. 

However I noticed its functionality to pull in and display items we've registered from different stores and organizations, some of which have already been linked up.

Only thing is, we were planning on using [Thankful] for the main registry stuff because we really appreciated the design and plus functions like the honeymoon fund, charity donations, etc.

Thing is I'm concerned with having two separate sites displaying what we're registered for, and the potential messes that could make in communicating that to our guests, as well as the ordering process. I'm also concerned with having more than one website with all our pertinent event and registry info on it, and listing multiple websites in our invitations.

Am I getting in a huff for no reason? Should I just redact our registry info on theknot and send people straight to Thankful, not worrying about detailing two websites in our invitations? Or is there a true all-in-one website that people have loved using?

I'd be grateful for any advice y'all have, and thanks very much.

TL;DR:"," Have a wedding website with registry info in it, but wanted to use another website as the primary registry, and am afraid of throwing too many websites at people."
282,"SUBREDDIT: r/weddingplanning

TITLE: Help needed with groomsmen and bridesmaids!

POST: My fiancee and I both are having 4 people in our bridal and grooms party. I am having my best man, 2 grooms men, and one groomswoman. My fiancee is having a maid of honor, 2 bridesmaids, and 1 bridesman.

The issue we're facing is getting ready the morning of the wedding. The male in her party (Mark) obviously doesn't need to fully get ready with them (no hair and make-up needed), but the woman in my party (Maria) obviously can't get ready with the other guys as she will need to get her hair and make-up done. We could have Mark get ready with the groom, and Maria get ready with the bride but that defeats the purpose of the importance of having your close friends in your party.

Has anyone been to or having a wedding where the parties had both genders? Any thoughts on how we can make this work? HELP!

TL;DR:", how do we handle getting ready (hair/makeup etc) when we both have the opposite gender in our groom and bridal parties?
283,"SUBREDDIT: r/weddingplanning

TITLE: [OMG] We are actually going to have the money for the wedding and we are ACTUALLY getting married next year....AHHHHH!!!

POST: So, my FH and I have been engaged since last May, and we planned on an October 2016 wedding, but we are going to be paying for most of it ourselves, and so while I was very gung ho about starting right away, we had to put a pause on it and figure out if my FH would get a good summer job (we're both in professional school) in order to determine if we'd even have the budget. If he didn't get a good job this summer, we were going to have to consider postponing the whole thing, or having a courthouse wedding and a reception a year later, etc. which really disappointed me, because October 2016 is the best time in our lives to have it. 

And....he just landed an GREAT job that he's starting part time through the rest of the semester and moving to full time over summer!!! We think we'll have about 70-80% of the money we need for the wedding (planning on a 10k budget) saved by the end of the summer. And, he'll keep the job next school year and summer as well, so we'll get to keep adding to the wedding savings. 

Of course, there's every chance that one of our cars could break down or one of our cats could have an emergency and we'd have to dip into savings, but the great thing is we have our living expenses for the summer totally budgeted out from our spring semester student loans, so everything he makes will go straight to the wedding. :D 

It actually feels real now, and I'm starting to get a knot in my stomach saying ""find a venue, NOW"" haha. My mom is planning on coming to visit us soon and me and her will drive around and look at a few of the venues I've seen online and start to get a better idea of where I want to be. 

So excited!! I just had to share!

TL;DR:"," FH and I can afford to get married when we want to get married, so we'd better start actually planning! Yay!"
284,"SUBREDDIT: r/weddingplanning

TITLE: What to do with dad?

POST: I love my dad. He's a great guy and we have a good relationship, though I'm certainly not a ""daddy's girl."" I'm fairly masculine and pretty independent and REALLY want to walk down the aisle by myself. My dad hates dancing and being at the center of attention (he's kinda shy and has an accent that makes him a little self-conscious). I know that he would do anything I asked of him (he did for my sister), but I don't feel comfortable asking him to do things I know make him uncomfortable (eg, dancing or a speech/reading). 

My FW, however, is very much a daddy's girl and has all these ways she wants to involve FFIL in the wedding. He's walking her down the aisle, officiating the ceremony, and they're doing a father-daughter dance. We won't have either of our mothers there (both deceased) which I think is subconsciously increasing the importance of involving our fathers. 

I have no idea what to do with my dad to elevate him from a regular guest to the father of a bride. I'll probably end up letting my dad walk with me down the aisle so he can have something in the day, but I'm at a total loss as to how to involve him and honor him during the wedding. I'm worried that people will see how involved FFIL is throughout the day and compare to my dad, inferring something negative about him or our relationship. Or at the least be extremely confused as to why he was chilling in his seat the whole processional and why we're just watching FW and FFIL tear up the dance floor, like I don't care about him or it's just FW's day. I feel like that would be very unfair to my dad.

TL;DR:", my dad is shy and hates dancing. What ways can I involve and/or honor him throughout our wedding that won't make him too uncomfortable?
285,"SUBREDDIT: r/weddingplanning

TITLE: I need advice re: addressing an etiquette mishap

POST: Hey! So I read a ton of stuff on here, and you guys are really good at helping people address issues in appropriate manners. I'm hoping I can get some help here. 

My fiance and I got engaged on our anniversary last year (9/27/2012) but didn't start planning as I was pregnant and we were in the process of buying our first house. We let all the family know that we would start planning once the baby was born, so my pregnancy wasn't completely stress-filled.

We did start planning, and just a couple of months ago, my cousin (a couple years older than I am) also got engaged! So happy for her!

Random information which may help - My fiance and I live out-of-state, but we are planning the wedding back in our home state (which we have also communicated to the family). 

So about a month ago, my cousin had an engagement party which I could not attend, what with living 2000+ miles away. My dad, however, did attend. While there, my cousin asked him if my fiance and I had set a date -  he told her that we were planning for September of 2014. He also then told me that she had asked about it. So I reached out to her so that we could both work together to keep from having misunderstandings or miscommunications. 

I sent her a text and mentioned that my dad told me she had asked. I told her that we were planning for September 20, 2014, then I asked if she and her fiance had a date picked out. She said no, no specific date, but she was curious so that we could prevent double booking. Great, awesome! 

Fast forward to yesterday. She posts on Facebook that she and her fiance officially picked a date: September 20, 2014. 

How do I address this? I am... upset. So my head isn't super clear. I don't know how to ask if it was a mistake without sounding condescending, and I don't know how to address it otherwise without sounding like a crazy bridezilla.

TL;DR:", My cousin got engaged a year after me. I told her my date. She announced to FB a month later that she set her date... on my date.... What to do?
286,"SUBREDDIT: r/weddingplanning

TITLE: Help Us Reddit, You're Our Only Hope! (xposted)

POST: Well, not really.  I'm not even that big of a Star Wars fan.  It just seemed like a good opportunity to use that line.  Here's the situation:

My fiancee and I are both social workers in our mid-30's and have decided to jump the broom.  We are planning a very nontraditional wedding, and want to focus on celebrating in a way that is most meaningful to the people involved.  We will get legally married at San Francisco City Hall with just our immediate families on Friday, 11/11/11, and then plan to have a casual celebration for our larger group of friends the next day.  This will be not as formal as most receptions, but more towards the house party side of things. We are aiming for an event that is casual and fun, yet tasteful.

Our idea is that we get a place for the long weekend.  We'll have family-oriented people (i.e. families with kids) drop by during the day, and then continue on with the celebration into the night with our adult friends.  In our most ideal visualization, the place will have (listed in order of priority):

- a location within an hours drive of San Francisco
- enough indoor space for a bunch (best guess 100+ ?) of people to have fun in
- a nice looking tree, as we will create some sort of celebration ritual
- a decent kitchen
- a hot tub
- a nice view
- a garden

We have started the process of sourcing a place (mostly using VRBO.com and craigslist), and I also thought that reddit may be a good resource, given that I've seen this community do so much!  If you have any suggestions or personally know of any houses/places that we could use, please let me know!  If helpful, I can PM you our budget range (we are financing the wedding ourselves).

Thank you in advance Reddit!  I promise to be a GGG partner (in both the reddit meme way and the Dan Savage way) and not turn my sweety into Redditors Wife!

Have a great week Reddit!!!

M

TL;DR:", Can you refer my fiance and I to a place (such as a cool house) that we can rent over a long weekend and one day/night have a casual yet joyous celebration of our committed relationship?
287,"SUBREDDIT: r/weddingplanning

TITLE: Does anyone have wedding planning advice for a couple where both spouses are planning the wedding?

POST: So here is our situation.  We are two women and we aren't doing the traditional one spouse plans while the other one puts in two cents here and there but basically lets the other one handle it.  Both my future wife and I want a hand on this wedding.  The problem is everyone expects her (as the seemingly burchier one) to sit out.

This is problem #1, trying to explain to my mother and my friends that they can't just come to me with ideas, I have to be able to share them with her too.  Some have even complained about the fact that she is involved and they have never seen both spouses involved.

Problem #2 is actually my future wife.  We had to have a ""come to reason"" meeting last night.  We were going over some ideas that I had for center pieces and other little things for the reception and she is just shutting down every single thing without giving me any idea in return.  Then she comes up with this idea that I like kind of but there was one part of it that would create too much work for the guests.  So I suggested doing it but tweaking it and she completely started pouting and getting upset.

She has this vision of what the wedding will be, she wants a princess wedding as much as I do.  I know we are going to have to compramise on things but I can't get her to let go of her vision and instead embrace a vision of compramise.  Any suggestions?  In the two years we have been together I have never experienced this stubborness at this level before.

TL;DR:"," Family doesn't want spouse planning wedding with me, spouse wants to make all the decisions without compramise.  HELP"
288,"SUBREDDIT: r/weddingplanning

TITLE: My Parents hate my future husband, I need advice!

POST: I have been with my fiance for 5 years, engaged for 3 because I wanted to wait until I was done with my graduate school program. Now our wedding is set for this October, but my parents are making my life hell. My fiance is 28 years old and a custodian for the local school district, but not in the union yet. he really only makes minimum wage, and still lives at home with his parents. I come from a family of professionals who all got a higher education. I'm 25 and getting my doctorate in physical therapy this may. I love him so much, but he is a bit immature at times. My parents are constantly on my case about how they don't support the marriage, and its not going to last and we are going to be poor and crawling to them for financial support. The are relentless about it, and it is really taking the joy out of this whole thing for me. I'm so confused because I'm not sure if love is enough anymore. Does anyone have any insight? Am I making a mistake?

TL;DR:"," My parents are relentless about their dislike for my future husband. Is love enough to base a marriage on, or do we need more?"
289,"SUBREDDIT: r/weddingplanning

TITLE: No wedding party - but can I still have my ""girls"" get ready with me?

POST: First post here, hi! My FH and I planning a low-key wedding for 2017 & neither of us plans to have bridesmaids or groomsmen. *However*, I still love the idea of having my closest girlfriends around for hanging out/getting ready before the festivities. I imagine it as a fun, chill thing. But, what is the tactful way to go about this and is there anything I should consider? Do I just ask them to come hang out with me earlier than the wedding time-- and is that OK since I'd also be asking them to (probably) get ready with me? I have no idea what etiquette to follow, so I don't want to be unrealistic considering they'll also have dates who wouldn't be getting ready with my FH.. so I don't know if that's an unfair hardship on their own logistics. I also know we have a ways to go in the timeline, but it's been on my mind, as you can tell. :)

TL;DR:"," No wedding party, but can I still have close girlfriends hang out with me before the wedding? Has anyone done this for their own wedding?"
290,"SUBREDDIT: r/weddingplanning

TITLE: [Update] OK weddit I need your help! Which dress?

POST: Ok so about a month ago I started panicking about the dress I purchased in March. So I did what any normal person would do..I bought a second dress *note the sarcasm*. I then asked you all which dress you liked more and most of you voted on the one I purchased in March. (original post  

So this might be totally unnecessary of a post but I am just so happy that I listened to you all and went to pick up the original dress. I tried it on and fell in love with it all over again!! 

Pic:

TL;DR:"," Thank you for helping me choose between dresses a month ago. I tried the original dress on again and am now obsessed with it. Weddit, you're awesome."
291,"SUBREDDIT: r/weddingplanning

TITLE: Guests sending us off, or us sending guests off?

POST: First post, woohoo!

Anyways, 1.5 month into the planning, and I think we are in pretty good shape: we got the venue (a hotel, which comes with pretty much everything we need for ceremony and reception), booked photographer and doing engagement session next month, just booked the dj two days ago, went to 3 dress shopping sessions already and about to make a decision in a couple of days, decided to DIY the flowers and did a mock bouquet run once already, met with a local bakery already and going to schedule a testing in a couple of days. 

So basically, I think we got all the backbones down, but being an engineer by profession, I'm thinking about the details and process of getting to the end goal already. (Or I'm just crazy and like to think about all these stuff now, lol)

We've negotiated a 2-night stay at the hotel when we booked it, gonna use it the night before and the day of. Now the question is, I know guests typically send off the couple at the end of reception, but since we are the ones that are staying at the hotel (I believe no one else is staying since most of our guests are local, maybe 1 or 2 couples who wouldn't want to drive after all the partying at most), isn't it technically us that are sending off the guests? Either way, I want to have some fun pictures for send-off, but if it's us that are staying, it's awkward to have any sort of special send-off festivities (e.g. sparklers, confetti, etc.)

TL;DR:"," Staying at the hotel where we are having our wedding after the reception, need ideas for ""send-off"" pictures when we are technically not the ones leaving the venue"
292,"SUBREDDIT: r/weddingplanning

TITLE: Getting rid of MOH titles

POST: I'm looking for some advice on a potentially sticky situation. So pretty early on, I asked my FSIL to be my MOH, and my mom's best friend (who is my second mom, basically) to be my matron of honor. This alone caused issues, because FSIL was frustrated that she'd have to share duties. I thought it was smart, as the original BM's were split evenly, two in our hometown and two near the city we're moving and getting married. And regardless, I felt I should have them both in positions of honor, as they're both important to me.

FSIL was ok about it eventually, and things moved on. Only, she wasn't supportive of any wedding decisions if they weren't exactly to her taste, and only wanted to talk to me about the bachelorette party, even after I mentioned that it's not something I'm excited for yet. Then, when the other girls found a dress they all loved, she wouldn't tell me how she felt until I dragged it out and she admitted she didn't like it. She then tried to change everyone's mind and delay dress ordering.

I've been super frustrated with her lack of support in pretty much everything, but I think a big problem is that she's in a totally different place in her life, so even me asking for specific kinds of support isn't going to change much. Which I understand, and have been trying to accept. Enter another problem.

My very best friend of almost ten years hadn't been talking with me for the past year, but we've recently been reconnecting, and I'm realizing that I've made a terrible mistake in asking FSIL so quickly when I should have tried talking to my old friend first.

I want my old friend up there right by my side, but I already gave the position to FSIL, so I feel like I have to live with it. The only thing I can think of is getting rid of titles completely-everyone is a BM. Thoughts? Am I being ridiculous?

TL;DR:"," Current MOH (FSIL) not being helpful or kind, old friend came into my life again and made me regret the choice, trying to find a solution so I'm not regretting this situation forever."
293,"SUBREDDIT: r/weddingplanning

TITLE: Going to elope in over a month, but don't want to lose my family.

POST: Hello there. I'm 21/f and me and my boyfriend (21/m) have arranged our wedding to be completely about us and we're going to the city for a simple ceremony with 2 witnesses. 

Our families are incredibly dysfunctional and both our parents have divorced and then some have remarried and some haven't been in a relationship since. We have thought long and hard about what options we had for a wedding where people would get along but we couldn't think of anything and basically opted to run away. 

Basic back story of our family: Boyfriends parents divorced, fathers remarried and his mother's been on her own for ten years. His dad takes everything to heart And still expects my boyfriend to prove himself to him. His mother is a tad on the crazy side, doesn't wear anything apart from jeans and wellies even at important events and she doesn't really socialise. My dad and mum got divorced about 12 years ago, mum remarried but to a woman, dad got cancer and then moved to a different country when given the all clear, and I see him every month or so. He talks to me like I'm a 6 year old and mine and my Boyfriends family don't take us seriously like we're adults even though we have our own home and a daughter. 

So basically I guess people can see why we've opted for an elopement! 

As dysfunctional as our family is we don't want to upset them in anyway and we know they won't understand our reasons for eloping. It's just really hard because it's a big day in my life and i'm dreading it. 

So what I'm asking is did anyone on here elope or have friends/family that did? Any tips? 

Thank you

TL;DR:", Eloping to save family arguments and anxiety attacks. But I don't want the start of my married life to be a family warzone
294,"SUBREDDIT: r/weddingplanning

TITLE: [RANT] With 3 months to go, I'm so busy and a friend got so mad at me this weekend.

POST: I RSVP'd ""YES"" to a silly nail polish (Jamberry) party this weekend for what I thought was SATURDAY. I was waist-deep in wedding projects Saturday morning...I'm DIY'ing my [centerpieces] and I had to hand paint those table numbers....cut and sand and stain 20 of [these wood blocks]  
Anyway it was taking longer than I anticipated, so I told the host I couldn't make it I had too many things going on yadda yadda....  
She says ""It's ok, the party is actually tomorrow"". OK great well I've planned to do a [different wedding project] (curtain backdrop for altar) on Sunday, so now I have to try and squeeze this party into that?  
Of course the curtain was taking forever and the blocks STILL weren't done on time Sunday to go to the Jamberry party. I'm sweaty, covered in sawdust and glitter, I'm pissed off because I'm crazy at this point, and I really did NOT want to sit in a room full of strangers and talk about nail polish stickers. So I apologetically cancel on her again.  
I got the snippiest text ever from her for cancelling, like, ""WOW crazy weekend, so many unexpected surprises, have fun with that"" and I just freaking CRIED. My fiance was trying to tell me to let it go and it was no big deal but I was just furious at myself and at her for taking it so damn personally.

TL;DR:", I feel sad today because with work and the wedding projects I feel like my time management sucks for friends and I'd like a damn break from people's 'tudes ok!!
295,"SUBREDDIT: r/weddingplanning

TITLE: Attendant Issues...

POST: So I'm going to try and make this short and sweet..  

My mom's side of the family is big-ish. I have like 20 first cousins. And growing up there were 4 of us who would hang out regularly. We, 4, are the youngest of the families with 3 children and are all girls. 

So far 2 of the 4 of us have gotten married. I'm next. We have always said we'd be in each others weddings. And I have been in the two girls who have gotten married weddings. 

Now that wedding planning has started, I've come to the idea that I don't want them in my wedding party at all. I want my best friend and my sister as matrons of honor and for them to be my only attendants. My sister and my best friend know me the best and have seen this relationship start and grow into what it is now. 

I have no idea how to break it to these girls that they are not going to be in my wedding. Though I'm secretly hoping they'll be relieved because one is pregnant and one has a young child. Did I mention there aren't any kids allowed at the wedding, outside of my niece and nephew? 

HELP PLEASE!  And I know it's my wedding I can do what I want. But I just have a feeling it's going to start family drama... Is there anyway I can politely break it to them they won't be bridesmaids?

TL;DR:", Grew up with 3 girls. Promised to all be in each others wedding. Don't want them in my wedding.
296,"SUBREDDIT: r/weddingplanning

TITLE: I can't wrap my head around bridesmaids dresses

POST: I've figured out that I'm a pretty indecisive bride, which probably drives me more crazy than anyone else - sorry, mom, but it's true. I'm frustrated by my own indecision, but the most difficult decision is bridesmaids dresses. Unfortunately, all my bridesmaids live in different cities across the country. I've had my fiance's sister and my two really good friends from college try on dresses, but not my MOH (who lives in the same town) or my brother's fiance (they got engaged after us, and are getting married before us... long story). 

Not only is it a challenge to even comprehend how everything will look together, but I think my bridesmaids are getting a little frustrated with my indecision. And I totally understand. I'm frustrated with me too.

When trying on bridesmaids dresses for my brother's wedding, I fell in love with [this one] and when his fiance didn't pick it, I had my other maids try it on. They were not as thrilled. Mostly I liked it for the pockets and it made my chest look amazing. 

I really want my maids to feel comfortable and happy in the dress b/c I know all too well what it's like being a bridesmaid.

I'm loving everything from Kennedy Blue, but [this one] in particular seems super great and matches [my dress] pretty well. I'm hesitant to make my maids go through another round of trying on dresses, especially since Kennedy Blue is all online ordering with at-home try-on... though it sounds convenient, there's a cost and having to return the dress. A couple questions - Has anyone used Kennedy Blue? Since my wedding is over a year away, do I just back off for a few months so it doesn't feel like I'm all wedding all the time? (if only my mother would give me a break)

TL;DR:"," I can't make a decision about bridesmaids dresses, driving my maids crazy, and don't want to make them try on a million dresses"
297,"SUBREDDIT: r/weddingplanning

TITLE: Bridesmaids dress budget question: How do I tastefully ask what they can spend?

POST: My wedding party (5 girls) is coming over next Sunday for a little hello-brunch to get to know each other (only two of them are in the same social circle, so I wanted to formally introduce everyone and thank them for their time during the planning process). I've already confirmed with each of the ladies that they're all financially comfortable enough to pay for their own dresses so they don't have to endure money stress from my wedding, but how do I ask what *exactly* they're willing to spend?

I've been looking for bridesmaids dresses and want to set up a time we can all go see some of them, but my idea of a sensible budget may be different than theirs, and I don't want them to feel like they have to spend more than they can.

TL;DR:"," How do I tastefully phrase the question? Just, ""What can you spend on a dress and when?"" Should I ask them individually, or all at once so they'd know what other people are estimating?"
298,"SUBREDDIT: r/weddingplanning

TITLE: Bridal Party Accommodations - Should you help?

POST: So, I've googled this and looked for etiquette information, but I keep getting conflicting answers...do you feel like the bride and groom have any obligation to help the bridal party financially in terms of accommodations for the wedding/surrounding festivities? I have heard that ""technically"" etiquette says yes, but I've never been in a wedding where the couple paid for or helped with that expense. (I'm curious about any circumstances, but mine is not a destination wedding. However, there are 12 in our bridal party, and only 2 of them are local. The rest would, in theory, have to stay in a hotel for at least 2 nights.)

TL;DR:", Does the bride and groom have any obligation to pay for accommodations for the bridal party? Are you paying for this? Why or why not?
299,"SUBREDDIT: r/weddingplanning

TITLE: Vegas venues that allow outside vendors?

POST: Hi everyone! I'm new to this sub and hoping for a little help. I'm currently living in Virginia and trying to plan a wedding in Vegas for next April. I'm ready to pull my hair out! 

Currently, my future husband thinks our best option is to just show up to the Vegas sign and get married there. It's free and it'll be easy to start our ""rolling reception"" (casino hopping) from that end of the strip to the other. I'm willing to consider this idea for my last resort. But I would prefer a more traditional ceremony for our ""nontraditional wedding."" As of now our invite list is at 75, and we're expecting between 30-50. 
 
A few things we're having problems with: 
-Majority of venues so far don't allow outside photographers. We are both photographers and don't want to have someone who is on a retainer at a venue be the one to take the photos. We want someone we trust to capture the best memories. We have a close friend who is an incredible photographer who is willing to shoot the wedding for free. 

-Majority of venues do not allow an outside minister. My father is ordained and what we are hoping to do is have him walk me down the aisle in a tear away Velcro suit. Once we get to the alter, he'll rip it off to be in an Elvis costume, and marry us. (Hey, it's Vegas!) 

-Also, my future husband is allergic to most flowers so we our making our own bouquets and boutonnieres from legos (FH is a huge AFOL)

We're planning on doing a ceremony at sunset and want a meet & greet or cocktail hour to follow and then of course our ""rolling reception."" We don't need anything extravagant. I don't feel like the venues that I've talked to that allow this are worth $4000 for an hour of time. We've looked into renting a large house off of the strip and doing the ceremony and meet & greet there. But it doesn't seem like all of the immediate family wants to be trapped in the same house for a weekend. 

Does anyone have any experience with venues allowing outside vendors?

TL;DR:"," We want to get married in Vegas, we have our own photographer, minister and ""floral arrangements."" Not having any luck with venues."
300,"SUBREDDIT: r/weddingplanning

TITLE: For those about to get married and are afraid to dance!

POST: Edited a few typos and posted here on suggestion of /r/wedding.
I got married two weeks ago. I've never danced a day in my life because I'm so self conscious about it. My mom even wanted us to dance to the country song ""I don't dance."" Something strange did happen though when we got to the reception and the music started . I realized that everyone at the wedding was there for me and my new wife! I could have done any move I wanted and they would have laughed and had a good time. Proud Mary started playing and I kicked off my rented shoes and my wife looks at me confused as I bounced to the dance floor. It was like a coming of age high school movie where everyone is watching this profound moment in someone's life. I just threw down some random moves and everyone ran out to join. They formed a circle around me that filled the entire reception. I will never forget the happiness and excitement of that hot, sweaty mass of people I love. There were so many people who did not dance and knew that I didn't, when they saw me they all just said ""f"" it and joined in. I danced my ass off that night to the point of blisters on my feet. My new wife thought it was amazing. I feel slightly embarrassed but also proud that I did it. I giggle about it now thinking back about how many co-workers were there and who have only ever seen the stoic professional side of me.

TL;DR:"," After having never danced before, a big bearded and reserved man threw down hard in front of 200 people at his wedding. You can do it too!"
301,"SUBREDDIT: r/weddingplanning

TITLE: How to un-invite someone?

POST: I know, I know, it's horrible to do and is incredibly rude, but I really need to uninvite someone.

Several years ago a good friend, Lauren, of mine dated this guy Bob. After a few years they split and Bob moved away. I always knew that Lauren didn't particularly like Bob after the break up and Bob was always trying to get back with Lauren. I've invited them both to my wedding because I kept in touch with them both over the years, but Lauren has been a close friend since grade school while I only met Bob through her about 6 years ago. 

Last night Lauren and I went out drinking and she told me that the reason she hated Bob so much was that he raped her on several occasions and threatened her with violence if she didn't stay in the relationship. That would explain why she stopped talking to her friends late in the relationship and some odd behavior from both of them at that time. 

Lauren's fiance has made it clear that if he ever sees Bob again he will kill him for what he did to Lauren and I believe him. My friendship with Bob hasn't been extremely close or anything, just talking over facebook and skype while he was out of state because he was lonely. I've only see him once in the 4 months he moved back and don't talk to him too much anymore 

I don't want my wedding to turn into a he-said she-said fight, I just want him to not be there. Since we never talk anymore, maybe just not send him an invite and he won't notice? I don't want to send him a message saying ""People have said that if you come to the wedding they won't, so you're no longer welcome"", but it seems like the only option. 

What would you guys do?

TL;DR:", Found out last night that one of my guests raped one of my good friends. How do I tell him he's no longer welcome to the wedding without getting caught up in his drama?
302,"SUBREDDIT: r/weddingplanning

TITLE: REGISTRY TIP: Don't request knives sets

POST: You see them at all the stores, the set (with block) of 5 or more knives.  Don't request one.  Instead ask for one or two high quality **forged** Chef Knives; A standard Chef knife and a Santoku Chef knife.  

Unless you are an experienced cook, the sets are overkill and you will do better by getting just a few high quality knives instead of a set.

These should be your primary knives for almost everything.  The only reason to ask for two if you cook together and are tired of waiting for the other.  These should be the highest quality you can afford.  Make sure you have a sharpening tool and use it.

The only other knives you might need are a standard utility knife, and a serrated bread knife.  These can be lower quality.

The same goes for boning, carving, cleavers etc.  You will probably never use them.

TL;DR:"," Don't buy a set of knives, rather buy a few high quality knives and fill out your set as you need them with lower cost options."
303,"SUBREDDIT: r/weddingplanning

TITLE: Combo invitations/STDs- does this make any sense?

POST: FW and I are kicking around invitation/save the date ideas today, since my sister agreed to design them for us but wants to do it this month because she's got some staycation time (she's a *very* busy tattoo artist and doesn't have a lot of spare time to draw stuff that's not work-related, so we need to pounce on her spare time while we can). 

So, I always think of STDs as being a little thing you send out many months in advance, and then you send out a more detailed invitation closer to the date. FW brought up that really the only thing *she* ever uses STDs for is as a quick reminder on her refrigerator about when a wedding is. 

So she has the idea that we send a formal invitation with all the details along with a little business card-sized refrigerator magnet that just has the date of the wedding (and maybe the website). That way it's not so much a real save the date as just a little helpful reminder tool, plus cute decoration (my sister's artwork is amazing, so I bet some people will really enjoy a pretty and colorful magnet keepsake). We'd send both those things out together maybe 6 months in advance. Of course we'd tell people who would be coming from far out of town the date well before that (through email or phone).

This idea is really only saving us money on postage, but that's not exactly trivial. I feel like I've been getting invites to a lot of weddings lately that don't do separate STDs. Personally, I think that's totally fine, but I like that we'd also be providing cute little reminder magnets. 

What do you think about this idea? Does it sound reasonable? Are there things I'm not considering?

Also, I'd love to hear opinions/experiences with doing online-only RSVPs. We were thinking of doing that, but maybe sending some paper RSVP cards out with invitations for our older and less internet-savvy guests (of which there really aren't many).

TL;DR:", Send out  only 1 set of invitations which would include a formal invitation with details plus a small STD-like refrigerator magnet that just serves as a visual reminder. Ok idea?
304,"SUBREDDIT: r/weddingplanning

TITLE: [Rant]My bridesmaid dresses still aren't here... i'm getting married in 20 days.

POST: I ordered my bridesmaid dresses all together back at the end of May, and the shop where I got them said that it wouldn't be a problem, and they expected them to be here at the end of September.  I have called them multiple times a week, gone into the shop and talked to them, and all they can tell me is that they haven't heard anything back from the designer.  Apparently now the owner of said shop is calling the designer on a daily basis and not getting an update.  These are already not the dresses that I wanted from the beginning.  The shop still had a discontinued dress out on the sales floor and I had already gone through the ordering process when I got a call a few days later saying that the dress was discontinued.  Luckily I was able to get one very similar (same designer, same back, same sash, same fabric, just different neck line but more expensive) for the same price.  I am trying so hard not to freak out, but 3 of my 4 bridesmaids are going to at least need their dresses hemmed if not more alterations done to them.  Honestly this is getting ridiculous, It has been 3 weeks since they told me that they were supposed to be in, and it is very frustrating that there has been very little communication.

On the plus side, my dress (which was supposed to come in after the bridesmaid dresses) fits absolutely perfectly.  I don't need any alterations except the bustle which will be done by Tuesday.

TL;DR:"," I'm getting married in 20 days, my bridesmaid dresses aren't here yet, and i'm trying so hard not to go postal on some people."
305,"SUBREDDIT: r/weddingplanning

TITLE: Help me get over a disappointment... Honeymoon stuff

POST: I was away this weekend with my MOH and when I got back last night FH basically told me that we can't afford to take the honeymoon we have been planning. Nothing is booked, I thought we were going to do that this week. It's all just plans, so it's not like we lose money,  but I am really sad about it. 

Just this one time I wanted to buy a holiday I don't have to fully plan myself and for us to experience a new culture together. A trip of a lifetime I guess. 

I've wanted to do a trip like this for a very long time. I thought he was on board with it and I was really excited about it. I did communicate this, so he was aware, but he didn't tell me in the gentlest way you could imagine. 

I got upset, really upset, in a way that shocked us both. It set off a bunch of feelings connected to me not always managing money well in the past, and I feel so stupid for suggesting it, getting my hopes up and then I feel so ashamed for being upset about this, because it's not the most important thing by any means. Talk about not having perspective and first world problems. I feel like I'm acting out like a spoilt child. I feel greedy and guilty. Most of the time I am easy going. But sometimes I get my heart set on something and find it hard to let go. 

We talked about it all last night. FH sensibly doesn't want us to blow all our savings on travel. We've been saving so hard and I feel exhausted. I've slept on it and I still feel really sad about it. I need to move on and get over it,  but I feel crushed. 

What shall I do? How do you get over a disappointment? Oh and if anyone has any practical tips for puffy eyes that would be super helpful too right now.

TL;DR:"," planned a honeymoon, ready to book and very excited: FH decides we can't afford it and I am gutted. Give me your tips for moving on after a disappointment."
306,"SUBREDDIT: r/weddingplanning

TITLE: Save our blah wedding!

POST: Disclaimer: Sorry for the long post!

I know, I know, the wedding isn't as important as the marriage, it's just about the two of us coming together as one but.....I also want a badass party! 

Due to a very large (pushing 400) guest list and the cost of feeding a small army, we've had to cut out a lot of the extras that I thought would make our wedding memorable because of the budget that it takes to throw a party for that many people. 

Our ceremony church is already classically beautiful and I'm not worried about adding any special touches, although we are creating a display of family wedding pictures for the foyer, but I'm really concerned about our reception space.

We are in an empty ballroom. Great for transforming into anything, unless you don't exactly have the extra cash to fill the empty space (womp womp). We have a 21 x 21 dance floor, dj station, buffet food line, one bar setup, large head table (that seats 30) and have decided to change up the table shapes to add more interest and attempt to fill the space.

It would make things much easier had we gone with a rustic theme and could mix and match some burlap, mason jars, etc., however, I was a big fat brat when we started planning and wanted to be ""different"" so our style is traditional/classic, making all of this more difficult!

We're willing to spend some money (1,000 or less)  to add large scale decor, and can DIY, but I don't know what to do! Any ideas would be very very helpful! THANK YOU!!

TL;DR:", Too many guests are eating up our budget (literally) and we need ideas to add decor that has a wow factor and will fill up space in our empty ballroom blah reception!
307,"SUBREDDIT: r/weddingplanning

TITLE: Wedding is on Saturday...and everyone is sick :-(

POST: I just need to get some complaints out and some reassurance.  I (stupidly) flew to my sister and her fiancee's joint bachelorette party two weeks before our wedding.  When they started planning it, I voiced concerns about it being right before our wedding but they did it anyway.  I wasn't even thinking about the possibility of getting sick from the airplane, just about making myself stressed.  But sure enough, I flew back on Saturday the 30th and was sick on the 31st.

I'm getting better, but still coughing a lot.  Now FH, who has been pretty okay so far, is saying he thinks he's getting sick.  And when he gets sick, he gets SICK. MOH (my sister) emailed this morning. She's sick too and has lost her voice. Another bridesmaid gchatted me, says she's sick too. 

AHHHHHH!!!!! Why is EVERYONE sick. I am so afraid this will ruin everything and the most important people in my life will be miserable at the wedding.  I knew SOMETHING would go wrong at some point, but now I'm feeling like this something is going to cause people to not have fun.

TL;DR:"," I'm sick, FH is probably getting sick, MOH has laryngitis, bridesmaid is sick. FML."
308,"SUBREDDIT: r/weddingplanning

TITLE: Didn't care much what the bridal party was wearing, and now it's not really working. Help me figure this out?

POST: First of all, there are two groomsmen, one groomslady, and only one bridesmaid, so it will look pretty unbalanced to begin with. We're having a fairly low-key brunch wedding at an old hotel. I didn't have a clear vision, and we don't have strong wedding colours (the ballroom is pretty colourful, so we're just doing whites and hint of green here and there), so I figured the groomslady could wear a dress in the same grey as the groomsmen, and my bridesmaid could wear whatever she liked. Now that I see everything together, I feel like I should give a bit of direction, or it will just look messy. We're paying for both dresses, so I'm not worried about my bridesmaid having to get a new dress.

- [**This**] is my dress for now - long story, but this might easily be changing.

- [**This**] is what the groom and groomsmen will be wearing. Their pick.

- [**This**] is the dress the groomslady likes.

- [**This**] is my bridesmaid's prom dress that she would like to wear. It is a gorgeous dress, but I'm also concerned about it looking fancier than mine. Even if I change my dress, I will still be looking for something quite simple, with a vintage feel.

My FH thinks it all looks fine, and has no suggestions. I really have no idea about these things, so I'm hoping for suggestions. Should the groomslady and the bridesmaid be in similar styles or even the same style, just different colours? Would it be okay if the groomslady is in a simpler grey dress, and the bridesmaid wears whatever she likes?

TL;DR:"," [**This**] is what my bridal party looks like so far. Suggestions for the ladies to make it more cohesive? (2 groomsmen, 1 groomslady, 1 bridesmaid)"
309,"SUBREDDIT: r/weddingplanning

TITLE: My mother is making this miserable. Rant/Advice?

POST: Okay, so my lovely SO and I became engaged earlier this month.  I was very excited about planning a wedding and enjoying this happy time.  Unfortunately, my mom is being Bitchface McGhee about everything that has to do with this wedding.  She has been completely negative about pretty much everything, except for my ideas for decorations.  She tells me that I am ""leaving her out of everything.""  She also keeps saying things like, ""I may as well get used to this.  It's this bad now and it will probably be even worse once you're married and out of the house.""  

First of all, I have barely started planning.  I have found a photographer (because photography has always been my thing), I've chosen my bridal party, and honestly that's about it.  

Here are some things that she has bitched at me over:

* She's pissed about the fact that I'm not asking my 15 year old sister to be my MOH.  I'm not even having a MOH, not to mention the fact that my sister has never had any interest in weddings or anything of the like.

* She's pissed that I found a photographer without her.

* She's pissed that my fiance isn't asking my two younger brothers to be his groomsmen.  One of my brothers has been horrible to my family for the past year, and we are not that close.

* She's pissed about the fact that I do not want to ask someone who neither myself nor my SO know to officiate the wedding.

* She's pissed about the fact that I want my SO to be very involved with the wedding planning.  She said that ""wedding planning should be with the mother and the daughter and her family.""  

Those are just a few of the complaints she has launched towards me since January 11.  I have tried talking to her in a calm manner, in a non-calm manner, over the phone, through text, face-to-face... I've tried explaining that many of the wedding traditions that people hold just aren't mine and my fiance's style... I have tried everything that I know how.  What should I do???

TL;DR:", My mom complains about basically every detail that I have started to plan for my wedding.  I don't know what to do.  *Sigh*
310,"SUBREDDIT: r/weddingplanning

TITLE: Went to the bank, haven't stopped crying/having anxiety since [RANT]

POST: Hi Weddit, this is my first time posting in the thread, and of course it's something negative, which wasn't what I wanted at all. This is long and rambling, which I apologize for, I just had to scream to the internet.

My wedding is scheduled for October 30, which has been a mess in and of itself (we're having a tiny ceremony this year and a big ol' vow renewal next year, which means we've thoroughly offended everyone, naturally), but I always figured it'd all be worth it because I'd be marrying my soul mate. Well, we went to the bank today to ask some questions, and we were informed that his name is connected to a fraud case. He called the number, and they're going to shave a detective contact him. 

So now we wait for the detective, which could take who knows how long. We're giving it a week before we call off the wedding. We aren't going to legally join each other until we know exactly how this will be effecting our future.

All this is on top of: being over-drafted by the bank, my city being enshrouded in smoke, my grandpa's first birthday since he died in July, the first anniversary of my grandma's death, my two best friends being best friends with each other and hiding a pregnancy from me, and my hours getting cut at work (yay bridal industry!)...it's making for a long asthma filled anxiety attack of a day. Thanks for listening, internet friends!

TL;DR:"," My fiance is connected to a fraud case somehow, now we have to wait for a detective to contact us so we know whether or not we can get married in a month."
311,"SUBREDDIT: r/weddingplanning

TITLE: Christmas gift for my best friend who is engaged!

POST: Hello Ladies, 

I saw this idea on pintrest back in the summer of doing a christmas ornament made out of a couple's wedding invitation as a nice keepsake. My best friend and I have started doing no gifts for xmas. I want to get her something sentimental and I thought this would be a perfect idea. Here's the problem, my best friend's wedding is in March. I feel weird cutting up the invitation before the wedding is over even though I'm in the bridal party and the invitation was just a formality. Do you think she would feel weird about it too? 

I think I feel funny about it because lots of people display wedding invitations in their homes in one form or another (on a shelf, fridge etc) until the wedding day.

The other option would be to print her engagement pictures from instagram (like the day she got engaged) and try to theme the ornament around getting engaged. Maybe throw a cute fake engagement ring in? She got engaged at Niagara Falls if that gives anyone any ideas they could suggest. Her wedding invitation is just SO pretty and would be perfect, which is why I'm so torn.

So that's that! I'd love some feedback from you all.

TL;DR:"," should I cut up my best friend's beautiful wedding invitation before the wedding to craft her a keepsake ornament for christmas, or make one themed around her engagement?"
312,"SUBREDDIT: r/weddingplanning

TITLE: In defense of DB- especially on a limited budget.

POST: DB has a really bad reputation, sometimes for good reasons, but here's my experience. The first thing I liked about DB is that they will exchange unaltered dresses for different sizes. So supposed you buy a dress 9 months out, then 3 months later have dropped a size or two- they'll switch the sizes out for you. As a lady whose weight fluctuates, this was a big selling point!!!

Anyway, I bought a gorgeous dress at DB. It was a flow-y chiffon ballgown with an empire waist. It was perfect for my ceremony in a grove of cedar trees! 2 months out, I took it to an independent seamstress to shorten it and customize a bit. I certainly didn't trust DB when it came to alterations. There are HORROR stories about alterations.  I also wanted more individual attention.

Turns out the DB dress I bought for 700 looked VERY similar to a dress that the seamstress had been working on that was $7,000. and mine was a lighter, more comfortable fabric. She also thought mine was aesthetically more beautiful. The seamstress showed me the 7,000 dollar dress and I was completely stunned by the similarities. She also told me that she had been working on a bunch of DB dresses lately and was changing her tune about them. 

She DID however, help make the dresses a little better and more unique. (and gave me a new garment bag without the DB logo). After my first fitting she also helped me realize that the boustier and petticoat that DB wanted me to buy made me look WORSE in the dress. 

At the end of the day, I'm really happy with my purchase and I was happy that I had an open mind about making the dress my own and not falling into buying unnecessary accessories. So don't immediately discard DB if you are on a budget.

TL;DR:", DB dresses are modeled after other high end/ expensive dresses and with a little personal touch they can be perfect for a fraction of the cost.
313,"SUBREDDIT: r/weddingplanning

TITLE: HoneyFund for a relocation after the wedding? Is that tacky?

POST: So my fiance and I just discovered that there is a 99% chance I will be accepting a promotion and moving 1300 miles across country to live on a tiny little island.  We won't be able to bring typical wedding gifts with us since we'll have to basically sell everything we own, pack up the dogs, and hit the road.  

We are super excited about the move, so I had the idea to cancel our traditional registry and create a HoneyFund where each expense item is a ""hint"" to where we are going to be moving!  We would put in items like Gas Costs (with a description of how many miles it will be), Flip Flops, Tiny Umbrellas, Hemingway Books, etc.  It might be fairly easy to guess where we're going, but we thought it would be a cute way to ask for financial help with the move since it's so close to the wedding, and we can't take our belongings with us.  

What do you guys think?

TL;DR:", Fiance and I are moving cross-country right after the wedding and we want to set up a Honeyfund to help with the move since we can't take traditional gifts with us.
314,"SUBREDDIT: r/weddingplanning

TITLE: Matching family to the wedding party?

POST: So, we have our outfits and the bridal party's outfits squared away. Now we need to focus on making sure nobody else who's going to be in a lot of photos clashes with us. FMIL announced that she had picked her dress for the wedding less than a week after we got engaged, before I even had my dress or a venue (which bugged me, but whatever, I'm a big girl and I got over it). My mom is currently looking for a dress, but she has one already that she'll wear if she can't find anything else. For context- FH is wearing a light blue tie with silver polka dots and the groomsmen are wearing navy ties with white polka dots. FMIL (who is wearing a bright turquoise dress) has announced that she wants to buy FFIL a tie that matches her dress, so ""they can match in photos"". My dad will likely wear a grey or navy tie (he really only wears neutral colours ever), and we have no idea what FBIL will wear. Would it be odd if we bought matching ties for these three men to wear? (I found some nice ones that have smaller polka dots than the groomsmen's ties, that I think would be subtle compliments to the ties the rest of our men are wearing). I just don't want FFIL/FMIL to be the brightest colours in our wedding photos!

TL;DR:", FILs might both wear really bright colours. Would it be weird if our male family members were given matching ties to wear?
315,"SUBREDDIT: r/weddingplanning

TITLE: Finally a bright spot! [bouquets]

POST: I finally got to meet with the woman who is doing my bouquets yesterday! She's actually an old friend, the mom of one of my very best friends since kindergarten (warning: backstory/memory lane stroll to follow).  He and I were best friends in kindergarten and first grade, then I moved away, we reconnected when we were 17, dated off and on for five years (even briefly engaged, but thankfully figured out we were too young and it would never work).  We stayed close for a long time, but our lives went different directions (he's been married for about 8 years now and has a budding career in law enforcement plus twins who are five and an 8 year old) and we rarely get to talk these days, and even then it's a passing hey how are you?   

So yesterday I was supposed to meet with his mom and give her the flowers and show her what I wanted but he had to get some bloodwork and things done last minute due to a work related incident and his mom had to rush over to his place and watch his kids so I wound up just going over there to meet up with her.  When he got back we all got to spend a good two hours just talking and catching up on our lives.  It felt so good to talk about everything that was going on with one of my closest friends and the woman who had been like a mom to me when I was going through some really bad stuff in my teens. I walked away feeling like a lot of weight was off of my shoulders with a renewed sense of confidence in who I am and what I'm doing. Plus my buddy said if the crazy inlaws show up and cause problems he'll handle it professionally and make sure it doesn't touch me.  His exact words were, I'm a cop, I deal with crazy all day and it doesn't phase me, you have absolutely nothing to worry about.

The cherry on top is that his mom had some absolutely awesome ideas for my bouquets like pretty pins and bits of ribbon and she  remembered the flowers I was forgetting (corsage and boutonniere for my parents).

TL;DR:", I finally dropped off the wedding flowers to get them arranged and got the bonus of reconnecting with my very best friend in the world and his mom and I feel a lot better about everything today.
316,"SUBREDDIT: r/weddingplanning

TITLE: What to wear to my 'casual' picnic reception? (bride)

POST: Hi! So I'm going to give a little background, but I'll try to stay on topic. Last year (March 2014) I left my home in Pennsylvania and moved to Oregon. I'm going home next weekend for the first time since I left. When I left, I was moving in with my boyfriend, who had family both here in Oregon and there in PA (which is how we met.)  

In December 2014, we eloped. We had gotten engaged at the end of October so it was pretty quick, but we were both way too stressed with trying to plan a wedding for families on opposite ends of the countries, so we found a guy on Craigslist, had him meet us at a coffee shop with two witnesses, and we got married on a rainy Friday morning. No pictures, nothing. It was blissful and exactly what we both wanted.

So next weekend, my mom is planning this picnic. I told her I want something small and casual, if she feels that she needs to do anything (mom and dad are paying for it all, including both of our flights home).   

She says there will be about 100 people there, but made it open invite so who really knows how many people will be there. She says it will be casual, like jeans and t-shirts.  (Like a cookout with a keg, at a social club in my hometown.)  

But since it's technically my wedding reception/celebration, should I wear something special? Should I wear white?

TL;DR:"," Husband and I eloped, and got married across the country from our parents. MoB is planning a picnic celebration. What should we wear?"
317,"SUBREDDIT: r/weddingplanning

TITLE: Update on guest list stuff.

POST: I just wanted to say thanks first for everyone helping me. I really appreciate it. Previously on [Reddit] ... 
Slagface isn't invited. After a conversation that lasted an hour, he finally saw it from my perspective. He was upset cause I wasn't seeing it from ""his point of view."" So I asked him if he really wanted her to come, she could but I'd be seriously stressed out about it. I also told him if Slagface was invited, that prior to inviting her he'd have to have a 'serious' talk about how she treats me. 
He again, got a bit upset, because he's tried talking to her about her ~~bitch ass~~ bad attitude towards me(I already knew this.) I pointed out that she didn't even invite me to her wedding, even after I helped plan/decorate for it; I also pointed out that her inviting just him, rather than the both of us to events(despite us being together for a fairly long time) is no way supportive of our relationship and how we should avoided having people like that at our wedding. 
So, after a while, he understood. He's kinda mad that she has to have such a rude attitude towards me; but he apologized and all is good.

TL;DR:", Slagface not coming to wedding; FH and I made up; Awww yiiisssss. Guest list of less than 80 people who we actually both like.
318,"SUBREDDIT: r/weddingplanning

TITLE: Sticky situation inviting my crazy mom to my wedding.

POST: I'm getting married within this year. Fiance and I have been dating 3 years, yadda yadda.

My mother is the worst at parties. She gets piss drunk and winds up making everyone around her BEYOND uncomfortable. She will argue religion, politics, everything taboo. She'll lie to people just to start drama. She's been uninvited to many annual parties because of this.

This is not the only problem. She also has been trying to break me and my fiance up from the very beginning. She's done things like blocking his number from my phone when I leave the room, sent his mother nasty texts about how she raised him, insult his outfit when he comes to visit, ask why he has such a large amount of brothers and sisters and what he thinks about population control, really weird shit like that.

Other than her batshit nutso attitude, she's an alright mother. I turned out okay, and I am so grateful for how she raised me. But i'm SO afraid she'll get shitfaced and fight with my friends or my fiance's family.

I asked my dad to keep an eye on her, but he said she'll do what she wants and there's no stopping her if she has something to say to someone.

TL;DR:"," Mom is a nut, i'm afraid she'll get too shitfaced for the reception and freak out and annoy my guests. Not sure if I can talk to her about it because she has a real problem with confrontation. Any advice?"
319,"SUBREDDIT: r/weddingplanning

TITLE: Bridal & Grooms party with mixed genders? HELP!

POST: My fiancee and I both are having 4 people in our bridal and grooms party. I am having my best man, 2 grooms men, and one groomswoman. My fiancee is having a maid of honor, 2 bridesmaids, and 1 bridesman.

The issue we're facing is getting ready the morning of the wedding. The male in her party (Mark) obviously doesn't need to fully get ready with them (no hair and make-up needed), but the woman in my party (Maria) obviously can't get ready with the other guys as she will need to get her hair and make-up done. We could have Mark get ready with the groom, and Maria get ready with the bride but that defeats the purpose of the importance of having your close friends in your party.

Has anyone been to or having a wedding where the parties had both genders? Any thoughts on how we can make this work? HELP!

TL;DR:", how do we handle getting ready (hair/makeup etc) when we both have the opposite gender in our groom and bridal parties?
320,"SUBREDDIT: r/weddingplanning

TITLE: Questions about looking for florists

POST: We've done a lot of the important bookings so far (venue, officiant, catering, photographer, and DJ), but probably the next thing on our list is figuring out what everything is going to look like, and that will include flowers to at least some extent. We've definitely prioritized those other vendors both in terms of budget and importance, but we've still set aside $1000 for flowers, for whatever that will get us. At minimum, I know we'd like bouquets and boutonnières for the wedding party, plus probably some flowers to contribute to centerpieces.

The thing is that I am not a flower person AT ALL. If pressed, I could probably name less than 20 types of flowers, and I have only a vague idea what they look like besides the obvious ones like roses and daisies. So on the one hand I have no idea what I want (besides ""pretty!"" and ""within my budget"" and some ill-defined ideas of colors), but on the other hand I'll probably be easy to please. 

I'm also ignorant of how booking/contracts for florists generally go, which leads me to a few questions.

* How much do I need to know what I want before I start contacting florists? A general vision (I could maybe do this)? Specifics (I'd be lost here)? For the centerpieces, I'm even less sure of what we want/need. 

* In return, what would I want a florist to show me? Will they tell me specific ideas for my wedding or just show me some of the possibilities or past work for other clients?

* How much detail is decided on for the contract? Like, will I be signing on the specific flowers and quantity of those that they'll use in a bouquet, or will it be more open-ended?

* What else should I be looking for? Delivery? And who would set up these centerpieces anyway? 

Any experiences or advice would be so helpful!

TL;DR:", Don't know anything about flowers. What do I need to know to book a florist and how does it work?
321,"SUBREDDIT: r/weddingplanning

TITLE: A Question About Inviting Kids

POST: My FH and I would love to invite everyone possible to our wedding, but the guest list is getting out of control. We need to scale back, so rather than offending the several aunts/uncles/adult cousins who we grew up with, we've made the decision to the 30+ children who would be invited if we made it all-inclusive. Most of the children are 5+, many are young teenagers, so it's not as if there are infants and toddlers. The issue we're having is, we'd LOVE to include my FH's sister's two children. I have a brother as well who has a young daughter, who will need to be invited if we invited his sister's children. Here's my question: is it rude to only invite the children of immediate family? We've opted out of a flower girl/ring bearer (venue doesn't allow anything to be tossed, and we're avoiding the family arguments about choosing one little kid over another), so we can't include them in the wedding party in that way. We intend to put the whole ""we have saved ___ seats"" on the invitation, as well as a fine print ""If you have young children with whom you must travel, please contact us about arranging a complimentary baby sitter."" We're blocking some hotels and live in a large city, so we should be able to find someone who can baby sit for the evening.

TL;DR:", Would you be offended if immediate family's children were invited (not bridal party) and yours weren't? Even if there was a free baby sitter?
322,"SUBREDDIT: r/weddingplanning

TITLE: Budgeting..where to start?

POST: Hi Weddit! 
First time posting here after getting [engaged a few weeks ago] ( because I love reading posts and seeing how encouraging everyone is! 
But, I am feeling more overwhelmed and kind of bummed rather than excited on even starting wedding planning. We got a lot of mixed receptions regarding our engagement I wasn't expecting, and I started getting super concerned when I realized how much a wedding can cost.
So, as we've figured budgeting should be the number one thing on the to do list (thanks to this sub!) here are some decisions that FH and I have made:
1. Long engagement and setting the wedding date in October 2018 to save up.
2. Our list of what is the most important to us about a wedding day and the consensus is: having our two very large families present (160ish on my side, 130ish on his), and good food. (I realize, neither is cheap!) 
3. Me possibly picking up a second job. I'm in graduate school and currently work 20 hours a week, but I can pick up something on the weekends.
4. Cutting spending down as much as possible, including couponing, selling a few things at consignment shops, stop eating out so frequently, etc.
5. No family contributions from either of our sides, which is fine, but nothing to factor in there.

I guess the

TL;DR:", version: where do you start to make a budget when you're working from the ground up and had nothing saved beforehand? Or am I being insane and should just put everything on hold until next May when I have graduated?
323,"SUBREDDIT: r/weddingplanning

TITLE: Let's talk Ushers

POST: **What are your ushers wearing, weddit?** 

This post is part rant, part research. 

My brothers are our ushers for our ceremony in 26 days. Mark* has called complaining about matching Nick* in the past, but I brushed it off with ""we need to look together for pictures"" Mark even responded ""well, it's your day"" so I thought we were done. I tell him I'll buy the ties and all he needs is a white shirt and black slacks. 

Week later, Dad tells me that Mark is wanting to wear white slacks and white shirt instead of the black slacks/white shirt we requested. I'm not offended, in fact I'm amused. I'm the bride, dude. I'm in white, bro. Calm your tits. I call him to ask about the white on white thing and he says he won't. 

I just received another call from Mark about not matching Nick. Of all the people to flip out, I didn't expect it from the damn ushers.

So here's my compromise. I'm getting their damn shirts *and* ties now. To avoid the chance that Mark shows up in white, I think I'll go grey shirts with white ties.

TL;DR:"," Younger brother is throwing a fit about matching Older brother. To avoid the battle, we're getting their damn shirts and ties for them."
324,"SUBREDDIT: r/weddingplanning

TITLE: Junior Bridesmaid norms?

POST: So, this entire junior bridesmaid thing has me a bit baffled.

How old or young can a junior bridesmaid be?  What are their responsibilities?  Are there any benefits they ""get"" over being a flower girl?

Where I'm coming from:  
The fiance has two nieces who, when our wedding rolls around, will be 9 (almost 10) and 7.  We also have his goddaughter who will be 3.  We really want all three girls in our wedding, because they're all fantastic and we love them.

He has already requested that his younger niece be the ring bearer, which is an idea I- and everyone else- LOVE.  It suits her personality perfectly.  She's a rough-and-tumble little farm girl, and YES.  Yes yes yes.  We're planning on her wearing a black dress with white accents to mimic a little tux.

His goddaughter we would like to have as a flower girl.  Typical adorable toddler-ness.

His older niece is where I'm not sure what to do with.  Some people say 9 is too ""old"" to be a flower girl, but a lot of books and websites claim that Jr. Bridesmaids should be 11-14.  She's a fairly mature girl, and I'm not sure if it would make her feel better to be a Jr.  It's really just a matter of dresses and official naming.  Most likely she would still walk down with the flower girl, partially as a comfort to the toddler, and to help her along.  If she's going to act as a flower girl, is there any reason to ask her to be a junior bridesmaid though?  Are there any other, more ""adult"", responsibilities we could give her?  Or is she still too young?

And the fiance's response?  ""It doesn't matter to me, as long as Bri is the ring bearer.""  Gee honey.  Thanks.

TL;DR:"," Is 9 too young to be a Junior Bridesmaid?  Or too old to be a flower girl?  Who gets to decide these ""rules"" anyway?"
325,"SUBREDDIT: r/weddingplanning

TITLE: Need some help with music...

POST: I'm just gonna be upfront with this: I can't dance. I mean really. I'm a geeky white boy and I move like one, so my fiancé and I are going to do some dance lessons so I don't embarrass myself. We'd also like to have a solid first dance. 

Our lessons start on Friday, but there's a problem... they want us to have three songs picked out and our tastes differ wildly. I don't want any of what I tend to call ""new, meaningless bullshit"". Take that how you will. On the other end of the spectrum, she doesn't want Sinatra. So we're having a bit of a hard time figuring out what we'd dance to and need to figure out three options before Friday.

Out of nowhere (she is not a Redditor because, despite my efforts to convince her otherwise, ""all she needs is Pinterest""), she asked me to consult with the mighty Weddit. I have seen a lot of great ideas and results on this sub, so I figured I might as well give it a shot.

TL;DR:"," Need a few song options for our first dance, somewhere between old timey awesomeness and newfangled poppy crap. CAN YOU DO IT?"
326,"SUBREDDIT: r/weddingplanning

TITLE: HELP!(RANT) Cold feet & Save the Dates!

POST: I (Bride) didn't want a wedding to begin with. We just sent out the save the dates and I'm getting some serious cold feet about having a wedding. It's already going to be super small. His parents aren't on board. My MOH is not being helpful and in fact is demanding my help in her life right now to the point of sacrificing my weekends. We don't really have the money for this and it's a constant tension in our relationship. 

On top of these tensions both his cousin and my sister are now having babies a week before the date. We are both super excited and happy about it, but it just adds an extra feeling (for me) that a wedding is not the right thing right now.

It is important to my partner that we have a wedding and I don't want to deny him of that. But a wedding (not a marriage) just doesn't feel like the right thing. And I don't know what to do.

TL;DR:", My Fiance wants a wedding but I just want to get married. We're going ahead with a smaller event but I feel like I'm crashing from the stress and lack of support. Any advice?
327,"SUBREDDIT: r/weddingplanning

TITLE: Difficulties with planning a wedding 4 hours away?

POST: We recently got engaged, so the next step is obviously to begin planning the big day. We started to talk about location. For ease of planning, we thought it would be much easier planning close to us. 

I went home to visit the family recently, and they were surprised I wasn't thinking about having it in my home town. They made a couple of good points. My grandma is in a wheelchair and would require constant help/assistance, which would one of my parents distracted/busy the whole day/weekend; not to mention the difficulty with how the hotel situation would work with her. I want my neighborhood (which I'm very close with) to be there, but traveling with children makes it much more difficult. They also said that they are helping pay for the wedding and should have some say. They'll be fine with anything that we decide, but now I'm hesitant.

Majority of my side is from my home-town, and his is from all over. None of his side has young kids or any other constraints. Doing the math on traveling time, having the wedding here vice there is closer for most of the guests.

We're not getting married until 2015 so we have some time to talk about this. I was just wondering the cons, and pros, of planning/having an out-of-town wedding? It's 4 hours away. A good chunk of our guest will have to travel no matter if it's here or there. 

Thanks in advance!

TL;DR:"," Parents thought wedding would be in home-town to be easier, we're hesitant on planning a wedding from 4-hours away"
328,"SUBREDDIT: r/weddingplanning

TITLE: [Help/rant] May have caught fiancé sexting another girl?

POST: Fellow weddingplanning redditor here, Throwaway for obvious reasons. Just want your opinion. 

My fiancé & I have been together 4 years and are set to get married very soon.

A few days ago I noticed he had added a girl on Facebook who I knew, but he didn't have any mutual friends with her. I thought this was strange but ignored it.  I normally don't care if he adds girls, but something about this struck me as very odd.

I started noticing him acting funny. Hiding his cell phone, leaving the room when his phone went off, being generally weird. So I did a terrible thing and logged into his facebook. He had deleted all his messages, but I checked his activity log and he has searched for this girl AT LEAST 7-8 times a day. Every day.  

Some how it had logged me into his messenger and stayed on my phone even after I logged out of his account.  Earlier today I (he) got a message from her that said ""not right now, I'm in public."" 

My face instantly got hot but I couldn't find what he had messaged her. We went to a wedding tonight and I've been trying to act normal but drop hints that I know something.  

A few minutes ago I (he) got a message from her that was just a winky face...

So tell me reddit. What would you do? Call him out? Call off the wedding on a hunch? Or just let it continue? 

thanks.

TL;DR:", Fiance may or may not be sexting a girl on facebook. Supposed to get married realllllllly soon. Have no idea what to do.
329,"SUBREDDIT: r/weddingplanning

TITLE: What to wear at my (cold) engagement shoot this weekend?

POST: Hello, weddit! I've been lurking for ages but seriously need some ideas. I totally procrastinated and put off my engagement shoot until this Saturday, where it's going to be around 47 degrees and cloudy. The shoot is at 1:00 PM, so it will be the warmest part of the day, but I'm trying to figure out what I can wear that's warm, but doesn't look like I'm super bundled up. I bought a sweet pair of wool tights from sockdreams.com and thought I would wear a sweater dress with cute boots, but now I'm thinking it'll still be too cold. Would it be too cliche to just do jeans and a fitted sweater with boots? (Not to mention I'd probably have to buy a pair of photogenic boots, and skinny jeans to fit, but at least I could wear my tights underneath and have layers.)

My fiance, of course, can go out in the snow in shorts and a t-shirt and complain about how hot it is.

TL;DR:"," It's going to be cold during my engagement shoot; what should I wear to keep warm, but still look good in photos?"
330,"SUBREDDIT: r/weddingplanning

TITLE: Having trouble deciding on ceremony wording / style. It's kind of complicated. Help!!

POST: Throw away - you'll see why...
I'm kind of stuck with what we want the minister to say at our ceremony. Here's the complicated details:

First, we are not religious at all, but both of our parents are, in fact, mine are both full-time preachers. We originally wanted no religious aspect brought in, but our families wouldn't like that at all, and we don't really care that much, so whatever. We hired an African American minister who is very charismatic and has acting experience. We figured if we were going to have religion in the ceremony, it may as well be entertaining and not stuffy.

Second, we want the ceremony to be fun and humorous, not cheesy, and yet till contain some powerful statements on love and marriage.

Lastly, we are already married. We eloped in January 2010 and no one knows. We want to ""drop the bomb"", per-se, during the ceremony. Something like, ""...bla bla..but what you don't know is, bride and groom were married in January of 2010 in NYC, and have kept it a secret for over three years.""

So, does anyone have any suggestions or links to sample scripts that would possibly match this style ceremony?? I'm at a loss!!

TL;DR:"," we want a humorous, yet powerful ceremony, and we're secretly married-which we want to reveal during the ceremony. Need help with a script!"
331,"SUBREDDIT: r/weddingplanning

TITLE: It wasn't even the MIL

POST: Hey all, long time lurker first time poster. Here it goes.

FW and I have been engaged and planning the wedding for a while and just decided to put it on facebook in order for it to be an ""official"" engagement. This led to a lot of people thinking that we just got engaged and offering to help us plan the entire wedding.

I wake up this morning to a picture of a text sent to my FW. it reads:
""Century engaged and I'm going to help your mother with your wedding I need to know about when you're getting married and I'd like you to start a Pinterest account if you don't have one and make a file and put me as a CO a partner to the secret page then I want you to start posting pictures to it and then give a description about the picture what it is a neat one that you like so they have an idea what you want for your wedding""

This woman is a not-so-close family friend that FMIL isn't even really close to. She is also not a wedding planner, she has done a few alterations for FW and FW's family, but that is it. We didn't tell her we were engaged and we aren't planning on inviting her to the wedding. FW says that this woman is (obviously) super nosy as well as bossy and she will in no way be helping us. Most of the wedding decisions have been made anyway. I'm sure she just wants to help, but I have already have a FMIL and do not wish to double that number. This message comes off to me as incredibly presumptuous. Would any of you have a suggestion as to how to politely tell her no without burning any bridges? Thanks for reading and for your help!

TL;DR:", Not-so-close family friend who isn't a wedding planner wants to help FMIL plan our wedding. How do we tell her that FMIL isn't planning wedding and we don't want her help?
332,"SUBREDDIT: r/weddingplanning

TITLE: Decoration Help

POST: Hey weddit, y'all have been so much help lately! After firing my florist things are turning out way cheaper and better for me. I feel way more in control of things and if something turns out wrong I can deal with the fact it's my fault. So since firing my florist I had to figure out centerpieces and I have gone with succulents in the clear globe. My wedding is a day garden wedding at a botanical garden with the colors navy blue and pink. My question is how do I decorate in a simple but non-cheap looking way? We have six guest tables and a sweet heart table, a chocolate bar table, a cake table, and guestbook/gift table. How do I decorate those tables? I haven't been paying attention to the reception decorations and now I'm worried. On top of the garden theme we are trying to include my fiance's life of music. Our cake is music themed and at our ceremony we have music paper heart garland hanging along the aisle. Any ideas? Pinterest is just stressing me out and I don't want my wedding to look too pinterest-y.

TL;DR:", Navy/Pink/Gold garden botanical wedding trying to decorate the cake/gift tables and tie in music stuff if possible.
333,"SUBREDDIT: r/weddingplanning

TITLE: Brides who made your own Bridal Gown - was it worth it?

POST: Hello ladies,

I'm a bit of a sewing nerd and I enjoy crafting personalized garments from time to time, my last few projects have turned our way better than I hoped they would. Sometimes I fix pants, jackets, and dresses for people who have garments torn or threads come loose and what not so it is well known among our group of friends that I enjoy sewing.
A friend of mine who is getting hitched next spring (!!!!!) has asked me to design (and sew) her wedding dress for her. 

Uh... Wow?!

Though I am ecstatic that two of my dear friends are finally tying the knot, I am not 100% sold on the idea of making her a customized gown as a 'cost-saving measure' (her own words). She is usually so, so sweet but I've also seen how frustrated she can get with wedding stuff already and so on the one hand I don't want to add to her perils. On the other hand though, Bridal gown prices are exorbitant and what she has in mind is relatively straight forward. No lace or train - just a corset top and a flowy silk skirt that detaches. She is super casual about the whole thing, but I don't know if my skill can match the beauty of a professional gown.

TL;DR:"," A good friend is getting married and has asked me, an amateur seamstress, to make her a gown from scratch. Thoughts?"
334,"SUBREDDIT: r/weddingplanning

TITLE: Trying to plan an at-home elopement...

POST: My fiancé and I were recently engaged and we are beginning to plan our wedding. We've talked about what we want the wedding day to look like, and over the past few years we decided something small is best. We had planned on eloping out of the country but it makes more sense right now financially to go to the courthouse for a private ceremony instead.

Our families are a bit crazy; my mother is a controlling sociopath (and the primary reason we don't want to invite people to the wedding), and we both have booze-driven family members who would love nothing more than downing free alcohol while making the night about them. We see our wedding day as something that should be enjoyable, memorable, and pleasant. I know for a fact that my mom will become (more of) a monster and will ignore my personal preferences and decisions. I get panicky just thinking about it. There are some family and friends we would like to include, however, and we can't figure out the best way to do this. My aunt and uncle are the closest to us, and we have a close friend or two that we might want in attendance.

The reasons for excluding our families boil down to this: we can't afford a wedding and we don't want to put a financial burden on a family member, should the families decide they all want to come; we don't want to be anxious and upset on our wedding day; we don't want to be at the mercy of our families, who often disrespect us and our time.

Having said all that, what advice would those who've been in a similar situation have? Do we have a courthouse marriage and tell everyone afterwards, do we keep it a secret, or do we have a semi-private ceremony with my aunt and some of our close friends?

TL;DR:"," Just got engaged, want to elope in our town but don't want to involve some of our family who live in the area."
335,"SUBREDDIT: r/weddingplanning

TITLE: Comfort me, Weddit... [rant?]

POST: My mom died ten years ago.  And I've seen her side of my family little since.  (Seeing my father is pretty much the same; I only see or contact them if I initiate.)

Every time I catch up with one of my cousins, it's always dire and never good.  Marriages ending, jobs going away, drug addictions, etc...  I love these people, but it's a stressful, anxiety-ridden, emotional downer to talk to any of them.

Our RSVPs were due on the Ides of March, and we're quickly following up with those we've not heard from to get numbers as the venue payment is due next week...

Now, I never imagined that anyone from my mom's family was going to come, but I feel horrible after pestering two cousins to see if they were going to make it.  One said succinctly that it is financially impossible ATM; he just got married in November, and I couldn't make it to his wedding because I was saving up for my own.  The other cousin devolved into how she is declaring bankruptcy and how she is paying for her mother and our aunt to get to Missouri to rescue our great aunt from her meth-addict son.  And then she told me about every other bad thing that has happened since the last time we spoke.

I'm sitting at work, calming down a panic attack because I'm heartbroken over something I knew was going to happen and how I can't help them out at all.  I just feel like the last piece of my mom fell out of the wedding.

I guess this isn't really wedding related, but you all have become my bridal support group...  Even if I'm a lurker 93.78% of the time.

TL;DR:"," Maternal family isn't coming to the wedding; I knew this, but it still hurts a hell of a lot.  Feel like last piece of my mother fell out of the wedding."
336,"SUBREDDIT: r/weddingplanning

TITLE: Opinions on DIY wedding cakes...

POST: I'm a huge baker regardless of what the dish is. Wedding cakes are really expensive all things considered. I made my fiance's parents 25th anniversary renew vows wedding cake (almost 6 years ago?), which wasn't that bad - worse that I hadn't properly made a stacked cake before but was quite easy and not that labour intensive. And my FH was thinking cupcakes are great idea as no cutting is actually required (though the venue is not charging for cake cutting as it is part of the catering if no dessert is served). We are only having 80 guests so if I wanted to feed the DJ (friend of BM) and photographer(s) then we'll call that 84 (7 dozen) for simplicity, which is about 3.5 different recipes. I have all of the supplies necessary already (pans, tins, food colouring, piping bags and more tips than you thought existed) and ingredients aren't that expensive. I already know a few recipes where people have fought over the remaining cupcakes. I know how to make and work with edible (not disgusting) fondant. I know how to make fake sugar flowers. We have ""cake Friday"" at my school where we bake once weekly on our rotation week, which switches every week. Last Thursday it took 2.5 hours to bake 41 cupcakes when I only have 1 oven rack fitting 12 cupcakes at a time (love being in Scotland sometimes....). I'll be back at home (in California) by the wedding so I can make 24 cupcakes at a time, which will speed things along.

TL;DR:", am I crazy for thinking I can make my own wedding cake for 80 guests? Has anyone else (or know anyone else who has) done it?
337,"SUBREDDIT: r/weddingplanning

TITLE: What bad news ended up being not so bad, and maybe even good once you calmed down? Commiserate with me!

POST: I just found out yesterday that my university changed fall break for the 2014-15 school year. I specifically planned the wedding to be over my fall break, so I would have the two days prior to do any last minute things or visit with out of town guests who came in early. They changed it to the next week. I was outraged at first. I mean, how dare they change the school calendar without consulting me first? ;) Then I realized that it didn't really matter since I have registered for fall classes and don't have Thursday or Friday classes. 

Bright side? We have to wait until next summer (when I'm out of school) to have our honeymoon. We had planned on getting a hotel room just for the wedding night. I convinced FH that we should have a little mini-honeymoon that next weekend. Now I'm actually really happy that it worked out this way!

Anyone have stories that changed from seemingly awful to not bad or even awesome?

TL;DR:", School changed fall break from my wedding weekend to the next weekend. Now we can have a mini-honeymoon!
338,"SUBREDDIT: r/weddingplanning

TITLE: Lessons from my wedding dress fitting experience!

POST: I purchased a strapless, lace wedding dress (Kyra by Maggie Sottero) in the fall for my July wedding. Before selecting this dress I had tried on a few others, but they all seemed to shiny, or big, or heavy for my outdoor wedding. When I bought the dress, the sales lady told me I was in between sizes, and ordered the size up for me with the assurance that you can always make a dress smaller. For those of you going on this logic, here are some things to consider. 

1. Making a dress smaller is expensive. With the few pounds that I lost (maybe 5?) from actually bothering to go to the gym, I could have easily done a few crunches and fit into the size below. That would have saved me a lot of money. 

2. Making a lace dress smaller can be tricky. At some point, it becomes hard to take away the excess lace and retain the dress shape, or keep the bust in line. My seamstress was making a big stink about it, so I guess I should have looked for seams, or considered it's current seamless-ness to be a bit of a problem. 

3. The cups that you have sewn into your dress because being bra-less is awesome don't offer much support. I'm a 'D' cup but I had to buy those little 'cutlet' things so that I filled the dress out properly. I don't have saggy boobs, but they do benefit from a little extra underneath! 

4. Because I wanted to wear flats, the entire bottom of the dress had to be shortened. This mean un-laminating all of the lace at the bottom (about a foot-long strip) and sewing it back on to the dress at the right spot. My seamstress at some point suggested I just go spend that money on heels (which I can't walk in) and the problem would be fixed. 

5. Once the dress is finally tailored to fit you, it will look 100% better than you can imagine. Seriously, no more squinting, imagining, pulling in, wondering... It's either fit to you or it isn't (luckily mine is pretty much fit to me!).

TL;DR:"," Ask a lot of questions, especially if you buy your dress from someone who doesn't do the tailoring (or visit the tailor, then buy the dress!).  "
339,"SUBREDDIT: r/weddingplanning

TITLE: Help with shower invites! [etiquette?]

POST: Hey lovely wedditors!

I need some advise about shower invitations! My sister and grandma are doing most of the planning (yay!) but need my guest list as they don't know all of my friends.  For reference, FH and I live in Arizona which is where the wedding will be. My entire family and a good chunk of my close friends live in Illinois.

I am fully expecting about 40% of my extended family to RSVP no for the wedding. Whether it's because of travel expenses or time off of work, I just don't think coming to AZ is doable for some of them. That being said, I still want to involve them in some of the festivities and celebrate with them. I go home to Illinois very rarely so a small 2nd reception at home a few weeks after the wedding for those that couldn't come is not on the table. The only event that will be held in IL is the shower. 

So my questions! Is it weird to invite guys to a bridal shower? FH seems to think they would be bored. I wouldn't want my aunts/cousins/family friend's mom to have to come to the party without their other half though, especially if that's the only wedding related event they are able to come to. Also, I don't want to send out invites to those families that I KNOW won't be able to come to the wedding if it will make them feel obligated to come or stressed about RSVPing no. I definitely don't want to be rude by inviting them to the shower and not the wedding but I also don't want them to feel pressured into traveling.

TL;DR:"," My wedding is in AZ, shower is in IL, how do I include everyone without pressuring anyone to travel if it's outside their means?"
340,"SUBREDDIT: r/weddingplanning

TITLE: To elope or not to elope?

POST: Hi all,

So, FH and I have been waiting for our venue to get back to us with a final contract to sign, and in the meantime we've been doing more research, pricings, and thinking. 

For context, when we started out we decided that our wedding budget was $10k. Neither of us were overly *happy* with that number but we also accepted that, barring a potluck at FIL's church (which we reaaaally didn't want), then our first preference of $5k was simply unrealistic in Greater Boston! Our guest list is 50 people ... albeit that went up to 70 as plus ones and a few 'You have to invite x person' got added on. That's okay. The cheapest still-pleasing venue was a gorgeous Natural History Museum, and we started to get excited about the prospect of dinosaurs and meteorites at our wedding.

But as we get prices for catering and photography and incidentals, we are both becoming increasingly squeamish about the money. Costs are now looking like closer to $14k, and while we *can* afford it, neither of us really *want* to. Likewise, we *can* do all this logistical work (and any attempt to bring down costs seems to generate a whole pile more logistics), but this isn't a process either of us particularly *enjoy*. 

So where are we at the moment? Tossing up the idea of 'eloping'. We'd keep the same date in 2017, invite our parents and two siblings, and then just book a hotel up in the beautiful NH White Mountains, marry at a park (or at the hotel), have some nice photos taken, and enjoy a lovely meal together. Simple. With just our nearest and dearest. It's admittedly an idea we've thrown around before, but FH had originally wanted to celebrate with all those who have supported us (the aforementioned 50) and I respected that. But right now, cost and logistics are making him (and I) question that. Our parents are onboard with us just eloping ... **but, wedditors, what haven't I thought of about eloping?

TL;DR:", What are the pros and cons of an elopement? And costs we might not have thought of? :) (edited for formatting)
341,"SUBREDDIT: r/weddingplanning

TITLE: Found out that boyfriend intends to give me an engagement ring that's been in his family. I'm not that into it...

POST: I'm so sorry if this is an inappropriate subreddit for this issue. You all just seem so equipped to give advice in this area. 

My boyfriend and I are committed to having a life together for the rest of our lives. We have talked about marriage and the future in a responsible way and are ready (we are both 25) to take the next logical steps. I have recently found out (accidentally) that he is intending to give me a family ring when he proposes. 

I do not want to seem ungrateful at all and it's not like I'm expecting some huge rock, I actually prefer smaller, more simple rings in general. I'm just not crazy about the idea of a hand me down. I want something that just encapsulates our love, without the history of another couple attached to it. Honestly I don't even need an engagement ring at all. I consider myself fairly progressive in the ideas of marriage and weddings to where the traditional does not appeal very much. Something just inherently is bothering me about the prospect of wearing another woman's ring. Also his mother and father recently had a messy split, and I'm hoping his mothers ring isn't the one he's talking about, or that would just be really odd...

He is not super close with his family so I think his whole reasoning is just of convenience and time, I feel like he thinks time is running out and he needs to pop the question soon or else I'll bail. I've been particularly stressed and oftentimes unhappy the past 6 months due to work, I'm sure that is influencing his urgency. 

But how do I express these concerns without revealing I know what he's intending? Is there a clever way I can get around this? Can I tell a mutual female friend to casually mention that I really love so and so style of ring or necklace or whatever? The ring is not the most important part of an engagement, but I'm trusting my gut in that I feel strangely about his plan. Anyway I'm just looking for input or if anyone has gone through anything similar. Again, so sorry if this is an irrelevant post!

TL;DR:", Guy really wants to propose. Wants to use family ring for convenience. I feel weird about it. What do.
342,"SUBREDDIT: r/weddingplanning

TITLE: Anyone here have experience with Prenupts?

POST: Hey guys...as the title says, anyone here have experience with prenuptial agreements? My FH and I are planning on getting one. Not that I don't think our marriage will last forever, but both of us have had experience in both our families seeing a loved one get completely screwed over because they didn't have one (both of our aunts - mine went hundreds of thousands of dollars into debt because of her ex husband and his is practically homeless with near no money to her name), and in the event that one of us is abducted by an alien and replaced by a crazy person/looses their goddamn mind, we would like to see that the other is taken care of in an amicable agreement. (In addition, my parents have made it very clear that they want me to have one with any/all inheritances from them going only to me. I know that makes it sound like they have a Nazi Gold Train, but my aunt got really, really screwed in her divorce after my grandmother died.)

TL;DR:"," Our families went through shit due to divorce, we're getting a prenupt, anyone else have and how'd it go?"
343,"SUBREDDIT: r/weddingplanning

TITLE: Both of my bridesmaids are pregnant!

POST: And I'm super excited for both of them! One of them has been trying for a few years and needed some fertility treatments to get pregnant, so I'm so happy for her especially. The only thing is that they are both due just after my wedding. Is there anything I can plan for them to help on the day, assuming they don't go into labour early? Our ceremony is at a botanical garden, so we'll be outside. I'm very glad I was letting them pick their own dresses, since they will be very pregnant when I get married. I think I'm more excited for their new babies than my own wedding!

TL;DR:", Both of my bridesmaids are due weeks after my wedding. How do I provide for them and make sure they're comfortable?
344,"SUBREDDIT: r/weddingplanning

TITLE: Just ask your groomsmen!!! [mini-RANT]

POST: Hello, ladies (and gentlemen) of Weddit. Please help me out....

Okay, just a little background: My FH is an amazing, caring, wonderful guy. But....he's super independent (which is usually awesome!). He tries to do everything himself, and hates to ask for help in anything, which is relevant to our issue. 

Now, here's our issue. I've been asking him since July to ask his 3 groomsmen. He's known WHO he wants to ask since then, and we've seen 2/3 of them regularly. But he won't ask. I've told him to text them, to call them, to ask in person. No dice.  

I tried to explain to him that being a groomsman can be expensive, that the person he wants to ask to be his best man has a child and that another groomsman has a job that is difficult to get time off from. I showed him wedding shit that all says you should ask your bridal party 12-9 months before. That as a good friend, he should give them time to plan financially. He said he understands that....and then still, nothing. 

Due to his very independent nature, I tried explaining that it is an honor to be asked to be in someone's bridal party, that his friends would not see it as him ""asking for help"". 

It's at the point now where when I ask him if he's asked anyone, he just gets defensive. I am afraid that by the time he asks them, no one will have the time or money, and I know that even though he is being wishy-washy about this, he wants them there and will feel terrible if he has no one on his side. I don't want his indecisiveness to hurt him in the long run, but I don't think he's seeing that.  Part of me wants to give their wives a heads up so that they can start planning, but I feel that's over-stepping my role. 

I just don't know what to do anymore, and I'm sick of this turning into a passive-aggressive fight between us.....Help?!

TL;DR:", super independent groom won't ask any of his friends to be groomsmen even though he has said numerous times how much he wants them as his attendants. Bride needs a drink.
345,"SUBREDDIT: r/weddingplanning

TITLE: Need a new makeup artist with only five months to go! Help in Upstate NY please!

POST: I am getting married Columbus Day weekend, when I booked 10/11/14 I didn't realize it was a holiday weekend which meant a lot of other weddings! I searched for a while for an available makeup artist in my budget. I was recommended to a woman who had been out of the business for awhile because her child was sick and was constantly in the hospital. She was starting her business back up. She had a good portfolio, she was in my price range, and I figured ""I'd like her to get the money compared to a salon"". She gave me a flat rate of $35 and it would be an extra $15 for the photo finish. My girls only needed the flat rate. I confirmed with her several times that that meant full makeup. Well, suddenly I wasn't getting replies from the girl, I was having to remind her of many things. It was frustrating but I sucked it up. 

Then we got a contract which was worded in a strange way then said it was $45 per person but we all got a discount...That didn't make any sense. So my mother called and emailed her, no reply for over a week. Then late last night she got an email from the makeup artist saying the flat rate is just for primer, concealer, and mascara. That wasn't correct at all after we discussed this on multiple occasions. Basically, I am done with this girl! I have to give up the $45 deposit and deal with looking for a new makeup artist with five months to go. Anyone in the upstate NY area-particularly the Capital Region- can you please recommend me someone? I have exhausted my searches on WeddingWire and the Knot and really need word of mouth right now. I'll take newbies too! As long as they have a good work ethic and I can trust them!

TL;DR:", Had to fire my makeup artist today. Please make recommendations for Upstate NY! I've contacted everyone on WeddingWire and The Knot.
346,"SUBREDDIT: r/weddingplanning

TITLE: How did you know when you found the right venue?

POST: Guys, I'm really discouraged. My FH and I have been looking at wedding venues for the past few months and still haven't found one that felt right. Several that felt like ""yeah I guess we could make that work,"" but none that I really feel great about getting married at. We're planning on getting married next September (no firm date) and I was *really* hoping we'd have a venue booked by now.

I know I'm probably putting too much pressure on this decision, but I feel like I'm completely failing at wedding planning. I'm bummed out to the point that I'm not even looking forward to all the fun things anymore, like designing our invites or looking for a dress, because our wedding isn't going to look or feel right regardless if I can't find a decent venue.

Is there anyone else who had this problem? I can't figure out if I should keep looking for something that actually feels right or settle for what I've already seen. How do you know when to stop looking? Did you find the perfect place, or did you have to figure out how to make one work for you?

TL;DR:"," Can't find a venue that I actually want to have my wedding at, not sure if I should keep looking or just pick something and hope I feel better about it later."
347,"SUBREDDIT: r/weddingplanning

TITLE: I have no idea what to do about my future step daughter [etiquette] [rant] [help!!]

POST: I live with my fiance. He as a 10 year old girl from a previous marriage. We only see her one weekend a month (we're not local).

His daughter barely knows my name, doesn't care about her dad, me, the relationship, anything. She had no reaction to the engagement announcement except to instantly, awkwardly, *publicly*, unceasingly demand to be a bridesmaid.

Because she watches a reality tv show about people who fight to have the best wedding and the bride in them takes the bridesmaids out to do crazy shit. I don't watch it, but from her description, the fact it exists makes my stomach turn. That and and a decade of a DISNEY-ONLY movie diet are her only frames of reference. She isn't great at telling reality from tv (she still doesn't understand why cartoon characters don't use stunt doubles) so nothing I say to the contrary has convinced her that the event won't be like that trash.

But, of course, there's a further complication:

Something I've never told my fiance, and have no intention of telling him - is that it absolutely disgusts me that *she's ten years old and 250 pounds.*

Ten. 250. You read those right.

As I've spent the past 25 years struggling with an ED with my weight all over the place, she is hard for me to even look at. I'm terrified that this kid, whose only fault is having an absolutely shit mother, is going to be affected by my own issues. 

She's never been taught to use utensils rather than her fingers (sometimes going so far as to mash her fingers into the food before slopping it onto a spoon) and doesn't close her mouth to chew. She gets so little fruit that when I gave her an apple last visit, she ate it stem, seeds, core and all because she'd never had one before.

Her eating habits are so bad that I'll sometimes wind up purging or restricting for days after a visit. She's like a walking trigger. And I don't want her in my wedding photos.

TL;DR:", I don't want her in the wedding. What can I do that won't make me look like a Disney villain?!
348,"SUBREDDIT: r/weddingplanning

TITLE: To run away or to face the in-laws...

POST: My boyfriend and I have been talking more and more about our wedding. He hasn't proposed yet (he's asking my father in April) but we have a date set and did have a venue picked out, colors, etc. 

But then about a week ago, we were going over about what size guest list we'd want, and we realized that on his side alone, the immediate, must-have family members come out to 50 people.....and they all HATE each other. That fact alone makes me nervous, let alone adding high emotions/stress and an open bar into the mix.

So we've discussed running away, probably still in the states (we live in Seattle, and have been kicking around the idea of getting married in the redwoods/forest in Nor-Cal or Oregon) just to limit the family. I only have 9 people in my family that would HAVE to be there, and it's my parents, two brothers (older brother's wife and daughter included), my cousin (who I was raised with), and my grandparents (if they can make the trip). 

I felt like it would be unfair to have my whole family there if he can't have his, but my family gets along and he knows that and gave the ok. 

So is it more reasonable to run away with us, our parents (and my family) and our 4 best friends, or just go all out, have a full on wedding and pray everyone behaves themselves?

Also, has anyone else gotten married in the woods? How was it?

TL;DR:"," Boyfriend's family hates each other, trying to decide whether to risk it with a full wedding or run away with just his parents and my small family."
349,"SUBREDDIT: r/weddingplanning

TITLE: I am stressing hard about my [DECOR]...

POST: Alright, my lovelies. I am stressing out about the decor for my wedding. As far as decorations go, it is all DIY. [These] are our centerpieces. It is a picnic wedding at a park (tables are picnic tables decorated like [so] My concern here is that the tables look like poop. The paper is laid down to class up the picnic tables. Unfortunately, it just looks so very empty. There will be some additional flowers scattered about, but not too many more. I came up with a potential solution where we lay out each person's [individual table setting] It fills out the empty space and made me feel a bit better but FH thinks it is a bad idea, because of the potential for wind. While I see his point, I disagree. There will be silverware wrapped and placed in the center of the plate to further anchor it down. What do you guys think?

I am also concerned about my (for lack of a better word) table runner ribbon. It is way more sheer than I expected when I bought the darn thing. Does it look ok? In the picture it is double layered to make it a bit more visible, but... I don't know if that is enough.

Ladies and gents, I desperately need guidance. I am so tired of this decor stuff and I'm close to having a completely lame meltdown.

The only DIY stuff that has gone right has been my [cake topper] I am on the fence with [my bouquet] and the [BM's bouquets] Our send-off bubbles are [meh] FH did a great job on the [boutineers](

TL;DR:", Does anyone have any advice for me? How should we set the tables? Does the ribbon runner work? Help me please! :(
350,"SUBREDDIT: r/weddingplanning

TITLE: Reception Etiquette - Please Help!

POST: Hey /r/weddingplanning! I was directed here from a different sub.

In November, my wonderful boyfriend proposed to me and I said yes. We are both in our last years of college and he was planning on applying to PhD programs across the United States in hopes of getting his Doctorate in Computer Science. Throughout our entire relationship, we have discussed having a very small wedding, but now that we're actually planning we have both decided we would rather elope in the mountains in Colorado. While our parents weren't too happy about this, we came up with a compromise that they could throw us a shower/reception as a way to be involved. My fiancé and I both viewed this as a good thing because it will kind of also act as a going away party for us, as we'll be moving soon after to a new state to let him get started on his PhD. My problem is this: I feel kind of weird registering for gifts while not inviting anyone to the actual ""wedding"". We would obviously love to receive a lot of household items/gift cards/money. That would help us out A TON seeing as we'll be fresh college graduates in a new state, trying to make it on our own for the first time. However, I'm wondering if this is rude. Is this proper etiquette? How do people usually go about things like this when they chose to elope?

TL;DR:", Is it okay to register for gifts for a wedding reception when the bride and groom eloped instead of having a traditional wedding?
351,"SUBREDDIT: r/weddingplanning

TITLE: A rant about everyone butting in.

POST: So it seems to me that every time someone not in my close circle of friends finds out I'm planning a wedding they have a g-d opinion and tell me I'm doing things wrong.
I have a friend who is doing my wedding planning, but I'm doing a lot of the appointments and planning on my own. A friend of mine fancies himself a photographer (he's ok, but not a professional) and took issue with the photographer I chose. I got a really great deal and I like her work. My friend keeps nitpicking. Every time he starts in I tell him I don't care about his opinion and he gets hurt. I think he wants me to use him as a photographer but he lives in Sweden and has never done any professional photography.
On top of that my sister got really upset when I told her we weren't doing toasts. The toast she was going to give alluded to my previous bad taste in men and how my sister was kind of flippant and unpleasant to my FH and it was funny how he was the one who stuck. I told her that was the main reason we weren't doing toasts (that and my FFIL will go on forever and insist on doing a toast).
My mother wants to walk me down the aisle with my Father (my parents are divorced) and got hurt when I told her no.
We're also going to ask people to put their cell phones and cameras away for the ceremony and I know that's going to cause friction with my dad, step dad and FFIL. I just don't want random cameras and cell phones in my wedding pictures.

It seems like everyone has an idea of how they want my wedding to go. I hate feeling like a b when I put my foot down but it's my wedding. I feel like everyone has an opinion and at this point I don't even want to hear it anymore.

Has anyone else had this problem? For

TL;DR:"," everyone keeps butting in and giving me their opinions, then they get hurt when I don't follow what they wanted."
352,"SUBREDDIT: r/weddingplanning

TITLE: [Rant] My bridesmaids are dropping like flies

POST: Monday morning is a good time for a rant, right?

So I'm having two ceremonies due to family in literally the farthest corners of the country with health concerns... and when I asked my bridesmaids I made it really clear that I didn't expect them to be in both and that they could pick the ceremony that was easiest for them to attend. But, I needed to know upfront since that would affect how many groomsman we had at each ceremony (DF's friends are much more flexible). Even with an easy out, they all said they wanted to do both. Great, problem solved, bring on the groomsman!

A couple girls have had big life changes since I originally asked them (totally to be expected), but I contacted them right after and offered them a gracious out. No, they're still totally in. Ok, great!

Cue a few months later after all the guys have their suits and travel plans in place and girls start dropping... even ones that I specifically asked if they were still in.

Now, literally every bridesmaid except for one has dropped one ceremony or the other OR BOTH and I'm completely out of replacements and back-up replacements. I just had another girl drop this weekend and it's so late in the process (wedding is in October, bachelorette party is planned) that I feel guilty asking someone else when they're obviously a second choice.

I feel so stuck because I don't want people I'm not close with in the party, standing up with my at the wedding and getting ready day-of, etc. but I can't leave DF's boys partnerless either. At this point, my only options are my step-brother's girlfriend or my ex-girlfriend.  The whole situation is so frustrating and causing a lot of hurt feelings on my end because I made sure to check and double check with them and then months later they change their minds.

TL;DR:"," if you make a commitment, follow through or take the gracious out when it's offered. Bad bridesmaids == many sleepless and teary nights."
353,"SUBREDDIT: r/weddingplanning

TITLE: Ideas for K1 (fiancé visa) small destination wedding

POST: Dear people on Reddit,

My husband is American and I'm a foreigner so we applied for a K1 visa which is basically "" a visa issued to the fiancé or fiancée of a United States citizen to enter the United States. A K-1 visa requires a foreigner to marry his or her U.S. citizen petitioner within 90 days of entry, or depart the United States.""

With this visa I need to get married in the USA and I cannot leave USA until I adjust my status, which can takes several months. This means I can't leave USA to go to a honeymoon or to do a second wedding in my home country. 
The thing is that I have lived in several countries and have friends and family all around the world so I don't even know how to start planning something. I had several ideas of weddings in the USA but either my fiancé didn't like or it was too expensive. I wanted to get married in a cruise (to Alaska), fiancé agreed but there is something called Jones act that says that every cruise must pass through foreigner ports so even if we go to Alaska, the cruise would go through Canadian waters.

I really do not want a background wedding, although this would be a reasonable choice. 

I would like to have some ideas of really small destination wedding because if we get married only with our parents (and fiance's closest friends/family) present, it would be the best option because I  wouldn't be happy having huge a wedding where my best friends and family couldn't attend. 

Fiancé lives in Mississippi and I would like to go to somewhere snowy (we are planning to get married during xmas holiday)

I feel like I'm going crazy trying to plan something in those circumstances. I always wanted to get married in a lake in Slovenia, in  a cruise in Alaska,  in a ice chapel in Finland or have an elopement wedding in Icelandic but unfortunately US immigration broke my heart haha

TL;DR:", I need some ideas of how to plan a really small destination wedding (with only closest family) in the USA. Visa says I need to get married in the US and cannot leave the US for honeymoon.
354,"SUBREDDIT: r/weddingplanning

TITLE: Wedding video pricing?

POST: Our amazing photographers, who are already costing us a pretty penny, have recently launched a wedding video aspect to their business. I inquired about price and it is ~$900 for a 3-5 minute video, which includes 10 hours of coverage, editing time, and a hard copy custom made disk which will be a keepsake. [Example] here. Since we are already paying around $5000 for photos, we're not super motivated to put down more money on a video, even though they are really gorgeous. I told them this and they asked what we would be willing to pay, so here is my question...

What do wedding videos go for? How much would you pay for a 3-5 minute end product? The FH and I agree that we'd pay about $400, but, I think this might be seriously insulting to offer. I know that a lot of time and work goes into making a video, even if you only get 5 minutes at the end...

 What are your thoughts weddit?

TL;DR:"," How much would you pay for a 3-5 min wedding video? Or, what do you think it's worth?"
355,"SUBREDDIT: r/weddingplanning

TITLE: [RANT] How hard is it to book your freaking hotel?

POST: We booked 2 hotel blocks, clearly provided directions on the enclosure card and the website, and emailed the guests a week before the block deal ended telling them to book. We are also planning on providing shuttles to and from the hotels..

And yet, nearly half didn't book a hotel with either of our hotels! I don't know where they're staying...but I felt like we did all we could. So now I am anxious about people not being able to find a hotel this close to the wedding (we're not getting married in a city, so there are a limited number of rooms...) AND feeling like we're going to have too big a shuttle for the number of people actually staying at the hotels we had planned for.

TL;DR:"," Just book your damn hotel more than 2 weeks before the wedding! Otherwise, you're going to drive the bride crazy."
356,"SUBREDDIT: r/weddingplanning

TITLE: Dealing with unresponsive bridesmaids?

POST: Apologies in advance if this gets a to be bit of a rant. 

I'm the MOH in a wedding next weekend. The bride has been fantastic- super laid back, clearly communicates what she needs/expects, and has left a lot of the fashion choices up to the bridesmaids.  

But the other bridesmaids have made planning impossible. We are all pretty young, and it wouldn't surprise me if this was everyones first time in a wedding. Given that I'm MOH (and been in a couple weddings and know the drill), I've tried to lead the group and get their input. Things like times and dates that work for them, or getting an idea for a reasonable bachelorette budget. I have contacted them numerous times, and I've rarely gotten a response. To complicate things further, I live 3,000 miles away. 

I'm just really frustrated with the whole situation. No one has gotten back to me on what they can afford for the bachelorette or other misc expenses, and I have a feeling I'm going to end up eating the entire cost. But my biggest fear is getting so worked up about all this that the bride ends up noticing. The last thing I want is to cast a cloud over her day, and I've tried to avoid bringing up any bridesmaid issues. But I know if I say anything at the wedding or related events that it will get back to the bride.

TL;DR:", Bridesmaids are completely unresponsive despite numerous attempts to plan wedding related things. Need advice on how to find some resolution without adding to the bride's stress.
357,"SUBREDDIT: r/weddingplanning

TITLE: Need some encouragement - FFIL threatening to ruin the whole wedding

POST: My FFIL is extremely conservative and unfortunately holds some fairly hefty financial strings over us. It's not ideal, but we live in a very expensive area and since he lives on the other side of the country, we barely have to interact with him. He found out this week that we were sharing the master  bedroom in their old house (hello, we're both in our thirties) and had the mother of all meltdowns, even going so far as to say a bunch of nasty things about me. FH's mother is here right now and we had set her up in the bedroom at the end of the hall, but now she's telling us we need to move her into the master bedroom and we each have to move into two separate bedrooms to keep the peace. I asked her if she really wanted to stay in the master or if she just wanted to avoid a fight and she said both, but I truly believe she just wants to keep him happy.  
  
I have been living with my FH for two years. We have all our stuff in the master bedroom and I really don't want to move out for three weeks before the wedding because my FFIL is throwing a tantrum. I have so much stress in my life and the one thing that makes it easier is being able to curl up with my FH as we're going to sleep. At this point, there's really not much else we can do short of moving out, so we will likely have to bend to this man's whims, but this has felt like a kick in the gut. I feel completely disrespected, and this is a logistical headache when we should not even be stressing about anything other than wedding planning. Further, I was planning on getting ready in the master so my FH wouldn't see me on the wedding day and now that has all changed.   
  
Guys, I could really use some encouragement or advice, especially for those of you whose parents or in-laws come from a conservative culture where elders are always supposed to be respected, no matter what.

TL;DR:", FFIL sent me a nasty email and is threatening to destroy the wedding because FH and I are sharing a bedroom in their old house.
358,"SUBREDDIT: r/weddingplanning

TITLE: Poor venue communication (long stupid rant)

POST: FH and I booked our venue back in November 2015. It's not the fanciest place and I had my doubts at first but after looking around and mulling over what we wanted within our budget it was a good fit. One of the big selling points was the venue's wedding coordinator who was reviewed (and we perceived to be) fast and good with communication. If it wasn't for her I would have pushed for my first choice of venue.

 In December I contacted the wedding coordinator with some questions, add on requests, and for her to schedule an in-house cake tasting for us. It took her a month to respond to me, and I had to email her twice. When I heard back she said she'd be in touch about cake tasting and sent us the new menu options (which was a whole other meltdown for me). I emailed her back immediately requesting an appointment with her to talk about things and haven't heard back. Once again, it's been a month and two emails sent. 

What the fuck! I need to send out invites soon, which I haven't ordered, because I need to ask questions about the new menus! I realize I need to bite the bullet and call her now, but I am seriously disappointed and frustrated. I have major phone anxiety and FH won't man up and call for me, because he does too. He says he doesn't know what he's supposed to be asking or some other bullshit excuse he's using, even though he promised he would call and I've told him it's literally just an appointment to talk about menus.

TL;DR:"," Venue coordinator won't email me back, I'm overly pissy about it. Thanks for reading, it helped to write out."
359,"SUBREDDIT: r/weddingplanning

TITLE: Wedding woes depressing me. Want to cancel [rant/advice?]

POST: Throwaway. 

My SO have been together for 7 years and have a 1 year old together. We became engaged last June, and NO ONE cared. Our parents were like meh. My mom even showed her distaste for my ring. (Rose gold? really!?) Thanks mom. Fast forward to planning our wedding, we can't afford the wedding I want. I know I can't have everything, and should be grateful for my wonderful SO. I am, I love him to death. We are living in the #2nd most expensive place in the states (san diego) , on 1 salary which isn't great. We can live okay, but plan a wedding in 6 months? 4 months left and still havent booked major vendors. Fuck me. I'm stressed out. Nothing is in our price range. My family has given me $700 which is 1/3 of local catering quotes. I suggested a taco guy ($500)  to my gma and she basically laughed in my face. My SO is giving me no help in the planning. He thinks the quotes I am giving him are high end and  says we can find cheaper on craigslist. I DON'T WANT MY WEDDING TO BE A GAMBLE WHETHER OR NOT VENDORS SHOW UP. I'm scraping the bottom of the barrel here!!! I cut so much out already. No rehearsal dinner, we rented a hall from his job (work discount $400), ceremony in the hall. (No beautiful beach wedding which was my original vision) costco invitations, goodwill dress, no jewlery, no photographer, no videographer. Honestly will be cutting a lot more when the time gets closer. Seeing these posts on reddit with 10,000$ budget depresses me and having a kid already makes me feel ""used"" and not being a ""real"" bride worthy of a beautiful wedding. How can I feel happy about this again? Is it worth it?

TL;DR:", Broke bride crying money tears Please tell me it'll come together in the end and I'm just being a little bitch.
360,"SUBREDDIT: r/weddingplanning

TITLE: Bridesmaid Dillema

POST: I have 3 sisters (1 full and 2 step), I was going to make them bridesmaids and my best friend, flying in from London, my Maid of Honor.  My thinking was that I didn't want to hurt any sister's feelings in choosing one over the others or to separate step from full (a sister is a sister to me). 

Also, my best friend is flying 3,000 miles to get there - that deserves some honor for just that! lol  She also checks in with me at least once a week to see how I am doing and how planning is going...none of the sisters have done that even once.

Thinking my decision was made, and thought out and the right one, I received an email from my Mom last night.  It basically said that my youngest sister was at their house this weekend and repeatedly tried to get them to tell her if she was MOH or just a bridesmaid.  Mom says that if I don't pick her, I will ruin her and my relationship for life. 

What are your thoughts?

TL;DR:"," want UK based BFF as MOH, self-absorbed sis will never speak to me again if I don't speak to her, thus sayeth Mom....Help!"
361,"SUBREDDIT: r/weddingplanning

TITLE: Dress Regret and Success

POST: We recently decided to get married this November so I got to work trying to find a dress I liked as I am picky when it comes to clothes. I knew it would be difficult to stay within my budget and find ""the"" dress. Last week I went to David's Bridal and tried on a taffeta gown (4th pic down) in my upper price range. I wasn't feeling the material until I added the petal pink sash. Then I felt like I loved it so I put the dress on layaway that day and soon started to question my decision. Over the next few days I felt like I only liked the dress because of the adorable sash, a feeling this sub calls dress regret. lol I canceled my layaway order and decided to buy the sample sale dress I originally fell in love with without being able to try it on (last picture). Yesterday I was driving through the small town I live in and saw a sign in the window of a bridal shop for 50% off. I thought why not see what the prices are like. The owner said they do have dresses in my sad $100-$400 price range. Rejoice. So I made an appointment for yesterday afternoon and tried on a few. They were secondhand dresses but I'm okay with this because people only wear these dresses for a short period of time anyways, thus why I refuse to spend so much money on one. The dress will (sadly) need a few ($200+worth) alterations but I can live with that because it's gorgeous! I feel like it combines the dress I wanted with a very classic feel. Plus the bodice is amazing!!!  Some of the beading is a bit discolored (to me anyways) but I'll just call it vintage. haha Here is the dress I said YES to (top three pics).  

Ladies, don't settle...even if you're on a tight budget like me. The right dress (much like the right man) is out there for you somewhere just waiting for you to discover it.

TL;DR:", Experienced dress regret. Looked further and found a beautiful high quality fabric dress within my price range. Don't settle.
362,"SUBREDDIT: r/weddingplanning

TITLE: Book-Themed Bridal Shower?

POST: Hi everyone. I wanted your opinions about my idea for a potential bridal shower theme...books!

I'm currently talking with my aunt and family about what type of Bridal Shower I'd like to have. My fiance and I are already planning on doing a honey-moon registry because we have all the kitchen/bath stuff that we want. I'd like to have a bridal shower, but my Aunt thought it would be ""odd"" to not have any actual gifts to open at the shower, so she wanted me to have a ""real"" registry with house stuff on it as well. This way, I could open a ""real gifts"" at the shower instead of people giving to the honeymoon fund.

I also tend to feel that showers, etc. where people are obligated to give you gifts that you've already picked out for yourself are somewhat impersonal. I was wondering about what kinds of things others could give us that would feel more personal but also be useful to us. Then I thought that the one thing that most about-to-be-married couples need is advice.

Then it hit me...we could have a book themed bridal shower where everyone gives us their favorite book about marriage/love! It could be from any genre, but it would have to be something that would teach us something about marriage. A cook book teaching how you to cook and care for each other. A do-it-yourself fix it book so we could learn how to fix our shared home. A fictional love story, or poems. The Kama Sutra! And, everyone could include a personal inscription in their book, like a card that you can keep forever.

What do you think about my idea? Does a book-bridal shower sound fun/interesting or does it sound crazy?

P.S. I also thought this could serve as an amazing baby shower theme! Give the kid your favorite books from when you were a child so she has books to read as she gets older.

TL;DR:", Would it be cool or wacky to have a book-themed bridal shower where everyone gives their favorite book about marriage/love?
363,"SUBREDDIT: r/weddingplanning

TITLE: Just spoke with the photographer, am I overreacting?

POST: Back ground: We got married May 31, 2014. We picked our photographer because she was really sweet, has pretty good pictures for our price range, and offered a second shooter. We paid around $1200 to have her and her husband take pictures all day (4-11ish). Since the wedding we've seen our ""sneak peeks"" but I haven't heard anything other than that from her. I've seen her post other wedding sneak peaks and family/baby picture all summer so I understand she is busy. She does not have another job and she has two girls who are school age. 

I constantly get asked when I'll have my pictures by friends and family and they always say I should message her when I tell them I don't know. Well, my husband works with hers and he said they are going on a trip for a week and a half. So I finally give in and message her. All I said was ""hey, I was just wondering when you think you will have our pictures ready."" This was her response:
""Hi Aleeah! Hope you guys are doing great!!! :)
I am leaving for a couple weeks and when I get back weddings are my priority :) I have a small one and then yours... I will let you know as soon as there ready""
It irks me that she spelled my name wrong considering this was on Facebook and it's clearly spelled correctly right above the message box, but whatever. So pretty much this tells me thy she hasn't even STARTED my pictures yet. I know she has thousands from our wedding, so how much longer am I going to have to wait!? And she exaggerated the time she would be gone. 

I am so mad. My husband is mad. I find it ridiculous that it has taken so long. To be honest, I completely forgot we had wedding pictures up until two weeks ago! Are my feelings justified or I this normal?

TL;DR:", I've been waiting 3 months for pictures and am told I will have to wait longer. I'm mad. Should I be mad?
364,"SUBREDDIT: r/weddingplanning

TITLE: How to narrow down a guest list? Is it wrong to exclude jerk uncle?

POST: So, I'm not really wedding planning yet, but I'm sure we will be engaged soon. Regardless of who/when I marry though, I have a guest list dilemma that has always bugged me and is making me anxious about getting married, like ever. 

I want to have a small but traditional ceremony and reception and not elope, but there are some people I'd like to exclude. I have a really sprawling family, my mom has a bunch of half sisters and half brothers from my granny's multiple marriages and we are not a big happy family. I have an uncle who is really cruel but pretends its all humor. I do not get along well with him, his wife or children. Same story with an aunt of mine, and an alcoholic uncle who ruins every social event he goes to. There are more unpleasant people in the mix, too.

I counted all the family I could potentially invite, and the list is like 40 for just me. My bf has a big family too. We have talked about a 30 person wedding. Can someone tell me how they managed in a similar situation? I just want it to be small and intimate and I want to exclude people who just are not positive or important in my life. I feel obligated though, because I'd be inviting Uncle Joe but not Uncle Jim, so it's not like I can say ""no uncles or cousins were invited!""

It's wearing on me and making me sort of dread the day I start actually making the guest list. anyone have advice for a similar situation? How did you manage? How did you respond when people ""missed"" their invite? I dread the confrontation that might come. Looking for similar stories/advice to make this seem less terrifying.

TL;DR:"," I don't want my whole family at my someday wedding, no idea how to logistically handle telling people ""no"" and sticking to my guns."
365,"SUBREDDIT: r/weddingplanning

TITLE: Fiancé wants to push back our date now that I've gotten mildly excited about planning. What do I do?

POST: I'm just going to start by saying I hate wedding planning. I am not the typical bride in that I didn't dream of my wedding day as a child and I didn't strive to be a wife or a mother. 

My fiancé and I got engaged in June and since then I've had a hell of a time trying to get motivated to plan the wedding that he wants. If it were up to me, we would elope to somewhere romantic and special just for the two of us. But he insists on having a large wedding (approx 175-200 people) so that's where we're at. I've booked our venue, dj, and photographer and locked in special prices with them because I booked early for a 2015 wedding. I also just recently bought my dress, which finally made me feel like a bride and inspired me to start planning again. 

Since I've bought my dress, all of a sudden my fiancé wants to push the date back of our wedding because he's worried about money (although for months he's been joking that he wants to change the date because it falls on the date of a football game that he wants to go to). I mean, I get it but I couldn't feel more frustrated than I already do. He wants this huge wedding, I just want to marry him. I love him but I don't know how to explain to him how upset I am about this.

TL;DR:", fiancé wants to push our date back right as I start planning our wedding (the one that he wanted) again. I don't know how to explain how frustrated I would be if I had to move it.
366,"SUBREDDIT: r/weddingplanning

TITLE: Bridesmaid dress dilemma with future SIL...please help

POST: So, first I'd like to give some background on the situation. I originally planned on having two bridesmaids and my best friend as my MOH. Then my fiance's sister was going through some personal problems and seemed like she needed some good news/to feel included. While I definitely get along with her, we are not particularly close, but I had no issue including her in the wedding party when my fiance and future MIL suggested it. 

Yesterday, I found my wedding gown (YAY!) and of course my bridesmaids came along for the appointment. After finding my dress and being filled with the excitement that comes with that, my future SIL mentioned that she had a purple dress (strapless, floor length) that she wanted to wear as her bridesmaid dress. At the time, I was so happy I probably would have agreed to anything, and it made some sense as the dresses I am wanting are varying shades of dark purple (it's a fall wedding--think about the color of cranberries and imagine it being ombre)

However, after looking at some pictures of her dress it seems too shiny and bright, almost a blue color. I know she is struggling for money at the moment, but the wedding isn't until October 3rd. My question is this: is it rude to tell her I change my mind? That I was swept up in the moment of finding my dress and on a second look it won't work? I definitely don't want to be a bossy ""bridezilla"" but I'm worried she won't match my other bridesmaids. What is a polite way to approach this?

TL;DR:"," While trying on my wedding dress, my bridesmaid mentions she has a dress that may work for the wedding. On a second glance, it doesn't. How do I approach this politely?"
367,"SUBREDDIT: r/weddingplanning

TITLE: Minimum time to give your guests to RSVP?

POST: Hi everyone! So...I've been pretty okay with the wedding stress so far, until now. My fiance and I have incredibly busy work schedules and it's been so hard to get everything done. We sent out save the dates a few months ago to all of our guests, and now we are getting the invitations done. My friend has been nice enough to create a custom design for us, but it will still be at least another week to print and ship them, and then for my mother and I to assemble them over the next weekend.

Judging by this timeline, and the final guest count date my venue needs (I was horrible about this and literally gasped when I just checked the date)...some of my guests will have just over 2 weeks (as in, two weeks and one or two days) to RSVP. No one will have more than 3 weeks. On top of that, we're really only giving ourselves another week after that due date to follow up on people who don't send in their RSVPs.

I have no idea how this slipped through the cracks and the invitations took so long. I had my first absolute freak out tonight over this. Anyone have any thoughts or calming advice? I feel like there's nothing I can do at this point but worry about people thinking we're incredibly rude for only giving them two weeks to respond.

TL;DR:", I'm only giving my guests 2-2.5 weeks to respond to RSVPs. Did send out STDs a few months back. Am I a horrible bride-to-be? Any advice?
368,"SUBREDDIT: r/weddingplanning

TITLE: Ideas for bridal shower where bride has requested no gifts?

POST: Hello All!

I'm a bridesmaid in my friend's wedding. She made it very clear she did not want a shower but the MOH is insisting. One of the main reason she didn't want the shower is because she doesn't want gifts. The couple have a home, and have everything they need already. Another reason for not wanting gifts is that they are also hoping to be pregnant soon after the wedding (they were actively trying before they got engaged, but have now put it on hold until the wedding craziness is over), and would probably end up having a baby shower later in the same year. The bride feels it's unfair to expect people to give so much in such a short time period. Although the MOH will let the guests know that their presence at the bridal shower is enough, I still think people will bring gifts. As a guest, I would still bring something. 

So my question is how can we give people the opportunity to bring a gift in this situation?
 
I had seen the idea of giving booze that would be used for the wedding, but the hall is including the alcohol in their cost so that's not going to work. The obvious answer is money, but the bride thinks it's tacky to ask for money flat out. I suggested a honeymoon fund which she wasn't completely opposed to.

Any ideas? Have any of you brides been in this situation? What did you/would you have liked?

TL;DR:"," bride doesn't want gifts for bridal shower, i think people will still bring something. any ideas for how we can theme the gifts so that it's something they can use?"
369,"SUBREDDIT: r/weddingplanning

TITLE: Anyone quietly brought alcohol to a no-booze-allowed park for their wedding?

POST: Hi ladies & gents,

We've just nailed down the date to next June (yay!) and found this incredible location in a park that does weddings for FREE! Knocked my socks off. Money is tight so free is kind of amazing. Especially for two days so we can set up on Friday and come back on Saturday. We were going to have it at home so this relieves a lot of financial and other stress (there's a lot of work to do on our new house).

The only issue is, I don't want a dry wedding. I don't need a crazy party wedding either, and no one I'm inviting typically acts a fool unless it's the right time and place. This place doesn't allow alcohol but I've been to two weddings in alcohol-free locations where folks just quietly enjoyed beers or a covert cocktail. No one was beligerant and no one stopped them.

We'll have the wedding a bit earlier in the day than we'd planned (when we planned to have it at home the ceremony was going to be later to avoid the heat, like 6:30 or 7, but here we'll probably shoot for 4 or 5, ending by 8) so I'm hopeful that folks can stand not getting too toasty until the afterparty.

My thought was a tasteful, not strong lemonade cocktail already mixed along with other non-boozy drinks for kids. Maybe some wine. This just happened today so the logistics are fuzzy.

We'll go out after or have a party at home so we can get crazier then, but we all drink lightly so I'd like to avoid going dry. Please try to understand (and please be gentle) I'm not trying to disrespect the park - because we'd be diligent about cleanup and breakdown and super-respectful of the facilities, I can't see the harm in a drink on my wedding day to take the edge off.

TL;DR:", Has anyone had a similar experience? Has anyone brought some booze to a dry wedding location for a not-so-rowdy crowd?
370,"SUBREDDIT: r/weddingplanning

TITLE: Help - Should I get a practical wedding dress or my dream dress?

POST: I'm looking for some help in picking between two dresses - a beautiful lace, keyhole back wedding dress, and a retro-style, more practical wedding dress.

First I found this lace wedding dress and fell in love with it. I love lace, and this is the type of dress I imagined myself wearing as my wedding dress. However, it is clearly a wedding dress, and could not be worn on other occasions.
( It's beautiful and everything I want in a dress, but I could only wear it once. 

Then I found this retro dress which I also like a lot, and is more practical, since I could dye it a different color after my wedding day and could wear it for other occasions. However, it has more of a vintage feel, which is not so much ""me""/my style, but is still nice looking and would look good on me. 
I would prefer the lace dress, but practicality is making me hesitant about buying a dress I could only wear once. Help! Which one should I buy?
(

TL;DR:"," I am torn - should I buy my lace ""dream dress"" that I could only wear once, or another pretty dress that I could wear to other occasions?"
371,"SUBREDDIT: r/weddingplanning

TITLE: Am I being unnecessarily rude/mean?

POST: I don't want my mom's husband (who is NOT my father) in the professional wedding pictures, nor do I want him in the same style and color of tux as my father and my husband-to-be's father. A little background info: my parents divorced when I was 12 (im 23 now) and my mom remarried this guy when I was 16. After the divorce I lived strictly with my dad. I never looked at my mom's second husband as any sort of father figure or any kind of authority figure. I always just thought of him as ""that guy who married my mom"". (Side note, my mom also cheated on my dad with this guy, that may be an important bit if info). Anyways, the guy is nice enough, I don't hate him, but I don't want him wearing a tux that matches my dad's and my husband-to-be's dad's because 1. He isn't a father of anyone & 2. I feel it's a bit of a slap in the face to my dad. I also don't want him in the professional pictures because we only want blood relatives or members of the bridal party in those pictures. My husband-to-be's dad is engaged and his wife will not be in any if the pictures. So, those are my feelings on it. I haven't talked to my mom about it yet, but she's already assumed that he will be dressed in an identical tux and in the professional pictures. I wanted to run this by a nonbiased group before I spoke to her about it because I want to make sure I'm not being unnecessarily mean or ""bridezilla-y"". My mom is super irrational and emotional so I know she'll be upset, I just want to hear from others whether I'm justified in my requests. And also just fyi: I don't mind taking separate pictures with him, but I don't want to pay $2500 for pictures I don't really want. (Also my fiance, me, and our dads are paying for 90% of the wedding, the other 10% my mom is paying for, if that's relevant). Thank you in advance for your input & words of wisdom!!

TL;DR:", I don't want my mom's husband to be in the wedding party or pictures because he's not my father. Am I being a bitch?
372,"SUBREDDIT: r/weddingplanning

TITLE: [Rant/Advice] Disappointed About Shower

POST: Hey all,

I'm feeling really disappointed and need some advice.  

Background: a few of my friends from home had offered to throw me a ""pseudo"" shower before my bachelorette party they're hosting because no one else offered to throw one, but seemed to not really be into planning it.  I was talking to one of my school friends about it and she offered to throw me a full-blown shower.  So I invited school friends to the shower down by my university, hosted by the school friend - invited home friends to the bachelorette party and ""pseudo"" shower.

Disappointment: The RSVP date was Sunday and only 1 person had responded that they were coming, a few others said maybe.  I texted and sent fb messages to my friends asking for their response after the ""due date"" had passed.  Grand total, 2 yeses, 3 maybes... out of 22.  The girl that had offered to host it was going to be flying in from out of state to throw this shower.  She decided that she can't justify spending the money to fly in for 2 guests.  I don't blame her, I'm just really disappointed that it's cancelled because very few people wanted to come/could make it.

TL;DR:"," friend offered to fly in from out of state to throw me a shower, got cancelled because only 2 out of 22 said they were for sure coming."
373,"SUBREDDIT: r/weddingplanning

TITLE: Bridesmaid/MOH dilemma, advice desperately needed!

POST: So I need some unbiased advice from some fellow brides to be. 

I am planning on having two bridesmaids in my wedding, my sister and my best friend. My sister just recently got remarried and I was her maid of honor for both weddings, so I just automatically asked her to be my MOH. I talked to her first and asked her first about it. My sister and I have had a on and off relationship, but recent events over the last few years have made us close even though we don't live near each other. 

When I called to talk to my best friend about being a bridesmaid (she doesn't live near me anymore either), she was very excited about it since we used to live together and we have been planning my wedding since I first started dating my FH over three years ago. We are super close and she has helped me through a lot of stuff over the years and she is close to my FH. 

Now here comes the sticky part, my BFF asked me if she was going to be the MOH and when I told her that I had already asked my sister she wasn't very happy about it. She feels that she has been a bigger support for me in regards to my relationship with my FH and that she knows me way better than my sister. She even told me that she already has her MOH speech done. 

I talked to my sister about it and she told me that it was fine if I demoted her, she would understand, but I heard a world of hurt in her voice when she said it. 

I feel like I have been put in a tough position and that either way I will be hurting someone's feelings. 

I have currently told them that I am not choosing right now. 

I am hoping that weddit may be able to shed some unbiased advice on the subject as everyone I talked to, FH included, is biased one way or the other.

TL;DR:", I asked my sister to be my MOH and now my best friend is upset that I only asked her to be my bridesmaid.
374,"SUBREDDIT: r/weddingplanning

TITLE: They say she's too young (flower girl) I say she's just right

POST: Hello Weddit! So I just picked my flower girl, and I'm so excited! It's going to be my cousins little girl Greer. At the time of the wedding, next October, she will be 18 months. I am still young and don't have any friends or other family with kids. Everyone I have talked to about this has told me she is too young to be a flower girl. I say hate the player not the game! 

I know she won't understand what a flower girl does or even care really. But she is going to be the awww factor at my wedding. My question is has anyone else experienced really young flower girls and what did they do?? I would prefer her to walk/wander down the Isle. Did they carry anything? I saw a really cute idea on pinterest with a wand and streamers!

I would love some help coming up with more unique ideas! Thanks!!

TL;DR:"," my flower girl is going to be 18 months come  wedding time. Has anyone else had young flower girls and what did they do? What did they carry, if anything?"
375,"SUBREDDIT: r/weddingplanning

TITLE: Bay Area vendors

POST: Hi ladies (and fellow gentlemen)! 

FW and I really started cracking down on starting the planning process for our (June 2017) wedding this weekend, and although we felt like we made some real progress (met with some wedding planners/day-of advisors), we are at a little bit of a loss of where to start with all the vendors: rental services, caterers, photographers, DJs, etc.

Our wedding will be in the (south) San Francisco Bay Area, and we've found that a lot of vendors don't have prices posted on their websites. I'm sure that's because they want you to call and negotiate a deal with them, but do any of you Bay Area wedditors have a breakdown of what vendors you've used, with a price range of each, and whether you felt you got a good deal (not to be too nosy!)? Our entire budget is around $15,000-20,000. We're getting married in my parents' backyard, so not worried about venue.

Also, how did you pick a planner/day-of coordinator? One of the ones we met was very friendly, and seemed more personable; the other was a little more serious and down to business (though still friendly enough). Would you say it's more important to work with someone you get along with, or someone who will get the job done?

Finally, some rental services/caterers we looked at seem to have a day-of coordinator as part of their package. Is this helpful to keep it all organized, or does it make sense to hire our own separately?

Any thoughts, advice, PRICES would be greatly appreciated. Thanks!

TL;DR:"," Getting started planning in south Bay Area, trying to figure out reasonable prices for vendors; what is a good deal? Also, general wedding planner/day-of coordinator advice."
376,"SUBREDDIT: r/weddingplanning

TITLE: What to do about the Bachelorette party?

POST: So my friend is getting married soon and has asked me and 5 others to be in her bridal party. It is the first time I have ever been a bridesmaid and I am super excited! Since there were six of us we decided to divide up responsibilities with party planning, me and her FSIL planned, hosted and paid for their engagement party earlier in the year. Her MOH and another school friend are planning her bridal shower and the other two are planning the bachelorette. 

The two bridesmaids planning the bachelorette live in another state than the majority of us and so in trying to plan have decided it should be in a state 'in-between' us all so everyone has to fly. Then they want to spend a long weekend in the city we are travelling to then hire a party boat for a day and night and go to a spa. In total it would cost about $1000 including flights, hotel suite, food costs and everything else. My question is is this normal? I assumed I would be covering the cost for some event (the bridesmaids from a different state didn't come to the engagement party) and paying for my bridesmaid dress and I have some money saved for the bachelorette but I didn't think it would be so much. My SO and I are planning on building a house soon and are actually trying to have a baby right now so spending so much money on something like this seems frivolous. I have talked it through with FSIL who is fresh out of college and she is somewhat surprised but seems willing to go through with it. Is it rude to say I can't go? Is this an ok amount to ask people to spend? The Bride is lovely and would never plan something like this for herself I think. She would rather see everyone than have cost be an issue but I feel like I am then splitting up the group.

TL;DR:"," Bachelorette is going to cost over a grand, is this a usual cost for something like this? Can I say I can't go or is that incredibly rude?"
377,"SUBREDDIT: r/weddingplanning

TITLE: Return the Engagement Ring?

POST: Not sure if this is the right subreddit for this, but I need some advice. My fiance and I got a ring in October. We were taking a while agreeing on the payment and the jewelers pushed back payments a month to help us(from Dec to Jan). On the receipt it says ""First Payments due December"" but it's crossed out with a pen and ""January"" is hand written beside it with the amount.

We kept getting calls this week that we were past our due date and so I called back. The woman(who was there when I got the ring) told me that I have to pay the payment for Dec, Jan AND the interest in Jan. This means that I have to pay around $700 instead of the $400 that was AGREED UPON IN THE STORE. My fiance is furious and wants to return the ring and go somewhere else.   

If we go that route, is it possible to take that ring(before we return it) into another jeweler and say ""Hey, we were thinking about returning this ring at that other place. Do you have something similar to it and at a similar price? If not, I'll keep this one."" Sort of... using the old ring as leverage? My fiance thinks its a stupid idea and won't work. I want to know if he is right. What do you think? 

RING:

TL;DR:"," Should I return the ring as a matter of principal? But before I return it, can I use it as leverage at another store?"
378,"SUBREDDIT: r/weddingplanning

TITLE: Maid of Honor and Money Woes

POST: This weekend a very close friend of mine asked me to be her maid of honor.  We've been friends for 18 years.  She told me that I didn't need to plan a bachelorette or bridal shower.  I would just need to show up in my dress.  She is in Seattle, WA and I am in NYC.  At first she was thinking of having her wedding in Seattle.  Today, however, her venue fell through and she mentioned that she was thinking about doing her wedding in Hawaii or some such place.  I was looking up airfare from NYC to Hawaii and it's at least $700.  I am working a temp job right now and not making a lot of money.  $700 is a lot for me.  On top of that I'd have to pay for hotel, my dress, hair and makeup, food, etc.  

In response to her saying that she might do a destination wedding and that it would be cheaper, I said that it wouldn't.  It would only shift the costs from her and her fiance to the guests.  After that she seemed upset and said that it'd probably be best not to discuss the details of the wedding until things were firm.  

Was I wrong in saying that a destination wedding would be even more expensive that having one domestically for guests?  I know that this day is not about me, but I really do not have extra cash to throw around.  Should I step down from the maid of honor role?  I don't want to commit such a large amount of cash to an event that lasts one day.  Am I the one being unreasonable?

How can I talk to my friend about this?

TL;DR:"," My friend might plan a destination wedding, which would make it hard for me to afford.  Should I step down from the maid of honor role?  How can I communicate this to my friend without offending her?"
379,"SUBREDDIT: r/weddingplanning

TITLE: FH shows little/no interest in any wedding planning

POST: Hi wedditors,

My FH and I are so so happy to be engaged. I'll save you all from me assuring you that we're both very happy,  extremely in love and absolute best friends. 

We got engaged late March and we are getting married in December. We are having an engagement party in Late July. He works about 45 to 50 hours a week, I work about 25 hours a week and go to school part-time.

I have more free time to make phone calls and send emails and coordinate with vendors and friends and family so I'm happy to do that. I just want to feel like this is also his wedding and he doesn't just show up at the end. This is a really special time and I want to share and all these little moments and planning with him but it stresses him out an unbelievable amount and he seems to shut down. And it's not even all money, he just sees this as ""a chore or homework"" (he's an engineer too, so very analytical).

Our parents are paying for about 75% of the wedding, and we have money in the bank for the other 25%. We are doing a small ceremony with immediate family and a handful of friends. The engagement party is coming together seamlessly. I'm not even that stressed at all. 

I have expressed all of this and more to him about how I wish he was more involved, I would like maybe an hour or two a week tops for him to help or review contracts with me or give me his opinion on invitations and he gripes and moans and rubs his head and acts so detached from it all. It's extremely hurtful.

Has anyone else dealt with this before, or have any advice for something that may sink in? We really communicate very well and he has been talking about marriage and a family a month into our relationship. This is everything we both want. I just can't seem to get him excited about anything yet.

Thank you all, any advice is appreciated!

TL;DR:"," FH feels like planning a wedding is homework that he doesn't have time for, and gets easily overwhelmed when I talk about it. All other communication in the relationship is great. Help?"
380,"SUBREDDIT: r/weddingplanning

TITLE: Nothing like being asked ""why"" you're getting married.. (vent...)

POST: I've been with my FH for a little over two years, and when we get married we will have been engaged for 2 days short of two years (we seriously knew we would get married within days of beginning to date- we are perfect for each other) and while my father's side of my family (parents are divorced) have been super supportive and are helping with the whole shindig, and his family is super happy for us and so supportive, my mother's side is...less than great. I try to talk to my mom about getting married, and she just stares at me and doesn't respond. I tell my grandmother (her mother, someone who I've always been close to and has always been an important figure in my life) and she says ""why are you getting married?"" Now both my mother and my grandmother were divorced (my mother is insane, my dad is a pretty normal guy) and I think they're just relationship-haters and man-haters at this point. I've been crying pretty much non-stop since yesterday because I'm so crushed that my grandmother is negative about it and literally does not care- not so much as a congratulations or anything. We're living together, spent every day together before that, and I don't understand where the surprise (if any)  would come in. Sigh. I'm just devastated.

TL;DR:", wah my grandma doesn't care I'm getting married and it's probably the most painful thing I've experienced in some time.
381,"SUBREDDIT: r/weddingplanning

TITLE: How do I give my best friend a worthy birthday celebration two days before my wedding??

POST: I just booked my wedding venue for next August, on the only weekend that was available. My best friend and maid of honor graciously told me earlier when we were discussing dates that I could use her birthday weekend if necessary (her birthday is on a Thursday). Turns out, that was the only weekend my venue had available in a 3 month range, so I went with it. 

I am totally not someone who thinks my wedding has to be all about me--in fact, I asked my boyfriend if we could get her a cake and sing happy birthday to her at the wedding, and he thought I was being ridiculous. 

What can I do to make sure her birthday is still special two days before my wedding? The wedding is a couple hours away from where I live, and we will be there for the whole weekend, so we will be departing for the venue the morning after her birthday. Obviously I will have a lot of friends and family in town and she has met many of them but most are not actual mutual friends (she and I have never lived in the same city!). We have been best friends for 12 years and I have not had the opportunity to spend her birthday with her in about 7 years. I am actually really excited that I will be able to next year, but I realize I will probably be super busy and crazed with pre-wedding stuff. How do I strike a good balance between honoring her special day and not going insane before mine??

Note: she is the kind of person who LOVES her birthday, just because she loves fun things, and usually does something creative like going ice skating or having a picnic to celebrate. She is totally not self-centered about it at all, just likes getting people together to do fun stuff! I'm sure she doesn't expect much but I'd like to go above and beyond her expectations because I love her!

TL;DR:", Best friend/maid of honor's birthday is two days before my wedding. How do I give her an awesome celebration??
382,"SUBREDDIT: r/weddingplanning

TITLE: [rant-ish] Am I the only one who hasn't dreamed about their wedding since childhood?

POST: Background: FH and I have known each other since we were 12 and 13 years old. He proposed seven months ago, and we agreed to wait until I graduate (college) to formally plan. Graduation is a month away and the only thing I've decided on is the date (a year from now) and that we both want to elope (his parents are divorced and won't be seen in the same room together while mine are out of the picture).

Throughout the past seven months I've browsed wedding magazines, all the wedding subreddits, Off Beat Bride, A Practical Wedding, Green Wedding Shoes, pinterest, you name it, I've scoured high and low for wedding ideas, but I've never been inspired. We really just want to go to a courthouse with a photographer, then find a cool place to take pictures at, but I can't figure out my aesthetic. He doesn't love the outdoors so the beautiful mountainside/forest/beach elopements are not an option. I just want to feel beautiful and get married to the man I've known and adored for half my life and call it a day.

The only time I felt a little excited was when my best friend took me dress shopping. BUT I fell in love with a dress that wouldn't fit an elopement (I'd feel silly and overdressed, this dress is so beautiful it deserves a wedding). Even if I found a simpler gown, I can't imagine spending $1500+ on a dress I'll wear once when student loans (and imminent law school loans) are staring me in the face!

TL;DR:"," I'm uninspired while planning an elopement. Narrowing in on our couple aesthetic is impossible. Any tips to get the juices flowing, or do you have any beautiful venue ideas?"
383,"SUBREDDIT: r/weddingplanning

TITLE: Does anyone else have awkward conversations when inviting old friends?

POST: Ugh... maybe this is just because I'm socially awkward? I've been calling up old friends I wanted to invite - some of whom I haven't seen in 7ish years (since I graduated college). Some of them seem surprised that I called, of course, because I've been really bad about staying in touch since I moved thousands of miles away and I'm not a phone person. However, whenever they are surprised, I start getting really self conscious like ""Oh my gosh, is it weird/bad for me to invite them? Did they not consider me such a close friend?"" My take on it is that although I haven't seen them in ages, they were a very important part of my life once, and I would feel weird if I didn't at least invite them (even if they can't come). But now I feel silly/stupid whenever I get off of one of those phone calls.

These are friends I saw basically on a daily basis in college , so I don't think it's that weird to invite them even if we've been out of touch for a while. I liked them, enjoyed their company, would love to see them again, but would understand fully if they couldn't make it (and no I absolutely do not expect a gift). I also don't think I am misreading our old friendships - we talked a lot in college and even about personal things at times. We hung out socially a lot (as in nearly every weekend). So many of them also moved really far away, so it's been very hard in the past years to cross paths again.

Is anyone else dealing with similar feelings right now? It almost makes me want to stop calling the college friends because I'm worried that it's been ""too long"" and they'll just think I'm weird. :/

TL;DR:", Feel awkward calling old friends who meant a lot to me to invite them because I haven't seen them in about 7 years and I'm afraid they think I'm weird.
384,"SUBREDDIT: r/weddingplanning

TITLE: Plus One Dilemma. How can I remedy this situation now?

POST: We worked on our guest list for months, we got it down to the maximum amount of people allowed at our venue (150 guests). I have some serious invite-regret, in that I think we invited too many people who are from our past but aren't really involved in our present lives anymore.

We're in our early 20's (FH is 24, I'm 23). We have a lot of high school and college friends which we wanted to invite to the wedding, as they were a large part of our lives. We've all moved across the state and scattered, but having them at my wedding (especially the reception) is something we both wanted.

Now......we're getting tons of questions from these 20 somethings about bringing a date. We invited +1s for our friends in seriously committed relationships (read: dating for at least 6 months when the STDs went out a few months ago). The last person who asked is not dating anyone, and is not even close with me, he's only FH's friend. I'm so nervous that the rest of our 20 something guests are going to feel the same way and try to bring +1s. Our ceremony venue can't handle that. That's like, potentially 50 more people... also read: 50 more strangers!!! at my wedding. That seems absolutely crazy to me.

We already sent out STDs, so now I feel like we screwed up. Can we simply write in the person's name on the RSVP response card so they get that there are no +1s for them? I specifically invited groups of friends so that nobody would feel out of place, but unless we have a serious amount of people decline to attend the wedding, the ceremony venue cannot handle +1s. And frankly, I don't think I would have invited that many people from our past had I known they wanted to bring a random date, it's just not something I envisioned or want. 

What to do?

TL;DR:"," Sent out Save the Dates to individual people, they want to bring plus ones, ceremony venue can't fit them. Screwed up, help!"
385,"SUBREDDIT: r/weddingplanning

TITLE: Destination Wedding Issues

POST: My FW and I got engaged on 3/30 and have been wanting to do a destination wedding since we started seriously talking about getting married. When we first mentioned it to our families, everyone was very excited to go to Cancun and just kept on talking how much fun it was going to be. Cost is not an issue as my family loves Cancun and has been plotting when to go next and we have offered to help pay for her family if they need any help. After a few days a few issues have materialized:

1. My mother has insisted that we get married by the church. This was not really a big deal as we were going to get married at the courthouse a few months earlier so her grandparents could attend since they can't travel. We figured this would be a small affair of 20 or so people and we would take everyone out to dinner afterwards. Her parents actually quickly offered to pay for this portion of the wedding.

2. An aunt of mine has mentioned that she doesn't think it's fair if we don't invite the entire family to the initial ceremony and dinner. Being first generation Mexican-American this means aunts, uncles, cousins, cousin's children, and family friends that are considered 'family'. At MINIMUM, this would be 50 people from my side alone. My brother's wedding had 260 people, so to my family 100 people is a 'small wedding'. In contrast, my FW's brother had 110 people at his wedding and that was a good turnout! However, my family has also stated they will foot the bill for this bigger ceremony and dinner.

3. After hearing all this, my FW and I are now thinking if we go along with all these plans, is there even a point in having a destination wedding? Why would anyone want to come? It's weird because my family was really excited about Cancun, but I guess it's going to just become a family vacation with no ceremony.

TL;DR:"," Got engaged a week ago, family was excited for a DW but has expressed that they want almost a full wedding/dinner reception and will pay for it. Is there even a point in trying to have a DW?"
386,"SUBREDDIT: r/weddingplanning

TITLE: Found our Venue! (And didn't have the reaction I thought I would)

POST: After much encouraging from all your lovely ladies we didn't give up and we found a venue that we LOVE! We took my mom and she loved it too so we knew it was it. We were able to get our date (Super Pi Day, 3.14.15... and I already changed my flair!) and we put down a deposit. When we got back in the car I was giddy and freaking out and giggling. 

What I didn't expect was when my FH and I got alone- I burst out crying!! I was so emotional! 

Having a venue took so much stress off. Worst case... no flowers, no food, no booze, no decorations or uplighting or or any other wedding-ish stuff... I now have a place that I can have my closest friends and family drive to, sit and they can witness us get married. Isn't that what this is all about? Getting married to the love of your life? I guess I just wasn't excepting that much of an emotional reaction. Did anyone else experience this??

TL;DR:", We booked our wedding venue and I feel like a huge weight has been lifted and I got way more emotional than I expected!
387,"SUBREDDIT: r/weddingplanning

TITLE: Our DJ RSVP'd with a +1 even though we didn't give him one and now he's begging...

POST: My MOH spent all weekend with him and at no point did he mention a girlfriend or wanting to bring a date. He's a friend who is also a laptop DJ traveling from St Louis and we're paying him. 

When the RSVP arrived, I saw he'd written ""2"" when we specified that we were ""reserving 1 spot in your honor"" so I asked if the addition might be one of his kids, who he was having trouble finding childcare for but who wouldn't attend the reception. He responded that it's a girlfriend (news to all of our mutual friends). I responded to him that we have to limit attendance to those listed on the invitations (hello), and only gave +1s to those who are engaged/married in the interest of space (read: money). He pressed the issue and said if she's sitting with him at the DJ table, would that make a difference? I responded that as much as we would have loved to have had all our friends invite +1s, we just can't honor some and not others. Then he responded that he'd like to pay for her. 

We're over our attendance by about 15 people per our catering quote, every person counts now. We had two other family members write in +1s but their circumstances made it ok, long story short.

Honestly, I'm torn between telling him a flat no or saying fine but we're not paying you for the gig. I mean, honestly. Don't put me in the position of saying that it's a money thing and then offering to pay for her... Do I just give in, knowing there are at least three friends who we didn't give +1s to (who we knew about their SOs, they just aren't serious)? Help me, Reddit. I'm about to get real bitchy over here.

TL;DR:", DJ invited a girlfriend no one knew existed without asking and is now begging to bring her in spite of me explaining why he shouldn't
388,"SUBREDDIT: r/weddingplanning

TITLE: Sleeping arrangements? [UPDATE / subsequent questions]

POST: [original post](

So, we've opted *against* renting a campground. As much as we wanted the ambiance, there was one unforeseen variable that ended up being a deal breaker: all of the campgrounds that we looked at in our area/price range are ABSOLUTELY NO ALCOHOL on the premises, even if we rented the entire grounds. While we're in no mean alcoholics (or even heavy drinkers), we don't want a dry wedding. So that's off the table.

BUT, we're still looking into the idea of renting a private lodge for us and our bridal party (and their +1s probably) for the weekend and holding the ceremony and reception on the grounds with a hotel nearby for the rest of the guests. Obviously there's still a lot of logistics and we have to get permission and insurance and what not...

The questions we have now are:

Since the bridal party and their +1s would be staying with us instead of at a hotel, can we ask them to pitch in a little toward their accommodations? We'd probably ask somewhere around $50-60 per person (covering 3 nights), which is WAY cheaper than even the cheapest hotel in our area. Virtually everyone in the party is from out of town, so they'd have to be at a hotel if they don't stay with us.

What about meals for the weekend? Do we need to pay all of those out of pocket or is it ok for us to ask them to pitch in a little or tell them they're on their own? Rehearsal dinner would be during this time, which we'd definitely cover, and probably brunch the day of the wedding too, but there'd still be probably 3-4 more meals while we're there...

TL;DR:"," We want to make this as affordable as possible for everyone involved (we're not having any pre-wedding events to save costs), but what is our responsibility and what is ok to expect them to pay for?"
389,"SUBREDDIT: r/weddingplanning

TITLE: I'm honestly not sure what to do about my family.

POST: So, my husband proposed to me in April last year, and problems arose from the time I let them know we were getting married. My mom immediately let me know they wouldn't be helping out with funding, since they were saving for retirement. I hadn't expected any help from them, honestly, but then she said they probably wouldn't be able to go to most of the wedding because of their business. I offered to hire some people and run the business for an evening, and she burst into tears, saying no-one could do it, and did I know how bad she felt? So, my parents will only be there for the ceremony, and will leave almost immediately after.

The whole time, my mother has been insisting on different things, despite her uninvolvement of my wedding. Well, I have to invite my sisters to be my bridesmaids, big sister's children to be flowergirl/ringbearer, that I can't ask them to buy things for the wedding (dress, shoes, etc) because they don't want to spend too much money. I have to invite so many people from my family that I feel like it's more of an excuse to have the family gathering at my wedding instead of later in the year, even people I don't like. 

My sister, who is planning my bridal shower, is acting like the stress of the wedding is worse for her than me, and refuses to pay more than 100 dollars on anything she has to buy for the wedding. She insisted on me having the bridal shower at my house, and then got furious at me when I couldn't fit everyone she invited, forcing my husband to call around for a different venue. 

My extended family seems to be taking my wedding as an extended opportunity to invite everyone they know to the wedding. 

I just have no idea what to say to this, and do idea what to do. I am honestly dumbfounded at their behavior. They seem to have temporarily taken leave of their senses. And I haven't listed everything that's been done/insisted. I was so excited about how my wedding was going, and now I'm so disappointed. 

Does anyone have advice? Is anyone going through something similar? If so, what are you doing about it?

TL;DR:"," My family seems to have gone crazy over my wedding, and are insisting on me doing things I don't really want to do. They have the smallest contribution in the wedding, and are causing the most problems. What should I do?"
390,"SUBREDDIT: r/weddingplanning

TITLE: Less than a month out! What am I forgetting?!

POST: I know these get posted fairly regularly but it's just so darn helpful to write this stuff all out and get feedback from other brides!
As the title says we're officially less than a month out and I'm just trying to brainstorm and make sure I've got everything taken care of! 

We have everything paid for that can be (waiting on final headcount to pay the last bit to the venue) and photographer doesn't require the rest of her payment until we receive photos (she's a godsend!)
Dress and accessories purchased. Final fitting tomorrow! 
Dj booked and timeline reviewed
Menus been chosen including alcohol
Grooms attire ordered (kilt rental) 
Cake booked
Centerpieces made
Favors are being bought 
Invites sent. About 50% received with an RSVP date by the 30th (is this a normal amount btw? FH thinks they may be getting lost in the mail because they're small)- waiting on these to do the seating chart of course. 
No bridal party so nothing to worry about there
Officiant is fsil- she's writing the ceremony. We just need to figure out our vows 
Diy ""selfie booth"" props and backdrop made 
Guestbook bought 
Card box made
Surprise movie poster framed: our photog turned one of our more dramatic engagement photos into a full sized movie poster for us complete with a title and cast!
Bouquet bought from ecoflowers (no other flowers are being used) 
Getting Marriage license on Friday 

I feel like I'm missing so many things but we're skipping a lot of the traditional stuff so maybe that's why? 

Thank you whoever made it this far for reading all this rambling and for those that didn't!:

TL;DR:", less than a month out. Last minute things that are commonly forgotten? What else do you guys have to do a month out from the big day
391,"SUBREDDIT: r/weddingplanning

TITLE: Secular premarital counseling on a budget

POST: My FH and I have always agreed that we would want premarital counseling, not for any particular issue but to help strengthen our communication and set the groundwork for an awesome marriage. Now that we're engaged I've realized how problematic that is- we are both full time students paying for the wedding ourselves and are unwilling to go into debt. That left us with a budget of $200 total for counseling, when an average MFT rate per session is $100-175.
If you're part of a church you likely have access to premarital counseling practically for free, but we are not. 
I was planning on using that money for books, maybe classes, etc but I first decided to email a couple therapists I found online whose philosophies complemented ours, asking them if they offered premarital counseling and telling them my budget. 
The one I like the best ended up calling and saying he would adjust his rate from $175 to $60 for us, because he spends so much of his time doing ""damage control"" and would like to help us out! 
He's planning on spreading the sessions out over our engagement and giving us books/assignments to work on in between. 
I'm so excited!

TL;DR:"," if you are interested in professional secular premarital counseling, it never hurts to ask around for a possible discount or even advice."
392,"SUBREDDIT: r/weddingplanning

TITLE: Adventures in tux shopping or why Mens Wearhouse lost my business

POST: Can I vent for a second about Mens Wearhouse? Sorry for the wall of text. I know we have talked in the past about the experiences at Davids Bridal but I never expected walk out of a Mens Wearhouse almost in tears until my experience today.  

FH and I go there, I have an idea of the color tux I want and we have a swatch of my girls dresses and we are the first appointment of the day. The woman is super disorganized and when I ask to look at the tuxes, she gives me attitude and points at the grey and black we have. We are her only customers but she will only let my FH try on the tux jacket, not even grab a vest off the rack and bring it over to him to try it on and see how it matches. Is that customary there? I wasn't sure but there was no need to act like I was asking too much. I wanted to be sure it all matched. Apparently I was annoying her by asking questions about the different tuxes and if she only had three colors in tuxes. 
  She eventually said as if she were talking to a child ""Well you might be better off building it online and calling us since it seems you don't know what you want"" Um, lady I do know what I want but you are zero help in explaining or being accommodating at all. We were there about 20 minutes and I was given attitude 2-3 times. I ended up taking her card (FH made me) and walked out. Next stop was Jos. A Bank and found out that frickin Mens Wearhouse bought them out and they couldn't guarantee they will have everything available after december.  
 
Best decision we made was going to a local store that the Jos. A Bank woman recommended that could order whatever we wanted and had similar stock. The sales woman was juggling 4 other people but she made us feel great and let FH try on everything he wanted and even suggested great things. Not sure if it was just my experience or if thats they way they did things but the attitude was not needed. Glad we ended up where we did though.

TL;DR:", Mens Wearhouse lady had stick up her ass and acted like I was a child. Walked out almost crying and ended up at a fantastic local store and getting everything we wanted
393,"SUBREDDIT: r/weddingplanning

TITLE: Got ourselves into a pickle. Hotel block dilemma...

POST: We're getting married in a college town with a popular football program so when we first started narrowing down dates for the wedding we avoided all home game weekends. However, eventually for a variety of reasons we ended up scheduling the wedding on the day of a non-conference home game. Our big concern with doing this was that we'd heard it was near impossible to get hotel blocks on those weekends. We talked to a few hotels before moving forward and found a couple that were willing to do blocks but said we'd have to wait until a closer to the wedding to sign contracts. It sounded like we could make it work so we went for it. 

Now I'm starting to contact those hotels again and they're still willing to do blocks but the prices are much higher than we anticipated and obviously I don't have much power to negotiate here because the hotels know they'll be able to book rooms given the football game that weekend. I'm definitely kicking myself for thinking the football weekend wedding would work out but what's done is done. The date is booked, deposits are down. I'm looking into getting a shuttle set up from hotels further out from the city proper that'll potentially be a little more modestly priced so I haven't written off all hope. 

Ultimately the question I'm hoping some of you lovely people will weight in on is, if I can't secure a block at a price I think my guests would be comfortable with ($150-175 range), should I contract for the expensive block (quoted 1 bed $219-259, 2 bed $239-289, suites $309-319) or just recommend that guests book early anywhere they can find at a reasonable price?

TL;DR:", What is the lesser of two evils? Book a hotel block that is too expensive for some of my guests to afford or not book a block at all and just let them fend for themselves?
394,"SUBREDDIT: r/weddingplanning

TITLE: Friends are getting married in May.  Bride-to-be asked for my address in November, but nothing has come.

POST: Two of my friends from college are getting married in May.  We haven't been in too much communication since everyone graduated (we went to opposite sides of the country), besides occasional facebook comments and such.  

In November, I had a brief text conversation with the bride-to-be to congratulate her on her engagement, and a couple days later she asked me for my address, which I gave her.

I haven't received anything in the mail, and now we're getting pretty close to the wedding (it's in May).  I'm not sure what I should do.  I don't want to be presumptuous; I know that asking for my address is not an invitation or a guarantee of an invitation, and I understand constructing guest lists can be very challenging.  On the other hand, there may have been a clerical error or something.

So I'm not sure what my best course of action is.  Could you please give me some advice?  Thank you for reading!

TL;DR:"," College friends are getting married soon and asked for my address in November, but I haven't received/heard anything since.  What should I do?"
395,"SUBREDDIT: r/weddingplanning

TITLE: Purple Mocktails!

POST: Our venue has two options for alcohol. Beer/Wine for one price, Beer/Wine/Hard Alcohol for another. We decided that spending so much more for hard alcohol wasn't right for us but this crushed our dreams of having signature drinks. 

I thought that having signature MOCKTAILS (cocktails without the alcohol) would be super cool. Our wedding colors and blue/purple so we wanted a mocktail of each color. I think we figured out what we can do to get the right blue (blue curaçao syrup, sprite, lemonade) but I am so stumped on the purple! We mixed blue curaçao syrup with grenadine and then later with cranberry and it's waaaaaay dark. Anyone else planning on mocktails? (Or if you did have them, how did they turn out?) Any chance you had a purple one? Any ideas how to make a purple drink? My searching hasn't found anything that seemed right.

TL;DR:"," Planning on having non-alcoholic drinks at the wedding, no idea how to make a purple mocktail. Any ideas?"
396,"SUBREDDIT: r/weddingplanning

TITLE: How do I respond to awkward questions?

POST: Hey Weddit.

So, I'm[27F] not getting hitched, but my younger brother[23M] recently proposed to his super lovely girlfriend, now fiance. And it's incredibly exciting, and I adore his significant other, and I knew it was coming and couldn't have been happier. What I didn't know was coming were the awkward questions.

When I excitedly tell friends, coworkers, etc about the impending nuptials, I keep getting asked if ""I'm jealous he beat me to it"" or if ""it hurts to see your younger brother tying the knot before [I] do"", or some question that insinuates that I am now a bitter spinster since my brother has beat me in the race down the aisle.

At first, I was responding with things like ""I'm so excited for [fiance name] to be part of the family, how could I be jealous?"" or ""Thanks for your concern, but I'm not sure I want to get married ever."" Both of which are true. But this seems to add fuel to the fire, and they think my responses are an admission of this perceived sibling rivalry, or avoidance which means I must be bitter!

I really just want to shut this down, because it's not only super awkward for my brother and I. But also awkward for my boyfriend, who now has had people hint to him that I'm clamoring for a ring. (Hint. I am not.)

What do I say?

TL;DR:", Many people I know are asking if I'm jealous of my younger brother's wedding plans. I am nothing but excited for him. How do I make it stop?
397,"SUBREDDIT: r/weddingplanning

TITLE: [Vent] Surprisingly upset about trying to schedule a dress shopping appointment

POST: Well, I'm now a little over 10 months away from my wedding date and something finally made me cry, and it was pretty unexpected. I'm about to try and schedule an appointment to go wedding dress shopping, and I really want my whole wedding party to be there. I have four girls (3 bridesmaids and a matron of honor) plus my Mom - there's H and L, my best friends since elementary school, and S and K, my sisters (K is MOH). And maneuvering around everyone's schedules is starting to look like a word problem from math class.

The bridal salon I want to go to closes at 5 or 6 on weekdays, is open Saturdays, and closed Sundays. H and L work until at least 5 during the week and both live at least 30 minutes away from the salon (H is more like an hour away). S works irregular hours, but can ask off whenever with enough notice. K makes her own schedule, but can't do Saturdays because her son has a baseball game every Saturday in June. Mom has no conflicts.

I didn't even realize how important it was to me to have everyone there for this, until I found out it couldn't work and I started crying about it. I know it's only the first shopping appointment and there most likely will be more (not to mention fittings later on), but this salon carries my favorite gown, so there's a chance that I'll find The Dress this time. And I guess I just hoped that all these people would be there when I found The Dress. I was really hoping that if I tried hard enough, I could find a day that worked for everyone, but it looks like it's impossible. And I'm just really disappointed. Thanks for reading my (really pretty silly and irrational) whining.

TL;DR:"," I want my entire bridal party to be there for dress shopping, but there are too many conflicting schedules and I'm irrationally upset about it."
398,"SUBREDDIT: r/weddingplanning

TITLE: [Confused Canadian] Part Two: Making Guests Happy! Buffet or plates? Open bars and music? (And update from Part One)

POST: *

TL;DR:", If you were a guest would you want a plate or buffet? How drunk would you plan to get? DJ important or any music? Thanks!
399,"SUBREDDIT: r/weddingplanning

TITLE: The month before the wedding: Should I leave weekends open for last-minute planning, appointments, etc.?

POST: My wedding is Saturday, November 2 (yay!). We have almost everything locked in, and RSVPs are arriving. 

I am wondering what to expect the month before the wedding. I know I will have final menu tastings with the caterer, maybe a dress alteration appointment, and a walk-through of the venue. But what else? 

I really want to sign up for a race (I'm a runner) the weekend before the wedding, but I am starting to think that would be a bad idea, because I'll end up having a bunch of last-minute details to address. And what about the other weekends in October? Should I keep my schedule cleared intentionally, or proceed as normal?

TL;DR:"," Is the month before the wedding really hectic? Am I underestimating how many things I'll have to do for the wedding, even though I've got all the vendors locked in? Should I keep my schedule clear?"
400,"SUBREDDIT: r/weddingplanning

TITLE: Mom and sister want me to cancel dress shopping appointments

POST: Hey guys, sorry about the rant here. To start off, my wedding date is 12/31/2016. I was planning on doing my dress stuff in December this year so I can have time for alterations and all that lovely stuff. Well, apparently that causes issues...

I asked my mom a while back about scheduling appointments on the 4th and 5th of December so that she has enough time to plan. Fast forward to last night, mom now tells me that she can't take off work to travel out for dress shopping. And she only tells me this after I asked her. I scheduled these back in September to give her time to plan. I asked her when it would be a better time and she said ""probably February."" 

 Then I have my sister. She is having a fit about these appointments and that I have them scheduled ""13 months"" in advance. She is also mad that her and mom can't come out and that I do everything around the holidays.

 I want them to be there but it's too hard to schedule everything around everyone's schedule. I also want to keep the appointments.

I'm pretty torn right now.

TL;DR:", I scheduled dress appointments for December 4th and 5th. Mom now tells me she and sister cannot come due to mom's work. They want me to cancel and reschedule for February.
401,"SUBREDDIT: r/weddingplanning

TITLE: Advice needed because I HATE confrontation

POST: When I originally got engaged a year ago, I asked two of my friends (in a couple) to stand next to me in the wedding.  Since then, the female part of the couple has gone NUTS, commandeering the wedding, insulting my fiance, and just being a general bitch.  She has also stopped allowing the man of the couple and I to talk, and has stopped hanging out with people, so I see them about once every 2-3 months, when they live a block away.

I spoke to her about how she was acting and how it made me feel, and told her that I felt we were no longer friends.  She took it maturely, and we went a while without talking.  Until in the last week, she has gotten back in touch with me assuming she and her bf are still in the wedding.  I intend to invite them, but I don't want them standing next to me.  We rarely talk, and I feel that we just do not have that close of a relationship anymore. Plus I dont trust her.

Is there a polite way to let her know that I have other people in mind for the bridal party? I dont want to start a fight or hurt her feelings, but I also dont want her that involved.

TL;DR:"," Bridesmaid-zilla accepted that she is no longer a friend, but does not understand that she is no longer a bridesmaid."
402,"SUBREDDIT: r/weddingplanning

TITLE: Question(s) for those who invited/are going to invite kids to their wedding

POST: Hello!

We're in the process of figuring out the guest list. If we allow all kids (i.e., no age-restrictions, resulting in kids between 0-16), this means we have to invite 25 kids. My parents (who are giving us money) really want us to allow kids at the wedding, and have said several of my cousins are assuming that their kids will be invited. 

My FH and I, as well as my future in-laws, don't care if kids are there. In fact, I'm incredibly uncomfortable around children, which is a well known fact by my family and friends. For instance, I've only recently gotten comfortable around my nephew, who just turned 13. 

My mom *keeps* telling me that I won't notice the children there, and 25 kids ""isn't that many at all!"" (perspective: we're having MAX 185, if the kids are there). Is that true? For those of you who already married, were you at all nervous about kids running around? Did you attend to them more than other guests? For those of you soon to married, are you at all nervous? Does 25 kids seem like a lot?

TL;DR:"," I'm uncomfortable around kids, but my mom really wants me to invite them. There would be 25 kids at a 185-person wedding. Does this seem normal?"
403,"SUBREDDIT: r/weddingplanning

TITLE: Help find a navy suit - cost and size a factor

POST: Love following this subreddit (and I've seen some of your amazing searching skills) and now I have a question that I could really use some help on!

Trying to find a slim, non-shiny, navy, three piece suit for my FH (vest, pants, coat). He's going to purchase it, not rent. 

Our favorite is the [Joseph Abbound Blue Slim Fit from Men's Wearhouse.](

Here is a picture of him in that suit: [Imgur](

Unfortunately, the suit, pants and vest are $660 (not to mention the shirt, tie, belt and shoes - we'll be getting those cheap elsewhere) **We're hoping to find a three piece suit for $350 or less.** Unless we're being super unrealistic. 

So far we've tried Macy's, JC Penny, Nedrebo's, Men's Wearhouse, Express, Jos A. Bank. Either they had no 3 piece suits or they didn't have his size (not even to order it). I think we could try Macy's again though, they seemed to have some that were on back order. I've looked at some online sites and still wasn't finding much that was close. We have a tailor, not worried about having a store provide that.

The problem besides cost we're facing: his coat size is 46 long. (He's 6'5"") Any brides or grooms have some advice?

TL;DR:"," Need a navy, non-shiny, slim fit, 3 piece suit under $350. Coat size 46 long."
404,"SUBREDDIT: r/weddingplanning

TITLE: Wedding Photography Contest Help? <3

POST: Hey Reddit - this is a humble request for help. I've promised to sing a Japanese love song on YouTube if we can pull this off. I'm currently in a 4-way tie in a contest and it ends on the 30th. It's for free wedding photography from an amazingly talented photographer, and I'd love to tell my fiancee we won it. She'd flip. The problem is that we were added as a substitution a week after all other couples had begun gathering votes, so we are the underdogs. We need your help!

If anybody is willing, would you please:

Make sure you're signed into Facebook.
1) Visit  and click the FB ""Like"" button at the top (or the vote won't count).
2) Click the blue navigation bar's contact section at the top and enter only your FB name, your email address (a spam catcher is probably fine - they just need to check your name against FB), and ""I am voting for **couple #6!**"" in the message box. Ignore all other fields and just hit send.
3) Maybe let me know if you did it so I can alter my vote tally estimate?

We'd would be *super* grateful.

This is a crosspost from /r/favors. If you've got some guidance for me about a more appropriate place to post, I would appreciate it. Apologies if I've violated reddiquette. It's hard to say one person's love story is ""better"" than another, or that anyone is more ""deserving"" of the prize. Hopefully you'll think our story is up to snuff.

TL;DR:"," Help me win this for my fiancee with a 30 sec vote, I'll sing a Japanese love song for you to enjoy if we win."
405,"SUBREDDIT: r/weddingplanning

TITLE: Me [28 M] has been asked by my [60M] father to be the best man at his wedding, and to also give a speech at the reception. He was pretty absent during my youth and has only become more involved in my life recently. I'm at a complete loss for what to write

POST: So he divorced my mother after having an affair with someone half his age, and from 12 years old until 22 I would only see him every other weekend, and he would put in minimal effort to be present for big events in my life.

Since dating his current fiancee, he has been more involved with my life and honestly he may be trying to make up for those years. Needless to say I was not thrilled when he asked me to be the best man, and even less so when he specifically asked to give a speech at the reception of about 40 people. I have no fear of public speaking, and I can talk about things I am passionate about. But that's just it, I have no inspiration to write a speech about a man who has been such a source of conflict in my life. So I guess I'm here to ask for some advice on what I could say. I am happy that he found love again, he will be a step father of two children and is very involved in their lives (taking them on trips, encouracing after school activities,etc)
So what I ask of you reddit, is some advice to on some filler material since all I can come up with is that I am happy for his new marriage. He already said it doesnt have to be too long, but all I can come up with is a short paragraph.

TL;DR:", Have to write a best man speech for my once distant father and falling short. Any advice on how I can pad it to make it longer?
406,"SUBREDDIT: r/weddingplanning

TITLE: Unplugged Ceremony?

POST: For those unfamiliar with an unplugged wedding, or why to have one - 

I have scoured the internet looking for good ways to tell guests that I'm having an unplugged ceremony. While I certainly want the point to hit home and be noticed, I don't want them to feel like they're children and that I'm constantly beating them over the head with the same info. I'm thinking of having it written in my wedding website, and also having the officiant say something before the processional - as well as word of mouth. Do you all think this is adequate but not over the top? 

Also - I cannot find good wordings on the internet. I have gone through a few pages of Google already. There are a few on Offbeatbride, (  ) but some are too emotional for me and some are too straight-forward (signs that just say PLEASE TURN OFF YOUR CELL PHONES - I'm not having a sign anyway, people tend to not read signs), nothing sounds just right. 

My mom is also not on board with this idea. She is under the illusion that everyone will be perfectly behaved, that no one would dream of ruining a photographer's shot. She doesn't realize that it just happens and people become obsessed with capturing it for themselves, so they don't even notice. I don't see why you would pay a professional thousands of dollars, then allow amateurs to get in the way. She thinks it's rude and that there's no way to say it that won't upset people. Also, I like it, so she is bound to hate it. This would only be for the ceremony, of course I would encourage people to take tons of pictures during the reception.

TL;DR:"," Want an unplugged ceremony. Need wording that sounds good but not mushy, and is sufficiently not-rude so my mom won't hate it. Also, ideas on how to get my mom on board with this."
407,"SUBREDDIT: r/weddingplanning

TITLE: The traveling dress

POST: So, I am positive hundreds of people have flown with wedding dresses but....

I live about 10 hours away from my mom and my sister. They did not get to help me dress shop, but we are meeting up and we are going to shoe and jewelry shop and dress shop for their dresses. I'm flying, and its just for the weekend so I wasn't planning on checking any luggage...so
Would my dress be considered my carry on? If so, what should I ""carry it on"" in? 
I did buy it online (bhldn ftw)
And I think I still have the box, but that is bigger than standard carry on fare...

Its not big and pouffy or anything, but, it is my wedding dress. 
Any of you gals flown with your dress??
Tips??

TL;DR:", Flying with my dress and I don't trust checking but I'm not sure if I can carry it on....tips?
408,"SUBREDDIT: r/weddingplanning

TITLE: Uh, hey guys, the wedding is postponed (rant)

POST: So a little back story,  my fiance and I have been together over 4 years now but we've know each other much longer. We've been engaged about a year and we bought a house together a couple months back. He has a well paying job and has money in excess.  (Not bragging that bit of information is key) My job is not ad well paying, but I work hard and contribute as much as I can. After arguing about money all the time he started to pay for more things. He pretty ouch covered the house and 50% of the expenses to repair the house. I've been trying to plan this wedding for months and every time I bring up money he gets defensive.  Well last night we had a talk because our date is fast approaching and we don't have anything booked. He flat out told me that he will not help me pay for the wedding because he had already paid for much of the house. And they way we decided to pay bills hasn't left me with any money to spare, right now. The advice I need from you beautiful people is how do I go about telling everyone that the wedding is postponed indefinitely with out making him look like a total jack as? I took on a second job to have more income, I just don't have a lump sum to put down a deposit to all these venues.

TL;DR:", my FH refuses to help me pay for the wedding and now I have to tell everyone it's been postponed indefinitely.
409,"SUBREDDIT: r/weddingplanning

TITLE: Site Coordinator Rant

POST: Hi guys! So I'm planning a destination wedding (may 27, 2017) on a tiny island in the Bahamas. I'm getting pretty frustrated with the responsiveness and general lack of solid information from our site coordinator. She is the GM of the resort. 

Two weeks ago I told her that I would like to move forward with securing the date, signing a contract, and putting down the deposit. I followed up with her five days later as I hadn't heard anything. She responded and said she would send me a contract. 7 days later and she still hasn't sent anything. I'm getting really annoyed. I need to secure the date and everything so I can order save-the-dates! UGH. 

I understand ""island time,"" but when I'm planning to spend thousands of dollars at a business I expect prompt and professional service. 

I'm really trying not to get crazy, but do you guys think her response time is totally unreasonable? I'd like to send her an email to ask if there is someone else I can work with or if she can try to answer my questions in a timely manner, but I don't want to piss her off.

TL;DR:", Site coordinator takes forever to respond. Don't know if I'm being unreasonable. Should I call her out in a nicely worded email? 
410,"SUBREDDIT: r/weddingplanning

TITLE: Our first bit of unnecessary drama (rant/vent/long)

POST: This past weekend, I had my bachelorette party and it was AMAZING. I don't know if I've ever felt that special. 

My mom and FH's mom were there for some of the weekend, so we were discussing random wedding events like the rehearsal dinner. We have some family that's coming from a different country and we feel so special and really appreciate that they're making the trip. But, they aren't invited to our rehearsal dinner. We decided a long, long time ago that it would just be our wedding party and parents. Apparently, this wasn't widely known. FMIL didn't know. FMIL is a wonderful person, but she can be stubborn and bossy. She got noticeably upset when I said they weren't invited. A comment was made about how they're traveling so far that it would be insane not to invite them. She was nice enough to not bring it up again for the rest of the weekend, but then she called FH yesterday. And hung up on him after he wouldn't give in. 

I understand her reasoning, but we are doing a dinner the Thursday before the wedding with just FMIL's family and my immediate family. The out of town family would be the only ones at the rehearsal dinner. FH's dad is paying for the rehearsal dinner (FMIL and FFIL were never married, basically their romantic relationship ended when FH was born). FMIL thought it was because of money and offered to pay for their dinners. That would just open up a giant can of awkwardness and embarrassment for FH's dad. 

The kicker in all of this? My first fitting is today. And the only person that'll be with me? FMIL.

TL;DR:"," People say it's your wedding and you get to make all the decisions. Until you make the ""wrong"" decision, then it's the end of the world."
411,"SUBREDDIT: r/weddingplanning

TITLE: [Ranty wall of text] went to pick up dress from alterations and there's a hole!!

POST: Ugh. So I bought my dress at David's Bridal and it was in bad shape when I bought it, it was missing breads and had loose strings. They said it was no problem and it would be fixed when it came in for alterations. Well today was my pick up date and while all the beads were there some were just hanging on by long strings, others were the wrong type(didn't match the native beads on my dress), there were a ton of loose strings, you could see the bra cups(they were sewn in too high), and there was two huge(consultant could fit her whole hand through) holes in the top layer of tulle. When I noticed it she replied ""oh that wasn't there when you brought it in?"" Now they either have to remove the top beaded layer of tulle and put a new piece of tulle and bead it or order me a new dress and get it altered. They aren't sure what to do yet. I'm slightly panicking as I leave for vacation tomorrow for a week and I get married in 15 days!

TL;DR:", David's Bridal fucked up and put two holes in my dress and didn't properly fix the beading and I get married in 15 days and I'm freaking out!
412,"SUBREDDIT: r/weddingplanning

TITLE: No recent weddings to draw inspiration/advice from...

POST: A lot of the threads on this wonderful subreddit mention thinking about what you enjoyed about other weddings you've been to, what you hated, etc.

Here's the thing. I've been a bridesmaid more than 5 times,  but they were all more than 10 years ago. I can't remember a single detail about any of them apart from what I can glean from photos. I can't remember the ceremonies at all.

My birth parents never married. My dad still isn't married, but my mom got married when I was 6. She wore a suit (married a man, just really not a dress person), it was in a tiny registry office and the ""reception"" was a meal at a pub.

We're both 20, and have never been to any weddings together. FH's parents are married, but their views on traditions are so different to ours I wouldn't be able to draw inspiration from them. I know I want a traditional wedding but with big twists, like not in a church, splashes of colour in my dress, things like that. But the problem is, I have no one in my life with wisdom I can draw from, and I feel like it's holding me back from taking the plunge. 

I'm researching and looking into bridal fairs and pinning like there's no tomorrow, but I can't shake the feeling I'm going in blind! We would be the first of our friends to get married so I guess we would be some wisdom for our friends when their time comes - but where's my wisdom to draw from?! 

I'm really struggling to take the plunge. I feel like any decisions we make will be wrong.. Has anyone else been in this position?

TL;DR:"," We will be the first marriage among both our families and friends in over 10 years - the trendsetters, I guess. Where do I get MY inspiration from?"
413,"SUBREDDIT: r/weddingplanning

TITLE: Do I invite my biological dad in obligation, or do I risk the drama and cut him out.

POST: A little background: 

My parents got divorced when I was about 18 months old. My father and I were relatively close when I was a kid, but haven't been close for at least 10 years. He remarried about 12-13 years ago, and once they had kids they basically cut me out of their life, causing a lot of emotional pain for me. I saw them once a year on Christmas with the rest of my large family, we would say a few words, then we would part. About a year ago he finalized his second divorce. He hasn't seen his children since then, and I haven't seen him for about 2-2.5 years.

That being said, my FH and I are having a small-ish wedding, 40 people at the ceremony, maybe 65-70 at the reception. I have already decided that I want my step dad to walk me down the aisle, as he has been a stable father figure in my life for a long time. 

My real dilemma is that I am inviting my biological dad's siblings, and his mom. I have always been close with his mother, my grandma, and I do want to spend the day with his siblings, but I know that he won't add to my wedding at all, in fact, he would make me nervous, sweaty and awkward feeling. I am worried that my grandma will throw a fit and tell me that although we've had our differences, he would really love to be there, which may or may not be true. 

On the flip side, if he does in fact still care about me, and just feels awkward about leaving me as a child/not trying to have a relationship with me as an adult, I am worried that inviting him will make him feel bad and seeing my step-dad walk me will be hard for him. 

I just don't know what to do, and would love ANY insight into the situation!

TL;DR:"," My biological dad and I aren't close, but I am inviting the rest of his immediate family, do I invite him even though it won't add to our special day?"
414,"SUBREDDIT: r/weddingplanning

TITLE: [ALTERATIONS PSA] Mind the bustle!

POST: [I posted the other day about how sad/worried I was about alterations.]  The seamstress is not bad at her job, by any means, but my dress has some complicated pickups at the bottom that aren't totally uniform.  So it doesn't have a specific way it NEEDS to look, but at the same time, it's hard to figure out how it maybe should look, after it's hemmed and all that jazz.

I went yesterday for my final fitting and still, one layer just looked stupid.  It was higher up than the layer before it, so you didn't see it at one point.  It was so upsetting.  I took a deep breath and asked the seamstress to unbustle it so I could get a look of the total dress.  In unbustling, it fell how it should.  It was bustling that pulled this layer up!  10 minutes of adjusting the bustle placement, and I had a dress that looked good bustled and unbustled.

TL;DR:", How your gown is bustled is just as important as how it is with the train down.  Pay attention to both during alterations!
415,"SUBREDDIT: r/weddingplanning

TITLE: Opinions please, feeling bad for not wanting future SIL as a bridesmaid

POST: Hi weddit! I only have asked 4 girls to be in my wedding, my sister and 3 very close friends. FH wants 6 groomsmen. I'm 100% a-okay that it's uneven. Apparently I (after a couple bottles of wine) agreed to up mine to 6. He mentioned it this week and I didn't know what he was talking about, it turned into a big thing. At first, I thought it was because he wanted even #s. Nope. He wants me to either have 6 so it looks like we maxed out our bridal party or I have to include his sister. I feel bad that I don't want her standing up with me, but he's hell bent on it because she's important to him. I get that. But I am not close with her. I have many friends, but I keep them at an arm's distance. The 3 friends I have asked definitely fall into the super close - more like sisters, that I know no matter what we'd never have a falling out. I hate this feeling that I have to include someone I don't hold in that same close sentiment. My guard is definitely not down when I'm around his sister or any of his family, I just don't have that level of safety/comfort to get close to them. So when I think of getting ready and spending the day with my bridesmaids I don't want to have my guard up and feel awkward. 

Any ideas to get in a better place with this? Has anyone else been in a similar situation?

TL;DR:"," FH wants his sister to be a bridesmaid, I think only my ""circle of trust"" should be included. "
416,"SUBREDDIT: r/weddingplanning

TITLE: Surprise!! [long post, has tldr at bottom]

POST: So, I'm new to this subreddit. I have a story that excites me along with making me nervous. Let's start with the man of my dreams [FH] and I decided we wanted to get married. 

Idea#1: traditional save, save, save. Big event, spend lots of money, but have to wait about a year. I'm almost 30 and I want my first child before I hit that landmark. So waiting for me does not excite me. Plus I got ""The Knot"" organizing binder and that really overwhelmed me. Plus my FH is not really into the idea of a larger wedding, he has been married before, so he doesn't really want to invite all his family again. 

Idea#2: Our closest friends and ourselves are going on a cruise in September and we thought, why don't we just tie the knot on the ship?! Well as we started doing our research, $4000 for a couple of hours does not sit well with me. $4000 for sand, a photographer, an officiant, and a cake for a grand total of 4 people. Not my cup of tea.

Idea #3: (the winner) We decided the night before our cruise we would have an engagement party. Heavy hors d'oeuvres (which my support team and myself are making), wine, beer, margaritas, lawn games, etc. will all be provided for our guests. I figured if all my invitees came, 50 people would be there at the most. Which makes my FH happy.  Then, at a certain time I would do a quick change and the stage will be set, so to speak. We will have a surprise wedding. 

So I have less than 3 months to plan and purchase things. Let the fun begin!

TL;DR:", FH has been married before doesn't want large wedding. We decided to invite people to an engagement party and surprise them with the wedding. Booze will be provided.
417,"SUBREDDIT: r/weddingplanning

TITLE: A bit of advice

POST: Our wedding is on Saturday. So far we've done everything ourselves - and I do mean everything.  Invitations, decorations, favours, we were even planning on buying wholesale flowers and doing all that ourselves too until we found a florist who'll do it all at a good price. We've got an itunes playlist instead of a DJ, a friend is making the cake, another friend made the bridesmaids dresses...  It's been a very in-house affair.  It's also been very low-stress - I've been totally chilled and relaxed the whole time.

However! Right now, we're getting into the nitty-gritty of the final details.  Things like what order to do the speeches in, where to place the cake table, who's going to be there to oversee the decorating while I'm getting dressed, where there are outlets in the walls and how many extension cords we'll need.... And frankly I'm getting totally sick of the whole thing.  I don't **care** what order the speeches are in; I just want someone to tell me how it's supposed to go.

And all of a sudden, I understand the people who hire a wedding planner or coordinator for just the last week of it.  I always thought that sounded crazy - by the last week all the major decisions and purchases are done, right, so what would be the point?  The point is this: The final details will drive you right mental.

Thus, the

TL;DR:", bit of advice: Hiring a coordinator for the last week before the wedding seems like a fantastic idea.  You should do it. I wish I had.
418,"SUBREDDIT: r/weddingplanning

TITLE: What is considered an ""out of town"" guest?

POST: Might seem like somewhat of a silly question, but for my particular situation, it's useful. For initial context, I'm the groom and we're planning it together and things are going very well so far.

We currently live in 2 different cities that are about an hour apart. I went to college away from home and she stayed at home for college. Her family and friends live there, and I live where I went to school (she will be moving in with me over summer, though). We're trying to decide on a venue, but a venue close to her family and friends is inconvenient for my friends, and a venue near me is inconvenient for her family and friends. My family is from out of state and will be unlikely to show up no matter where we have it.

We're putting together our initial guest list so we know what kind of venue we need to look for, and for ""math"" purposes, what is considered an out of town guest? 30 minutes away? An hour? More? 

It seems obvious to just say ""have it in between the two places"" which would be fine, except the city in between my fiance and I agree is very trashy and nowhere we would want to have a wedding.

TL;DR:"," We live an hour apart and have friends local to us in our respective cities. Want to invite them all but don't know how far is ""too far"" to drive for a wedding."
419,"SUBREDDIT: r/weddingplanning

TITLE: [PSA] on Wanderable.com Registry

POST: FH and I registered for several excursions on Wanderable.com for our honeymoon and it has been great so far--except for one thing.

We registered for a $700 half day private charter and someone gifted us $140 towards it. We had received several other presents that we hadn't seen any money come into our account, yet we were able to get the excursions scheduled with no problem.

I emailed Wanderable to see what the deal was. It turns out that any gifts that you register with Wanderable that is in their Experience Network Provider, they go ahead and pay the merchant for the amount provided. If there is an outstanding balance at the time you book, you pay for the rest of it.

So, since we didn't realize that, we're now working to try and get our gifted money back from them because, y'know, not everyone has just an extra $560 laying around to pay for a half day charter. If we had known then what we know now about paying the balance, we wouldn't have registered for that excursion! It's not clearly marked on the website, either, as far as I know. I read through the FAQs a few times before settling on using them. (NOTE: found where it says it now. Buried, of course.)

TL;DR:"," Wanderable is awesome, but don't register for things that you can't actually afford in case you have to pay the balance."
420,"SUBREDDIT: r/weddingplanning

TITLE: FMIL and money

POST: Hello everybody,

I have read that when you are planning the wedding, you should ask your families if they are willing to contribute. I asked my family and they are helping with the invitations and my stepdad paid for the dress.

When we came over to my FH family, FMIL said congratulations on the engagement, but didn't really told us about ""let us know if you want us to help"". So I told my FH that helping us with a cake would be nice. She hesitated, but said.. ""ok.. I need to research into the cakes, which one do you like..."" etc. She kind of hesitated. Then a month later she told my FH that they want to help us for our honeymoon and give us $3K so we have a nice one. 

Summer came and went, and she never talked to either of us about the cake or about the honeymoon. Silence. I am the one planning everything, so my FH is not really involved much, he cares about certain things, but doesn't really bother about appointments, phone calls to vendors, researching into stuff. 

So what do I do? Do I just wait? My stepdad was very straightforward with the money, saying ""ok, send me dress pictures, and send me the price"", he sent me the money right away.. With her.. I don't even know. What makes it harder is that we moved to another state and usually just text/call. We still have the wedding back there. My fiance is not the closest to her.. their relationships are kind of awkward.

TL;DR:"," We talked to FMIL about the cake, she said ok, then offered to pay for honeymoon, and hasn't mentioned it since. How do we nicely remind her? "
421,"SUBREDDIT: r/weddingplanning

TITLE: International wedding and reception - hire an interpreter?

POST: I plan on asking our wedding planner, but wanted to get some real-life examples, advice, help, tips, etc. from weddit first! FH is from Japan and I'm from the U.S. We both speak each other's language, but both sides of the new family are monolingual. The only exceptions is elementary English from FH's sister, and a 2 mutual friends (a couple) that speak both languages relatively well.

We will have an officiant that can translate at least parts of the ceremony, and we'll have both languages on any printed material. Recently, however, FH suggested hiring an interpreter to sit with our parents at a the table they'd share during the reception. I first thought it sounded a bit odd, having a stranger join one of the tables, but now I'm thinking it's a very good idea. FH and I are the only ones that can/would feel comfortable interpreting for them, but we probably won't want to ""babysit"" the table and facilitate conversation at our own wedding.

Does anyone else have any thoughts on this - issues we might be overlooking, similar experiences at weddings you've been to, any advice? I'd love to hear!

TL;DR:"," Two families don't speak each other's language!! FH suggested an interpreter to sit with the parents and I'm warming up to the idea. Thoughts, advice, etc?"
422,"SUBREDDIT: r/weddingplanning

TITLE: Vendor Communication - what's reasonable?

POST: This is the scoop:

I booked Vendor A last fall and Vendor A said they would send a few other vendors for potential Vendor B.

8/29 - I sent an email asking for the list of Vendor Bs and didn't receive a response.

9/22 - No response yet, so I followed up to re-ask for the list.

9/29 - Response received with one potential Vendor B and a commitment to send additional possible Vendor Bs. 

I look into Vendor B and it appears they are closely related, possibly even siblings. I ask a couple of other people what they think. They also say they appear to be siblings. Looking at their businesses online they appear to have personal photos of each other on their business pages. There was no disclosure about potential relationship.

It makes me feel a little funny so I email Vendor A to ask about Vendor B as well as potential other Vendors and to inquire about the relationship. I never received a response.

I already submitted a partial deposit, but its really starting to make me nervous. Like, a lot nervous. Its getting down to be five months and the lack of communication and transparency is just giving me anxiety.

I've already booked other Vendor Bs, but I'm wondering if I should go ahead and book another vendor A as well and cut my losses with the deposit.

Anyone? Advice? Am I being a bridezilla here? I think 72 hours is a fair time for turnaround. Disclosure about certain things?

TL;DR:", Vendor A recommended only one Vendor B that is possibly their sibling and their communication has been really spotty. Am I being unreasonable?
423,"SUBREDDIT: r/weddingplanning

TITLE: Our perfect Seattle venue has very EXPENSIVE catering options!

POST: Mild rant ahead, but any suggestions are very welcome; 

First, my AMAZING fiancée and I are trying to make our wedding happen on $20k or less.

We found a great venue but they only allows limited options for catering. Our guest list goal is going to be 150. We just got a quote back from  a bloody FOOD TRUCK was going to be $9440 BEFORE ALCOHOL!!! That is almost 1 year of classes at University of Washington...

Anyhew, we have a deposit on this place and I am trying to think of reasonable options. Maybe keeping it to appetizers? Coffee, soda wine, beer bar (and only about half the people attending drink) and cake? Ill also keep looking at the other caterers as well.

Were beginning to debate on just running away but I would like some of our grandparents to have the opportunity to see us have a ceremony.

TL;DR:"," Catering is stupid expensive, and do not lecture me on food / labor prices, my family owns a coffee shop and a teriyaki joint..."
424,"SUBREDDIT: r/weddingplanning

TITLE: Fiancé is insisting on a Game of Thrones themed wedding and I want something more traditional. Fighting is erupting.

POST: My fiancé of three months is being a nightmare about wedding planning. We're east coast based.

He's a huge Game of Thrones fan...which is fine. I like the show but I'm not obsessed. He's done the following things:

*showed me pictures of Ciara's wedding dress and said I should 
wear the same thing because of how it looks like something that would be in a modern game of thrones wedding.

* wants to call our reception a ""feast""

* wants me to wear my hair similarly to the main villainess on the wedding day

*wants a cloaking ceremony during our wedding ceremony

*wants us to rent a mansion that looks like a castle that we can't afford for the day of.

I want a traditional ceremony and reception. The looks he's showing me are not what I want to wear or look like on my wedding day. When I tell him that he sulks and pouts and accuses me of not taking what he wants into account. Call me crazy, but I'm not sure how I can work a cloaking ceremony into a Catholic wedding service. He insists we should ask the priest anyway.
We work at a very large company. We are planning to invite some of our peers, some of whom are upper management. I really don't want to feel embarrassed on my wedding day. Is there a way to compromise?

TL;DR:"," Fiancé wants a game of thrones wedding, I do not. How to compromise without looking like complete dorks."
425,"SUBREDDIT: r/weddingplanning

TITLE: Wedding Blanket?

POST: I'm a plus size bride, with a [stunning strapless, sweetheart necklined gown.] I'm extremely self conscious about my arms. I've been looking for the last year (long engagement) to find the right cover up and I haven't really found anything I've loved.

I recently went on another search and discovered [this coverup from etsy.] I'm having a winter wedding (albeit in SoCal), so I actually think this will help keep me warm as our wedding will be outside, and won't clash with the design/elements of my wedding dress, in addition to covering my arms. The issue is, the Etsy wrap is too expensive for me to pull the trigger. I found [an ivory throw blanket on Amazon for $12.99] that is similar, but obviously not as high quality. Would it be totally weird for me to use a throw blanket as a cover?

I'm wondering if anyone else had a winter wedding and used a similar cover up. How you felt about it (look wise and practically). Did it get in the way? Did you feel like it covered the dress too much in photos?

Would it be silly for me to buy a throw blanket as a cover up? Is it worth the splurge to get the nice one? Any suggestions for similar, but less expensive cover ups? I'd actually be willing to spend more on a nicer throw blanket, since I could re-use it.

I also considered this [cover up for my arms] but decided against it because it won't really keep me warm or cover my arms that well, and it changes the neckline of the dress, which bothers me.

TL;DR:"," I want to cover up my arms, like an expensive cover up, but am looking for more budget friendly options... including a throw blanket, lol"
426,"SUBREDDIT: r/weddingplanning

TITLE: Sad Sister Situation. Could use some advice!

POST: So, my three sisters and I are pretty close. The only thing I ever dreamed about my wedding, other than awesome dress, was that I would have all of them with me. Thing is, I have two military sisters (Go Navy! \^-^ ) so we've kind of been holding our breath for the last eight months waiting to find out if they will be able to get leave. Got really excited because last month they both figured out that yes they could!

Then, a few days ago one of them text me saying that she wouldn't be able to make it, because someone had informed her wrong as to the paperwork or something. I couldn't help but cry a little. I love her very much, and I'm so proud that she is out there helping protect our country. Just got my hopes up, you know? Feeling a little squished right now.

So, I'm trying to figure out a good way to incorporate her in the ceremony... can't do Skype, cause she can't access it out on the ship. So far my idea is to make an origami flower bouquet out of giraffe paper (giraffes are really her thing) and hang it on a shepherd's hook where she would be standing. Also, send her tons of pictures and a video of the ceremony.

TL;DR:"," Love my Navy sister, really sad she can't make the wedding and looking for non-skype ways to incorporate her"
427,"SUBREDDIT: r/weddingplanning

TITLE: NYC Area Wedding Venue Help

POST: My fiance and I are looking to get married in Mar/Apr or Sep/Oct 2017, on a Sunday during the day.  Our tentative guest list is 100 right now, but I expect fewer than that will show, so maybe 75?  Short non-religious ceremony in the same place as the reception preferred.  Budget: ideally less than $15k total.

I've looked at a lot of the 'cheap' NYC venues (like The Picnic House and Queens County Farm Museum) and with venue fees and catering it's close to our $15k budget for everything.  I've checked restaurants and even though they don't always have a venue fee, they often have food/drink minimums that are more than our entire budget.  If we DO have our wedding in a restaurant, we'd like it to be nice enough that it doesn't seem weird having the ceremony there.

We're okay with Westchester, and maybe an hour or so drive upstate (near a train line preferred).  I've looked at some restaurants in Westchester, though, and they're just as expensive as NYC half the time.

Has anyone been through this, and can help?  Recommendations on a venue + caterer or restaurant that won't totally destroy our budget would be awesome.  But really any advice at this point would be appreciated!

TL;DR:"," $15k total budget, 75-100 people, Sunday daytime.  Does any venue/caterer or restaurant even exist to meet these needs in NYC or Westchester?"
428,"SUBREDDIT: r/weddingplanning

TITLE: [RANT] Has anyone worked with the Silver Beach in St Joseph, Mi?

POST: I am getting infuriated with this hotel. It took a month or so to get a room block with this hotel back in the fall. I emailed them a week and a half ago about adding more rooms to the block since they told me when I booked it and I asked to add more rooms, they wouldn't do that until after my current block filled up. 

The GM was on vacation, then took a day or two to get back to me (which I understand, emails fill up while you are out of town), then tells me to contact her after their desk manager talks to me about my block. I email him the next day... almost a week goes by so I called him, he just left for the day; email him again asking him to call me this morning after 10am, 30 minutes go by after 10 so I call him. I informed him people were coming back to me saying my block was full and he said there were only 3 rooms (now 2) left and that he forwarded my email to their GM about how many rooms I'm interested in.

I get off the call fill out the form the GM gave me and send her an email. Three and a half hours later I get an email saying fill out the form and she won't be able to give me the room block right away because she meets with rate manager (which is only once a week.) I told her that's fine as long as I get something next week because I have people calling, texting and emailing me about the rooms.

Unfortunately, the only reason we are going with this hotel is for my friends who can't afford the Boulevard (which doesn't do a discounted rate) and then it's literally the closest hotel to the reception (and the other new hotel in St Joseph were ""fully booked"" for May and super rude when we tried contacting them.) 

I also just really want to throw a fit but I don't want them to refuse us rooms or do anything to my friends and family that are staying at the Silver Beach.

TL;DR:"," I'm just really really pissed off at this hotel and I have no other options for hotels that are affordable for my guests.  Seriously, beware when working with this damn place."
429,"SUBREDDIT: r/weddingplanning

TITLE: Disagreement with FH about one person's wedding invitation

POST: So, for context, my fiancé and I both come from large families, and we're looking at inviting about 200-250 people total, which is a lot. Almost overwhelmingly so, for me. Money isn't really an issue, but I'd rather spend less if possible and cut the guest list where we can. We're not getting married until fall 2016, so we have lots of time to plan.

So far, we've been in agreement or willing to compromise about the wedding in general and the guest list, but there's one person who he wants to invite who I really just don't. This girl is his younger sister's good (best?) friend, and she's stayed at his house a few times visiting. She went to the same college as us, but I barely know her. My main experiences with her are when his sister and her would sometimes stop by my fiancé's fraternity on weekends, go to his room to drink a few shots of his alcohol, and then leave. Which I thought was kind of tacky to be basically using him for his booze, although my fiancé didn't mind, so I didn't say anything.

I don't really understand why he wants to invite her. As far as I can tell, she's friends with his sister, not him. Aside from minor annoyance at the booze-using, I really do like his sister and am glad to have her in the wedding party, but I don't feel obligated to invite her bff to the wedding. We'll definitely be inviting the sister's boyfriend, so it's not like she'll be lonely. 

Also, her friend has made comments/jokes (I wasn't there, this is secondhand) about being our flower girl, which I find kind of weird. I don't hate this chick or have a problem with her, but I would feel annoyed with having her at our already overly-large wedding. I tried discussing this with my fiancé to understand why he wants to invite her and better convey why I don't, but he just said to drop it for now. 

Am I being unreasonable? Should I just consent to inviting this girl, or insist on not having her?

TL;DR:"," FH wants to invite his sister's friend who I barely know to already-large wedding, and I don't. What to do?"
430,"SUBREDDIT: r/weddingplanning

TITLE: HELP: Bridesmaid Mix & Match Dresses and their bouquets

POST: Hi wedditors--

I AM LOSING MY MIND. 

I opted for mix and match bridesmaid dresses. [I first settled on this combination.] However, I am worried that I won't be able to get a bouquet that will look right. 

The dresses are from rent the runway (I'm paying) and now I'm having worries about the gold dress and it fitting into my color scheme (roughly navy, white, pinks, etc). I'm thinking about switching it out for either of these two combinations: 

* [Original Combination](
* [New Combination 1](
* [New Combination 2](

* [See all three together](

At this point, I'm even considering scrapping everything and going to Weddington Way where BMs can pick their own style and I'll pick color. However, this is the look that I wanted to avoid.

TL;DR:"," Having second thoughts about my mix and match dress choices, especially now that I'm looking at flowers. Wedding is Kate Spade-themed evening event in a garden at a historic site. Need opinions/advice/thoughts!"
431,"SUBREDDIT: r/weddingplanning

TITLE: Help! Bridal party advice!

POST: My fiancé, out of excitement and the goodness of his heart, asked four of his best friends to be his groomsmen within days of us getting engaged and said he would also like to ask his younger brother. The problem is, he was so excited, he forgot to ask for my input. The only person I feel close enough to ask is my sister. It's -really important-to us that our sides are even. It would also feel unnatural to move his friends to my side, but I also don't have the heart to have 3 of them step down and participate in another way. 

What's the best option? Do I ask people I'm not very close to to be my bridesmaids? Is it appropriate to ask someone who doesn't know my fiancé very well if I do end up reconnecting with old friends?

TL;DR:"," fiancé has too many groomsmen, I don't have enough bridesmaids. We both want it even."
432,"SUBREDDIT: r/weddingplanning

TITLE: Ready to drop our wedding plans

POST: I see posts like this all the time, and I generally try to take them with a grain of salt, but I hit a point tonight when I thought it would be some much easier/better to just have a small wedding in FMIL's backyard. 

CONTEXT: FH works for one of the largest accounting firms in the world (this is important because they tend to work him like a dog. Not just bragging, but I am so proud of him!) in a different city than I live in and that our wedding is being held. It's approximately an hour and a half away. Currently, during busy season, he is working 80 hous/week and I am typically only able to see him on Sundays since he is able to work from home then.

THE SITUATION: We booked a DJ almost two months ago and wanted to sit down and hash out some of the details for our wedding. First, he called me back at 10:00 at night. Who does that? Secondly, he wants to set up a meeting, but we both have to be there and he is not able to meet on weekends. I'm fully capable of deciding things myself so that we'll both be happy and enjoy the night. Even after I told him that it would be nearly impossible to get FH down for a meeting he suggested Skyping him in because there's ""no way he'll have to work from 7:30-8:30 in the evening"". I don't know how I could spell this out for this guy any more clearly.

I'm just starting to think this whole thing is too expensive and way too much stress, and I would be better off having 30 people instead of 300!

TL;DR:"," DJ wants both FH and I at our meeting. FH works 80 hours/week and can't make it. I'm thinking I just want a small wedding instead, too late to change everything?"
